s,x,y,yaw,curvature,csv_speed,curve_speed,reference_speed
0.000000000,-0.014336000,-1.999994000,0.000081019,-0.000150536,0.007880000,41.693167247,0.007880000
0.250000000,0.195621998,-1.999984627,0.000014598,-0.000151375,1.129945088,41.677977234,0.866061253
0.500000000,0.445621998,-1.999987285,-0.000009036,-0.000152148,1.595967056,41.663989220,1.224770221
0.750000000,0.695621998,-1.999989145,-0.000008667,-0.000044845,1.898958919,43.751102665,1.500020698
1.000000000,0.945621998,-1.999991619,-0.000011133,-0.000010195,2.137373653,44.495119063,1.732068733
1.250000000,1.195621998,-1.999994711,-0.000010601,-0.000002367,2.337686655,44.668531079,1.936507706
1.500000000,1.445621998,-1.999996919,-0.000010283,-0.000002326,2.510237495,44.669428917,2.121334979
1.750000000,1.695621998,-1.999999853,-0.000011535,-0.000002890,2.660277196,44.656876228,2.291301398
2.000000000,1.945621998,-2.000002687,-0.000012085,-0.000004520,2.786591567,44.620638256,2.449502418
2.250000000,2.195621998,-2.000005895,-0.000013532,-0.000004667,2.892066160,44.617357322,2.598088161
2.500000000,2.445621998,-2.000009453,-0.000015427,-0.000059154,2.983419185,43.454564412,2.738624124
2.750000000,2.695621998,-2.000013609,-0.000016755,-0.000532876,3.065319357,36.121138917,2.872292132
3.000000000,2.945621998,-2.000017830,-0.000016731,-0.002426199,3.141045225,24.160654333,3.000010349
3.250000000,3.195621998,-2.000021974,-0.000154775,-0.006048662,3.211701601,16.844636820,3.122508942
3.500000000,3.445621974,-2.000095218,-0.001203034,-0.009991403,3.277984933,13.489269331,3.240379931
3.750000000,3.695621262,-2.000623490,-0.004891444,-0.012540962,3.333736335,12.153188709,3.333736335
4.000000000,3.945613417,-2.002540918,-0.010262385,-0.012473697,3.387117569,12.183487107,3.387117569
4.250000000,4.195592386,-2.005754567,-0.014749581,-0.009257148,3.439445225,13.963738074,3.439445225
4.500000000,4.445557744,-2.009915422,-0.016774307,-0.004181914,3.486747635,19.645808228,3.486747635
4.750000000,4.695522018,-2.014141326,-0.015767727,0.000493931,3.535276805,36.588927777,3.535276805
5.000000000,4.945495155,-2.017798952,-0.013469584,0.003583758,3.565270724,20.888351547,3.565270724
5.250000000,5.195476153,-2.020875908,-0.012139026,0.004475191,3.578970993,19.112405239,3.578970993
5.500000000,5.445458235,-2.023868314,-0.011638127,0.003197319,3.596065044,21.828756558,3.596065044
5.750000000,5.695442245,-2.026694839,-0.010926375,0.001358912,3.615858134,29.117835179,3.615858134
6.000000000,5.945428333,-2.029331393,-0.010427682,0.000336845,3.635414077,38.678928934,3.635414077
6.250000000,6.195415026,-2.031908586,-0.010816331,-0.000244148,3.652933792,40.093958743,3.652933792
6.500000000,6.445398998,-2.034739452,-0.011394996,-0.000770448,3.662362344,33.610378771,3.662362344
6.750000000,6.695382562,-2.037605960,-0.011540044,-0.000803315,3.675707614,33.302682279,3.675707614
7.000000000,6.945365703,-2.040509346,-0.011634829,-0.000384344,3.687576649,38.009570126,3.687576649
7.250000000,7.195348720,-2.043423243,-0.011645349,-0.000072331,3.697650987,43.186750079,3.697650987
7.500000000,7.445331799,-2.046331889,-0.011606952,0.000030290,3.707382052,44.059062618,3.707382052
7.750000000,7.695315040,-2.049226589,-0.011565236,0.000073857,3.716612320,43.156054100,3.716612320
8.000000000,7.945298361,-2.052114378,-0.011550632,0.000063244,3.725419958,43.370911897,3.725419958
8.250000000,8.195281686,-2.055001776,-0.011548516,0.000031436,3.733333058,44.034580594,3.733333058
8.500000000,8.445265019,-2.057888507,-0.011547019,0.000009482,3.739537226,44.510822744,3.739537226
8.750000000,8.695248353,-2.060775157,-0.011547172,0.000002746,3.745492139,44.660077504,3.745492139
9.000000000,8.945231685,-2.063661965,-0.011546425,0.000001754,3.751209377,44.682191052,3.751209377
9.250000000,9.195215024,-2.066548242,-0.011545736,0.000002216,3.756653577,44.671899670,3.756653577
9.500000000,9.445198360,-2.069434705,-0.011546546,0.000002231,3.761873334,44.671561036,3.761873334
9.750000000,9.695181693,-2.072321386,-0.011544604,0.000002227,3.766884118,44.671646242,3.766884118
10.000000000,9.945165041,-2.075206879,-0.011544048,0.000002499,3.771666009,44.665580209,3.771666009
10.250000000,10.195148377,-2.078093282,-0.011543973,0.000001678,3.776251531,44.683890244,3.776251531
10.500000000,10.445131725,-2.080978737,-0.011542621,0.000001091,3.780648157,44.696989511,3.780648157
10.750000000,10.695115070,-2.083864465,-0.011543412,0.000001833,3.784847200,44.680430326,3.784847200
11.000000000,10.945098413,-2.086750315,-0.011543543,0.000001446,3.788291492,44.689071588,3.788291492
11.250000000,11.195081757,-2.089636108,-0.011542382,0.000000497,3.790538272,44.710241189,3.790538272
11.500000000,11.445065107,-2.092521378,-0.011541056,0.000001017,3.791227738,44.698646493,3.791227738
11.750000000,11.695048458,-2.095406508,-0.011541924,0.000001335,3.790847436,44.691533065,3.790847436
12.000000000,11.945031803,-2.098292211,-0.011542866,-0.000000274,3.789393431,44.715229600,3.789393431
12.250000000,12.195015149,-2.101177813,-0.011541548,-0.000000916,3.787822470,44.700901524,3.787822470
12.500000000,12.444998502,-2.104062857,-0.011541039,0.000000361,3.786319356,44.713295871,3.786319356
12.750000000,12.694981851,-2.106948204,-0.011543084,-0.000000188,3.784877646,44.717151714,3.784877646
13.000000000,12.944965191,-2.109834271,-0.011542185,-0.000001584,3.783492297,44.685978291,3.783492297
13.250000000,13.194948545,-2.112719169,-0.011541704,-0.000000615,3.782162062,44.707619475,3.782162062
13.500000000,13.444931889,-2.115604995,-0.011543181,0.000000625,3.780888190,44.707384349,3.780888190
13.750000000,13.694915234,-2.118490631,-0.011543367,-0.000000158,3.779669810,44.717819638,3.779669810
14.000000000,13.944898577,-2.121376550,-0.011542294,-0.000000528,3.778495088,44.709552208,3.778495088
14.250000000,14.194881929,-2.124261649,-0.011541412,0.000000018,3.777367842,44.720952893,3.777367842
14.500000000,14.444865276,-2.127147128,-0.011542872,-0.000000065,3.776292793,44.719897397,3.776292793
14.750000000,14.694848620,-2.130032957,-0.011543333,-0.000000900,3.775259953,44.701243131,3.775259953
15.000000000,14.944831964,-2.132918667,-0.011543169,-0.000009177,3.774263074,44.517549350,3.774263074
15.250000000,15.194815309,-2.135804414,-0.011542655,-0.000057629,3.773195114,43.485882756,3.773195114
15.500000000,15.444798657,-2.138689866,-0.011543301,-0.000209617,3.738030500,40.662219171,3.730467286
15.750000000,15.694781997,-2.141575936,-0.011563926,-0.000504941,3.607843143,36.454848508,3.593937420
16.000000000,15.944765226,-2.144471700,-0.011666352,-0.000894216,3.455742994,32.493781223,3.452011903
16.250000000,16.194747969,-2.147408980,-0.011944193,-0.001252315,3.303995487,29.798910988,3.303995487
16.500000000,16.444729545,-2.150443654,-0.012403984,-0.001460551,3.171777927,28.510103338,3.171777927
16.750000000,16.694709479,-2.153610812,-0.012917513,-0.001449325,3.170058831,28.575363870,3.170058831
17.000000000,16.944687808,-2.156902231,-0.013320503,-0.001212733,3.196107949,30.064258753,3.196107949
17.250000000,17.194665111,-2.160270867,-0.013561153,-0.000840057,3.219961773,32.968517102,3.219961773
17.500000000,17.444641830,-2.163682599,-0.013672705,-0.000474091,3.240718293,36.834331850,3.240718293
17.750000000,17.694618376,-2.167107006,-0.013707304,-0.000212140,3.259022973,40.619871653,3.259022973
18.000000000,17.944594858,-2.170536036,-0.013714334,-0.000067818,3.276059572,43.277925666,3.276059572
18.250000000,18.194571356,-2.173963958,-0.013708910,-0.000008062,3.292269275,44.542172205,3.292269275
18.500000000,18.444547875,-2.177390277,-0.013703096,0.000008452,3.307588771,44.533545703,3.307588771
18.750000000,18.694524413,-2.180815292,-0.013700305,0.000008821,3.322173009,44.525419646,3.322173009
19.000000000,18.944500951,-2.184240215,-0.013699858,0.000004388,3.335688539,44.623554688,3.335688539
19.250000000,19.194477492,-2.187665007,-0.013700649,0.000000262,3.347128963,44.715512512,3.347128963
19.500000000,19.444454025,-2.191090325,-0.013700544,-0.000001281,3.357659808,44.692739623,3.357659808
19.750000000,19.694430566,-2.194515065,-0.013700492,-0.000000158,3.367701247,44.717834465,3.367701247
20.000000000,19.944407100,-2.197940357,-0.013702256,-0.000000237,3.377224651,44.716071645,3.377224651
20.250000000,20.194383629,-2.201365978,-0.013701110,-0.000000986,3.386319130,44.699323738,3.386319130
20.500000000,20.444360171,-2.204790697,-0.013699791,0.000000400,3.394936453,44.712412334,3.394936453
20.750000000,20.694336709,-2.208215659,-0.013701993,0.000000445,3.403180720,44.711410704,3.403180720
21.000000000,20.944313235,-2.211641480,-0.013701508,-0.000001200,3.410990306,44.694559635,3.410990306
21.250000000,21.194289777,-2.215066199,-0.013700239,-0.000001079,3.418465600,44.697261694,3.418465600
21.500000000,21.444266312,-2.218491385,-0.013702014,-0.000000686,3.425552308,44.706023088,3.425552308
21.750000000,21.694242841,-2.221916992,-0.013701886,-0.000000702,3.432331304,44.705674727,3.432331304
22.000000000,21.944219377,-2.225342113,-0.013702595,0.000002706,3.438771463,44.660981291,3.438771463
22.250000000,22.194195902,-2.228768075,-0.013702622,0.000016641,3.444926040,44.353832836,3.444926040
22.500000000,22.444172437,-2.232193210,-0.013700880,0.000050430,3.388876128,43.634636866,3.388161707
22.750000000,22.694148974,-2.235618301,-0.013694609,0.000102327,3.237227170,42.595117898,3.237227170
23.000000000,22.944125552,-2.239040301,-0.013667688,0.000153739,3.085872328,41.635259058,3.085872328
23.250000000,23.194102273,-2.242451932,-0.013610717,0.000185343,2.934864600,41.076449038,2.934864600
23.500000000,23.444079240,-2.245845449,-0.013538683,0.000186639,2.784284164,41.054019114,2.784284164
23.750000000,23.694056449,-2.249221066,-0.013480472,0.000155603,2.634137554,41.601659946,2.634137554
24.000000000,23.944033810,-2.252585481,-0.013451658,0.000102198,2.484483140,42.597600784,2.484483140
24.250000000,24.194011213,-2.255946693,-0.013444041,0.000048390,2.335382710,43.677067151,2.335382710
24.500000000,24.443988625,-2.259307299,-0.013445356,0.000012887,2.186902444,44.435959671,2.186902444
24.750000000,24.693966019,-2.262669168,-0.013448548,-0.000001199,2.039141002,44.694581346,2.039141002
25.000000000,24.943943409,-2.266031370,-0.013449631,-0.000002147,1.892194215,44.673436743,1.892194215
25.250000000,25.193920797,-2.269393781,-0.013450283,0.000000566,1.912763496,44.708713666,1.912763496
25.500000000,25.443898183,-2.272756309,-0.013448413,0.000002626,2.064600028,44.662759633,2.064600028
25.750000000,25.693875583,-2.276117784,-0.013446351,0.000004141,2.210848585,44.629058626,2.210848585
26.000000000,25.943852982,-2.279479282,-0.013446139,0.000004502,2.346838349,44.621029073,2.346838349
26.250000000,26.193830384,-2.282840651,-0.013445475,0.000004149,2.468240784,44.628863071,2.468240784
26.500000000,26.443807788,-2.286201817,-0.013444087,0.000004512,2.580800433,44.620818516,2.580800433
26.750000000,26.693785198,-2.289562492,-0.013443354,0.000005259,2.682699882,44.604218512,2.682699882
27.000000000,26.943762607,-2.292923291,-0.013441036,0.000006619,2.775374558,44.574075531,2.775374558
27.250000000,27.193740034,-2.296282808,-0.013440175,0.000007219,2.860251575,44.560798457,2.860251575
27.500000000,27.443717448,-2.299643177,-0.013438291,0.000006833,2.938001132,44.569352892,2.938001132
27.750000000,27.693694887,-2.303001752,-0.013434722,0.000007009,3.009862766,44.565458027,3.009862766
28.000000000,27.943672326,-2.306360336,-0.013434670,0.000006938,3.076684543,44.567017294,3.076684543
28.250000000,28.193649766,-2.309718884,-0.013432638,0.000006368,3.138606817,44.579641319,3.138606817
28.500000000,28.443627218,-2.313076453,-0.013431051,0.000006272,3.196462840,44.581764396,3.196462840
28.750000000,28.693604668,-2.316434208,-0.013430069,0.000005012,3.251120233,44.609709953,3.251120233
29.000000000,28.943582127,-2.319791286,-0.013427024,0.000003129,3.301215886,44.651551576,3.301215886
29.250000000,29.193559597,-2.323147518,-0.013426688,0.000001538,3.319974808,44.687002549,3.319974808
29.500000000,29.443537059,-2.326504428,-0.013428091,-0.000003928,3.181044075,44.633791235,3.181044075
29.750000000,29.693514520,-2.329861362,-0.013427775,-0.000011476,3.029800020,44.466938124,3.029800020
30.000000000,29.943491983,-2.333218114,-0.013429499,-0.000015991,2.878961355,44.368032501,2.878961355
30.250000000,30.193469432,-2.336575910,-0.013437413,-0.000018537,2.728529178,44.312533100,2.728529178
30.500000000,30.443446843,-2.339936618,-0.013444988,-0.000019336,2.578556097,44.295169048,2.578556097
30.750000000,30.693424241,-2.343298201,-0.013449767,-0.000015155,2.429100375,44.386282250,2.429100375
31.000000000,30.943401619,-2.346661299,-0.013452442,-0.000008369,2.472080076,44.535398519,2.472080076
31.250000000,31.193379000,-2.350024219,-0.013453172,-0.000003667,2.587244612,44.639596039,2.587244612
31.500000000,31.443356373,-2.353387682,-0.013451629,-0.000000301,2.691091306,44.714627280,2.691091306
31.750000000,31.693333764,-2.356749831,-0.013451694,0.000001235,2.785523271,44.693780473,2.785523271
32.000000000,31.943311137,-2.360113326,-0.013452227,0.000000523,2.871809902,44.709666775,2.871809902
32.250000000,32.193288524,-2.363475741,-0.013450735,0.000000037,2.950923963,44.720538991,2.950923963
32.500000000,32.443265907,-2.366838491,-0.013451793,-0.000000154,3.024160349,44.717911984,3.024160349
32.750000000,32.693243287,-2.370201435,-0.013451700,-0.000000797,3.092178235,44.703550107,3.092178235
33.000000000,32.943220670,-2.373564138,-0.013451531,-0.000000507,3.155119894,44.710028715,3.155119894
33.250000000,33.193198052,-2.376926998,-0.013452775,-0.000000116,3.224302859,44.718755339,3.224302859
33.500000000,33.443175427,-2.380290323,-0.013452179,-0.000000845,3.295140790,44.702476788,3.295140790
33.750000000,33.693152812,-2.383652885,-0.013451616,-0.000001047,3.361496463,44.697970915,3.361496463
34.000000000,33.943130191,-2.387015928,-0.013452168,-0.000000636,3.423392389,44.707154101,3.423392389
34.250000000,34.193107573,-2.390378766,-0.013453176,-0.000000642,3.481703091,44.707002305,3.481703091
34.500000000,34.443084945,-2.393742313,-0.013453748,-0.000000879,3.536226168,44.701715288,3.536226168
34.750000000,34.693062322,-2.397105437,-0.013452795,-0.000000617,3.587846258,44.707574098,3.587846258
35.000000000,34.943039701,-2.400468508,-0.013452606,0.000000082,3.636352835,44.719531912,3.636352835
35.250000000,35.193017080,-2.403831537,-0.013453376,0.000000032,3.682248996,44.720633333,3.682248996
35.500000000,35.442994453,-2.407194993,-0.013453510,-0.000000618,3.725840906,44.707546048,3.725840906
35.750000000,35.692971831,-2.410558089,-0.013453210,-0.000000221,3.766866784,44.716423147,3.766866784
36.000000000,35.942949207,-2.413921395,-0.013453252,0.000000927,3.805913595,44.700655978,3.805913595
36.250000000,36.192926585,-2.417284512,-0.013453694,0.000000855,3.843088608,44.702249885,3.843088608
36.500000000,36.442903957,-2.420648039,-0.013452840,0.000000165,3.878264546,44.717665831,3.878264546
36.750000000,36.692881341,-2.424010729,-0.013451729,0.000000009,3.885945494,44.721154830,3.877034153
37.000000000,36.942858720,-2.427373701,-0.013452852,0.000000149,3.777776140,44.718017603,3.745850214
37.250000000,37.192836096,-2.430736952,-0.013453197,0.000001182,3.625372841,44.694961224,3.609902190
37.500000000,37.442813474,-2.434100096,-0.013453727,0.000002660,3.473228206,44.661990456,3.468629964
37.750000000,37.692790846,-2.437463612,-0.013452434,0.000002412,3.321354215,44.667528250,3.321354215
38.000000000,37.942768233,-2.440826110,-0.013449182,0.000002190,3.169818522,44.672467178,3.169818522
38.250000000,38.192745627,-2.444188000,-0.013448749,0.000003100,3.018612799,44.652198209,3.018612799
38.500000000,38.442723016,-2.447550282,-0.013451270,0.000001419,2.867783024,44.689656672,2.867783024
38.750000000,38.692700394,-2.450913433,-0.013450178,-0.000000974,2.717389657,44.699593799,2.717389657
39.000000000,38.942677790,-2.454275168,-0.013448232,-0.000000194,2.567456088,44.717026098,2.567456088
39.250000000,39.192655180,-2.457637346,-0.013449835,0.000001154,2.418040524,44.695583558,2.418040524
39.500000000,39.442632566,-2.460999883,-0.013450531,0.000000329,2.269206902,44.714006367,2.269206902
39.750000000,39.692609952,-2.464362409,-0.013449973,-0.000000646,2.121028263,44.706930648,2.121028263
40.000000000,39.942587341,-2.467724666,-0.013448591,-0.000000532,1.973053521,44.709464628,1.973053521
40.250000000,40.192564736,-2.471086501,-0.013448997,0.000000144,1.933444947,44.718145084,1.933444947
40.500000000,40.442542123,-2.474448962,-0.013450684,0.000000341,2.152309337,44.713730907,2.118539441
40.750000000,40.692519507,-2.477811641,-0.013451012,-0.000000506,2.347367075,44.710040356,2.288713473
41.000000000,40.942496891,-2.481174265,-0.013449132,0.000000219,2.516568114,44.716474254,2.447081805
41.250000000,41.192474288,-2.484536004,-0.013448578,0.000002047,2.665508113,44.675662803,2.595806110
41.500000000,41.442451676,-2.487898352,-0.013450275,0.000001821,2.798761061,44.680705440,2.736459275
41.750000000,41.692429061,-2.491260939,-0.013448859,0.000001158,2.920548987,44.695491058,2.870228103
42.000000000,41.942406459,-2.494622579,-0.013447720,0.000001889,3.031945564,44.679174897,2.998034250
42.250000000,42.192383851,-2.497984597,-0.013447873,0.000002034,3.133305851,44.675943635,3.120610415
42.500000000,42.442361248,-2.501346312,-0.013446943,0.000001841,3.227153062,44.680259905,3.227153062
42.750000000,42.692338647,-2.504707865,-0.013447187,0.000002958,3.313883622,44.655353872,3.313883622
43.000000000,42.942316042,-2.508069704,-0.013446862,0.000003948,3.394566514,44.633336790,3.394566514
43.250000000,43.192293443,-2.511431094,-0.013445116,0.000004059,3.469736963,44.630880042,3.469736963
43.500000000,43.442270850,-2.514792059,-0.013443081,0.000004207,3.540237322,44.627580088,3.540237322
43.750000000,43.692248265,-2.518152432,-0.013441865,0.000004534,3.606073015,44.620315968,3.606073015
44.000000000,43.942225680,-2.521512789,-0.013442119,0.000003857,3.668264883,44.635363854,3.668264883
44.250000000,44.192203093,-2.524873289,-0.013441412,0.000002743,3.726639814,44.660148276,3.726639814
44.500000000,44.442180513,-2.528233293,-0.013439230,0.000003618,3.781749098,44.640683987,3.781749098
44.750000000,44.692157940,-2.531592702,-0.013439324,0.000004806,3.834020677,44.614275870,3.834020677
45.000000000,44.942135359,-2.534952753,-0.013438763,0.000004313,3.883363640,44.625235761,3.883363640
45.250000000,45.192112791,-2.538311881,-0.013436176,0.000005170,3.930112155,44.606190804,3.930112155
45.500000000,45.442090227,-2.541670639,-0.013435340,0.000014434,3.974598542,44.402048626,3.974598542
45.750000000,45.692067664,-2.545029349,-0.013434521,0.000053566,4.016958325,43.569656769,4.016958325
46.000000000,45.942045106,-2.548387697,-0.013431108,0.000159061,4.057057406,41.539555414,4.057057406
46.250000000,46.192022566,-2.551744701,-0.013410894,0.000349360,4.095291050,38.499149268,4.095291050
46.500000000,46.442000144,-2.555092943,-0.013330130,0.000605960,4.131795328,35.289676222,4.131795328
46.750000000,46.691978142,-2.558409568,-0.013143733,0.000901156,4.166668476,32.434416270,4.166668476
47.000000000,46.941956950,-2.561664620,-0.012852729,0.001211757,4.199941646,30.070888130,4.199941646
47.250000000,47.191936835,-2.564835756,-0.012498000,0.001624590,4.231635292,27.604778148,4.231635292
47.500000000,47.441917886,-2.567913458,-0.012091111,0.001932363,4.261970635,26.115968214,4.261970635
47.750000000,47.691900265,-2.570881163,-0.011620521,0.001811693,4.291034940,26.670492029,4.291034940
48.000000000,47.941884100,-2.573723587,-0.010791867,0.001546509,4.318874450,28.024790777,4.318874450
48.250000000,48.191871026,-2.576276991,-0.010373687,0.001300048,4.426107888,29.488083292,4.404846935
48.500000000,48.441857153,-2.578910337,-0.010447809,0.001015360,4.332348884,31.502043707,4.332348884
48.750000000,48.691843729,-2.581500801,-0.010275029,0.001257897,4.230726973,29.762055016,4.230726973
49.000000000,48.941830751,-2.584047761,-0.010186482,0.002365753,4.355099826,24.376641895,4.318454669
49.250000000,49.191817772,-2.586593953,-0.009687507,0.004081203,4.380583009,19.839545078,4.380583009
49.500000000,49.441807177,-2.588891438,-0.008333303,0.005871404,4.401696547,17.060519531,4.401696547
49.750000000,49.691800101,-2.590760554,-0.006573811,0.007211746,4.438620236,15.606202418,4.398861039
50.000000000,49.941796033,-2.592178317,-0.003946016,0.008100528,4.283687481,14.824556394,4.283687481
50.250000000,50.191795324,-2.592733554,-0.001836991,0.008465356,4.404207428,14.536054058,4.370352210
50.500000000,50.441794903,-2.593096812,-0.000007634,0.008497717,4.547456930,14.511268632,4.455331462
50.750000000,50.691794583,-2.592737371,0.002238134,0.009059985,4.452169102,14.099909513,4.452169102
51.000000000,50.941793383,-2.591977746,0.004018136,0.010085999,4.469659797,13.431594764,4.469659797
51.250000000,51.191790065,-2.590728310,0.006706325,0.010504396,4.480144456,13.185089455,4.480144456
51.500000000,51.441780848,-2.588624617,0.010160626,0.010609726,4.461115493,13.125142096,4.461115493
51.750000000,51.691762893,-2.585648098,0.013209726,0.011013446,4.482283363,12.902717577,4.482283363
52.000000000,51.941736477,-2.582019956,0.015281752,0.011277533,4.501907595,12.763196319,4.501907595
52.250000000,52.191704255,-2.578007524,0.017498822,0.011075478,4.514085129,12.869534143,4.514085129
52.500000000,52.441659259,-2.573271003,0.020759242,0.010574754,4.530257165,13.144955069,4.530257165
52.750000000,52.691595312,-2.567628673,0.024301530,0.010040339,4.551782453,13.459340790,4.551782453
53.000000000,52.941510534,-2.561121461,0.026757511,0.008998546,4.551824264,14.143163975,4.551824264
53.250000000,53.191416113,-2.554251520,0.028170851,0.007257980,4.557373767,15.562453663,4.557373767
53.500000000,53.441311878,-2.547037906,0.029710564,0.006119510,4.565068574,16.760614712,4.565068574
53.750000000,53.691195094,-2.539398434,0.031043854,0.006683608,4.578826700,16.133641456,4.578826700
54.000000000,53.941070858,-2.531518475,0.032161867,0.007931112,4.591523151,14.964500365,4.591523151
54.250000000,54.190936354,-2.523320278,0.034195957,0.008815928,4.601732505,14.274119230,4.601732505
54.500000000,54.440777834,-2.514423853,0.037441427,0.009613179,4.601153217,13.727525047,4.601153217
54.750000000,54.690584747,-2.504603982,0.040267759,0.010151867,4.571703599,13.391869157,4.571703599
55.000000000,54.940372081,-2.494295432,0.042526477,0.010170779,4.603839330,13.380528674,4.603839330
55.250000000,55.190132208,-2.483347173,0.044712188,0.010271454,4.615201324,13.320638148,4.615201324
55.500000000,55.439872000,-2.471946803,0.047025299,0.010708986,4.625518769,13.069390895,4.625518769
55.750000000,55.689578661,-2.459843226,0.050039025,0.011053800,4.635829909,12.881101414,4.635829909
56.000000000,55.939244940,-2.446937791,0.053348795,0.011161801,4.651141425,12.823779698,4.651141425
56.250000000,56.188866025,-2.433181548,0.056217890,0.011302013,4.633650518,12.750490867,4.633650518
56.500000000,56.438454366,-2.418843687,0.058655263,0.011980545,4.612552789,12.412765210,4.612552789
56.750000000,56.688005458,-2.403870772,0.060986709,0.012990296,4.652537906,11.956430397,4.652537906
57.000000000,56.937524293,-2.388369264,0.064332646,0.013564566,4.660765302,11.718343338,4.660765302
57.250000000,57.186968939,-2.371726774,0.069006519,0.013942827,4.670872625,11.569074554,4.670872625
57.500000000,57.436331710,-2.353893559,0.073035869,0.014457112,4.647975386,11.374984708,4.647975386
57.750000000,57.685634794,-2.335241383,0.075748666,0.014365654,4.723765094,11.408787173,4.723765094
58.000000000,57.934897468,-2.316055471,0.078750351,0.013956474,4.664804359,11.563794906,4.664804359
58.250000000,58.184084108,-2.295906978,0.082711745,0.014465598,4.677670226,11.371863625,4.677670226
58.500000000,58.433186883,-2.274746840,0.086541534,0.015676006,4.686234811,10.951383165,4.686234811
58.750000000,58.682211750,-2.252690305,0.090392056,0.016650805,4.698189738,10.644683148,4.698189738
59.000000000,58.931144010,-2.229612478,0.094556479,0.017364815,4.713893903,10.435703136,4.713893903
59.250000000,59.179976204,-2.205482673,0.099132545,0.017974854,4.705281485,10.266579427,4.705281485
59.500000000,59.428686627,-2.180127605,0.103956538,0.018111729,4.705792751,10.229749813,4.705792751
59.750000000,59.677274335,-2.153598242,0.108708744,0.017771095,4.708000716,10.322150536,4.708000716
60.000000000,59.925732503,-2.125880514,0.113161920,0.017493342,4.717911939,10.399376289,4.717911939
60.250000000,60.174074377,-2.097138187,0.117065873,0.017190666,4.727576091,10.485537432,4.727576091
60.500000000,60.422308691,-2.067481369,0.121050832,0.016359430,4.735675160,10.733646026,4.735675160
60.750000000,60.670413417,-2.036760735,0.125771564,0.015197816,4.733810596,11.111860287,4.733810596
61.000000000,60.918356337,-2.004761621,0.129870308,0.013770441,4.692676305,11.636389853,4.680008562
61.250000000,61.166201380,-1.972008144,0.132898884,0.012001593,4.711816876,12.402713576,4.571923024
61.500000000,61.413946435,-1.938507729,0.135323405,0.010601630,4.601178173,13.129720654,4.461219580
61.750000000,61.661629802,-1.904552823,0.137219359,0.010303858,4.444981130,13.301531881,4.347698258
62.000000000,61.909246193,-1.870113204,0.139606983,0.009984969,4.291895262,13.493219310,4.231132253
62.250000000,62.156764513,-1.834975951,0.142538972,0.007912222,4.157477924,14.980351133,4.111262597
62.500000000,62.404174447,-1.799084951,0.145989865,0.004025925,3.987791386,19.948351081,3.987791386
62.750000000,62.651444178,-1.762240258,0.147194837,-0.000650106,3.939708925,34.814416726,3.939708925
63.000000000,62.898767018,-1.725753101,0.145128473,-0.004937607,3.973290208,18.353093760,3.973290208
63.250000000,63.146186815,-1.689930632,0.141762670,-0.008103440,4.008725301,14.822185155,4.008725301
63.500000000,63.393749738,-1.655109158,0.138758029,-0.009500575,4.042459748,13.800933569,4.042459748
63.750000000,63.641380676,-1.620774095,0.137426792,-0.008757002,4.071662223,14.317157598,4.071662223
64.000000000,63.889035558,-1.586611856,0.135499319,-0.006826106,4.096771107,15.986085617,4.096771107
64.250000000,64.136796989,-1.553231654,0.133072570,-0.005108718,4.079641815,18.094224547,4.079641815
64.500000000,64.384614759,-1.520271805,0.131926080,-0.003281803,4.139643419,21.612332687,4.139643419
64.750000000,64.632452131,-1.487459795,0.131529346,-0.000550083,4.170523437,35.920094603,4.170523437
65.000000000,64.880295976,-1.454696592,0.131883681,0.002139692,4.199562252,25.238961748,4.199562252
65.250000000,65.128110034,-1.421708955,0.132837926,0.004124297,4.231942086,19.755946790,4.231942086
65.500000000,65.375890817,-1.388472816,0.134358752,0.005674973,4.245454765,17.309728110,4.245454765
65.750000000,65.623603404,-1.354731567,0.135989126,0.006759672,4.247290540,16.054371907,4.247290540
66.000000000,65.871274457,-1.320687660,0.137777043,0.007547366,4.260285465,15.296738720,4.260285465
66.250000000,66.118864681,-1.286060868,0.139823412,0.008688326,4.302862035,14.367811955,4.302862035
66.500000000,66.366394415,-1.251003584,0.141797372,0.010367581,4.327219149,13.264197282,4.327219149
66.750000000,66.613846067,-1.215399588,0.144267719,0.011951774,4.347762514,12.426544047,4.347762514
67.000000000,66.861199383,-1.179119797,0.147800978,0.013114218,4.367622437,11.903826455,4.367622437
67.250000000,67.108393116,-1.141768105,0.151884135,0.014033109,4.391413512,11.534282788,4.391413512
67.500000000,67.355441645,-1.103469623,0.155595745,0.014742283,4.374359334,11.271485222,4.374359334
67.750000000,67.602351389,-1.064283991,0.158810564,0.015467785,4.393552257,11.020401204,4.393552257
68.000000000,67.849148833,-1.024397834,0.162337289,0.016428265,4.411531526,10.712428131,4.411531526
68.250000000,68.095775774,-0.983471670,0.166587085,0.017107110,4.431304280,10.509702671,4.431304280
68.500000000,68.342225334,-0.941489296,0.171767485,0.017721910,4.442490077,10.335700609,4.442490077
68.750000000,68.588415194,-0.898010090,0.176783023,0.018591816,4.479494233,10.103635035,4.479494233
69.000000000,68.834431365,-0.853557691,0.180391060,0.018857184,4.412229808,10.035896392,4.412229808
69.250000000,69.080300285,-0.808303251,0.185061569,0.018521293,4.478127898,10.121868960,4.478127898
69.500000000,69.325890057,-0.761554871,0.190342292,0.018603570,4.496097525,10.100605590,4.496097525
69.750000000,69.571267535,-0.713706228,0.195155179,0.018743939,4.514300347,10.064636668,4.514300347
70.000000000,69.816396074,-0.664596035,0.199698507,0.018514047,4.529810703,10.123747985,4.529810703
70.250000000,70.061329114,-0.614519640,0.203984435,0.018530413,4.535970251,10.119505407,4.535970251
70.500000000,70.306027676,-0.563310073,0.208327946,0.018640614,4.509390193,10.091075752,4.509390193
70.750000000,70.550516636,-0.511107819,0.213361025,0.018874864,4.541412030,10.031431593,4.541412030
71.000000000,70.794687547,-0.457437664,0.218462435,0.019230817,4.554807423,9.942790493,4.554807423
71.250000000,71.038630975,-0.402743740,0.222992797,0.019095161,4.569129814,9.976294193,4.569129814
71.500000000,71.282305281,-0.346863521,0.227877290,0.018828351,4.581433499,10.043190482,4.581433499
71.750000000,71.525702506,-0.289789228,0.232512113,0.019132980,4.601149159,9.966919950,4.601149159
72.000000000,71.768848565,-0.231652620,0.236914723,0.019360349,4.578719873,9.911112080,4.578719873
72.250000000,72.011733511,-0.172437471,0.241979604,0.019155876,4.563459893,9.961257422,4.563459893
72.500000000,72.254277698,-0.111841002,0.247307991,0.019486837,4.605637105,9.880468567,4.555697966
72.750000000,72.496518227,-0.050040791,0.251962883,0.019759701,4.581740657,9.815319612,4.444590415
73.000000000,72.738488169,0.012811156,0.256316143,0.018576541,4.454086689,10.107576199,4.330633206
73.250000000,72.980181710,0.076718137,0.261827743,0.017254668,4.297571268,10.467139927,4.213595135
73.500000000,73.221444260,0.142233528,0.266465733,0.016761981,4.140521984,10.611317203,4.093211937
73.750000000,73.462534861,0.208379740,0.269263202,0.015350070,3.969179255,11.060001538,3.969179255
74.000000000,73.703426401,0.275243761,0.273144340,0.012831031,3.939027843,12.025072810,3.939027843
74.250000000,73.943996098,0.343259313,0.277039596,0.010601874,3.979359891,13.129582669,3.979359891
74.500000000,74.184360235,0.411998186,0.279479410,0.008146606,4.015784692,14.787167853,4.015784692
74.750000000,74.424595370,0.481186870,0.280891653,0.004994928,4.051565705,18.265139607,4.051565705
75.000000000,74.664764461,0.550604392,0.281341937,0.002312568,4.098940600,24.571551926,4.098940600
75.250000000,74.904937185,0.620009395,0.281432093,0.000814551,4.052439817,33.199411196,4.052439817
75.500000000,75.145093778,0.689470227,0.281239179,0.000413145,4.124029620,37.620244084,4.124029620
75.750000000,75.385293277,0.758782563,0.281061251,0.000869659,4.154370145,32.706475264,4.154370145
76.000000000,75.625474578,0.828157932,0.281346191,0.001479087,4.184621020,28.403317724,4.184621020
76.250000000,75.865634537,0.897607141,0.281920262,0.001594612,4.208712275,27.763794431,4.208712275
76.500000000,76.105736005,0.967258220,0.283027917,0.001283457,4.215747817,29.595017524,4.215747817
76.750000000,76.345741503,1.037239282,0.283341073,0.000826627,4.253718039,33.089493299,4.253718039
77.000000000,76.585799323,1.107040731,0.282945885,0.000407178,4.258347676,37.699923673,4.258347676
77.250000000,76.825860065,1.176832079,0.282670198,0.000692156,4.284661065,34.379120487,4.284661065
77.500000000,77.065956337,1.246501157,0.282662821,0.002030566,4.308338709,25.689351290,4.308338709
77.750000000,77.306018105,1.316288961,0.283303303,0.003306532,4.331883841,21.550192116,4.331883841
78.000000000,77.546024927,1.386265534,0.284796079,0.003569076,4.348668469,20.921885494,4.348668469
78.250000000,77.785877207,1.456769725,0.286567292,0.002888923,4.383460784,22.677768907,4.383460784
78.500000000,78.025634642,1.527596065,0.287315121,0.001536493,4.338404719,28.080068860,4.338404719
78.750000000,78.265381262,1.598458931,0.286940587,0.000077428,4.389298927,43.084475064,4.389298927
79.000000000,78.505191683,1.669105656,0.286247844,-0.000725556,4.408112589,34.044775386,4.408112589
79.250000000,78.745036269,1.739636294,0.285692768,-0.000424521,4.426506242,37.469731255,4.426506242
79.500000000,78.984924964,1.810016747,0.285864175,0.001244144,4.440418554,29.853117019,4.440418554
79.750000000,79.224745298,1.880629585,0.286204349,0.003692112,4.471292940,20.645757297,4.471292940
80.000000000,79.464586052,1.951173229,0.286990057,0.005824755,4.435839769,17.118726955,4.435839769
80.250000000,79.704295128,2.022162838,0.289308734,0.007620953,4.464648784,15.231313607,4.464648784
80.500000000,79.943806114,2.093817930,0.291862156,0.009166788,4.482718594,14.025653883,4.482718594
80.750000000,80.183149473,2.166030746,0.294256673,0.009531831,4.499105393,13.780439197,4.499105393
81.000000000,80.422314505,2.238832023,0.296864232,0.008911482,4.511557891,14.205145610,4.511557891
81.250000000,80.661277846,2.312292004,0.299247135,0.008337834,4.529680342,14.634973246,4.529680342
81.500000000,80.900093314,2.386232297,0.300881222,0.007791624,4.496282100,15.082747084,4.496282100
81.750000000,81.138815528,2.460472930,0.302568369,0.007427500,4.515122344,15.405139039,4.515122344
82.000000000,81.377380041,2.535218603,0.304395035,0.008095660,4.545823692,14.828522685,4.545823692
82.250000000,81.615829477,2.610330882,0.306204922,0.009823303,4.559308270,13.593618685,4.559308270
82.500000000,81.854121935,2.685939635,0.308475195,0.011760620,4.569459812,12.519273168,4.569459812
82.750000000,82.092227694,2.762133774,0.311892321,0.013300693,4.584161465,11.825961418,4.584161465
83.000000000,82.329997686,2.839369242,0.316115524,0.014213049,4.618570018,11.465866198,4.618570018
83.250000000,82.567451062,2.917571667,0.320249420,0.014658687,4.572579520,11.301532344,4.572579520
83.500000000,82.804574451,2.996770333,0.323602243,0.014764063,4.582160869,11.263695796,4.582160869
83.750000000,83.041498435,3.076563382,0.326610482,0.014445917,4.591463522,11.379106321,4.591463522
84.000000000,83.278140687,3.157187134,0.330403722,0.014010126,4.603413212,11.543109875,4.603413212
84.250000000,83.514452332,3.238775227,0.334514250,0.013918563,4.611083253,11.578478862,4.611083253
84.500000000,83.750423817,3.321341694,0.337965446,0.013638303,4.616281824,11.688791961,4.616281824
84.750000000,83.986166971,3.404559045,0.340911511,0.012708359,4.598954445,12.078757514,4.598954445
85.000000000,84.221648155,3.488514549,0.344097586,0.011902978,4.625952488,12.450019282,4.625952488
85.250000000,84.456856245,3.573232388,0.347012346,0.012104165,4.641823278,12.354077486,4.641823278
85.500000000,84.691844120,3.658559240,0.349676510,0.012956137,4.654033008,11.971053814,4.654033008
85.750000000,84.926597477,3.744529140,0.352560636,0.013440639,4.658583895,11.768518392,4.658583895
86.000000000,85.161088823,3.831209872,0.356576742,0.013440218,4.645874451,11.768689964,4.645874451
86.250000000,85.395143892,3.919062493,0.360822672,0.013394610,4.670380463,11.787319267,4.670380463
86.500000000,85.628890980,4.007731448,0.363888840,0.013365629,4.659456636,11.799203010,4.659456636
86.750000000,85.862403085,4.097017779,0.366400542,0.013221620,4.665571246,11.858792324,4.665571246
87.000000000,86.095701793,4.186859811,0.369323111,0.013207670,4.672116507,11.864612824,4.672116507
87.250000000,86.328687683,4.277509387,0.373228312,0.013622996,4.687116076,11.694908135,4.687116076
87.500000000,86.561277320,4.369170715,0.377225135,0.014122860,4.690623612,11.500004964,4.690623612
87.750000000,86.793531349,4.461679859,0.380505523,0.013802817,4.632704250,11.623657891,4.632704250
88.000000000,87.025514939,4.554865303,0.383841325,0.012687689,4.670231388,12.087874152,4.670231388
88.250000000,87.257146568,4.648921863,0.387189439,0.012130508,4.696377744,12.341678429,4.696377744
88.500000000,87.488501040,4.743658648,0.389868989,0.012437449,4.708495306,12.199908844,4.708495306
88.750000000,87.719625520,4.838955286,0.392303670,0.012728257,4.718234495,12.070000714,4.718234495
89.000000000,87.950515970,4.934817504,0.395753264,0.012740232,4.726739553,12.064739973,4.726739553
89.250000000,88.180977448,5.031706416,0.399687193,0.012417721,4.783381262,12.208874252,4.783381262
89.500000000,88.411106408,5.129382210,0.403164217,0.011789041,4.697283609,12.505354292,4.697283609
89.750000000,88.640888586,5.227871422,0.405744788,0.011287575,4.715661516,12.757979780,4.715661516
90.000000000,88.870510517,5.326733704,0.407472175,0.011172354,4.721283788,12.818219803,4.721283788
90.250000000,89.099950904,5.426016102,0.410057358,0.011328877,4.727293903,12.736592172,4.727293903
90.500000000,89.329058301,5.526064150,0.413602036,0.011603293,4.734549705,12.597169843,4.734549705
90.750000000,89.557788955,5.626970569,0.417180241,0.011532656,4.740070251,12.632620356,4.740070251
91.000000000,89.786174605,5.728655671,0.420050937,0.010702399,4.741584053,13.073068595,4.741584053
91.250000000,90.014322423,5.830873775,0.422174235,0.009597386,4.746925990,13.737750078,4.746925990
91.500000000,90.242274318,5.933527872,0.424186912,0.009251723,4.757301977,13.967432183,4.757301977
91.750000000,90.470008783,6.036663503,0.426228461,0.009833887,4.767766049,13.586976963,4.767766049
92.000000000,90.697539673,6.140247510,0.428547276,0.010445014,4.775948933,13.219250420,4.775948933
92.250000000,90.924793292,6.244438133,0.431813213,0.010769358,4.775227831,13.035827468,4.775227831
92.500000000,91.151642488,6.349506009,0.434996662,0.011085187,4.740039712,12.864363976,4.669974367
92.750000000,91.378228261,6.455141469,0.437477006,0.010994242,4.761572978,12.913043050,4.561651081
93.000000000,91.604553704,6.561333491,0.439861751,0.010453829,4.634969246,13.214162723,4.450692147
93.250000000,91.830633099,6.668048456,0.442626942,0.010508677,4.477669167,13.182637107,4.336895271
93.500000000,92.056367858,6.775490541,0.445219135,0.010448389,4.329052914,13.217301898,4.220030875
93.750000000,92.281890905,6.883376120,0.447725320,0.009118705,4.192532440,14.058938394,4.099836654
94.000000000,92.507084016,6.991948184,0.451020041,0.008334430,4.022358309,14.637641330,3.976010637
94.250000000,92.731891184,7.101317441,0.452439678,0.009334669,3.870555934,13.911267840,3.848202254
94.500000000,92.956775360,7.210528567,0.452845767,0.010567348,3.716000617,13.149162652,3.716000617
94.750000000,93.181493620,7.320080368,0.455836388,0.011858893,3.605208156,12.471342589,3.605208156
95.000000000,93.405720159,7.430634423,0.460444719,0.013877652,3.632074992,11.594387107,3.632074992
95.250000000,93.629419228,7.542252713,0.464718985,0.015024913,3.674347283,11.171645951,3.674347283
95.500000000,93.852692284,7.654719400,0.468387942,0.014485654,3.731905531,11.364496982,3.731905531
95.750000000,94.075566415,7.767976215,0.471591596,0.013554702,3.736735995,11.722313753,3.736735995
96.000000000,94.298114803,7.881871430,0.474652801,0.013196821,3.799202082,11.869145106,3.799202082
96.250000000,94.520291258,7.996490590,0.477842416,0.013547425,3.843975945,11.725245192,3.843975945
96.500000000,94.742108526,8.111803148,0.481208029,0.014341180,3.888832483,11.417883725,3.888832483
96.750000000,94.963508392,8.227915201,0.484890943,0.014631599,3.934215392,11.311320235,3.934215392
97.000000000,95.184470111,8.344858397,0.488957159,0.013508278,3.963007836,11.741053586,3.963007836
97.250000000,95.404918260,8.462767038,0.493140165,0.011247876,3.951960298,12.778639281,3.951960298
97.500000000,95.624894036,8.581554756,0.495934020,0.008524557,4.011573525,14.490808227,4.011573525
97.750000000,95.844680194,8.700693506,0.496887096,0.006015966,4.048918230,16.883840903,4.048918230
98.000000000,96.064429382,8.819900445,0.497331546,0.004644371,4.078553725,18.823796091,4.078553725
98.250000000,96.284109522,8.939234501,0.497827929,0.005063172,4.103991118,18.162057749,4.103991118
98.500000000,96.503740256,9.058659540,0.499309309,0.007484258,4.093018633,15.353523425,4.092612099
98.750000000,96.723065780,9.178643879,0.501375809,0.011163437,4.091527428,12.822917384,3.968560670
99.000000000,96.942201014,9.298975606,0.504103247,0.014518999,3.896397768,11.352281269,3.840504367
99.250000000,97.160867941,9.420154085,0.508826042,0.017010054,3.741582611,10.537982790,3.708028289
99.500000000,97.378856609,9.542550157,0.514241982,0.018778768,3.588570373,10.055771134,3.570640530
99.750000000,97.596198736,9.666090395,0.519192711,0.019265739,3.439595760,9.934220085,3.427750544
100.000000000,97.812964852,9.790638843,0.524017509,0.019450192,3.293879781,9.889317016,3.278639015
100.250000000,98.029104801,9.916270583,0.528408404,0.020718667,3.141086111,9.596180743,3.122414737
100.500000000,98.244768917,10.042717858,0.532685193,0.021952697,2.957950945,9.334652124,2.957950945
100.750000000,98.459826159,10.170193625,0.539008361,0.022194529,2.812533000,9.285861939,2.812533000
101.000000000,98.673873322,10.299357682,0.546222944,0.021855242,2.652330244,9.354532436,2.652330244
101.250000000,98.887068957,10.429923217,0.551868941,0.020310204,2.498415102,9.687711487,2.498415102
101.500000000,99.099644580,10.561496376,0.556043249,0.016446996,2.350199690,10.706676180,2.350199690
101.750000000,99.311743056,10.693837416,0.559688401,0.010864588,2.214237951,12.983406716,2.214237951
102.000000000,99.523353904,10.826956853,0.562780561,0.005145672,2.335876430,18.039741895,2.335876430
102.250000000,99.734630016,10.960607119,0.563568238,0.000194594,2.484213717,40.917092845,2.484213717
102.500000000,99.946030955,11.094059792,0.561685138,-0.003711381,2.628420988,20.603493567,2.628420988
102.750000000,100.157808900,11.226913391,0.559091240,-0.006072759,2.759491770,16.815917432,2.759491770
103.000000000,100.369899322,11.359267571,0.557126896,-0.007186106,2.880216404,15.630624117,2.880216404
103.250000000,100.582197595,11.491288152,0.556063618,-0.008607403,2.981854662,14.428194898,2.981854662
103.500000000,100.794569029,11.623191032,0.555103284,-0.010876539,3.085718484,12.976873023,3.085718484
103.750000000,101.007120419,11.754803579,0.552184817,-0.013404088,3.128489367,11.783440403,3.128489367
104.000000000,101.220257565,11.885464267,0.547073047,-0.015387092,3.215631382,11.047501199,3.215631382
104.250000000,101.434143298,12.014896906,0.541953771,-0.015547197,3.284890780,10.993925340,3.284890780
104.500000000,101.648607267,12.143368710,0.537726543,-0.014147447,3.355903626,11.490667859,3.355903626
104.750000000,101.863579644,12.270988470,0.534972660,-0.012294478,3.427829949,12.265333480,3.427829949
105.000000000,102.078748121,12.398277215,0.533447479,-0.009702848,3.474826395,13.669899178,3.474826395
105.250000000,102.294106797,12.525239465,0.530441811,-0.006962746,3.528264988,15.848331732,3.528264988
105.500000000,102.510036724,12.651232574,0.527848881,-0.005073183,3.586001443,18.147083124,3.586001443
105.750000000,102.726053034,12.777077533,0.527574366,-0.002970726,3.646943503,22.442953570,3.646943503
106.000000000,102.942052107,12.902952074,0.527718016,-0.000499634,3.704713665,36.519291862,3.704713665
106.250000000,103.158032253,13.028859089,0.528019225,0.000497615,3.755619324,36.543905229,3.755619324
106.500000000,103.373955397,13.154863694,0.528443285,0.000298960,3.807132678,39.238919354,3.807132678
106.750000000,103.589828657,13.280953827,0.528598299,0.000217229,3.788429227,40.534871362,3.788429227
107.000000000,103.805712777,13.407025397,0.528068985,-0.000150320,3.862773276,41.697084327,3.862773276
107.250000000,104.021719421,13.532886943,0.527970798,-0.000416374,3.904530746,37.577341362,3.904530746
107.500000000,104.237628209,13.658916068,0.528309515,-0.000472203,3.943814344,36.857946913,3.943814344
107.750000000,104.453549503,13.784923893,0.527777195,-0.001299908,3.976746326,29.488979402,3.976746326
108.000000000,104.669592203,13.910722999,0.528223456,-0.001882344,4.013539034,26.341595205,4.013539034
108.250000000,104.885400375,14.036923155,0.527263321,-0.001271208,4.026684666,29.674716536,4.026684666
108.500000000,105.101684461,14.162307295,0.525526706,-0.000545126,4.043049107,35.977668821,4.043049107
108.750000000,105.317930235,14.287757476,0.526047755,0.000536530,4.087024110,36.078169811,4.087024110
109.000000000,105.534083556,14.413366946,0.526860944,0.002660639,4.121023209,23.374187515,4.121023209
109.250000000,105.750125029,14.539168667,0.527776898,0.004520181,4.155500990,19.034362386,4.155500990
109.500000000,105.966047876,14.665173895,0.529051211,0.005543537,4.179787176,17.482708987,4.179787176
109.750000000,106.181767929,14.791525759,0.530390407,0.006174243,4.197655747,16.696558256,4.197655747
110.000000000,106.397352520,14.918108866,0.532484509,0.007012544,4.198946449,15.799007096,4.198946449
110.250000000,106.612541518,15.045363113,0.534283027,0.008054423,4.232808182,14.862251497,4.232808182
110.500000000,106.827669366,15.172720849,0.535790423,0.008037466,4.257037003,14.876187951,4.257037003
110.750000000,107.042473370,15.300623046,0.538569039,0.007114903,4.279921590,15.699048281,4.279921590
111.000000000,107.256890160,15.429174333,0.541008622,0.006788706,4.302549540,16.024420691,4.302549540
111.250000000,107.471067879,15.558123265,0.541959945,0.006816352,4.338565815,15.996057512,4.338565815
111.500000000,107.685239689,15.687082276,0.542594841,0.006796478,4.321709238,16.016432084,4.321709238
111.750000000,107.899253584,15.816303117,0.544450362,0.007713876,4.342465083,15.149884163,4.342465083
112.000000000,108.112945298,15.946056009,0.546949971,0.009649040,4.365072815,13.704392045,4.365072815
112.250000000,108.326310413,16.076345069,0.549618886,0.011013319,4.387507233,12.902786099,4.387507233
112.500000000,108.539306392,16.207236698,0.552634368,0.011371205,4.411197804,12.714784377,4.411197804
112.750000000,108.751881735,16.338810099,0.556043012,0.011887840,4.426904942,12.457328637,4.426904942
113.000000000,108.963980363,16.471150678,0.558535467,0.012840705,4.404696856,12.020869561,4.404696856
113.250000000,109.175897460,16.603782281,0.561292870,0.013872440,4.441232513,11.596418568,4.441232513
113.500000000,109.387263096,16.737290565,0.564995570,0.014673224,4.463885078,11.296289677,4.463885078
113.750000000,109.598191945,16.871487683,0.569359446,0.015144626,4.484254357,11.130149744,4.484254357
114.000000000,109.808384245,17.006835558,0.573999001,0.015604866,4.503665589,10.974817446,4.503665589
114.250000000,110.018058873,17.142984151,0.577262526,0.016220731,4.515230863,10.776784747,4.515230863
114.500000000,110.227363444,17.279701175,0.580427362,0.016774635,4.517877539,10.607539461,4.517877539
114.750000000,110.436171647,17.417173905,0.584873243,0.017869617,4.523937107,10.295168330,4.523937107
115.000000000,110.644251844,17.555746278,0.590033543,0.019700254,4.541682310,9.829403422,4.541682310
115.250000000,110.851630332,17.695366797,0.595261462,0.021020524,4.558474078,9.530181472,4.558474078
115.500000000,111.058250388,17.836107275,0.600674059,0.020836021,4.574904643,9.570359400,4.574904643
115.750000000,111.264105516,17.977964605,0.606266403,0.019740430,4.582995384,9.819878645,4.582995384
116.000000000,111.469138718,18.121007335,0.611585434,0.018575724,4.591563347,10.107787037,4.591563347
116.250000000,111.673473366,18.265046657,0.615411370,0.016972237,4.553425415,10.549064094,4.553425415
116.500000000,111.877405836,18.409653934,0.619234699,0.015390729,4.604333629,11.046275219,4.604333629
116.750000000,112.080633011,18.555251439,0.623140103,0.015372274,4.618009205,11.052499290,4.618009205
117.000000000,112.283429997,18.701447330,0.626230935,0.016774533,4.628952445,10.607569840,4.628952445
117.250000000,112.485753196,18.848298282,0.630097732,0.018092540,4.618816118,10.234889220,4.618816118
117.500000000,112.687412912,18.996057700,0.635329753,0.019052307,4.630811355,9.986948937,4.630811355
117.750000000,112.888187895,19.145017308,0.641252574,0.019850562,4.634591515,9.793910156,4.634591515
118.000000000,113.088083320,19.295155184,0.646353493,0.020216169,4.635026262,9.709156712,4.635026262
118.250000000,113.287328689,19.446155632,0.650648219,0.019886350,4.644388073,9.785515782,4.644388073
118.500000000,113.485927546,19.598005243,0.655306760,0.018871879,4.653357593,10.032184929,4.653357593
118.750000000,113.683757343,19.750855449,0.660661056,0.017673825,4.698409307,10.348999308,4.571025767
119.000000000,113.880718836,19.904823094,0.665637084,0.016679282,4.671897356,10.636106778,4.460300053
119.250000000,114.077017911,20.059634688,0.669148669,0.015484515,4.516863081,11.014807368,4.346754716
119.500000000,114.272893368,20.214981941,0.672037602,0.014034442,4.331303012,11.533771277,4.230162711
119.750000000,114.468294316,20.370924836,0.675615568,0.013765594,4.225581863,11.638299689,4.110264780
120.000000000,114.663053055,20.527669722,0.679063509,0.014482607,4.073975405,11.365615312,3.986762667
120.250000000,114.857374308,20.684956609,0.682320746,0.014581302,3.920226917,11.329562015,3.859310374
120.500000000,115.051107578,20.842966722,0.686878995,0.014756095,3.766969735,11.266543572,3.727502725
120.750000000,115.243986951,21.002018643,0.690513747,0.015584562,3.626314748,10.981533644,3.590860143
121.000000000,115.436566757,21.161433163,0.693592666,0.015878779,3.458494524,10.885402170,3.448807992
121.250000000,115.628462823,21.321669580,0.697976648,0.015915936,3.300647900,10.873440445,3.300647900
121.500000000,115.819637328,21.482766334,0.702368987,0.016344694,3.150574463,10.738204659,3.150574463
121.750000000,116.010118472,21.644682369,0.706527674,0.015927604,3.000419776,10.869692377,3.000419776
122.000000000,116.199946478,21.807363602,0.710654916,0.014985320,2.970167162,11.185472450,2.970167162
122.250000000,116.389084663,21.970846469,0.714313199,0.014016613,3.066642857,11.540616336,3.066642857
122.500000000,116.577717490,22.134912362,0.717075105,0.012018699,3.130268168,12.394562601,3.130268168
122.750000000,116.765949709,22.299437462,0.720733831,0.010293104,3.228201712,13.307863293,3.228201712
123.000000000,116.953377011,22.464879313,0.723204340,0.010174482,3.302790620,13.378311029,3.302790620
123.250000000,117.140794194,22.630332619,0.724024988,0.010333637,3.371461312,13.284045174,3.371461312
123.500000000,117.327949636,22.796081811,0.726675895,0.010724957,3.443655141,13.060486815,3.443655141
123.750000000,117.514486704,22.962526186,0.730148607,0.012817549,3.507474842,12.030937999,3.507474842
124.000000000,117.700486152,23.129570982,0.733494393,0.015477031,3.554975043,11.017308594,3.554975043
124.250000000,117.885905544,23.297260088,0.737256169,0.017414082,3.603549271,10.421733396,3.603549271
124.500000000,118.070642965,23.465699516,0.742017029,0.019302307,3.662788783,9.925269351,3.662788783
124.750000000,118.254456943,23.635146188,0.747376395,0.020904381,3.718414271,9.555413880,3.718414271
125.000000000,118.437378334,23.805556058,0.752983291,0.021298731,3.773317874,9.470543901,3.773317874
125.250000000,118.619280516,23.977053153,0.758915441,0.020347700,3.817162240,9.679199851,3.817162240
125.500000000,118.800167432,24.149621349,0.764096017,0.018937265,3.867005315,10.015720660,3.867005315
125.750000000,118.980283082,24.322994028,0.768423947,0.018144055,3.856891336,10.221109402,3.856891336
126.000000000,119.159669612,24.497121565,0.771838681,0.017851809,3.923536913,10.300029743,3.923536913
126.250000000,119.338597171,24.671720426,0.775864146,0.017942723,3.958536117,10.275283075,3.958536117
126.500000000,119.516575427,24.847285956,0.781394689,0.018920653,3.990627765,10.019895956,3.990627765
126.750000000,119.693560759,25.023853157,0.786246239,0.019689701,4.018460395,9.831909830,4.018460395
127.000000000,119.869827570,25.201137777,0.791130501,0.018388119,4.042999457,10.156572236,4.042999457
127.250000000,120.045079647,25.379425375,0.796433710,0.016047755,4.054040724,10.831320211,4.054040724
127.500000000,120.219456161,25.558569482,0.800493279,0.014776300,4.074124732,11.259326609,4.074124732
127.750000000,120.393255204,25.738274359,0.802735801,0.014715699,4.103478581,11.281014274,4.103478581
128.000000000,120.566826786,25.918199048,0.805024513,0.015533718,4.130228161,10.998405781,4.130228161
128.250000000,120.739801322,26.098697485,0.809292963,0.017092759,4.156040438,10.513869779,4.156040438
128.500000000,120.911829894,26.280096621,0.815060492,0.018558604,4.184904409,10.112209769,4.184904409
128.750000000,121.082710619,26.462577963,0.820700736,0.018283731,4.203853664,10.184025140,4.203853664
129.000000000,121.252682434,26.645906532,0.825260183,0.016696651,4.203662782,10.630885919,4.203662782
129.250000000,121.421892378,26.829938866,0.828896571,0.015815478,4.222062092,10.905871797,4.222062092
129.500000000,121.590526692,27.014499062,0.831130154,0.016015134,4.244874612,10.841698161,4.244874612
129.750000000,121.758912391,27.199284947,0.834964891,0.017174135,4.261204452,10.490305205,4.261204452
130.000000000,121.926125711,27.385132404,0.840334974,0.019211541,4.276540781,9.947530710,4.276540781
130.250000000,122.092517550,27.571716583,0.845663762,0.020647704,4.324083075,9.611896426,4.324083075
130.500000000,122.257740446,27.759335229,0.851428259,0.020486660,4.300857240,9.647850090,4.300857240
130.750000000,122.421970128,27.947825264,0.856627218,0.020202635,4.312860352,9.712255019,4.312860352
131.000000000,122.585234010,28.137152557,0.861086969,0.020624154,4.335896132,9.617128833,4.335896132
131.250000000,122.747775805,28.327099761,0.865429532,0.021418331,4.358447952,9.445247940,4.358447952
131.500000000,122.909388906,28.517837493,0.871075745,0.022678195,4.378058580,9.190533010,4.378058580
131.750000000,123.069774765,28.709607260,0.877576610,0.024261801,4.415547047,8.897804134,4.415547047
132.000000000,123.228894295,28.902429980,0.884024611,0.024340094,4.406696538,8.884047821,4.406696538
132.250000000,123.386794301,29.096252671,0.890384971,0.021269901,4.412788295,9.476672118,4.412788295
132.500000000,123.543448374,29.291084092,0.896785910,0.016831246,4.428595456,10.590687542,4.428595456
132.750000000,123.698854631,29.486912785,0.900569451,0.013037716,4.447728977,11.936218912,4.447728977
133.000000000,123.854030191,29.682924366,0.901257594,0.010052932,4.453064371,13.451671331,4.453064371
133.250000000,124.009166730,29.878966689,0.902421732,0.008899414,4.447942933,14.213801735,4.447942933
133.500000000,124.163885452,30.075338967,0.904582132,0.010208390,4.461495440,13.358059533,4.461495440
133.750000000,124.318173458,30.272049736,0.907721095,0.011807640,4.472152504,12.496270990,4.472152504
134.000000000,124.471656001,30.469389031,0.911882823,0.012263638,4.503249698,12.279584407,4.503249698
134.250000000,124.624301299,30.667377088,0.915465168,0.012094345,4.517948576,12.358709064,4.517948576
134.500000000,124.776366359,30.865811382,0.917733233,0.011511385,4.533713665,12.643354066,4.533713665
134.750000000,124.928112155,31.064490035,0.919929707,0.010893274,4.543494714,12.967739904,4.543494714
135.000000000,125.079304063,31.263590457,0.922609354,0.010622855,4.554645649,13.117727212,4.554645649
135.250000000,125.229982683,31.463079206,0.925773015,0.009926749,4.542616678,13.529118699,4.542616678
135.500000000,125.379911793,31.663132265,0.928808156,0.007906231,4.565383822,14.985389187,4.565383822
135.750000000,125.529376746,31.863532069,0.930947375,0.005169053,4.575809318,18.005523260,4.575809318
136.000000000,125.678448615,32.064224814,0.931532426,0.003002648,4.588644972,22.353282257,4.588644972
136.250000000,125.827679110,32.264799550,0.930772200,0.002082324,4.599731331,25.472752111,4.599731331
136.500000000,125.977055950,32.465265407,0.930532789,0.002428722,4.630535345,24.151763160,4.630535345
136.750000000,126.126382507,32.665768717,0.931555004,0.003621179,4.595702630,20.803605537,4.595702630
137.000000000,126.275349140,32.866539469,0.933406336,0.004635367,4.607421599,18.838827929,4.607421599
137.250000000,126.423932245,33.067594264,0.935145269,0.004906054,4.624221507,18.402053585,4.624221507
137.500000000,126.572199776,33.268881957,0.936212302,0.004797613,4.636101497,18.573356400,4.636101497
137.750000000,126.720353515,33.470253428,0.936681104,0.004795837,4.647867343,18.576201739,4.647867343
138.000000000,126.868432228,33.671680015,0.937671822,0.005093937,4.654195108,18.116153932,4.654195108
138.250000000,127.016186657,33.873344628,0.939283549,0.004906088,4.651378311,18.402000090,4.651378311
138.500000000,127.163615223,34.075247371,0.941257648,0.003026099,4.635890196,22.288085969,4.635890196
138.750000000,127.310572287,34.277493768,0.942834762,-0.000230502,4.663405681,40.315671344,4.663405681
139.000000000,127.457363388,34.479860687,0.942323862,-0.003486506,4.670031669,21.113531073,4.670031669
139.250000000,127.604526758,34.681956444,0.939594306,-0.006094386,4.679117491,16.790266902,4.679117491
139.500000000,127.752420247,34.883518782,0.936784826,-0.006968619,4.671041964,15.842490932,4.671041964
139.750000000,127.900717130,35.084784819,0.935040118,-0.005306736,4.694214763,17.807898946,4.694214763
140.000000000,128.049313181,35.285830043,0.933816343,-0.002744830,4.676996917,23.109945602,4.676996917
140.250000000,128.198102242,35.486732534,0.933920746,-0.001131540,4.685033947,30.631498137,4.685033947
140.500000000,128.346656324,35.687808798,0.934730598,-0.000345649,4.696959010,38.552191056,4.696959010
140.750000000,128.495119792,35.888952026,0.934786453,0.000118514,4.707467094,42.285779004,4.707467094
141.000000000,128.643651435,36.090044916,0.934209639,0.000116671,4.717201146,42.320647833,4.717201146
141.250000000,128.792346849,36.291016739,0.933782698,0.000083138,4.716808841,42.970772100,4.716808841
141.500000000,128.941050136,36.491982713,0.934250676,0.000781890,4.674753184,33.502291912,4.674753184
141.750000000,129.089557384,36.693093619,0.934692347,0.002062387,4.725170891,25.555535874,4.725170891
142.000000000,129.238083097,36.894190878,0.935032548,0.003307032,4.734063060,21.548941866,4.734063060
142.250000000,129.386453461,37.095402765,0.935918270,0.004276853,4.742605187,19.468277105,4.742605187
142.500000000,129.534622699,37.296762801,0.937230035,0.004688353,4.751030060,18.750883967,4.751030060
142.750000000,129.682464568,37.498363113,0.939070918,0.003994468,4.777795925,20.011073782,4.777795925
143.000000000,129.829891433,37.700267292,0.940564232,0.002218287,4.778440641,24.928871627,4.778440641
143.250000000,129.977130646,37.902308401,0.940881542,-0.000021770,4.740465439,44.242373742,4.740465439
143.500000000,130.124429355,38.104306108,0.940055442,-0.001829203,4.741329896,26.587832025,4.741329896
143.750000000,130.272002145,38.306103627,0.938638576,-0.002640056,4.746346340,23.440180974,4.746346340
144.000000000,130.419872658,38.507683104,0.937607951,-0.002833032,4.751414812,22.842507848,4.751414812
144.250000000,130.567861128,38.709176062,0.937454193,-0.002672576,4.753477585,23.336171984,4.753477585
144.500000000,130.715793651,38.910710095,0.937391441,-0.002347592,4.774424951,24.442676544,4.774424951
144.750000000,130.863807404,39.112184473,0.936462964,-0.002782651,4.756313810,22.994123121,4.756313810
145.000000000,131.012113892,39.313443428,0.935549616,-0.003994695,4.756672254,20.010619121,4.756672254
145.250000000,131.160495435,39.514647100,0.934827932,-0.003979486,4.763337621,20.041154528,4.763337621
145.500000000,131.309092277,39.715691809,0.933277584,-0.002948726,4.770715740,22.505387038,4.770715740
145.750000000,131.458096967,39.916434415,0.931581314,-0.003049440,4.775571413,22.223757669,4.775571413
146.000000000,131.607374931,40.116973748,0.932324377,-0.003090005,4.775605007,22.113275313,4.775605007
146.250000000,131.756081055,40.317937474,0.932316386,-0.001750626,4.762240661,26.964927537,4.762240661
146.500000000,131.905362292,40.518474513,0.930437563,-0.000596082,4.763038226,35.398707006,4.763038226
146.750000000,132.054822594,40.718878143,0.929942940,-0.000140305,4.765804803,41.879791843,4.765804803
147.000000000,132.204302126,40.919267391,0.930539394,0.000384295,4.723866546,38.010243617,4.713749200
147.250000000,132.353523239,41.119849143,0.931876091,0.000207414,4.606455418,40.699289014,4.606455418
147.500000000,132.502466505,41.320637275,0.932413910,-0.001107325,4.596249625,30.806991009,4.596249625
147.750000000,132.651471711,41.521379329,0.931300773,-0.003269552,4.581644303,21.643317656,4.581644303
148.000000000,132.800861617,41.721835376,0.929598267,-0.005684734,4.581114021,17.297085306,4.581114021
148.250000000,132.950549549,41.922068984,0.928115756,-0.005850668,4.603641143,17.086320070,4.603641143
148.500000000,133.100533163,42.122081218,0.926125848,-0.003764480,4.617496757,20.488362928,4.617496757
148.750000000,133.251016759,42.321717458,0.923952321,-0.002351539,4.631372194,24.428279873,4.631372194
149.000000000,133.401868428,42.521075832,0.925135696,-0.001283860,4.641983162,29.592405855,4.641983162
149.250000000,133.551879140,42.721067704,0.926352137,0.000701649,4.666160182,34.283098785,4.666160182
149.500000000,133.702245363,42.920792512,0.925483035,0.002191154,4.637013771,25.034627547,4.637013771
149.750000000,133.852603520,43.120523392,0.925548916,0.003078949,4.645923896,22.143223431,4.645923896
150.000000000,134.002943419,43.320268002,0.926283368,0.004585726,4.653736946,18.922354504,4.653736946
150.250000000,134.153007914,43.520219377,0.928282528,0.005430271,4.663769329,17.636010521,4.663769329
150.500000000,134.302547890,43.720563387,0.930902678,0.004903695,4.671098525,18.405729156,4.671098525
150.750000000,134.451562494,43.921298355,0.932396801,0.003540106,4.649009713,20.988529996,4.649009713
151.000000000,134.600503132,44.122088342,0.932210822,0.001217467,4.650972663,30.032146451,4.650972663
151.250000000,134.749592533,44.322768058,0.931880694,-0.000750749,4.673207280,33.798936265,4.673207280
151.500000000,134.898665791,44.523459771,0.931535458,-0.000487365,4.682177110,36.669602731,4.682177110
151.750000000,135.047893708,44.724036481,0.930693414,0.001178388,4.693104958,30.300332912,4.693104958
152.000000000,135.197304730,44.924476846,0.930729194,0.002470551,4.699747914,24.005777093,4.699747914
152.250000000,135.346518290,45.125064231,0.932660019,0.003635964,4.713973049,20.770405094,4.713973049
152.500000000,135.495154130,45.326080020,0.934377463,0.004482570,4.690826613,19.099539733,4.690826613
152.750000000,135.643677830,45.527178771,0.935215066,0.003994406,4.699074081,20.011196473,4.699074081
153.000000000,135.791976762,45.728443333,0.936103714,0.002847152,4.704576578,22.800550696,4.704576578
153.250000000,135.940142819,45.929805741,0.936525318,0.002083147,4.710431575,25.469351466,4.710431575
153.500000000,136.088271994,46.131195282,0.936849908,0.001805457,4.715434136,26.700118359,4.715434136
153.750000000,136.236307274,46.332653801,0.937305456,0.002042377,4.714707147,25.639437208,4.714707147
154.000000000,136.384252863,46.534178164,0.937494940,0.002340508,4.702144505,24.468577492,4.702144505
154.250000000,136.532211695,46.735692646,0.938337482,0.002490092,4.690373501,23.938480806,4.690373501
154.500000000,136.679817526,46.937466074,0.939397489,0.003746648,4.718044001,20.526811053,4.718044001
154.750000000,136.827348926,47.139293933,0.939829005,0.006177662,4.727886268,16.692581137,4.727886268
155.000000000,136.974780560,47.341194669,0.940551586,0.008152101,4.736578872,14.782728344,4.736578872
155.250000000,137.122020113,47.543235496,0.943615451,0.009757170,4.711429586,13.635340224,4.711429586
155.500000000,137.268210960,47.746034707,0.947661091,0.011539113,4.718647237,12.629367025,4.718647237
155.750000000,137.413810961,47.949260280,0.950454090,0.012345444,4.733494109,12.241890165,4.733494109
156.000000000,137.558867392,48.152873924,0.953165293,0.011862141,4.741101085,12.469767692,4.741101085
156.250000000,137.703363229,48.356885928,0.956063042,0.011388990,4.747195220,12.705654792,4.747195220
156.500000000,137.847237249,48.561336908,0.958967542,0.010559936,4.755106185,13.153377544,4.755106185
156.750000000,137.990545579,48.766184882,0.961964348,0.009169242,4.760754339,14.023961328,4.760754339
157.000000000,138.133191671,48.971494582,0.964623308,0.008502628,4.761063381,14.507518540,4.761063381
157.250000000,138.275408644,49.177101802,0.965395911,0.008119434,4.717286826,14.809181443,4.717286826
157.500000000,138.417737265,49.382631593,0.966755530,0.007900544,4.761287634,14.990175583,4.761287634
157.750000000,138.559394573,49.588624709,0.969531619,0.009565142,4.769390810,13.758697921,4.769390810
158.000000000,138.700579903,49.794941612,0.971698852,0.011964938,4.780012042,12.420233993,4.780012042
158.250000000,138.841343003,50.001546786,0.974640179,0.012750085,4.773160913,12.060416667,4.773160913
158.500000000,138.981311390,50.208689456,0.979291883,0.013256210,4.753073917,11.844396843,4.753073917
158.750000000,139.120146357,50.416595328,0.982771830,0.014022493,4.787283740,11.538357512,4.787283740
159.000000000,139.258670305,50.624708094,0.985390496,0.013915093,4.778031636,11.579825329,4.778031636
159.250000000,139.396414289,50.833337915,0.988980446,0.014018376,4.785396389,11.539938879,4.785396389
159.500000000,139.533440509,51.042439986,0.992414744,0.014927231,4.793241419,11.205851397,4.793241419
159.750000000,139.669748249,51.252010968,0.996305003,0.015779335,4.802185379,10.917611142,4.802185379
160.000000000,139.805143196,51.462172493,1.000804645,0.017109926,4.803251227,10.508885444,4.803251227
160.250000000,139.939559371,51.672961514,1.004675691,0.018786356,4.804405333,10.053842752,4.804405333
160.500000000,140.073323483,51.884165439,1.009143575,0.019779134,4.789663645,9.810728869,4.789663645
160.750000000,140.205850221,52.096146293,1.015026373,0.021195202,4.803167482,9.492605878,4.803167482
161.000000000,140.337119947,52.308908969,1.020659147,0.022818486,4.820288202,9.163426962,4.820288202
161.250000000,140.467250714,52.522370101,1.025898236,0.022726587,4.829959645,9.181155840,4.829959645
161.500000000,140.596283962,52.736496625,1.032570089,0.022281533,4.797498888,9.268494867,4.797498888
161.750000000,140.723554467,52.951674462,1.038295179,0.022848027,4.797962182,9.157749821,4.797962182
162.000000000,140.850127754,53.167264754,1.042691122,0.023062305,4.840698716,9.116883114,4.840698716
162.250000000,140.975502035,53.383554058,1.048698180,0.023190545,4.827305882,9.092685487,4.827305882
162.500000000,141.099475972,53.600649154,1.054979194,0.024237842,4.832598713,8.902026662,4.832598713
162.750000000,141.222123529,53.818496536,1.061144779,0.024721284,4.837247346,8.817971189,4.837247346
163.000000000,141.343411175,54.037104017,1.067696923,0.024153723,4.840707203,8.916899278,4.840707203
163.250000000,141.463193561,54.256539881,1.073883987,0.023547475,4.838779538,9.026337875,4.838779538
163.500000000,141.581766869,54.476631335,1.079308547,0.022658258,4.837793843,9.194404627,4.837793843
163.750000000,141.699161470,54.697353613,1.084753187,0.021622481,4.787397177,9.402533373,4.787397177
164.000000000,141.815331049,54.918722962,1.090239499,0.021362025,4.845948096,9.457131574,4.845948096
164.250000000,141.930296740,55.140720074,1.095247840,0.021224367,4.855569480,9.486375146,4.855569480
164.500000000,142.044243121,55.363241892,1.100389300,0.020785869,4.856894533,9.581368831,4.775744349
164.750000000,142.156919623,55.586408695,1.106208254,0.020979110,4.835516259,9.539155960,4.669875168
165.000000000,142.268268862,55.810241912,1.110914319,0.020994235,4.807836161,9.535875320,4.561549527
165.250000000,142.378839844,56.034459177,1.116043008,0.020077487,4.709155374,9.741045853,4.450588061
165.500000000,142.487887057,56.259422192,1.121891980,0.019691814,4.517469582,9.831407941,4.336788453
165.750000000,142.595828027,56.484918326,1.126230612,0.019683111,4.360849406,9.833476157,4.219921100
166.000000000,142.702919291,56.710819503,1.130560582,0.018340429,4.232016423,10.169086655,4.099723660
166.250000000,142.808903410,56.937241840,1.135791472,0.016915407,4.055344825,10.565782315,3.975894124
166.500000000,142.913625529,57.164250996,1.140373510,0.016529392,3.899026619,10.681483397,3.848081871
166.750000000,143.017530333,57.391635188,1.143412540,0.015793802,3.720804322,10.912907669,3.715875952
167.000000000,143.120870851,57.619276874,1.146998563,0.014795847,3.584817972,11.252357935,3.578789472
167.250000000,143.223142185,57.847400420,1.151116071,0.014240506,3.439326006,11.455533118,3.436238363
167.500000000,143.324604532,58.075885260,1.154720459,0.013839695,3.287511838,11.609205953,3.287511838
167.750000000,143.425228683,58.304740018,1.158434134,0.013900916,3.139675568,11.585332778,3.139675568
168.000000000,143.524991266,58.533972268,1.160953160,0.014573531,2.986243638,11.332388538,2.986243638
168.250000000,143.624461146,58.763331034,1.164057160,0.015668250,2.852670997,10.953930898,2.852670997
168.500000000,143.722798609,58.993177874,1.168809732,0.018064179,2.673030848,10.242499332,2.673030848
168.750000000,143.820084066,59.223472041,1.173460595,0.021543136,2.521122551,9.419065803,2.521122551
169.000000000,143.916279295,59.454223543,1.178864614,0.024504868,2.373055746,8.855303718,2.373055746
169.250000000,144.011069921,59.685555292,1.185683128,0.026538050,2.215942596,8.522134862,2.215942596
169.500000000,144.104109460,59.917596915,1.193184984,0.027242187,2.068091234,8.415227013,2.068091234
169.750000000,144.195418583,60.150324461,1.200944053,0.026345988,1.900824973,8.552009742,1.900824973
170.000000000,144.284846275,60.383782046,1.207671287,0.024534521,2.009606182,8.850160435,2.009606182
170.250000000,144.373016307,60.617717817,1.212759314,0.022213207,2.206250233,9.282125268,2.188268038
170.500000000,144.460063766,60.852073412,1.217653332,0.019692956,2.395184223,9.831136642,2.353405407
170.750000000,144.545939786,61.086860829,1.222551039,0.018427562,2.560395896,10.146256624,2.507691569
171.000000000,144.630687517,61.322057894,1.227110975,0.019063870,2.697346888,9.984070572,2.653020356
171.250000000,144.714418769,61.557618727,1.230736790,0.020043556,2.811398093,9.748895880,2.790791466
171.500000000,144.797458733,61.793424183,1.235762742,0.020800400,2.967355742,9.578175000,2.922074093
171.750000000,144.878817951,62.029814734,1.242309540,0.022075953,3.020590070,9.309689036,3.020590070
172.000000000,144.958763246,62.266686954,1.248003695,0.023189744,3.122488002,9.092835990,3.122488002
172.250000000,145.037425155,62.503988689,1.253659304,0.022786611,3.222253264,9.169564626,3.222253264
172.500000000,145.114686064,62.741749969,1.259378318,0.020871963,3.312992077,9.562492787,3.312992077
172.750000000,145.190628613,62.979935861,1.265095504,0.017873813,3.372264669,10.294023916,3.372264669
173.000000000,145.265166012,63.218565434,1.269943269,0.014581853,3.437020634,11.329361756,3.437020634
173.250000000,145.338795734,63.457476571,1.272549843,0.012252711,3.449623482,12.284645483,3.449623482
173.500000000,145.412088165,63.696491639,1.273797658,0.011333407,3.555034740,12.734252881,3.555034740
173.750000000,145.485121500,63.935586033,1.275694589,0.010839053,3.615565451,12.997400656,3.615565451
174.000000000,145.557506559,64.174877256,1.279411022,0.011429566,3.664042808,12.684898882,3.664042808
174.250000000,145.628760470,64.414506995,1.283961264,0.014495184,3.702534257,11.361001815,3.702534257
174.500000000,145.698964952,64.654447219,1.285629457,0.017578655,3.772197858,10.375471935,3.772197858
174.750000000,145.769418987,64.894313414,1.289291969,0.019509696,3.817206711,9.874960993,3.817206711
175.000000000,145.837863872,65.134760875,1.296438116,0.022614857,3.844430858,9.202849929,3.844430858
175.250000000,145.904882624,65.375609618,1.302614040,0.026031346,3.892473894,8.601637969,3.892473894
175.500000000,145.970352401,65.616884164,1.309532425,0.026921051,3.939074779,8.463482842,3.939074779
175.750000000,146.034032301,65.858637246,1.316595362,0.025807660,3.979385455,8.637449961,3.979385455
176.000000000,146.096087292,66.100811915,1.323404302,0.024171190,4.015588442,8.913804825,4.015588442
176.250000000,146.156469198,66.343409616,1.329628349,0.022687120,4.047232266,9.188801395,4.047232266
176.500000000,146.215504976,66.586338506,1.333942845,0.021206866,4.042613316,9.490112496,4.042613316
176.750000000,146.273791294,66.829448237,1.338631510,0.019234555,4.093890884,9.941871970,4.093890884
177.000000000,146.330546515,67.072920165,1.344213958,0.017763788,4.129227664,10.324160186,4.129227664
177.250000000,146.386115010,67.316665703,1.348802767,0.016682989,4.157876582,10.634991775,4.157876582
177.500000000,146.440633433,67.560648482,1.352316217,0.014705521,4.182404994,11.284668858,4.182404994
177.750000000,146.494487872,67.804778826,1.355664412,0.012503854,4.211247215,12.169875521,4.211247215
178.000000000,146.547371337,68.049121464,1.358617347,0.010984961,4.216440709,12.918042001,4.216440709
178.250000000,146.599783027,68.293565539,1.360991923,0.010473051,4.247834764,13.203088390,4.247834764
178.500000000,146.651505457,68.538156462,1.363284425,0.011366210,4.275427950,12.717351798,4.275427950
178.750000000,146.702795861,68.782838454,1.365296963,0.012584200,4.302281208,12.133831614,4.302281208
179.000000000,146.753533384,69.027635620,1.368866300,0.012813271,4.317284108,12.032800855,4.317284108
179.250000000,146.803075729,69.272677212,1.373830985,0.012767054,4.337019822,12.052981390,4.337019822
179.500000000,146.851380110,69.517966091,1.377238759,0.011824018,4.342161120,12.488289177,4.342161120
179.750000000,146.899251291,69.763339990,1.379070767,0.008727498,4.334461548,14.338853376,4.334461548
180.000000000,146.946656538,70.008803853,1.381428251,0.005610131,4.373066973,17.394420301,4.373066973
180.250000000,146.993370252,70.254400683,1.382295029,0.004921766,4.393137058,18.377624852,4.393137058
180.500000000,147.040349968,70.499946698,1.382220990,0.005523549,4.413576243,17.509471444,4.413576243
180.750000000,147.087100048,70.745536606,1.382874091,0.005621090,4.425216771,17.380018725,4.425216771
181.000000000,147.133758959,70.991143611,1.385739852,0.005878182,4.469303349,17.052111886,4.469303349
181.250000000,147.179100686,71.236997486,1.388568006,0.006316992,4.443039218,16.532887745,4.443039218
181.500000000,147.224369674,71.482864724,1.389207990,0.006206308,4.462029895,16.659371058,4.462029895
181.750000000,147.269396678,71.728776431,1.390003472,0.006245582,4.480123135,16.614158437,4.480123135
182.000000000,147.314274447,71.974715395,1.390884077,0.007504488,4.506613473,15.335252126,4.506613473
182.250000000,147.358868272,72.220705983,1.393245619,0.009413605,4.513984509,13.858443522,4.513984509
182.500000000,147.402583869,72.466853695,1.396676205,0.011307898,4.545498921,12.747442463,4.545498921
182.750000000,147.445488862,72.713144377,1.399860997,0.012292269,4.520855250,12.266352470,4.520855250
183.000000000,147.487635792,72.959565946,1.402884466,0.010782655,4.527495433,13.028469963,4.527495433
183.250000000,147.529050700,73.206111538,1.406272819,0.008029991,4.540445364,14.882344258,4.540445364
183.500000000,147.569526754,73.452813094,1.408587524,0.006207276,4.555433501,16.658251562,4.555433501
183.750000000,147.609799862,73.699547770,1.408290930,0.005229534,4.561147386,17.917904357,4.561147386
184.000000000,147.650422253,73.946225299,1.408321249,0.005101387,4.577230520,18.105091074,4.577230520
184.250000000,147.690680410,74.192962479,1.409942403,0.006528405,4.591258971,16.299095844,4.591258971
184.500000000,147.730502779,74.439770383,1.412288716,0.008406520,4.576111834,14.581443127,4.576111834
184.750000000,147.769602604,74.686693470,1.415325097,0.009357573,4.595842507,13.895877826,4.595842507
185.000000000,147.807925428,74.933738560,1.417874356,0.009809176,4.609397456,13.602498916,4.609397456
185.250000000,147.845765859,75.180858118,1.419754113,0.009488396,4.622449342,13.808943709,4.622449342
185.500000000,147.883159664,75.428045656,1.421903464,0.008199147,4.631656113,14.744878962,4.631656113
185.750000000,147.919937454,75.675325593,1.424850585,0.007364287,4.667414654,15.463241021,4.667414654
186.000000000,147.955873640,75.922729280,1.426484207,0.007076622,4.608137241,15.736208865,4.608137241
186.250000000,147.991843314,76.170128078,1.427213117,0.006398813,4.596221494,16.441217203,4.596221494
186.500000000,148.027418788,76.417583867,1.428826070,0.005791270,4.567783361,17.160878085,4.567783361
186.750000000,148.062590184,76.665097354,1.430523060,0.005861739,4.585577950,17.072530518,4.585577950
187.000000000,148.097325593,76.912672448,1.432228017,0.006179109,4.587822215,16.690898386,4.587822215
187.250000000,148.131652783,77.160304415,1.433584950,0.006626662,4.614661666,16.193762348,4.614661666
187.500000000,148.165716186,77.407972912,1.434766719,0.006988573,4.615917080,15.822692909,4.615917080
187.750000000,148.199457993,77.655685315,1.436720241,0.007026339,4.608184764,15.785424309,4.608184764
188.000000000,148.232553463,77.903484829,1.439195538,0.007451177,4.624598016,15.383543811,4.624598016
188.250000000,148.265068542,78.151361265,1.441026965,0.007885679,4.636508274,15.002708658,4.636508274
188.500000000,148.297256160,78.399280504,1.442351845,0.007700437,4.648208463,15.161580073,4.648208463
188.750000000,148.329114321,78.647242298,1.444627767,0.007735164,4.656459401,15.131412146,4.656459401
189.000000000,148.360173121,78.895305497,1.446573383,0.007633421,4.694754217,15.220311322,4.694754217
189.250000000,148.391066145,79.143389206,1.448593490,0.005991681,4.661420157,16.913138329,4.661420157
189.500000000,148.421122460,79.391575809,1.450966916,0.003456688,4.672535061,21.184044099,4.672535061
189.750000000,148.450837545,79.639803550,1.451495443,0.001316133,4.683571489,29.385512261,4.683571489
190.000000000,148.480631483,79.888021671,1.450463363,-0.000347643,4.693876951,38.523664038,4.693876951
190.250000000,148.510858886,80.136187549,1.449379508,-0.000726878,4.699106658,34.031737067,4.699106658
190.500000000,148.541190838,80.384340661,1.449077692,0.000584169,4.692880177,35.531553999,4.692880177
190.750000000,148.571568037,80.632488248,1.449613614,0.002420698,4.693876989,24.180073539,4.693876989
191.000000000,148.601633978,80.880673625,1.451031551,0.004030973,4.643324570,19.938339654,4.620575396
191.250000000,148.631307336,81.128906322,1.452387679,0.004861065,4.511066059,18.472545110,4.511066059
191.500000000,148.660700035,81.377172425,1.453506936,0.004480589,4.439499196,19.102992247,4.439499196
191.750000000,148.689817650,81.625470948,1.455027697,0.003738838,4.483328195,20.543719755,4.483328195
192.000000000,148.718455107,81.873825304,1.455816268,0.003324966,4.459486295,21.504218813,4.459486295
192.250000000,148.747181085,82.122169447,1.456030366,0.002983616,4.434263885,22.406614280,4.434263885
192.500000000,148.775712197,82.370536053,1.456735958,0.003057883,4.481011475,22.200626534,4.481011475
192.750000000,148.804087686,82.618920488,1.457471071,0.003974960,4.497509171,20.050267934,4.497509171
193.000000000,148.832253610,82.867328747,1.458522602,0.004943902,4.514160220,18.343372711,4.514160220
193.250000000,148.860106665,83.115772271,1.459966071,0.005154351,4.527662367,18.027017164,4.527662367
193.500000000,148.887555329,83.364260770,1.461817964,0.004687489,4.520658678,18.752307317,4.520658678
193.750000000,148.914488009,83.612805710,1.463308111,0.003867038,4.531359289,20.271347904,4.531359289
194.000000000,148.941195991,83.861374979,1.463784793,0.002804086,4.546030304,22.929250542,4.546030304
194.250000000,148.967891714,84.109945570,1.463927601,0.001868783,4.562896906,26.403781707,4.562896906
194.500000000,148.994528700,84.358522458,1.464228666,0.001690942,4.578957819,27.262322616,4.578957819
194.750000000,149.021074746,84.607109077,1.464565581,0.002025319,4.600916170,25.711619041,4.600916170
195.000000000,149.047544222,84.855703810,1.465232453,0.002215851,4.630331239,24.938309361,4.630331239
195.250000000,149.073758694,85.104325614,1.466087805,0.002220133,4.587182099,24.921723001,4.587182099
195.500000000,149.099802858,85.352965259,1.466687885,0.002156685,4.585917647,25.170935516,4.585917647
195.750000000,149.125718925,85.601618340,1.467008010,0.002255393,4.630288825,24.786389499,4.518051902
196.000000000,149.151603898,85.850274656,1.467336571,0.002875586,4.580931846,22.716755165,4.405995119
196.250000000,149.177356564,86.098944713,1.467853176,0.003026424,4.448984153,22.287185917,4.291013049
196.500000000,149.202984609,86.347627646,1.469105566,0.002126700,4.296566965,25.291342790,4.172863883
196.750000000,149.228114322,86.596361340,1.470859090,0.001293587,4.196001494,29.529589050,4.051270540
197.000000000,149.252870047,86.845132406,1.470402864,0.000462059,3.991729279,36.985584957,3.925913014
197.250000000,149.278226716,87.093843157,1.469258468,-0.000967156,3.840225956,31.885671153,3.796418442
197.500000000,149.303551783,87.342557126,1.469165246,-0.001649767,3.687383211,27.473321812,3.662348016
197.750000000,149.328954822,87.591263147,1.468948643,-0.001421526,3.538371950,28.738917012,3.523179387
198.000000000,149.354387631,87.839966126,1.468598122,-0.002421868,3.383911012,24.175941812,3.378282550
198.250000000,149.379965018,88.088654270,1.468539417,-0.004350865,3.235609536,19.333167440,3.226885959
198.500000000,149.405427026,88.337354251,1.467568097,-0.005533577,3.068027541,17.496028668,3.068027541
198.750000000,149.431487447,88.585991968,1.464800948,-0.005729427,2.921491382,17.239550988,2.921491382
199.000000000,149.458325432,88.834547176,1.462435788,-0.004426002,2.901498567,19.198841007,2.901498567
199.250000000,149.485561721,89.083059099,1.461277039,-0.001697366,3.004152741,27.229840381,3.004152741
199.500000000,149.512975667,89.331551503,1.461536936,0.001259689,3.104413205,29.750253349,3.104413205
199.750000000,149.540082760,89.580077387,1.463505579,0.004122589,3.199536716,19.759240513,3.199536716
200.000000000,149.566518103,89.828675730,1.464620053,0.006513302,3.266224395,16.315469335,3.266224395
200.250000000,149.593071182,90.077261467,1.465765899,0.007703604,3.335261923,15.158820996,3.335261923
200.500000000,149.618936751,90.325919788,1.468253394,0.008512827,3.410404758,14.499739393,3.410404758
200.750000000,149.644252794,90.574634535,1.470843834,0.009518694,3.486739911,13.789041859,3.486739911
201.000000000,149.668829743,90.823423429,1.473457682,0.009506070,3.555609285,13.797323668,3.555609285
201.250000000,149.692845248,91.072267203,1.475950016,0.008216423,3.610916828,14.731053316,3.610916828
201.500000000,149.716181767,91.321175507,1.478232664,0.006595469,3.645906343,16.226980169,3.645906343
201.750000000,149.739060986,91.570126385,1.479551801,0.005298840,3.689830397,17.819056150,3.689830397
202.000000000,149.761740746,91.819095503,1.480086479,0.004768490,3.756459667,18.620181418,3.756459667
202.250000000,149.784353735,92.068070705,1.480703710,0.005936507,3.806743752,16.980270181,3.806743752
202.500000000,149.806726131,92.317067590,1.481951087,0.007805905,3.852178438,15.070511618,3.852178438
202.750000000,149.828717916,92.566098402,1.484152831,0.008338541,3.896670146,14.634419295,3.896670146
203.000000000,149.849993489,92.815189603,1.488472904,0.008891171,3.895419845,14.219723070,3.895419845
203.250000000,149.869832784,93.064400633,1.490680064,0.010143700,3.952485973,13.396776092,3.952485973
203.500000000,149.890008723,93.313585081,1.490956416,0.010124254,3.988210992,13.408479798,3.988210992
203.750000000,149.909710311,93.562807485,1.493926256,0.009718361,4.025647413,13.660003169,4.025647413
204.000000000,149.928405817,93.812107251,1.497536834,0.010313753,4.064094396,13.295713608,4.064094396
204.250000000,149.946307231,94.061465395,1.500399468,0.009875416,4.114282603,13.561010917,4.114282603
204.500000000,149.963575133,94.310868147,1.503049414,0.007981967,4.136600413,14.922077159,4.136600413
204.750000000,149.980154730,94.560317654,1.504371440,0.006014112,4.112037328,16.886072946,4.112037328
205.000000000,149.996763147,94.809765313,1.505199756,0.004436789,4.172407903,19.179786537,4.172407903
205.250000000,150.012929483,95.059242063,1.506218248,0.004890081,4.203161126,18.426987979,4.203161126
205.500000000,150.029029748,95.308723085,1.506753331,0.007123522,4.232503148,15.690718459,4.232503148
205.750000000,150.044929090,95.558216955,1.507787518,0.008362209,4.257343838,14.615909214,4.257343838
206.000000000,150.060513300,95.807730720,1.511858578,0.009259037,4.282688922,13.962452549,4.282688922
206.250000000,150.074380687,96.057345068,1.515521371,0.010706926,4.334656726,13.070541158,4.334656726
206.500000000,150.088136663,96.306966295,1.516802127,0.010803918,4.228812365,13.016730194,4.228812365
206.750000000,150.101364640,96.556615830,1.519317015,0.010088923,4.304254215,13.429824049,4.304254215
207.000000000,150.113864905,96.806303021,1.521991114,0.010461274,4.328964160,13.209870389,4.328964160
207.250000000,150.125757528,97.056019802,1.524664707,0.009499989,4.353657212,13.801318378,4.353657212
207.500000000,150.136922493,97.305770183,1.527937566,0.007799704,4.373167843,15.075820707,4.373167843
207.750000000,150.147180296,97.555559436,1.530539102,0.009277806,4.410881559,13.949697833,4.405882334
208.000000000,150.157045636,97.805364253,1.529329996,0.011300048,4.290897242,12.751509351,4.290897242
208.250000000,150.167907407,98.055126882,1.531477402,0.011953823,4.423731154,12.425561353,4.377419233
208.500000000,150.176699762,98.304970914,1.538372804,0.014266626,4.411485267,11.445729042,4.411485267
208.750000000,150.184116219,98.554860721,1.542479481,0.016591150,4.436248471,10.662717016,4.436248471
209.000000000,150.190856270,98.804769657,1.545881680,0.015333783,4.459471395,11.065514397,4.459471395
209.250000000,150.196572209,99.054703763,1.549653902,0.013263415,4.495136496,11.841405168,4.495136496
209.500000000,150.201426665,99.304656489,1.552631261,0.012460356,4.459260679,12.189523343,4.459260679
209.750000000,150.205654231,99.554620671,1.555553435,0.011835257,4.491811013,12.482820082,4.491811013
210.000000000,150.209047803,99.804597560,1.558457396,0.011686629,4.512202135,12.555727453,4.512202135
210.250000000,150.211823533,100.054582036,1.561054634,0.011787568,4.529587806,12.506074741,4.529587806
210.500000000,150.213918565,100.304573081,1.564069090,0.011636688,4.549331033,12.580513516,4.549331033
210.750000000,150.215187118,100.554569439,1.567432645,0.011691076,4.576496373,12.553527298,4.576496373
211.000000000,150.215600399,100.804568943,1.570220953,0.011903405,4.545199462,12.449813172,4.545199462
211.250000000,150.215474805,101.054568812,1.572881591,0.012000196,4.542959928,12.403379802,4.542959928
211.500000000,150.214557770,101.304566716,1.575858110,0.012194638,4.588058702,12.311650077,4.588058702
211.750000000,150.212943929,101.554561409,1.579024105,0.011901979,4.604276230,12.450501349,4.604276230
212.000000000,150.210443936,101.804548602,1.582478102,0.011095087,4.620683622,12.859097636,4.620683622
212.250000000,150.207103187,102.054526147,1.585662077,0.011050202,4.633479507,12.883024700,4.633479507
212.500000000,150.203011346,102.304492579,1.587195393,0.011401847,4.663606512,12.699067086,4.663606512
212.750000000,150.198904026,102.554458670,1.589282023,0.011520082,4.628649745,12.638962100,4.628649745
213.000000000,150.193769052,102.804405688,1.593225681,0.012370003,4.643990649,12.230641819,4.643990649
213.250000000,150.187690319,103.054331565,1.596781131,0.013559652,4.658079769,11.720320872,4.658079769
213.500000000,150.180778143,103.304235688,1.600159245,0.013339878,4.670500804,11.809792689,4.670500804
213.750000000,150.173011007,103.554114750,1.603623220,0.012067639,4.679670955,12.371331269,4.679670955
214.000000000,150.164367693,103.803964842,1.606753294,0.010696471,4.683424107,13.076381183,4.683424107
214.250000000,150.155036433,104.053790582,1.609104082,0.009029884,4.672849273,14.121051889,4.621844071
214.500000000,150.145218516,104.303597580,1.611071810,0.007363915,4.680777324,15.463585406,4.512365524
214.750000000,150.134904154,104.553384636,1.612609725,0.006895323,4.597378369,15.915857288,4.400163931
215.000000000,150.124317915,104.803160387,1.613747435,0.007369535,4.443484584,15.458392655,4.285025393
215.250000000,150.113435208,105.052923380,1.615038865,0.007456865,4.287326360,15.378369629,4.166706448
215.500000000,150.102203885,105.302670609,1.618056829,0.007421958,4.099691841,15.410206997,4.044928012
215.750000000,150.089813835,105.552363344,1.620542880,0.007334451,4.008674428,15.490894518,3.919367630
216.000000000,150.077340882,105.802051734,1.621780808,0.006523774,3.830495541,16.304110852,3.789649406
216.250000000,150.064332667,106.051713058,1.623131232,0.005875114,3.678878844,17.055916338,3.655330713
216.500000000,150.051185376,106.301367103,1.623991182,0.006476302,3.528324956,16.355792204,3.515884330
216.750000000,150.037747788,106.551005667,1.625413927,0.008014097,3.376597904,14.895458887,3.370673912
217.000000000,150.023890169,106.800621182,1.627873575,0.010724897,3.218919480,13.060520532,3.218919480
217.250000000,150.009224712,107.050190481,1.630640859,0.013910742,3.067276817,11.581514846,3.066702980
217.500000000,149.993985792,107.299725586,1.634306443,0.016025550,2.899080400,10.838381076,2.899080400
217.750000000,149.977491173,107.549179665,1.639628205,0.017441275,2.747912926,10.414046836,2.747912926
218.000000000,149.959597261,107.798538146,1.644553699,0.018047287,2.674440257,10.247040079,2.674440257
218.250000000,149.940646033,108.047818659,1.648797637,0.017203804,2.804686616,10.481752891,2.804686616
218.500000000,149.920636253,108.297016440,1.653319960,0.016558702,2.926706187,10.672564681,2.926706187
218.750000000,149.899431184,108.546115264,1.656745491,0.017100901,3.029330417,10.511505080,3.029330417
219.000000000,149.877714616,108.795170130,1.660198648,0.017591385,3.097625048,10.371919089,3.097625048
219.250000000,149.854789726,109.044116407,1.665380038,0.017942767,3.187197605,10.275271038,3.187197605
219.500000000,149.830493513,109.292932424,1.670723532,0.018197962,3.277645353,10.206748899,3.277645353
219.750000000,149.804909484,109.541619623,1.675372490,0.017190428,3.360098740,10.485605958,3.360098740
220.000000000,149.778300851,109.790199282,1.679549871,0.015207199,3.434356277,11.108643275,3.434356277
220.250000000,149.750640033,110.038663913,1.682889126,0.013292360,3.508288408,11.829408293,3.508288408
220.500000000,149.722371840,110.287060541,1.685665594,0.011690796,3.551952323,12.553665834,3.551952323
220.750000000,149.693331715,110.535368010,1.688455957,0.010756527,3.604323051,13.042939175,3.604323051
221.000000000,149.663677739,110.783602987,1.690870962,0.011253459,3.664171035,12.775727800,3.664171035
221.250000000,149.633438622,111.031767360,1.693278376,0.012398716,3.716402431,12.217529943,3.716402431
221.500000000,149.602589797,111.279856597,1.696051944,0.012800183,3.766501951,12.038505525,3.766501951
221.750000000,149.570974565,111.527849300,1.700636443,0.013167793,3.790337753,11.881298184,3.790337753
222.000000000,149.537852362,111.775645079,1.704481864,0.014030170,3.878896342,11.535410393,3.878896342
222.250000000,149.504330806,112.023387349,1.706845502,0.014318191,3.878175066,11.426448434,3.878175066
222.500000000,149.470037566,112.271023874,1.710223304,0.014379545,3.930430849,11.403633599,3.930430849
222.750000000,149.434843146,112.518533980,1.714182423,0.015421886,3.976624241,11.035791452,3.976624241
223.000000000,149.398590142,112.765891297,1.718301399,0.016117904,4.028494243,10.809104302,4.028494243
223.250000000,149.361358019,113.013102702,1.722765788,0.015485018,4.073188711,11.014639336,4.073188711
223.500000000,149.322897937,113.260126185,1.727116254,0.014470874,4.087537516,11.369924426,4.087537516
223.750000000,149.283516216,113.507004690,1.730247277,0.013400682,4.059482369,11.784833946,4.059482369
224.000000000,149.243509967,113.753782846,1.732870970,0.012160702,4.147157751,12.327512863,4.147157751
224.250000000,149.202833333,114.000451271,1.735790013,0.011204533,4.182970337,12.801310180,4.182970337
224.500000000,149.161387084,114.246991533,1.738778847,0.010639725,4.214183192,13.108217708,4.214183192
224.750000000,149.119236676,114.493412441,1.741504949,0.009806869,4.242109464,13.603950805,4.242109464
225.000000000,149.076446843,114.739723175,1.743869910,0.008525677,4.264588808,14.489956187,4.264588808
225.250000000,149.033131340,114.985942070,1.745847640,0.007360145,4.250269199,15.467071368,4.250269199
225.500000000,148.989367558,115.232081702,1.747330506,0.007018174,4.301628518,15.793458634,4.301628518
225.750000000,148.945322023,115.478171080,1.748552543,0.007795723,4.329427776,15.079232399,4.329427776
226.000000000,148.900956798,115.724202961,1.750131616,0.009406627,4.357996510,13.863088631,4.357996510
226.250000000,148.856134309,115.970151946,1.752788685,0.011546439,4.402497025,12.625679260,4.402497025
226.500000000,148.810462317,116.215944334,1.756418170,0.013870287,4.408502966,11.597258253,4.408502966
226.750000000,148.763855703,116.461561405,1.760276537,0.015623773,4.422001170,10.968574625,4.422001170
227.000000000,148.716288355,116.706994142,1.764472607,0.016357374,4.405114435,10.734281648,4.312217306
227.250000000,148.667622183,116.952211287,1.768887257,0.016638032,4.320559733,10.648536706,4.194665433
227.500000000,148.617889742,117.197214358,1.773092455,0.015903513,4.171433535,10.877435415,4.073722879
227.750000000,148.567162951,117.442013492,1.777007812,0.013515946,4.018060942,11.737951959,3.949078133
228.000000000,148.515513477,117.686619752,1.781281962,0.011616113,3.847811295,12.590767821,3.820368843
228.250000000,148.462695900,117.930976542,1.783225931,0.010970844,3.706639733,12.925656780,3.687169388
228.500000000,148.410095802,118.175380157,1.783923778,0.010023075,3.549080597,13.469876503,3.548974232
228.750000000,148.356937344,118.419662463,1.787096201,0.009543409,3.407398536,13.772871014,3.405175193
229.000000000,148.302787590,118.663727528,1.790431144,0.010463323,3.255029662,13.208689450,3.255029662
229.250000000,148.248000872,118.907650367,1.792916292,0.010583394,3.105059679,13.140051808,3.105059679
229.500000000,148.192638701,119.151443344,1.795450114,0.008974736,2.948383085,14.160033669,2.948383085
229.750000000,148.136616581,119.395085398,1.797857886,0.007097532,2.803901963,15.715878058,2.803901963
230.000000000,148.080081096,119.638608802,1.799620561,0.005762911,2.657794589,17.196821159,2.657794589
230.250000000,148.023200389,119.882051901,1.800343630,0.005106718,2.542245249,18.097186604,2.542245249
230.500000000,147.966312753,120.125493466,1.800747634,0.005261294,2.695248818,17.872403164,2.685704918
230.750000000,147.909235344,120.368890597,1.802026044,0.005879909,2.840624668,17.049971453,2.821880739
231.000000000,147.851725468,120.612185875,1.804048751,0.006802975,2.974891432,16.009762672,2.951780972
231.250000000,147.793664013,120.855349584,1.806582928,0.008507591,3.069306345,14.503731511,3.069306345
231.500000000,147.734921786,121.098350217,1.808081024,0.010343747,3.175538617,13.278124562,3.175538617
231.750000000,147.676131954,121.341339170,1.810017670,0.011623094,3.273318114,12.587285482,3.273318114
232.000000000,147.616448977,121.584110375,1.814024973,0.013294320,3.371479081,11.828597478,3.371479081
232.250000000,147.555713574,121.826620428,1.817909167,0.015263155,3.470044855,11.089516257,3.470044855
232.500000000,147.494146494,122.068920605,1.821780241,0.016390098,3.565116781,10.724177194,3.565116781
232.750000000,147.431535422,122.310953013,1.826119502,0.017066989,3.635683901,10.521365576,3.635683901
233.000000000,147.367867894,122.552709701,1.830137055,0.017318636,3.711237950,10.448848562,3.711237950
233.250000000,147.303314071,122.794231359,1.834880837,0.016947638,3.752871027,10.556290869,3.752871027
233.500000000,147.237355761,123.035373125,1.839720750,0.017108372,3.845555880,10.509336307,3.845555880
233.750000000,147.170467126,123.276258552,1.843265222,0.017305608,3.912271718,10.452566038,3.912271718
234.000000000,147.102801010,123.516926819,1.847003609,0.016412335,3.971627849,10.717327210,3.971627849
234.250000000,147.034113279,123.757305186,1.852023886,0.015656944,4.030395881,10.957647726,4.030395881
234.500000000,146.964034166,123.997281952,1.856257968,0.015594912,4.088626623,10.978108680,4.088626623
234.750000000,146.893313266,124.237070359,1.859374462,0.015185968,4.129075185,11.115926258,4.129075185
235.000000000,146.821739822,124.476605423,1.862753855,0.014566635,4.158487868,11.334898164,4.158487868
235.250000000,146.749399859,124.715910416,1.866502234,0.014641026,4.208920630,11.307911013,4.208920630
235.500000000,146.676032649,124.954902373,1.870490150,0.015183097,4.258350370,11.116912429,4.258350370
235.750000000,146.601786376,125.193622704,1.874208309,0.014942176,4.303340889,11.200597851,4.303340889
236.000000000,146.526644100,125.432062129,1.878026666,0.013490678,4.356525014,11.748181329,4.293810744
236.250000000,146.450576974,125.670208499,1.882059378,0.011790732,4.293590487,12.504527882,4.175740737
236.500000000,146.373514041,125.908034140,1.884552115,0.010692462,4.172050411,13.078622798,4.054233677
236.750000000,146.296260542,126.145798482,1.886166941,0.011183836,4.025185824,12.812178490,3.928970693
237.000000000,146.218429749,126.383374507,1.888008318,0.012718041,3.871531132,12.074494476,3.799580333
237.250000000,146.140301213,126.620852536,1.890957804,0.013748711,3.712301590,11.644958868,3.665625554
237.500000000,146.061070486,126.857964838,1.897087848,0.014853720,3.526586268,11.231801323,3.526586268
237.750000000,145.980036335,127.094467355,1.901318687,0.015764382,3.405301660,10.922479070,3.396996439
238.000000000,145.898801939,127.330901217,1.903772139,0.014601724,3.248200868,11.322144603,3.246472672
238.250000000,145.816608314,127.567003145,1.907537402,0.012630338,3.088621830,12.113277803,3.088621830
238.500000000,145.733595857,127.802818315,1.910839642,0.012060466,2.937727722,12.374727775,2.937727722
238.750000000,145.649844670,128.038372350,1.913710265,0.011684335,2.787391433,12.556862612,2.787391433
239.000000000,145.565479656,128.273707209,1.916272158,0.011084272,2.916680789,12.864850665,2.916680789
239.250000000,145.480522673,128.508828952,1.918969820,0.011233463,3.046638330,12.786164757,3.042536249
239.500000000,145.394889184,128.743705212,1.921550551,0.011778840,3.126206724,12.510344947,3.126206724
239.750000000,145.308719829,128.978385154,1.924537172,0.012296503,3.287810809,12.264399408,3.243943354
240.000000000,145.221684901,129.212745729,1.928096383,0.013040035,3.403720358,11.935232857,3.357553943
240.250000000,145.133847124,129.446806518,1.931333130,0.013476186,3.516220769,11.754060636,3.467444085
240.500000000,145.045296929,129.680598685,1.934650100,0.013196607,3.621254048,11.869234755,3.573956978
240.750000000,144.955908410,129.914071463,1.938470353,0.013252136,3.701362348,11.846089647,3.677386094
241.000000000,144.865574512,130.147180282,1.941307810,0.013632171,3.780579020,11.691241088,3.777984712
241.250000000,144.774862394,130.380142310,1.944317267,0.013611464,3.849912380,11.699522242,3.849912380
241.500000000,144.683127148,130.612703020,1.948242574,0.013893692,3.935280653,11.588142079,3.935280653
241.750000000,144.590589048,130.844945484,1.951821067,0.014858867,4.012870112,11.229978288,4.012870112
242.000000000,144.497191715,131.076843735,1.955328028,0.015247021,4.090925704,11.095020880,4.090925704
242.250000000,144.403026940,131.308431522,1.959184367,0.014922979,4.150928480,11.207347308,4.150928480
242.500000000,144.307843853,131.539602524,1.963587851,0.014878232,4.240616552,11.223128265,4.240307447
242.750000000,144.211643123,131.770352147,1.967089524,0.014939405,4.242928111,11.201571247,4.242928111
243.000000000,144.114843425,132.000850853,1.970281558,0.014727027,4.320715522,11.276950654,4.320715522
243.250000000,144.017171657,132.230981362,1.974063104,0.014789160,4.383700357,11.254740537,4.383700357
243.500000000,143.918631458,132.460741386,1.977797779,0.015081062,4.440917801,11.152125176,4.440917801
243.750000000,143.819243479,132.690135999,1.981791992,0.014994447,4.495179596,11.182280376,4.495179596
244.000000000,143.718871016,132.919101533,1.985858263,0.014805148,4.576325505,11.249046571,4.576325505
244.250000000,143.617620713,133.147680449,1.989215440,0.014546652,4.547373526,11.342180774,4.547373526
244.500000000,143.515713103,133.375967038,1.992615330,0.014067346,4.612901741,11.521170725,4.612901741
244.750000000,143.412910892,133.603852138,1.996258410,0.013721746,4.662010091,11.655618971,4.662010091
245.000000000,143.309342706,133.831390078,1.999697978,0.013380648,4.708015192,11.793040041,4.708015192
245.250000000,143.204975313,134.058562546,2.003120639,0.012755658,4.747291363,12.057973281,4.747291363
245.500000000,143.099852039,134.285386106,2.006257420,0.011787549,4.783429476,12.506084260,4.783429476
245.750000000,142.994061464,134.511899495,2.009024950,0.010100149,4.815153444,13.423030765,4.815153444
246.000000000,142.887684364,134.738137633,2.011737920,0.007733057,4.840444535,15.133237700,4.840444535
246.250000000,142.780666298,134.964073693,2.013687316,0.005180491,4.878514926,17.988854350,4.878514926
246.500000000,142.673407771,135.189895752,2.014381660,0.002841730,4.913501927,22.816633511,4.913501927
246.750000000,142.566076027,135.415683035,2.014329034,0.001485745,4.948161732,28.365254683,4.948161732
247.000000000,142.458841275,135.641516371,2.013904557,0.001750074,4.981289005,26.967631680,4.981289005
247.250000000,142.351701252,135.867394692,2.013962634,0.003081668,4.992705299,22.135847371,4.992705299
247.500000000,142.244440273,136.093215562,2.015176970,0.004576261,5.006674400,18.938406786,5.006674400
247.750000000,142.136752084,136.318832798,2.017267190,0.005914394,5.039925733,17.007400216,5.039925733
248.000000000,142.028548047,136.544203229,2.019147668,0.007029873,5.070514434,15.781949997,5.070514434
248.250000000,141.920012000,136.769414037,2.020526571,0.007839748,5.099400039,15.041635604,5.099400039
248.500000000,141.811186832,136.994485238,2.022126602,0.008287839,5.124466873,14.674309274,5.124466873
248.750000000,141.701930720,137.219347434,2.024587682,0.008801234,5.139015577,14.284815267,5.139015577
249.000000000,141.591999211,137.443879901,2.027455835,0.009641229,5.154602871,13.709420915,5.154602871
249.250000000,141.481454956,137.668111816,2.029678607,0.010031226,5.184028941,13.464899025,5.184028941
249.500000000,141.370526282,137.892153532,2.031998706,0.009539491,5.210871576,13.775430665,5.210871576
249.750000000,141.258942822,138.115869926,2.034757519,0.009723075,5.236373103,13.657000402,5.236373103
250.000000000,141.146779598,138.339296305,2.037034806,0.011058412,5.260719764,12.878637881,5.260719764
250.250000000,141.034178279,138.562502337,2.038857428,0.011724428,5.280314807,12.537064539,5.280314807
250.500000000,140.921201570,138.785517949,2.042584712,0.011869406,5.282839105,12.466247412,5.282839105
250.750000000,140.806939515,139.007878350,2.046738582,0.012371372,5.290308886,12.230015540,5.217668246
251.000000000,140.692113703,139.229948211,2.049328699,0.011841837,5.313912697,12.479621486,5.120943460
251.250000000,140.576701276,139.451713788,2.052137133,0.010834382,5.277238191,12.999965738,5.022356212
251.500000000,140.460629957,139.673135164,2.054683517,0.010179583,5.128942558,13.375258894,4.921794584
251.750000000,140.344089650,139.894310062,2.056363189,0.008026273,4.990546436,14.885408540,4.819134977
252.000000000,140.227275142,140.115340294,2.060046115,0.005670466,4.786110111,17.315575175,4.714240334
252.250000000,140.109109000,140.335650536,2.061470109,0.004936679,4.684874014,18.354528335,4.606957990
252.500000000,139.991665483,140.556347172,2.060061397,0.004051132,4.534492965,19.898514553,4.497117068
252.750000000,139.874120376,140.776989728,2.060935408,0.003291175,4.384525279,21.588719588,4.384525279
253.000000000,139.756291263,140.997480719,2.062452984,0.004836514,4.292804084,18.511356626,4.292804084
253.250000000,139.638077053,141.217765420,2.064084110,0.007377827,4.355727877,15.450740238,4.355727877
253.500000000,139.519529260,141.437870872,2.065660055,0.008929022,4.389201407,14.192593536,4.389201407
253.750000000,139.400621321,141.657781890,2.067962733,0.009184728,4.402553337,14.013295557,4.402553337
254.000000000,139.281061199,141.877338919,2.071478642,0.008758472,4.473764495,14.316078793,4.473764495
254.250000000,139.160609864,142.096408319,2.074232290,0.008671546,4.528353440,14.380270584,4.528353440
254.500000000,139.039842312,142.315303722,2.075266618,0.008840737,4.576695350,14.256115135,4.576695350
254.750000000,138.918938003,142.534123577,2.076373724,0.008354046,4.624846643,14.622285075,4.624846643
255.000000000,138.797686096,142.752750985,2.078927933,0.007351146,4.653444515,15.475402319,4.653444515
255.250000000,138.675666213,142.970949160,2.082615263,0.006903172,4.682515273,15.907952374,4.682515273
255.500000000,138.552805398,143.188676303,2.083980754,0.006283892,4.754721368,16.570409913,4.754721368
255.750000000,138.430189409,143.406541609,2.083895988,0.004283841,4.807385396,19.455398351,4.807385396
256.000000000,138.307365400,143.624289767,2.085002250,0.002343005,4.859048605,24.459437647,4.859048605
256.250000000,138.184267721,143.841883177,2.086009091,0.002276338,4.907643044,24.707035908,4.907643044
256.500000000,138.061005490,144.059383560,2.086243686,0.003478249,4.951379866,21.132986156,4.951379866
256.750000000,137.937805663,144.276919310,2.086209848,0.005163694,4.968755749,18.013349007,4.968755749
257.000000000,137.814558148,144.494428040,2.087357740,0.007142524,4.984376185,15.672398617,4.984376185
257.250000000,137.690859423,144.711680039,2.090236125,0.009074568,5.025755521,14.089701168,5.025755521
257.500000000,137.566362037,144.928475266,2.093684436,0.010742444,5.068562194,13.050758320,5.068562194
257.750000000,137.441167892,145.144869121,2.096424629,0.011270104,5.106669062,12.767059059,5.106669062
258.000000000,137.315484073,145.360979123,2.098715306,0.009234031,5.138548921,13.979499793,5.138548921
258.250000000,137.189299898,145.576797100,2.101708376,0.005094990,5.153871091,18.114589893,5.153871091
258.500000000,137.062324948,145.792150407,2.104060709,0.000727832,5.174178960,34.022345083,5.174178960
258.750000000,136.935126885,146.007372237,2.102944910,-0.003517164,5.210836529,21.041759564,5.210836529
259.000000000,136.808632625,146.223008720,2.099901626,-0.007319522,5.238567383,15.504786985,5.238567383
259.250000000,136.682746808,146.439000869,2.097057884,-0.008320066,5.267371493,14.648916450,5.267371493
259.500000000,136.557480963,146.655353384,2.094572883,-0.007051090,5.313512132,15.761140675,5.313512132
259.750000000,136.432670061,146.871968720,2.092897413,-0.006279524,5.381337176,16.575380074,5.381337176
260.000000000,136.308129889,147.088739803,2.093308055,-0.005315121,5.313258737,17.796072067,5.313258737
260.250000000,136.183141197,147.305252436,2.091910758,-0.004128795,5.324835081,19.747281504,5.324835081
260.500000000,136.059207255,147.522370786,2.089349964,-0.003770218,5.357421596,20.476035068,5.357421596
260.750000000,135.935328981,147.739520902,2.088993006,-0.002556876,5.382450193,23.712681187,5.382450193
261.000000000,135.811550075,147.956727674,2.088155309,-0.000297241,5.407815483,39.264909897,5.407815483
261.250000000,135.688035803,148.174085003,2.088624621,0.000526551,5.427254560,36.195895546,5.401108060
261.500000000,135.564053186,148.391175303,2.090202011,0.000395478,5.423161730,37.857632319,5.307727223
261.750000000,135.439853801,148.608141916,2.090315594,0.000683308,5.446962670,34.469361755,5.212673813
262.000000000,135.315821795,148.825204180,2.089343752,0.000795083,5.475543673,33.378954132,5.115854599
262.250000000,135.192044376,149.042411757,2.088793258,0.000811866,5.438954261,33.224006768,5.017167356
262.500000000,135.068251431,149.259610442,2.089694940,0.001432955,5.320270265,28.671340014,4.916499596
262.750000000,134.944082563,149.476594357,2.091119399,0.002781026,5.166208653,22.999065177,4.813727067
263.000000000,134.819671323,149.693439514,2.091427869,0.004077207,5.021683926,19.847350699,4.708711955
263.250000000,134.695368561,149.910346873,2.091813863,0.004924960,4.891825853,18.372670436,4.601300716
263.500000000,134.570789952,150.127095931,2.093275710,0.006038292,4.739976123,16.857041804,4.491321440
263.750000000,134.445853614,150.343638830,2.095405505,0.007759682,4.585786885,15.110221604,4.378580624
264.000000000,134.320352952,150.559855137,2.097721229,0.010194714,4.431861848,13.366216951,4.262859167
264.250000000,134.194414991,150.775817183,2.099921765,0.013564400,4.308243598,11.718410183,4.143907368
264.500000000,134.067963952,150.991479081,2.102719170,0.017120163,4.128027189,10.505916707,4.021438583
264.750000000,133.940819870,151.206732867,2.107857218,0.020125190,3.988002501,9.730041384,3.895121086
265.000000000,133.812159600,151.421083616,2.114734985,0.021918322,3.818172605,9.341649865,3.764567476
265.250000000,133.682067143,151.634567443,2.121192112,0.020898263,3.660077021,9.556748687,3.629320636
265.500000000,133.550649431,151.847238931,2.126763773,0.017152024,3.503529163,10.496692263,3.488834802
265.750000000,133.418185647,152.059260724,2.130672890,0.013021490,3.343935342,11.943123251,3.342449443
266.000000000,133.285109084,152.270898536,2.132149055,0.008797647,3.215526765,14.287429521,3.189352329
266.250000000,133.152020084,152.482528066,2.133323151,0.004213462,3.028525760,19.586276047,3.028525760
266.500000000,133.018446964,152.693852740,2.135157641,0.000995340,2.960266773,31.659684612,2.960266773
266.750000000,132.884582149,152.904992938,2.134792373,-0.000437525,3.139208062,37.299871893,3.084344236
267.000000000,132.751163344,153.116415295,2.133177951,-0.001592145,3.309345949,27.777002038,3.203619729
267.250000000,132.617980949,153.327986644,2.132132336,-0.002452523,3.468211117,24.068370389,3.318611060
267.500000000,132.485004573,153.539687540,2.132246053,-0.001780250,3.612575657,26.820882615,3.429749169
267.750000000,132.351774061,153.751228599,2.132254381,-0.000279654,3.657167649,39.533809565,3.537397259
268.000000000,132.218794160,153.962927277,2.131564326,-0.000017882,3.814590968,44.326781409,3.641864820
268.250000000,132.085855713,154.174652024,2.131955372,-0.001669132,3.926519940,27.373478413,3.743418139
268.500000000,131.952710332,154.386246561,2.132655779,-0.003447035,4.034000915,21.207024385,3.842288298
268.750000000,131.819475431,154.597784875,2.131677903,-0.004153925,4.137795811,19.699079527,3.938677362
269.000000000,131.686744195,154.809639304,2.128649698,-0.004732269,4.232173028,18.678917592,4.032763242
269.250000000,131.554792909,155.021980632,2.126551432,-0.005657229,4.299774045,17.332780510,4.124703549
269.500000000,131.422951777,155.234390392,2.126583457,-0.006161945,4.393473023,16.710886928,4.214638699
269.750000000,131.290986871,155.446723298,2.126197025,-0.006098247,4.476606361,16.785699565,4.302694431
270.000000000,131.159310006,155.659234788,2.123993585,-0.006272969,4.561814728,16.582848376,4.388983865
270.250000000,131.028282221,155.872146996,2.120929163,-0.006476351,4.645615528,16.355738123,4.473609210
270.500000000,130.897910281,156.085461497,2.119026353,-0.006260474,4.750973937,16.597111521,4.556663183
270.750000000,130.767693590,156.298870993,2.118426119,-0.006197725,4.800633086,16.669300524,4.638230198
271.000000000,130.637577738,156.512341985,2.118163491,-0.006547985,4.818138559,16.277941765,4.718387369
271.250000000,130.507473160,156.725819849,2.116375940,-0.007029476,4.895996336,15.782340256,4.797205370
271.500000000,130.378121327,156.939754639,2.113052500,-0.007806526,4.960026976,15.069980397,4.874749159
271.750000000,130.249438577,157.154092565,2.110533052,-0.007965927,5.023549087,14.935418701,4.951078606
272.000000000,130.121166368,157.368676442,2.109345729,-0.005639952,5.082439079,17.355315732,5.026249035
272.250000000,129.992992954,157.583319345,2.107727561,-0.002192802,5.095473266,25.028165299,5.095473266
272.500000000,129.865415890,157.798317215,2.106897056,-0.000234799,5.137578145,40.245457624,5.137578145
272.750000000,129.737599180,158.013172712,2.108431502,0.000521516,5.217246585,36.255740393,5.210058464
273.000000000,129.609362929,158.227778021,2.109672042,0.001181302,5.273112919,30.280083925,5.273112919
273.250000000,129.481013537,158.442315739,2.109619742,0.001674103,5.324077203,27.348024777,5.324077203
273.500000000,129.352799716,158.656934492,2.108757340,0.002147023,5.374588006,25.209546817,5.374588006
273.750000000,129.224820568,158.871693236,2.108820531,0.003028505,5.411904435,22.281428389,5.411904435
274.000000000,129.096579701,159.086295656,2.110693284,0.004364091,5.399023458,19.309318399,5.399023458
274.250000000,128.967797192,159.300573350,2.112777812,0.005699495,5.435586479,17.278019628,5.435586479
274.500000000,128.838662677,159.514639387,2.114085228,0.006858929,5.503909007,15.952667151,5.503909007
274.750000000,128.709320205,159.728579776,2.115202075,0.007850087,5.545670940,15.032846416,5.545670940
275.000000000,128.579707862,159.942356820,2.116624529,0.008029254,5.587080853,14.882951079,5.555600000
275.250000000,128.449757490,160.155928020,2.120036613,0.007381729,5.625755973,15.447144053,5.555600000
275.500000000,128.318689311,160.368815626,2.123059672,0.005915321,5.645218319,17.006260295,5.555600000
275.750000000,128.187449788,160.581597645,2.123876493,0.003109744,5.680549711,22.060106117,5.555600000
276.000000000,128.056034009,160.794270836,2.123865120,0.000060564,5.717689416,43.425668489,5.555600000
276.250000000,127.924799351,161.007055801,2.122749773,-0.001094043,5.754099123,30.904536186,5.555600000
276.500000000,127.793858349,161.220021543,2.121685707,-0.000139521,5.789095422,41.894192399,5.555600000
276.750000000,127.663076798,161.433085350,2.121562006,0.002221653,5.818386341,24.915843198,5.555600000
277.000000000,127.532188484,161.646083488,2.122639053,0.005182843,5.838841317,17.985432877,5.555600000
277.250000000,127.400948328,161.858865002,2.124753758,0.007562406,5.854660930,15.283298092,5.555600000
277.500000000,127.269160286,162.071307728,2.127415269,0.008962440,5.888261143,14.168769352,5.555600000
277.750000000,127.136789338,162.283387663,2.129977318,0.009639141,5.920169147,13.710765926,5.555600000
278.000000000,127.003914558,162.495152143,2.132176409,0.009554505,5.951463914,13.765628930,5.555600000
278.250000000,126.870612178,162.706647754,2.134430749,0.009528728,5.955364779,13.782469497,5.555600000
278.500000000,126.736784121,162.917810761,2.137059906,0.010903387,5.962510919,12.962229669,5.555600000
278.750000000,126.602371408,163.128602619,2.138995368,0.012823817,6.005280961,12.028210086,5.555600000
279.000000000,126.467726705,163.339246403,2.142219044,0.014221978,6.016286230,11.462502923,5.555600000
279.250000000,126.331957854,163.549167113,2.147193142,0.015847822,6.023390257,10.895398520,5.555600000
279.500000000,126.195224714,163.758460424,2.151473539,0.017519222,6.029774754,10.392107476,5.555600000
279.750000000,126.057664024,163.967210785,2.155572034,0.018680803,6.039957032,10.080767251,5.555600000
280.000000000,125.919220124,164.175375973,2.160102751,0.020262178,6.044941891,9.698646340,5.555600000
280.250000000,125.779773406,164.382871472,2.164909618,0.021943677,6.030217532,9.336486772,5.555600000
280.500000000,125.639334081,164.589696993,2.171204553,0.022779018,5.991852046,9.171028365,5.555600000
280.750000000,125.497286160,164.795420445,2.178117511,0.022902553,6.021419073,9.147298551,5.555600000
281.000000000,125.354001589,165.000283425,2.183787191,0.022278420,6.033913301,9.269114556,5.555600000
281.250000000,125.209630503,165.204382359,2.188835048,0.021364866,6.039205678,9.456530998,5.555600000
281.500000000,125.064284737,165.407788776,2.193433613,0.020920328,6.042863490,9.551937582,5.555600000
281.750000000,124.918042156,165.610551992,2.198376456,0.020511676,6.040795983,9.642238618,5.555600000
282.000000000,124.770692197,165.812512359,2.204357690,0.019922998,6.028442625,9.776941952,5.555600000
282.250000000,124.622034698,166.013511535,2.209847736,0.019430874,6.027464527,9.893991426,5.555600000
282.500000000,124.472476589,166.213841221,2.214053646,0.018856445,6.027449531,10.036083229,5.555600000
282.750000000,124.322133669,166.413582731,2.218022482,0.017855191,6.029692549,10.299106162,5.555600000
283.000000000,124.170990192,166.612718902,2.222364725,0.017432051,6.029002421,10.416652386,5.555600000
283.250000000,124.018918116,166.811147501,2.227510450,0.018917235,6.012360021,10.020755763,5.555600000
283.500000000,123.865732746,167.008718356,2.231332876,0.020789538,5.966972966,9.580561986,5.555600000
283.750000000,123.712147999,167.205978820,2.236148661,0.021524416,5.992715343,9.422979042,5.555600000
284.000000000,123.557068738,167.402062707,2.243220456,0.022660723,6.001244270,9.193925778,5.555600000
284.250000000,123.400710288,167.597130286,2.249140389,0.024409492,6.001482970,8.871907562,5.555600000
284.500000000,123.243319140,167.791365832,2.254545627,0.024738619,6.004212821,8.815001227,5.555600000
284.750000000,123.084860638,167.984732295,2.260949321,0.024436453,6.003666766,8.867204433,5.555600000
285.000000000,122.924994076,168.176937087,2.267555629,0.024662809,6.013975877,8.828011808,5.555600000
285.250000000,122.763994561,168.368193125,2.273659917,0.024405861,5.997922980,8.872541425,5.555600000
285.500000000,122.601794569,168.558430554,2.279792014,0.023366272,5.991698516,9.059838486,5.555600000
285.750000000,122.438462258,168.747696995,2.285550905,0.021952504,6.001915867,9.334691419,5.555600000
286.000000000,122.274081564,168.936054117,2.290958534,0.020066411,6.011499438,9.743606057,5.555600000
286.250000000,122.108711040,169.123543996,2.295961946,0.018420171,5.993279156,10.148187367,5.555600000
286.500000000,121.942452975,169.310247655,2.300134664,0.018207802,5.984481173,10.204134307,5.555600000
286.750000000,121.775523495,169.496350985,2.303483168,0.019006414,5.923106001,9.998396918,5.555600000
287.000000000,121.608019064,169.681936754,2.307910165,0.020345406,5.952809713,9.679719756,5.555600000
287.250000000,121.439449991,169.866553054,2.314118751,0.022648909,5.981301511,9.196221840,5.555600000
287.500000000,121.269654730,170.050043954,2.320317618,0.025190582,5.969086457,8.738611370,5.555600000
287.750000000,121.098808641,170.232557529,2.326642352,0.026538853,5.960203607,8.522010616,5.555600000
288.000000000,120.926705057,170.413886944,2.333597587,0.026584693,5.967614754,8.514926880,5.555600000
288.250000000,120.753336497,170.594006623,2.340772055,0.025695495,5.984147022,8.655576620,5.555600000
288.500000000,120.578650346,170.772846400,2.347603827,0.023878886,5.973753854,8.966016462,5.555600000
288.750000000,120.402837720,170.950579766,2.353294144,0.021335143,5.963250545,9.462821072,5.555600000
289.000000000,120.226126628,171.127420954,2.357904410,0.018136887,5.961005707,10.223023233,5.555600000
289.250000000,120.048681868,171.303526528,2.362032588,0.015044280,5.957822689,11.164901117,5.555600000
289.500000000,119.870516203,171.478903255,2.365674699,0.013845213,5.956845218,11.607047927,5.555600000
289.750000000,119.691793148,171.653711838,2.368043282,0.015208903,5.957200636,11.108059101,5.555600000
290.000000000,119.512798751,171.828242546,2.370465378,0.017602559,5.927942766,10.368803831,5.555600000
290.250000000,119.333231466,172.002182850,2.375346271,0.019669463,5.929695699,9.836721989,5.555600000
290.500000000,119.152544573,172.174955391,2.382612926,0.021750658,5.948964834,9.376008952,5.555600000
290.750000000,118.970468453,172.346267703,2.389100468,0.023634902,5.951409172,9.010306852,5.555600000
291.000000000,118.787552342,172.516683888,2.393790960,0.024613130,5.952518144,8.836568949,5.555600000
291.250000000,118.603876622,172.686281146,2.399094173,0.025671572,5.948465342,8.659457547,5.555600000
291.500000000,118.419164025,172.854747056,2.405804529,0.027795520,5.935497710,8.333981539,5.555600000
291.750000000,118.233230752,173.021862296,2.413687360,0.029734424,5.927825932,8.066821745,5.555600000
292.000000000,118.045887372,173.187393393,2.422204815,0.029980255,5.923513200,8.034752498,5.465025836
292.250000000,117.857133968,173.351317594,2.430174962,0.028449637,5.881316611,8.240907252,5.372756033
292.500000000,117.667173372,173.513843628,2.437045724,0.025981909,5.734650120,8.609514552,5.278873686
292.750000000,117.476183747,173.675159973,2.442803122,0.024178392,5.578497685,8.912529962,5.183291174
293.000000000,117.284364035,173.835488168,2.447812452,0.023897344,5.421308940,8.962692393,5.085912641
293.250000000,117.091768175,173.994882719,2.453034348,0.024395406,5.295364001,8.874367752,4.986632871
293.500000000,116.898285034,174.153198460,2.459791513,0.025118483,5.150490734,8.750664294,4.885335955
293.750000000,116.703553835,174.309974826,2.467172516,0.026684337,4.998737707,8.499589223,4.781893703
294.000000000,116.507754907,174.465417149,2.473664739,0.028433711,4.858064097,8.243136350,4.676163747
294.250000000,116.311003690,174.619652545,2.479746903,0.028169896,4.698748012,8.280328274,4.567987236
294.500000000,116.113328188,174.772701862,2.487810684,0.026619160,4.582038688,8.509612080,4.457186040
294.750000000,115.914115462,174.923744037,2.496099144,0.026290270,4.394007302,8.560735606,4.343559300
295.000000000,115.713929788,175.073495902,2.501289502,0.027115604,4.240766932,8.434149456,4.226879155
295.250000000,115.513159383,175.222462382,2.506095637,0.028043124,4.106885364,8.298380339,4.106885364
295.500000000,115.311544220,175.370282609,2.513041687,0.028784305,4.100000703,8.194477356,4.100000703
295.750000000,115.108724809,175.516444951,2.522304787,0.028908804,4.170981511,8.177404408,4.170981511
296.000000000,114.904406174,175.660504642,2.531712737,0.028091566,4.241948461,8.291468325,4.241948461
296.250000000,114.698871426,175.802825959,2.537636496,0.025116028,4.303568818,8.751075507,4.303568818
296.500000000,114.492859527,175.944455535,2.542020524,0.019323534,4.340936238,9.920084753,4.340936238
296.750000000,114.286085749,176.084968626,2.547345516,0.013118175,4.415199282,11.902158169,4.415199282
297.000000000,114.078577111,176.224396262,2.550790818,0.009350499,4.482103091,13.900625648,4.482103091
297.250000000,113.870838917,176.363481973,2.551535568,0.008026608,4.540255395,14.885132491,4.540255395
297.500000000,113.663122673,176.502600476,2.550609132,0.007866508,4.601950689,15.018919311,4.601950689
297.750000000,113.455642587,176.642070832,2.552424074,0.009033633,4.657582678,14.118413063,4.657582678
298.000000000,113.247423146,176.780434155,2.557008446,0.012007253,4.702404716,12.400014695,4.702404716
298.250000000,113.038673034,176.917996344,2.560794165,0.015425281,4.761299430,11.034650680,4.761299430
298.500000000,112.829411568,177.054779452,2.564116292,0.017142683,4.822557231,10.499394082,4.822557231
298.750000000,112.619752180,177.190951555,2.568046547,0.017597920,4.905246857,10.370096907,4.899699812
299.000000000,112.409422327,177.326085346,2.573549854,0.017983575,4.930863134,10.264220963,4.930863134
299.250000000,112.198276893,177.459941597,2.578739360,0.017975724,4.993390724,10.266344099,4.993390724
299.500000000,111.986555685,177.592885229,2.583058051,0.016661679,4.995815760,10.641405924,4.995815760
299.750000000,111.774261894,177.724912815,2.586811335,0.014030548,5.061969038,11.535265440,5.061969038
300.000000000,111.561548611,177.856263478,2.590290797,0.011853964,5.113152609,12.473733208,5.113152609
300.250000000,111.348341107,177.986810599,2.592959779,0.010713442,5.160418790,13.066904751,5.160418790
300.500000000,111.134929611,178.117024001,2.594405824,0.009859529,5.167719123,13.570926671,5.167719123
300.750000000,110.921345429,178.246953972,2.597026506,0.010014911,5.246815011,13.474867419,5.239782528
301.000000000,110.707254396,178.376047008,2.599626487,0.011566420,5.269444969,12.615637736,5.269444969
301.250000000,110.492997486,178.504864590,2.602124472,0.012956851,5.313379661,11.970747496,5.313379661
301.500000000,110.278264362,178.632886320,2.606163395,0.013478319,5.359256033,11.753194608,5.359256033
301.750000000,110.062974265,178.759968760,2.610118248,0.013460531,5.404578517,11.760421366,5.404578517
302.000000000,109.847235322,178.886287989,2.613706191,0.012471201,5.448211981,12.184615718,5.448211981
302.250000000,109.631038889,179.011822247,2.616642579,0.010498997,5.483115365,13.188184887,5.483115365
302.500000000,109.414561595,179.136872453,2.618759674,0.008413748,5.491148044,14.575843702,5.491148044
302.750000000,109.197835423,179.261490253,2.620706161,0.006847805,5.512866789,15.963970174,5.512866789
303.000000000,108.980872908,179.385696800,2.621822953,0.005503369,5.571113819,17.536615662,5.555600000
303.250000000,108.763868746,179.509830319,2.623035840,0.003764325,5.607109101,20.488695800,5.555600000
303.500000000,108.546605574,179.633510198,2.624432435,0.002110723,5.640134717,25.356207919,5.555600000
303.750000000,108.329255421,179.757037163,2.624728236,0.001237591,5.626642351,29.896798107,5.555600000
304.000000000,108.111919115,179.880588488,2.624148408,0.000989680,5.697388564,31.704683748,5.555600000
304.250000000,107.894712382,180.004367407,2.623657514,0.001328357,5.714707930,29.308272635,5.555600000
304.500000000,107.677497486,180.128132049,2.624295254,0.002082049,5.739960034,25.473887993,5.555600000
304.750000000,107.460133137,180.251633775,2.625647222,0.002865912,5.772622954,22.745162438,5.555600000
305.000000000,107.242584434,180.374810602,2.626834340,0.003306162,5.802732004,21.551119524,5.555600000
305.250000000,107.024927366,180.497795969,2.627247425,0.002964205,5.831273866,22.461407341,5.555600000
305.500000000,106.807276923,180.620793049,2.627723275,0.002258203,5.857338546,24.775698840,5.555600000
305.750000000,106.589502908,180.743571216,2.628494896,0.002103676,5.890569046,25.384980638,5.555600000
306.000000000,106.371662910,180.866232264,2.628858090,0.002376784,5.901427716,24.336792192,5.555600000
306.250000000,106.153799768,180.988852209,2.629268980,0.002010941,5.923002478,25.772934469,5.555600000
306.500000000,105.935859076,181.111334180,2.630071974,0.001027589,5.950797008,31.406894649,5.555600000
306.750000000,105.717799320,181.233604065,2.630840686,0.000278333,5.978196577,39.554234100,5.555600000
307.000000000,105.499670574,181.355750826,2.630404837,-0.000021257,6.008126773,44.253490959,5.555600000
307.250000000,105.281717452,181.478210765,2.629517123,0.000302324,6.053150657,39.188210665,5.555600000
307.500000000,105.063805880,181.600744623,2.629305780,0.001532267,6.029652218,28.103491482,5.555600000
307.750000000,104.845904540,181.723296676,2.629982032,0.003212144,6.043908229,21.790310418,5.555600000
308.000000000,104.627827662,181.845535572,2.631686438,0.004420014,6.071025219,19.209444266,5.555600000
308.250000000,104.409509916,181.967344083,2.633389747,0.004957594,6.094013731,18.322281657,5.555600000
308.500000000,104.191017667,182.088839486,2.634562567,0.005009036,6.116168065,18.243685916,5.555600000
308.750000000,103.972414718,182.210135614,2.635310367,0.004683246,6.131967672,18.759305738,5.555600000
309.000000000,103.753741005,182.331304106,2.636371427,0.004364330,6.094383753,19.308887617,5.555600000
309.250000000,103.534881279,182.452135984,2.637819631,0.004254331,6.122742380,19.509955678,5.555600000
309.500000000,103.315857564,182.572670581,2.638964669,0.003874001,6.175690674,20.256862388,5.555600000
309.750000000,103.096721581,182.693001002,2.639898468,0.002866911,6.196418307,22.742223830,5.555600000
310.000000000,102.877473097,182.813126364,2.640610291,0.001698135,6.215913077,27.225956173,5.555600000
310.250000000,102.658166011,182.933144700,2.640756503,0.000526373,6.220216416,36.198012317,5.555600000
310.500000000,102.438882413,183.053205941,2.640601830,-0.000439384,6.237424427,37.275768443,5.555600000
310.750000000,102.219612463,183.173292114,2.640427809,-0.000484741,6.252919944,36.701992832,5.555600000
311.000000000,102.000370690,183.293429654,2.639751261,0.000063720,6.258615585,43.361212150,5.555600000
311.250000000,101.781263428,183.413812410,2.639659038,0.000548669,6.274550862,35.936495163,5.555600000
311.500000000,101.562043797,183.533990397,2.640495904,0.001646018,6.290629100,27.492777864,5.555600000
311.750000000,101.342735379,183.654006245,2.641021728,0.002675926,6.304784348,23.325534203,5.555600000
312.000000000,101.123389475,183.773953628,2.641379582,0.001966163,6.285582479,25.966742046,5.555600000
312.250000000,100.903995320,183.893812428,2.642914533,0.000762086,6.235224879,33.690033413,5.555600000
312.500000000,100.684282224,184.013085877,2.643185580,0.000255087,6.289097494,39.918852755,5.497182709
312.750000000,100.464823078,184.132825753,2.641884769,-0.000382974,6.109769321,38.028400521,5.405461843
313.000000000,100.245421031,184.252670407,2.641538077,-0.000900048,5.934119312,32.443870668,5.312157541
313.250000000,100.026044887,184.372562467,2.641500951,0.000259035,5.781567260,39.856221950,5.217184848
313.500000000,99.806651761,184.492423400,2.641835728,0.002820892,5.647054055,22.878767967,5.120450931
313.750000000,99.587195397,184.612168545,2.642014265,0.004894815,5.530813888,18.419587223,5.021854014
314.000000000,99.367759610,184.731951063,2.643703674,0.005932983,5.347236862,16.984584226,4.921282123
314.250000000,99.147899931,184.850954008,2.646771394,0.007130259,5.186265950,15.684216203,4.818611598
314.500000000,98.927733215,184.969388023,2.648504668,0.008687208,5.029533279,14.368640495,4.713705309
314.750000000,98.707462297,185.087628116,2.649664468,0.008758157,4.879182289,14.316309885,4.606410505
315.000000000,98.487021513,185.205551083,2.652011174,0.006781772,4.760898296,16.031558392,4.496556208
315.250000000,98.266198268,185.322755952,2.655424780,0.004001514,4.573319345,19.996972601,4.383950015
315.500000000,98.044957493,185.439171213,2.656945680,0.000847422,4.422429068,32.902732721,4.268374133
315.750000000,97.823778802,185.555703817,2.655284809,-0.002646770,4.275698154,23.418594154,4.149580429
316.000000000,97.602926002,185.672853310,2.652888113,-0.004975225,4.121362392,18.295229765,4.027284164
316.250000000,97.382308273,185.790444854,2.650906078,-0.005102935,3.965963468,18.102794498,3.901155949
316.500000000,97.161921586,185.908468907,2.649912952,-0.003773418,3.805399955,20.469172299,3.770811284
316.750000000,96.941538339,186.026498163,2.650019453,-0.001616514,3.637091971,27.647348530,3.635796713
317.000000000,96.721127063,186.144474978,2.649453706,0.000499315,3.499519277,36.523172659,3.495571160
317.250000000,96.500876972,186.262753808,2.649285674,0.001651194,3.349480219,27.465926091,3.349480219
317.500000000,96.280504756,186.380805010,2.650467237,0.002276286,3.198301766,24.707233184,3.198301766
317.750000000,96.059975772,186.498563032,2.651600085,0.002451403,3.048177096,24.072275147,3.048177096
318.000000000,95.839336661,186.616114631,2.652460308,0.001782096,2.896328653,26.811985438,2.896328653
318.250000000,95.618605408,186.733493070,2.652703567,0.001753461,2.746047194,26.951039758,2.746047194
318.500000000,95.397909142,186.850937306,2.652164321,0.003583312,2.582128282,20.889367405,2.582128282
318.750000000,95.177304614,186.968553731,2.652043829,0.006497984,2.597738807,16.332126772,2.597738807
319.000000000,94.956636756,187.086051095,2.654407155,0.010203075,2.850371764,13.361227937,2.738292699
319.250000000,94.735479092,187.202623314,2.658611513,0.013232301,3.081522383,11.854341517,2.871976133
319.500000000,94.513831086,187.318260993,2.662797315,0.013111138,3.289181252,11.905125517,2.999707804
319.750000000,94.291705556,187.432977563,2.667578254,0.010636884,3.476312275,13.109817453,3.122218267
320.000000000,94.068961936,187.546490645,2.669710608,0.007711649,3.612490637,15.151820061,3.240099830
320.250000000,93.846348691,187.660259130,2.669518182,0.004489861,3.745885750,19.086852758,3.353840620
320.500000000,93.623648668,187.773857981,2.670092670,0.002101404,3.892757976,25.394273908,3.463848569
320.750000000,93.400904725,187.887370679,2.670595257,0.001777439,4.030097315,26.834452789,3.570468724
321.000000000,93.178090633,188.000745617,2.671004940,0.001894539,4.162324698,26.286049418,3.673996041
321.250000000,92.955253754,188.114075770,2.671537442,0.001549388,4.280540544,28.008964610,3.774685008
321.500000000,92.732319046,188.227213344,2.672134944,0.001374280,4.357557083,29.023451697,3.872757016
321.750000000,92.509346907,188.340277120,2.672212254,0.001270290,4.415124341,29.680710238,3.968406092
322.000000000,92.286394718,188.453380218,2.672349142,0.001470531,4.556497885,28.452460733,4.061803406
322.250000000,92.063391619,188.566382952,2.672686755,0.001743138,4.654504599,27.001701991,4.153100879
322.500000000,91.840363097,188.679335488,2.673031354,0.000970892,4.746723645,31.855436835,4.242434078
322.750000000,91.617282175,188.792184499,2.674317362,-0.000557225,4.831537988,35.837628611,4.329924584
323.000000000,91.393964074,188.904562930,2.674387682,-0.002009772,4.902738902,25.777940789,4.415681930
323.250000000,91.170867689,189.017380361,2.672600947,-0.003650373,4.873955433,20.738201069,4.499805208
323.500000000,90.947952395,189.130556192,2.671041891,-0.004719116,4.732758462,18.700384578,4.502241877
323.750000000,90.725208527,189.244068890,2.669651793,-0.003661747,4.575997433,20.712888242,4.389781534
324.000000000,90.502608755,189.357864026,2.668570993,-0.001075519,4.422953059,31.042140871,4.274363335
324.250000000,90.280110714,189.471857973,2.668336266,0.001390501,4.270899646,28.924809673,4.155740839
324.500000000,90.057564507,189.585757536,2.669497999,0.003269048,4.119981569,21.644596389,4.033631357
324.750000000,89.834802205,189.699234209,2.671456042,0.004494575,3.954894349,19.078663333,3.907708014
325.000000000,89.611811861,189.812261292,2.672713892,0.004459220,3.815790812,19.140341949,3.777589432
325.250000000,89.388764838,189.925177181,2.673681508,0.004168436,3.671475318,19.671406699,3.642826090
325.500000000,89.165555848,190.037772680,2.674462183,0.004109848,3.519571052,19.783859268,3.502881945
325.750000000,88.942332750,190.150340199,2.674520127,0.002566141,3.362674738,23.681855967,3.357109161
326.000000000,88.719110713,190.262909831,2.676855014,0.000543692,3.204712455,35.994376098,3.204712455
326.250000000,88.495365631,190.374433101,2.677589523,-0.000425900,3.058521411,37.451613034,3.058521411
326.500000000,88.271978519,190.486674670,2.675221230,-0.001889235,2.910715163,26.310166358,2.910715163
326.750000000,88.048762951,190.599257097,2.674281683,-0.003326836,2.754200917,21.499570064,2.754200917
327.000000000,87.825587110,190.711918251,2.673635869,-0.002562006,2.692130037,23.695596520,2.692130037
327.250000000,87.602517136,190.824788899,2.673016162,-0.001078635,2.952564094,31.018864473,2.827996488
327.500000000,87.379481087,190.937726580,2.673111290,-0.000919716,3.161845369,32.277249406,2.957628127
327.750000000,87.156389639,191.050554788,2.673294437,-0.002365442,3.331368346,24.377769912,3.081811827
328.000000000,86.933312236,191.163410765,2.673511888,-0.004626441,3.478798126,18.853765796,3.201181678
328.250000000,86.710171875,191.276141871,2.672106371,-0.006230740,3.639419982,16.631201347,3.316257550
328.500000000,86.487412742,191.389624404,2.668632056,-0.006966097,3.781602489,15.844998491,3.427471974
328.750000000,86.265061230,191.503903223,2.665929305,-0.007327186,3.914372125,15.497650174,3.535189406
329.000000000,86.042918646,191.618588286,2.664899581,-0.006453451,4.035050191,16.380844569,3.639720338
329.250000000,85.820802827,191.733324851,2.664491510,-0.003909575,4.106568395,20.183341567,3.741331867
329.500000000,85.598754738,191.848190751,2.662808798,-0.001218614,4.216394110,30.024382244,3.840255738
329.750000000,85.377026170,191.963674251,2.661796023,0.000786642,4.327134537,33.457714597,3.936694570
330.000000000,85.155210381,192.078990113,2.662991410,0.002869609,4.428513199,22.734292467,4.030826731
330.250000000,84.933206383,192.193943165,2.664790950,0.004895560,4.523567406,18.418423878,4.122810223
330.500000000,84.710977023,192.308459937,2.666566755,0.005994050,4.614445336,16.910273266,4.212785793
330.750000000,84.488566138,192.422623805,2.667907583,0.006454769,4.689365137,16.379397098,4.300879461
331.000000000,84.266030447,192.536544242,2.668936136,0.006639705,4.750120865,16.179932397,4.387204592
331.250000000,84.043385364,192.650250254,2.670836424,0.006961210,4.805683271,15.849860783,4.471863609
331.500000000,83.820418366,192.763324083,2.673082852,0.008017784,4.892546304,14.892413579,4.554949411
331.750000000,83.597264556,192.876028694,2.674874113,0.009203354,4.965895247,14.000498867,4.636546574
332.000000000,83.373893930,192.988302999,2.677003248,0.009379114,5.036471378,13.881450628,4.716732358
332.250000000,83.150262429,193.100056237,2.679884927,0.008844230,5.087114528,14.253585648,4.795577560
332.500000000,82.926248579,193.211041251,2.682896000,0.008394820,5.118935709,14.590519961,4.873147252
332.750000000,82.701947847,193.321445875,2.684471051,0.007663948,5.200128884,15.193473707,4.949501403
333.000000000,82.477585330,193.431724754,2.685596479,0.006728221,5.227352150,16.087005961,5.024695427
333.250000000,82.253036702,193.541624210,2.687267921,0.006828896,5.277443349,15.983237385,5.098780652
333.500000000,82.028306753,193.651152474,2.688780113,0.007613133,5.323403680,15.238226231,5.171804727
333.750000000,81.803426738,193.760372325,2.690821373,0.008114619,5.360729351,14.813092438,5.243811985
334.000000000,81.578251494,193.868982222,2.693617921,0.009023129,5.400392335,14.125809192,5.314843755
334.250000000,81.352764188,193.976942564,2.695482439,0.009983539,5.406306796,13.494097422,5.384938638
334.500000000,81.127185511,194.084712017,2.697668516,0.010309464,5.461624983,13.298234403,5.454132757
334.750000000,80.901228683,194.191685304,2.700937338,0.011192492,5.508575305,12.807629615,5.508575305
335.000000000,80.674950483,194.297977614,2.703622982,0.012467083,5.549451405,12.186478408,5.549451405
335.250000000,80.448422107,194.403735789,2.706589966,0.012645807,5.565837673,12.106410212,5.555600000
335.500000000,80.221517839,194.508683192,2.710491603,0.012672928,5.593519229,12.094397185,5.555600000
335.750000000,79.994171107,194.612670505,2.713827001,0.013274271,5.647717298,11.836901450,5.555600000
336.000000000,79.766571063,194.716102290,2.716393332,0.013356692,5.660000549,11.802874920,5.555600000
336.250000000,79.538693517,194.818921381,2.719849284,0.013270763,5.687346218,11.838356306,5.555600000
336.500000000,79.310383848,194.920777629,2.723549299,0.013663790,5.719128305,11.678629559,5.555600000
336.750000000,79.081751692,195.021907615,2.726923988,0.013668769,5.744167805,11.676647311,5.555600000
337.000000000,78.852760146,195.122220438,2.730571536,0.013523663,5.766819657,11.734833046,5.555600000
337.250000000,78.623396805,195.221679647,2.733808252,0.014100436,5.790966314,11.508540602,5.555600000
337.500000000,78.393760415,195.320508138,2.736606264,0.014651330,5.807559577,11.304188058,5.555600000
337.750000000,78.163844433,195.418682126,2.740601463,0.015125840,5.821159071,11.136630999,5.555600000
338.000000000,77.933425796,195.515672560,2.745122840,0.016220438,5.858305821,10.776876236,5.555600000
338.250000000,77.702630522,195.611763879,2.749000960,0.017229563,5.884472519,10.474344984,5.555600000
338.500000000,77.471466479,195.706964256,2.753193414,0.017536112,5.891918002,10.387371646,5.555600000
338.750000000,77.239874211,195.801116778,2.757772177,0.017769266,5.904365625,10.322653595,5.555600000
339.000000000,77.007849044,195.894195913,2.762509402,0.018168618,5.909786078,10.214558366,5.555600000
339.250000000,76.775375234,195.986149997,2.767055137,0.018569911,5.898008273,10.109288099,5.555600000
339.500000000,76.542512992,196.077116040,2.771491750,0.019187702,5.872535561,9.953402220,5.555600000
339.750000000,76.309231876,196.167003948,2.776124065,0.019881566,5.849041341,9.786636720,5.555600000
340.000000000,76.075536208,196.255808986,2.781266232,0.020463750,5.831625586,9.652997593,5.555600000
340.250000000,75.841343307,196.343292928,2.786984570,0.021165749,5.800002915,9.498910325,5.555600000
340.500000000,75.606648437,196.429419101,2.792283844,0.021670318,5.771836340,9.392607808,5.555600000
340.750000000,75.371541786,196.514415973,2.797422380,0.021482813,5.728904057,9.431693453,5.555600000
341.000000000,75.135974742,196.598125468,2.803107734,0.021176180,5.674307159,9.496676097,5.555600000
341.250000000,74.899916799,196.680443592,2.808458187,0.021692995,5.616728360,9.387913714,5.555600000
341.500000000,74.663466430,196.761627924,2.813499475,0.022819821,5.550611408,9.163170162,5.550611408
341.750000000,74.426590071,196.841561984,2.818709248,0.023447925,5.485588677,9.044696405,5.485588677
342.000000000,74.189306027,196.920278453,2.825229392,0.023099964,5.415477838,9.109757094,5.415477838
342.250000000,73.951407317,196.997116920,2.832350210,0.021990971,5.389928910,9.326878872,5.389928910
342.500000000,73.713026802,197.072446055,2.837835543,0.019930794,5.299069444,9.775121210,5.299069444
342.750000000,73.474299768,197.146669947,2.841872041,0.016774394,5.235835243,10.607611140,5.235835243
343.000000000,73.235318650,197.220072279,2.845314141,0.013775774,5.190437720,11.634289977,5.190437720
343.250000000,72.996086243,197.292650999,2.848451446,0.012700378,5.156368051,12.082275270,5.156368051
343.500000000,72.756649182,197.364552407,2.851064145,0.014191987,5.132278771,11.473811468,5.132278771
343.750000000,72.517040595,197.435880115,2.853561033,0.017040146,5.118971634,10.529190283,5.118971634
344.000000000,72.277247516,197.506584920,2.857897523,0.019785885,5.100528146,9.809135585,5.100528146
344.250000000,72.037030826,197.575831413,2.864768633,0.022421129,5.096259856,9.240832301,5.096259856
344.500000000,71.796290289,197.643233938,2.871597174,0.024607443,5.098039930,8.837550072,5.098039930
344.750000000,71.555149684,197.709193595,2.877382958,0.025136314,5.095300940,8.747678796,5.095300940
345.000000000,71.313644325,197.773806191,2.883294876,0.024176468,5.089094363,8.912870494,5.089094363
345.250000000,71.071741314,197.836909931,2.889682041,0.022808122,5.107049200,9.165421266,5.107049200
345.500000000,70.829430664,197.898432183,2.895824592,0.021106544,5.094692460,9.511621847,5.094692460
345.750000000,70.586770034,197.958559595,2.900982202,0.019003273,5.065586969,9.999181872,5.065586969
346.000000000,70.343836966,198.017579302,2.905018070,0.017215991,5.071672388,10.478246178,5.071672388
346.250000000,70.100698297,198.075746230,2.908425954,0.016043161,5.078226246,10.832780052,5.078226246
346.500000000,69.857368499,198.133108830,2.912059027,0.015658135,5.061407479,10.957256015,5.061407479
346.750000000,69.613813979,198.189507469,2.916487537,0.017195346,5.044543426,10.484188814,5.044543426
347.000000000,69.369986120,198.244712569,2.920427099,0.019971006,5.014742730,9.765744691,5.014742730
347.250000000,69.125994062,198.299190646,2.924718512,0.021792566,5.008463278,9.367385269,5.008463278
347.500000000,68.881704104,198.352300401,2.931713835,0.023237010,5.035134748,9.083965574,5.035134748
347.750000000,68.636974840,198.403359447,2.938698354,0.025334419,5.034059038,8.714713706,5.034059038
348.000000000,68.391964194,198.453052165,2.944329389,0.026427294,5.024933675,8.539324555,5.024933675
348.250000000,68.146675561,198.501351846,2.950677581,0.026222865,5.022302864,8.571327354,5.022302864
348.500000000,67.901054832,198.547929689,2.957803748,0.026233888,5.058253929,8.569592539,5.058253929
348.750000000,67.655102833,198.592728637,2.964696458,0.025923188,5.062240732,8.618898322,5.062240732
349.000000000,67.408862906,198.635916255,2.971272747,0.024431115,5.021559021,8.868135015,5.021559021
349.250000000,67.162342720,198.677476563,2.977339443,0.022518055,5.025938029,9.221770282,5.025938029
349.500000000,66.915596256,198.717673457,2.982475207,0.020949888,5.037183993,9.545503505,5.037183993
349.750000000,66.668661704,198.756699556,2.987083702,0.019963237,5.045785317,9.767554086,5.045785317
350.000000000,66.421555117,198.794620532,2.991711512,0.019795529,5.045401328,9.806860762,5.045401328
350.250000000,66.174270107,198.831359434,2.996632299,0.020424838,5.022100252,9.661759523,5.022100252
350.500000000,65.926802433,198.866846675,3.001887915,0.021323770,5.012119492,9.465231135,5.012119492
350.750000000,65.679145209,198.900984285,3.007415475,0.021718848,5.066006754,9.382570723,5.066006754
351.000000000,65.431300428,198.933733618,3.013205429,0.021609559,5.074809094,9.405219881,5.074809094
351.250000000,65.183264713,198.965001128,3.018899065,0.021702996,5.071427526,9.385845780,5.071427526
351.500000000,64.935062536,198.994926193,3.023741718,0.021868220,5.070551030,9.351877630,5.070551030
351.750000000,64.686735403,199.023789994,3.028802279,0.021563990,5.100679520,9.414712141,5.100679520
352.000000000,64.438243676,199.051201419,3.034758467,0.020973547,5.110446345,9.540363274,5.110446345
352.250000000,64.189590179,199.077105092,3.040532840,0.020244720,5.093682478,9.702630414,5.093682478
352.500000000,63.940798087,199.101645023,3.045481515,0.019307023,5.099116753,9.924116768,5.099116753
352.750000000,63.691899836,199.125086509,3.049593043,0.018536322,5.105441500,10.117974931,5.105441500
353.000000000,63.442914117,199.147579824,3.053562651,0.018672519,5.112061453,10.082889562,5.112061453
353.250000000,63.193837920,199.169044507,3.058265595,0.020036905,5.118011852,9.750436861,5.118011852
353.500000000,62.944651705,199.189194926,3.063366476,0.021775165,5.122680237,9.370963174,5.122680237
353.750000000,62.695369776,199.208117498,3.069329173,0.022860895,5.119359122,9.155279946,5.119359122
354.000000000,62.445961166,199.225294900,3.075837573,0.023245398,5.138532127,9.082393969,5.138532127
354.250000000,62.196453575,199.240971136,3.081755965,0.023354215,5.149704672,9.062080819,5.149704672
354.500000000,61.946858800,199.255195227,3.087224452,0.023147602,5.156054627,9.100767041,5.156054627
354.750000000,61.697194425,199.268141735,3.092521084,0.022633593,5.160523029,9.199201258,5.160523029
355.000000000,61.447462801,199.279721062,3.098560077,0.022052888,5.209620416,9.314345152,5.209620416
355.250000000,61.197660097,199.289651263,3.104475701,0.021551162,5.155536595,9.417389648,5.155536595
355.500000000,60.947808971,199.298275211,3.109701869,0.021103318,5.166809377,9.512315769,5.166809377
355.750000000,60.697916316,199.305593889,3.114410816,0.020668942,5.182796430,9.607184874,5.182796430
356.000000000,60.447995156,199.311864415,3.119212677,0.020638859,5.178983420,9.613860621,5.178983420
356.250000000,60.198043999,199.316782888,3.124626801,0.021387408,5.182651370,9.451768874,5.133924201
356.500000000,59.948069940,199.320346887,3.130081360,0.022504797,5.190044255,9.224370571,5.035591098
356.750000000,59.698080199,199.322538373,3.135693345,0.023223480,5.152362480,9.086502156,4.935299150
357.000000000,59.448082152,199.323296503,3.141887848,0.023692358,5.039438141,8.999817703,4.832926412
357.250000000,59.198084936,199.322390777,3.147997539,0.023560114,4.895724194,9.024015093,4.728337732
357.500000000,58.948096049,199.320094106,3.153900549,0.023016929,4.738802830,9.125491336,4.621382662
357.750000000,58.698126568,199.316237031,3.160038404,0.023185172,4.595336037,9.093695492,4.511892918
358.000000000,58.448184552,199.310871817,3.164636460,0.023124699,4.424211819,9.105085919,4.399679273
358.250000000,58.198261116,199.304716189,3.170487010,0.022127124,4.329284867,9.299384052,4.284527711
358.500000000,57.948399056,199.296426816,3.177361178,0.021488886,4.166194631,9.430419727,4.166194631
358.750000000,57.698583656,199.286835838,3.182348578,0.020991028,4.137596480,9.536570662,4.137596480
359.000000000,57.448816682,199.276054594,3.186908118,0.018878624,4.185715868,10.030482728,4.185715868
359.250000000,57.199098882,199.264185948,3.191488927,0.015411238,4.221638851,11.039371038,4.221638851
359.500000000,56.949441023,199.251116911,3.196111993,0.011714639,4.259767001,12.541889575,4.259767001
359.750000000,56.699843367,199.236939866,3.198932778,0.008353101,4.292562068,14.623023875,4.292562068
360.000000000,56.450262904,199.222462565,3.199305056,0.005174798,4.316131326,17.997145919,4.316131326
360.250000000,56.200675874,199.208099684,3.199238233,0.001644884,4.342455150,27.498668752,4.342455150
360.500000000,55.951093543,199.193655742,3.200041556,-0.001363243,4.384018456,29.091147298,4.384018456
360.750000000,55.701529889,199.178891881,3.200496361,-0.002446850,4.420285219,24.088168728,4.420285219
361.000000000,55.451960742,199.164220919,3.198660627,-0.002346355,4.444047517,24.447193053,4.444047517
361.250000000,55.202344614,199.150373423,3.196169103,-0.002518161,4.480418657,23.842794769,4.480418657
361.500000000,54.952705518,199.136946256,3.196257060,-0.001873189,4.516565053,26.383528638,4.516565053
361.750000000,54.703091759,199.123054845,3.197156842,0.000468730,4.523721172,36.901502609,4.523721172
362.000000000,54.453477168,199.109178456,3.197085674,0.002804356,4.556551618,22.928435133,4.556551618
362.250000000,54.203861437,199.095322574,3.197388345,0.004021035,4.589097896,19.958061412,4.589097896
362.500000000,53.954255316,199.081295086,3.198613208,0.004282751,4.616490234,19.457405651,4.616490234
362.750000000,53.704674406,199.066827764,3.200823848,0.003847222,4.642570546,20.312740493,4.642570546
363.000000000,53.455132901,199.051696848,3.202642638,0.003186206,4.666277328,21.857713065,4.666277328
363.250000000,53.205606138,199.036321745,3.202306752,0.001518207,4.638417747,28.181837062,4.638417747
363.500000000,52.956054410,199.021358461,3.201785321,-0.001743680,4.697511049,26.999037614,4.697511049
363.750000000,52.706511758,199.006243588,3.202181742,-0.005193866,4.734094295,17.969421791,4.734094295
364.000000000,52.456971907,198.991082450,3.201050825,-0.007025493,4.769041318,15.786256277,4.769041318
364.250000000,52.207395759,198.976532043,3.198056458,-0.007024417,4.788133979,15.787314713,4.788133979
364.500000000,51.957769902,198.962865612,3.193908261,-0.006350212,4.827360553,16.495484222,4.827360553
364.750000000,51.708081643,198.950386264,3.192620090,-0.004626119,4.862231870,18.854306004,4.862231870
365.000000000,51.458421087,198.937362984,3.193785937,-0.000623192,4.790769641,35.101857636,4.790769641
365.250000000,51.208762543,198.924301470,3.193571108,0.003829134,4.856471506,20.350748557,4.856471506
365.500000000,50.959096428,198.911385461,3.193970891,0.006475826,4.878650305,16.356313255,4.878650305
365.750000000,50.709448610,198.898124343,3.196435868,0.009227741,4.901911212,13.983798085,4.901911212
366.000000000,50.459849601,198.883977676,3.199665303,0.010025126,4.927705081,13.468623931,4.927705081
366.250000000,50.210292427,198.869104391,3.202930311,0.005607308,4.929565281,17.398135828,4.929565281
366.500000000,49.960795491,198.853328419,3.207496067,0.000889604,4.917878445,32.533407023,4.917878445
366.750000000,49.711389595,198.836177307,3.205108633,-0.001569348,5.006327930,27.899959101,4.993548678
367.000000000,49.461815506,198.821592528,3.199316571,-0.004217167,5.000467765,19.579320155,5.000467765
367.250000000,49.212222612,198.807331388,3.199008638,-0.004736114,5.030952496,18.672656454,5.030952496
367.500000000,48.962639482,198.792900309,3.199663601,-0.001281270,5.060233631,29.609200110,5.060233631
367.750000000,48.713065478,198.778312233,3.200219893,0.001252403,5.091309354,29.798328911,5.091309354
368.000000000,48.463498549,198.763603480,3.200544651,0.001260139,5.124787104,29.747292138,5.124787104
368.250000000,48.213934064,198.748853305,3.200677215,0.001115732,5.157857895,30.745719866,5.157857895
368.500000000,47.964371043,198.734078385,3.200779002,0.001289363,5.194568696,29.556820378,5.194568696
368.750000000,47.714809568,198.719277405,3.201043584,0.001612103,5.232155777,27.670682261,5.232155777
369.000000000,47.465254407,198.704370428,3.201629240,0.001732178,5.268678784,27.055805450,5.268678784
369.250000000,47.215710441,198.689277144,3.202358710,0.001447156,5.303206335,28.588028941,5.303206335
369.500000000,46.966177287,198.674006097,3.202893413,0.000845716,5.336807157,32.917932501,5.336807157
369.750000000,46.716649602,198.658645958,3.202893251,0.000117275,5.369651461,42.309217791,5.369651461
370.000000000,46.467116444,198.643374992,3.202547225,-0.000489861,5.401317774,36.638876775,5.401317774
370.250000000,46.217578190,198.628187542,3.202239890,-0.000713202,5.431610898,34.167299970,5.431610898
370.500000000,45.968035693,198.613069960,3.202041247,-0.000541887,5.460811503,36.015445752,5.460811503
370.750000000,45.718491423,198.597981649,3.201986224,-0.000240779,5.489176468,40.148352567,5.489176468
371.000000000,45.468947262,198.582891528,3.202017434,0.000000794,5.516714729,44.703609487,5.516714729
371.250000000,45.219403934,198.567787641,3.202068325,0.000138019,5.543337812,41.921830046,5.543337812
371.500000000,44.969861311,198.552672120,3.202116841,0.000169599,5.569120181,41.352003661,5.555600000
371.750000000,44.720319450,198.537544019,3.202166281,0.000143909,5.594043857,41.813761350,5.555600000
372.000000000,44.470778322,198.522403824,3.202206237,0.000107476,5.618167452,42.495972892,5.555600000
372.250000000,44.221237670,198.507255782,3.202221418,0.000071248,5.641515464,43.208570160,5.555600000
372.500000000,43.971697002,198.492108011,3.202224114,0.000035898,5.664020480,43.939630219,5.555600000
372.750000000,43.722156432,198.476958623,3.202229743,0.000014358,5.685832139,44.403713474,5.555600000
373.000000000,43.472615935,198.461808042,3.202231501,0.000009811,5.706977127,44.503572388,5.555600000
373.250000000,43.223075418,198.446657777,3.202230764,0.000008420,5.727480011,44.534261455,5.555600000
373.500000000,42.973534898,198.431507564,3.202232787,0.000005150,5.747365793,44.606636761,5.555600000
373.750000000,42.723994443,198.416356289,3.202237273,0.000006436,5.766658185,44.578142929,5.555600000
374.000000000,42.474454059,198.401203837,3.202237634,0.000010122,5.785825222,44.496727251,5.555600000
374.250000000,42.224913614,198.386052382,3.202236486,0.000009413,5.807101392,44.512350716,5.555600000
374.500000000,41.975373196,198.370900504,3.202241868,0.000007169,5.831478418,44.561922448,5.555600000
374.750000000,41.725832914,198.355746362,3.202246987,0.000008886,5.855876072,44.523982653,5.555600000
375.000000000,41.476292651,198.340591929,3.202246606,0.000009746,5.880694310,44.505011683,5.555600000
375.250000000,41.226752358,198.325437977,3.202246223,0.000006267,5.905328522,44.581882964,5.555600000
375.500000000,40.977212083,198.310283735,3.202250111,0.000005603,5.929242490,44.596606039,5.555600000
375.750000000,40.727671908,198.295127844,3.202252608,0.000009408,5.952456807,44.512455037,5.555600000
376.000000000,40.478131708,198.279972355,3.202251915,0.000010247,5.974927987,44.493964942,5.555600000
376.250000000,40.228591512,198.264816809,3.202255685,0.000007359,5.996670749,44.557712702,5.555600000
376.500000000,39.979051427,198.249659439,3.202260665,0.000007894,6.017790813,44.545889087,5.555600000
376.750000000,39.729511382,198.234501408,3.202261288,0.000010484,6.038331882,44.488761275,5.555600000
377.000000000,39.479971315,198.219343727,3.202259828,0.000008311,6.058283582,44.536668963,5.555600000
377.250000000,39.230431226,198.204186425,3.202264429,0.000005782,6.077685492,44.592634701,5.555600000
377.500000000,38.980891299,198.189026447,3.202269380,0.000008680,6.096471574,44.528518997,5.555600000
377.750000000,38.731351360,198.173866674,3.202267747,0.000010428,6.114684587,44.489994338,5.555600000
378.000000000,38.481811384,198.158707512,3.202268660,0.000006161,6.132405577,44.584230020,5.555600000
378.250000000,38.232271472,198.143547282,3.202274157,0.000004582,6.149650566,44.619259275,5.555600000
378.500000000,37.982731662,198.128385377,3.202276170,0.000007815,6.166434719,44.547628539,5.555600000
378.750000000,37.733191812,198.113224143,3.202273041,0.000007016,6.182751920,44.565305652,5.555600000
379.000000000,37.483651907,198.098063799,3.202275540,0.000003571,6.198529759,44.641726959,5.555600000
379.250000000,37.234112133,198.082901318,3.202280404,0.000005367,6.213896336,44.601840729,5.555600000
379.500000000,36.984572376,198.067738546,3.202279952,0.000008355,6.228863791,44.535696513,5.555600000
379.750000000,36.735032587,198.052576291,3.202279302,0.000006155,6.243444170,44.584361579,5.555600000
380.000000000,36.485492810,198.037413844,3.202283326,0.000004219,6.257643110,44.627312518,5.555600000
380.250000000,36.235953144,198.022249581,3.202286144,0.000005322,6.271338860,44.602833648,5.555600000
380.500000000,35.986413453,198.007085727,3.202285188,0.000001923,6.284757783,44.678421509,5.555600000
380.750000000,35.736873757,197.991921940,3.202285716,-0.000028571,6.297783136,44.095871615,5.555600000
381.000000000,35.487334082,197.976757823,3.202286843,-0.000124465,6.274542633,42.173737702,5.555600000
381.250000000,35.237794421,197.961593474,3.202280593,-0.000319375,6.121414102,38.934162708,5.555600000
381.500000000,34.988254556,197.946432476,3.202217450,-0.000625087,5.966659843,35.081380016,5.555600000
381.750000000,34.738712982,197.931299641,3.202042720,-0.001007824,5.811970280,31.561101242,5.555600000
382.000000000,34.489167838,197.916225848,3.201729745,-0.001364531,5.657385394,29.083219632,5.495105813
382.250000000,34.239616849,197.901249217,3.201280095,-0.001566487,5.502887814,27.915503582,5.403349692
382.500000000,33.990058257,197.886399847,3.200767780,-0.001545885,5.348491373,28.028228340,5.310008276
382.750000000,33.740492050,197.871678920,3.200318935,-0.001315060,5.214996443,29.392319037,5.214996443
383.000000000,33.490920219,197.857053582,3.200025018,-0.000943176,5.165611128,32.081812613,5.165611128
383.250000000,33.241345397,197.842479361,3.199882737,-0.000540807,5.214991392,36.028061006,5.214991392
383.500000000,32.991769413,197.827925042,3.199839453,-0.000207953,5.262529348,40.690212440,5.262529348
383.750000000,32.742193330,197.813372427,3.199850481,0.000017750,5.308273518,44.329665420,5.308273518
384.000000000,32.492617667,197.798812603,3.199884217,0.000153217,5.352311770,41.644666719,5.352311770
384.250000000,32.243042566,197.784243148,3.199939853,0.000232194,5.394724326,40.287974791,5.394724326
384.500000000,31.993468524,197.769655553,3.200012276,0.000280781,5.435441268,39.516411191,5.435441268
384.750000000,31.743895537,197.755049949,3.200092957,0.000308246,5.474768554,39.099423341,5.474768554
385.000000000,31.494323853,197.740422082,3.200177462,0.000312892,5.512658066,39.030172155,5.512658066
385.250000000,31.244753337,197.725774298,3.200259189,0.000299497,5.549849088,39.230818448,5.549849088
385.500000000,30.995184047,197.711105637,3.200335495,0.000275970,5.586248851,39.590846057,5.555600000
385.750000000,30.745615770,197.696419767,3.200398865,0.000240494,5.621586921,40.152971094,5.555600000
386.000000000,30.496048341,197.681719476,3.200455111,0.000133387,5.655748870,42.007399295,5.555600000
386.250000000,30.246481717,197.667005531,3.200505233,-0.000179706,5.688788110,41.174473584,5.555600000
386.500000000,29.996915764,197.652280222,3.200532653,-0.000780373,5.720754709,33.516561410,5.555600000
386.750000000,29.747349947,197.637552591,3.200395500,-0.001630434,5.751640795,27.574098002,5.555600000
387.000000000,29.497779964,197.622895740,3.199889594,-0.002654823,5.781388387,23.392779076,5.555600000
387.250000000,29.248199389,197.608420631,3.199013448,-0.003730646,5.810165523,20.561499986,5.555600000
387.500000000,28.998604156,197.594201124,3.197870811,-0.004681499,5.838091825,18.762190123,5.555600000
387.750000000,28.748991223,197.580296417,3.196530018,-0.005428757,5.865207740,17.638087749,5.555600000
388.000000000,28.499358793,197.566746274,3.195071523,-0.005947075,5.891513365,16.967349469,5.555600000
388.250000000,28.249706321,197.553569741,3.193509826,-0.006198510,5.917013370,16.668391589,5.555600000
388.500000000,28.000032700,197.540799359,3.191821326,-0.006264119,5.941705587,16.592946315,5.555600000
388.750000000,27.750337137,197.528465974,3.190195248,-0.006251802,5.965573880,16.607031751,5.555600000
389.000000000,27.500623387,197.516507640,3.188709308,-0.006220109,5.988722570,16.643441441,5.555600000
389.250000000,27.250892349,197.504916378,3.187231935,-0.006303673,6.011199589,16.547955253,5.555600000
389.500000000,27.001144376,197.493695936,3.185719909,-0.006523900,6.033042738,16.303974633,5.555600000
389.750000000,26.751379387,197.482859923,3.184060974,-0.006633675,6.054267929,16.186321727,5.555600000
390.000000000,26.501595457,197.472468169,3.182196420,-0.006397409,6.074791665,16.442777620,5.555600000
390.250000000,26.251791774,197.462563630,3.180398388,-0.005676042,6.094766544,17.308341906,5.555600000
390.500000000,26.001972219,197.453070184,3.178958671,-0.004379330,6.114435531,19.281947386,5.555600000
390.750000000,25.752141055,197.443884978,3.177999654,-0.002696742,6.125310806,23.259771548,5.555600000
391.000000000,25.502303623,197.434870708,3.177591126,-0.001059406,6.125058291,31.163341981,5.555600000
391.250000000,25.252464994,197.425889629,3.177717944,0.000242823,6.122234777,40.115334569,5.555600000
391.500000000,25.002629856,197.416811991,3.178135011,0.001112823,6.118904031,30.766880955,5.555600000
391.750000000,24.752798812,197.407622518,3.178573533,0.001525615,6.112615616,28.140475485,5.555600000
392.000000000,24.502971740,197.398325767,3.178991847,0.001584315,6.103510724,27.819047701,5.555600000
392.250000000,24.253148472,197.388927280,3.179380989,0.001473985,6.091930437,28.432595555,5.555600000
392.500000000,24.003328705,197.379436096,3.179742118,0.001296437,6.078140517,29.511256925,5.555600000
392.750000000,23.753512284,197.369857175,3.180071625,0.001080853,6.061430126,31.002326633,5.555600000
393.000000000,23.503698824,197.360201358,3.180321881,0.000846074,6.044423819,32.914739621,5.555600000
393.250000000,23.253887230,197.350497402,3.180484593,0.000602462,6.027751160,35.328169358,5.555600000
393.500000000,23.004076925,197.340760291,3.180590376,0.000383495,6.011459555,38.021230496,5.555600000
393.750000000,22.754267388,197.331003483,3.180647917,0.000221269,5.995417440,40.467769135,5.555600000
394.000000000,22.504458205,197.321237623,3.180671981,0.000102919,5.979382365,42.583688533,5.555600000
394.250000000,22.254649138,197.311468792,3.180680262,-0.000054607,5.963064690,43.548137425,5.555600000
394.500000000,22.004840117,197.301698795,3.180679385,-0.000418245,5.947171065,37.552540536,5.555600000
394.750000000,21.755031033,197.291930402,3.180652880,-0.001143744,5.931640690,30.544183977,5.555600000
395.000000000,21.505221494,197.282173647,3.180448894,-0.002365409,5.916451199,24.377889343,5.555600000
395.250000000,21.255408468,197.272507172,3.179825391,-0.004059100,5.901587409,19.882837094,5.555600000
395.500000000,21.005587013,197.263061941,3.178667493,-0.005881735,5.887040053,17.047708940,5.555600000
395.750000000,20.755752256,197.253974006,3.176778633,-0.007511946,5.872797183,15.328532093,5.555600000
396.000000000,20.505896846,197.245472593,3.174405881,-0.008834592,5.858938260,14.260567721,5.555600000
396.250000000,20.256021908,197.237570353,3.171991554,-0.009695013,5.845489695,13.674905687,5.555600000
396.500000000,20.006128626,197.230275508,3.169502867,-0.010073191,5.832386481,13.439360551,5.555600000
396.750000000,19.756217603,197.223617084,3.166903542,-0.010254117,5.819603105,13.330894509,5.555600000
397.000000000,19.506289782,197.217621440,3.164305064,-0.010120242,5.807143381,13.410898589,5.555600000
397.250000000,19.256347395,197.212261874,3.161696489,-0.009252924,5.795008617,13.966614224,5.555600000
397.500000000,19.006391439,197.207570212,3.159065671,-0.007760439,5.783221449,15.109568506,5.555600000
397.750000000,18.756424155,197.203525818,3.157128159,-0.005935402,5.771951336,16.981622857,5.555600000
398.000000000,18.506451911,197.199802774,3.156145949,-0.003886001,5.760807087,20.231971798,5.555600000
398.250000000,18.256477177,197.196249428,3.155661561,-0.001981832,5.749853274,25.898427321,5.555600000
398.500000000,18.006501412,197.192768552,3.155501486,-0.000679537,5.739162520,34.508029340,5.555600000
398.750000000,17.756525541,197.189295236,3.155545669,0.000064242,5.728748519,43.350566130,5.555600000
399.000000000,17.506550085,197.185792271,3.155693579,0.000476861,5.718591350,36.799776876,5.555600000
399.250000000,17.256575253,197.182245007,3.155881685,0.000652256,5.708686438,34.791749699,5.555600000
399.500000000,17.006601131,197.178647999,3.156086430,0.000674769,5.699034216,34.557116211,5.555600000
399.750000000,16.756627772,197.174998373,3.156268770,0.000611767,5.689660714,35.226045631,5.555600000
400.000000000,16.506654979,197.171310204,3.156409027,0.000496782,5.680522603,36.554063030,5.555600000
400.250000000,16.256682654,197.167590457,3.156517145,0.000360075,5.671615766,38.347188556,5.555600000
400.500000000,16.006710665,197.163848235,3.156587536,0.000234817,5.662935507,40.245156866,5.555600000
400.750000000,15.756738865,197.160093297,3.156622535,0.000135948,5.654478433,41.960020105,5.555600000
401.000000000,15.506767138,197.156333577,3.156632853,0.000065876,5.646242089,43.317324122,5.555600000
401.250000000,15.256795416,197.152573481,3.156631987,0.000019813,5.638222314,44.284803688,5.555600000
401.500000000,15.006823682,197.148814194,3.156634055,-0.000032018,5.630685997,44.022165345,5.555600000
401.750000000,14.756851976,197.145053063,3.156635316,-0.000160018,5.627875589,41.522418575,5.555600000
402.000000000,14.506880252,197.141293147,3.156624288,-0.000457765,5.629765386,37.040020524,5.555600000
402.250000000,14.256908463,197.137537529,3.156551056,-0.000999882,5.631962653,31.623713044,5.555600000
402.500000000,14.006936191,197.133814224,3.156313739,-0.001807529,5.634104503,26.690264109,5.555600000
402.750000000,13.756962656,197.130177252,3.155807890,-0.002826840,5.636168183,22.860980589,5.555600000
403.000000000,13.506986776,197.126706846,3.154961777,-0.003927238,5.638141354,20.147131715,5.555600000
403.250000000,13.257007493,197.123492892,3.153779004,-0.004820583,5.640039303,18.536671843,5.555600000
403.500000000,13.007024129,197.120613825,3.152329241,-0.005162784,5.642113435,18.014678436,5.555600000
403.750000000,12.757036536,197.118124704,3.150717460,-0.004891870,5.645199743,18.424190257,5.555600000
404.000000000,12.507045133,197.116051486,3.149352713,-0.004170827,5.648281672,19.666859452,5.555600000
404.250000000,12.257051675,197.114244714,3.148509994,-0.003191994,5.651219558,21.842617651,5.555600000
404.500000000,12.007057142,197.112592844,3.148001112,-0.002280955,5.654037139,24.689646717,5.555600000
404.750000000,11.757061966,197.111040506,3.147680066,-0.001679918,5.659094292,27.318334113,5.555600000
405.000000000,11.507066415,197.109549156,3.147386650,-0.001118590,5.662114527,30.724977185,5.555600000
405.250000000,11.257070378,197.108143525,3.146981136,-0.000453623,5.660844272,37.092760019,5.555600000
405.500000000,11.007073702,197.106854928,3.146681775,-0.000033553,5.659561592,43.989451619,5.555600000
405.750000000,10.757076870,197.105598975,3.147032857,0.000069285,5.664124603,43.248215571,5.555600000
406.000000000,10.507081157,197.104134840,3.147514265,-0.000030862,5.668285039,44.046830800,5.555600000
406.250000000,10.257085637,197.102638187,3.147468568,-0.000480532,5.670371934,36.754131592,5.555600000
406.500000000,10.007089793,197.101196900,3.147072431,-0.001111388,5.666584601,30.777328858,5.555600000
406.750000000,9.757093179,197.099898312,3.146513324,-0.001242447,5.670322852,29.864408081,5.555600000
407.000000000,9.507095888,197.098736574,3.145999979,-0.000853580,5.676928135,32.848025833,5.555600000
407.250000000,9.257098068,197.097694656,3.145768672,-0.000445307,5.684062039,37.199316241,5.555600000
407.500000000,9.007100284,197.096648571,3.146108044,-0.000048168,5.687617697,43.681699157,5.555600000
407.750000000,8.757103222,197.095436969,3.146299005,0.000288678,5.682031572,39.395157130,5.555600000
408.000000000,8.507105828,197.094295405,3.146173484,0.000275130,5.683946767,39.603877732,5.555600000
408.250000000,8.257108468,197.093146562,3.146219399,0.000070515,5.685839806,43.223373758,5.555600000
408.500000000,8.007111180,197.091982040,3.146270946,0.000038579,5.687679622,43.882888850,5.555600000
408.750000000,7.757113940,197.090807424,3.146293596,0.000065134,5.690094518,43.332413465,5.555600000
409.000000000,7.507116705,197.089631578,3.146289740,0.000025697,5.694153103,44.157595375,5.555600000
409.250000000,7.257119455,197.088458890,3.146279196,-0.000004889,5.700770142,44.612426775,5.555600000
409.500000000,7.007122196,197.087288315,3.146276522,-0.000015145,5.710442983,44.386501892,5.555600000
409.750000000,6.757124940,197.086116964,3.146278066,-0.000009413,5.723271421,44.512361237,5.555600000
410.000000000,6.507127684,197.084945617,3.146274251,-0.000002763,5.739006060,44.659700521,5.555600000
410.250000000,6.257130419,197.083776174,3.146271221,-0.000003476,5.755728928,44.643844068,5.555600000
410.500000000,6.007133156,197.082606342,3.146274184,-0.000004280,5.772301171,44.625965113,5.555600000
410.750000000,5.757135899,197.081435417,3.146274626,-0.000000921,5.788423461,44.700785151,5.555600000
411.000000000,5.507138637,197.080265364,3.146271273,0.000000107,5.804079246,44.718973447,5.555600000
411.250000000,5.257141371,197.079096116,3.146270346,-0.000002035,5.819284347,44.675926328,5.555600000
411.500000000,5.007144107,197.077926527,3.146272825,-0.000001679,5.834052475,44.683853711,5.555600000
411.750000000,4.757146847,197.076756039,3.146272846,0.000000156,5.848407849,44.717882282,5.555600000
412.000000000,4.507149583,197.075586439,3.146270876,-0.000000673,5.862321037,44.706328928,5.555600000
412.250000000,4.257152318,197.074416936,3.146270824,-0.000002917,5.876160552,44.656280722,5.555600000
412.500000000,4.007155054,197.073247362,3.146271183,-0.000002777,5.890234837,44.659391554,5.555600000
412.750000000,3.757157791,197.072077680,3.146270306,-0.000001313,5.904092344,44.692038178,5.555600000
413.000000000,3.507160524,197.070908544,3.146268073,-0.000001560,5.917563984,44.686513695,5.555600000
413.250000000,3.257163255,197.069739979,3.146268707,-0.000002241,5.930662144,44.671323693,5.555600000
413.500000000,3.007165991,197.068570526,3.146269712,-0.000001321,5.943398877,44.691861155,5.555600000
413.750000000,2.757168724,197.067401459,3.146268395,-0.000000356,5.955726616,44.713400071,5.555600000
414.000000000,2.507171456,197.066232664,3.146267491,-0.000001282,5.967700110,44.692723162,5.555600000
414.250000000,2.257174188,197.065064048,3.146267587,-0.000004392,5.979346682,44.623479654,5.555600000
414.500000000,2.007176920,197.063895206,3.146268303,-0.000042057,5.990686667,43.809603739,5.555600000
414.750000000,1.757179653,197.062726232,3.146266911,-0.000081611,6.001713645,43.001093465,5.555600000
415.000000000,1.507182382,197.061558086,3.146260216,-0.000025282,6.012776849,44.166526529,5.555600000
415.250000000,1.257185100,197.060392460,3.146170528,0.000068671,6.027973189,43.260635654,5.555600000
415.500000000,1.007187624,197.059269156,3.146160523,0.000067791,6.035914277,43.278469393,5.555600000
415.750000000,0.757190320,197.058108533,3.146312161,0.000083747,6.040494582,42.958689792,5.555600000
416.000000000,0.507193196,197.056909412,3.146394732,0.000197905,6.048160790,40.860507113,5.555600000
416.250000000,0.257196087,197.055707503,3.146301872,0.000102298,6.060106387,42.595680963,5.555600000
416.500000000,0.007198745,197.054554811,3.146338239,-0.000203406,6.069282550,40.767013834,5.555600000
416.750000000,-0.242798278,197.053334719,3.146487575,-0.000222144,6.077969737,40.453292956,5.555600000
417.000000000,-0.492795265,197.052107360,3.146240853,-0.000022527,6.082877746,44.225989473,5.555600000
417.250000000,-0.742792836,197.051010628,3.145957525,0.000042531,6.091281317,43.799629825,5.555600000
417.500000000,-0.992790458,197.049924931,3.146183720,0.000195145,6.103299436,40.907667537,5.555600000
417.750000000,-1.242787531,197.048715103,3.146400073,0.000467553,6.114410251,36.916298305,5.555600000
418.000000000,-1.492784680,197.047521231,3.146532070,0.000511258,6.114845625,36.378576853,5.491661480
418.250000000,-1.742781424,197.046245405,3.146684220,0.000401462,6.073813396,37.776725118,5.399846833
418.500000000,-1.992778198,197.044975458,3.146683039,0.000389188,5.950407361,37.943250524,5.306443801
418.750000000,-2.242774945,197.043700223,3.146736351,0.000483209,5.795738572,36.720940805,5.211366981
419.000000000,-2.492771582,197.042403621,3.146851098,0.000689582,5.641156724,34.405305299,5.114523029
419.250000000,-2.742768029,197.041071013,3.147054014,0.000913038,5.486688171,32.333539182,5.015809587
419.500000000,-2.992764117,197.039672954,3.147370299,0.000997567,5.332306742,31.642028831,4.915114019
419.750000000,-3.242759671,197.038182207,3.147720915,0.000922065,5.178037370,32.257521507,4.812311899
420.000000000,-3.492754720,197.036608843,3.147981070,0.000708634,5.023939187,34.212944779,4.707265216
420.250000000,-3.742749466,197.034988021,3.148100297,0.000438445,4.869983514,37.287935943,4.599820194
420.500000000,-3.992744132,197.033355044,3.148109977,0.000237673,4.716138149,40.198697561,4.489804652
420.750000000,-4.242738847,197.031729382,3.148085921,0.000179796,4.562466395,41.172904736,4.377024768
421.000000000,-4.492733592,197.030108433,3.148101405,0.000228456,4.408989625,40.349223911,4.261261059
421.250000000,-4.742728255,197.028475029,3.148194763,0.000285962,4.255681352,39.436728378,4.142263369
421.500000000,-4.992722693,197.026807402,3.148336094,0.000272635,4.102542594,39.642681361,4.019744496
421.750000000,-5.242716885,197.025103335,3.148445320,0.000167744,3.949614618,41.384824244,3.893372037
422.000000000,-5.492710952,197.023381096,3.148465484,0.000017099,3.796944138,44.343845486,3.762757741
422.250000000,-5.742705075,197.021666946,3.148403430,-0.000092568,3.644500301,42.784928266,3.627443427
422.500000000,-5.992699355,197.019975734,3.148312098,-0.000106102,3.492289423,42.522369019,3.486881962
422.750000000,-6.242693787,197.018307249,3.148261507,-0.000040780,3.340411025,43.836468283,3.340411025
423.000000000,-6.492688236,197.016641332,3.148288488,0.000043361,3.188816680,43.782209277,3.188816680
423.250000000,-6.742682578,197.014959357,3.148357061,0.000086212,3.037577555,42.909924483,3.037577555
423.500000000,-6.992676797,197.013259154,3.148409903,0.000063092,2.886700540,43.374010103,2.886700540
423.750000000,-7.242670959,197.011550759,3.148414028,0.000002924,2.736236616,44.656128586,2.736236616
424.000000000,-7.492665164,197.009848493,3.148375106,-0.000045654,2.586244164,43.734173244,2.586244164
424.250000000,-7.742659459,197.008159558,3.148332618,-0.000055246,2.436759125,43.534958122,2.436759125
424.500000000,-7.992653807,197.006478536,3.148320240,-0.000025905,2.287846823,44.153118553,2.287846823
424.750000000,-8.242648144,197.004795790,3.148332588,0.000019329,2.139604367,44.295316948,2.139604367
425.000000000,-8.492642450,197.003108595,3.148353228,0.000055753,1.992089417,43.524503560,1.992089417
425.250000000,-8.742636717,197.001415529,3.148371144,0.000077187,2.269628360,43.089303484,2.172192497
425.500000000,-8.992630963,196.999719375,3.148384903,0.000092694,2.550988687,42.782455888,2.338465361
425.750000000,-9.242625184,196.998019430,3.148407338,0.000117726,2.791917806,42.300682283,2.493676050
426.000000000,-9.492619353,196.996312060,3.148438458,0.000163203,3.002504282,41.465536449,2.639776552
426.250000000,-9.742613467,196.994596555,3.148479093,0.000229224,3.192888662,40.336615924,2.778204500
426.500000000,-9.992607497,196.992868867,3.148539592,0.000324083,3.372686580,38.864891885,2.910055024
426.750000000,-10.242601402,196.991123113,3.148624462,0.000459318,3.546795950,37.020303354,3.036185147
427.000000000,-10.492595135,196.989352992,3.148740840,0.000636459,3.710804321,34.959280915,3.157280514
427.250000000,-10.742588626,196.987549051,3.148915162,0.000859610,3.870083535,32.794732285,3.273899852
427.500000000,-10.992581726,196.985691771,3.149150685,0.001128567,4.019988898,30.652884358,3.386505610
427.750000000,-11.242574338,196.983770071,3.149459147,0.001427438,4.160760766,28.703898527,3.495485695
428.000000000,-11.492566242,196.981758564,3.149853931,0.001759866,4.293385607,26.919750260,3.601169288
428.250000000,-11.742557255,196.979639480,3.150332788,0.002127292,4.418300852,25.288950866,3.703838582
428.500000000,-11.992547119,196.977388553,3.150891811,0.002443158,4.535231163,24.101081263,3.803737668
428.750000000,-12.242535608,196.974989968,3.151573701,0.002607614,4.645046262,23.545341218,3.901079369
429.000000000,-12.492522165,196.972398113,3.152354360,0.002617807,4.748792976,23.512146696,3.996050581
429.250000000,-12.742506601,196.969609219,3.153066613,0.002502893,4.847307704,23.894698335,4.088816485
429.500000000,-12.992489215,196.966661260,3.153639140,0.002280524,4.940844291,24.691267165,4.179523926
429.750000000,-13.242470297,196.963586122,3.154129976,0.002032501,5.029677280,25.681153930,4.268304141
430.000000000,-13.492449897,196.960392763,3.154592768,0.001853419,5.114216772,26.474772266,4.355274991
430.250000000,-13.742428026,196.957086248,3.155036604,0.001737234,5.194809770,27.030806013,4.440542787
430.500000000,-13.992404695,196.953670991,3.155465622,0.001607554,5.271773704,27.694806883,4.524203824
430.750000000,-14.242379898,196.950149987,3.155873678,0.001419268,5.345465417,28.752325772,4.606345650
431.000000000,-14.492353698,196.946530721,3.156238524,0.001196496,5.416233500,30.175177436,4.687048138
431.250000000,-14.742326266,196.942827314,3.156503105,0.000975271,5.483978046,31.820106059,4.766384400
431.500000000,-14.992298116,196.939075772,3.156674437,0.000776980,5.548907787,33.548544603,4.844421559
431.750000000,-15.242269399,196.935286708,3.156819027,0.000635462,5.611259382,34.969928417,4.921221418
432.000000000,-15.492240154,196.931462879,3.156958451,0.000573742,5.671218603,35.649076757,4.996841026
432.250000000,-15.742210371,196.927604111,3.157096202,0.000555923,5.728924866,35.852618447,5.071333182
432.500000000,-15.992180062,196.923711416,3.157234082,0.000508217,5.784575239,36.415232919,5.144746859
432.750000000,-16.242149206,196.919783716,3.157377814,0.000373257,5.811807126,38.162697956,5.217127586
433.000000000,-16.492117769,196.915819163,3.157505459,0.000127833,5.725190833,42.110721821,5.288517774
433.250000000,-16.742085902,196.911827649,3.157542561,-0.000235320,5.567573966,40.236968323,5.358957011
433.500000000,-16.992054170,196.907844548,3.157445235,-0.000686258,5.415643471,34.439189663,5.356190694
433.750000000,-17.242023075,196.903901690,3.157204631,-0.001136843,5.262012804,30.593467775,5.262012804
434.000000000,-17.491993228,196.900038876,3.156818965,-0.001515515,5.224112491,28.196912798,5.224112491
434.250000000,-17.741965094,196.896288829,3.156348662,-0.001828795,5.278556899,26.589750570,5.278556899
434.500000000,-17.991938765,196.892661140,3.155857252,-0.002126115,5.351942075,25.293709358,5.349127306
434.750000000,-18.241914194,196.889156772,3.155341758,-0.002459355,5.422250550,24.044592032,5.418778731
435.000000000,-18.491891468,196.885786805,3.154736121,-0.002860115,5.489676221,22.762234834,5.487546167
435.250000000,-18.741870943,196.882585229,3.153972188,-0.003354327,5.554415136,21.431594071,5.554415136
435.500000000,-18.991853052,196.879597198,3.153047051,-0.003923146,5.616656134,20.155502983,5.555600000
435.750000000,-19.241838017,196.876858157,3.152008576,-0.004439855,5.676541513,19.174380777,5.555600000
436.000000000,-19.491825815,196.874389331,3.150804616,-0.004813801,5.734184184,18.547480089,5.555600000
436.250000000,-19.741816681,196.872252242,3.149465398,-0.005079843,5.789522044,18.137140282,5.555600000
436.500000000,-19.991810180,196.870453001,3.148143274,-0.005258702,5.842820542,17.876104077,5.555600000
436.750000000,-20.241805763,196.868976957,3.146841462,-0.005363943,5.894248579,17.727678407,5.555600000
437.000000000,-20.491803046,196.867828610,3.145514558,-0.005513048,5.943925239,17.523580974,5.555600000
437.250000000,-20.741801640,196.867016011,3.144151882,-0.005646959,5.991967324,17.346166067,5.555600000
437.500000000,-20.991801148,196.866548998,3.142708277,-0.005535911,6.038456707,17.492905441,5.555600000
437.750000000,-21.241801132,196.866458199,3.141117777,-0.005190302,6.083321133,17.974593161,5.555600000
438.000000000,-21.491800899,196.866786436,3.139749564,-0.004695700,6.126600918,18.738785135,5.555600000
438.250000000,-21.741800151,196.867379743,3.138766681,-0.004060489,6.168608142,19.880109311,5.555600000
438.500000000,-21.991798770,196.868199420,3.137924004,-0.003414206,6.209375421,21.285737099,5.555600000
438.750000000,-22.241796691,196.869214064,3.137196905,-0.002904411,6.248918455,22.632746036,5.555600000
439.000000000,-22.491793891,196.870397287,3.136477928,-0.002512243,6.287237521,23.862872956,5.555600000
439.250000000,-22.741790115,196.871771415,3.135853898,-0.002182852,6.324018826,25.067255389,5.555600000
439.500000000,-22.991785633,196.873266649,3.135401321,-0.001860989,6.359739672,26.439725270,5.555600000
439.750000000,-23.241780501,196.874867062,3.135008757,-0.001505899,6.394506564,28.250959877,5.555600000
440.000000000,-23.491774775,196.876558573,3.134655022,-0.001185596,6.428396974,30.250322679,5.555600000
440.250000000,-23.741768458,196.878335850,3.134367339,-0.000930422,6.461359626,32.187617398,5.555600000
440.500000000,-23.991761720,196.880171199,3.134199739,-0.000712644,6.493077713,34.172871752,5.555600000
440.750000000,-24.241754792,196.882032273,3.134091489,-0.000534480,6.524039038,36.102256673,5.555600000
441.000000000,-24.491747651,196.883921746,3.133992533,-0.000411184,6.554046148,37.646376975,5.555600000
441.250000000,-24.741740351,196.885832297,3.133889637,-0.000343891,6.583272702,38.577399381,5.555600000
441.500000000,-24.991732816,196.887773216,3.133796524,-0.000304511,6.611438254,39.155350776,5.555600000
441.750000000,-25.241725155,196.889730322,3.133742594,-0.000261448,6.638888020,39.818087796,5.555600000
442.000000000,-25.491717410,196.891698206,3.133688906,-0.000212727,6.665839999,40.610050781,5.555600000
442.250000000,-25.741709538,196.893682155,3.133633839,-0.000186035,6.691972140,41.064470954,5.555600000
442.500000000,-25.991701574,196.895677571,3.133594712,-0.000183239,6.717219336,41.112961031,5.555600000
442.750000000,-26.241693546,196.897681083,3.133559632,-0.000182290,6.741844811,41.129463142,5.555600000
443.000000000,-26.491685442,196.899694039,3.133514399,-0.000180661,6.765898310,41.157820676,5.555600000
443.250000000,-26.741677231,196.901720167,3.133459004,-0.000177936,6.789317787,41.205399090,5.555600000
443.500000000,-26.991668903,196.903760819,3.133408016,-0.000164664,6.811943891,41.439515032,5.555600000
443.750000000,-27.241660484,196.905812440,3.133368882,-0.000137707,6.834069973,41.927587407,5.555600000
444.000000000,-27.491651995,196.907872658,3.133340622,-0.000105843,6.855706297,42.527344024,5.555600000
444.250000000,-27.741643460,196.909938409,3.133321748,-0.000077544,6.876757136,43.082164704,5.555600000
444.500000000,-27.991634893,196.912008064,3.133307388,-0.000054210,6.897167278,43.556348131,5.555600000
444.750000000,-28.241626299,196.914080994,3.133295025,-0.000037446,6.917127075,43.906847421,5.555600000
445.000000000,-28.491617680,196.916156831,3.133288013,-0.000028063,6.936647145,44.106755758,5.555600000
445.250000000,-28.741609057,196.918233267,3.133285966,-0.000008640,6.955546671,44.529399234,5.555600000
445.500000000,-28.991600430,196.920310127,3.133282790,0.000060877,6.933576747,43.419276280,5.555600000
445.750000000,-29.241591794,196.922388151,3.133276189,0.000215848,6.857965386,40.557890378,5.555600000
446.000000000,-29.491583139,196.924468311,3.133304623,0.000473787,6.702824663,36.838136229,5.555600000
446.250000000,-29.741574621,196.926532118,3.133430606,0.000865430,6.547708612,32.743535107,5.555600000
446.500000000,-29.991566480,196.928549290,3.133682993,0.001359852,6.392674555,29.112036669,5.555600000
446.750000000,-30.241558961,196.930486907,3.134070230,0.001776339,6.237712820,26.839766177,5.555600000
447.000000000,-30.491552304,196.932310466,3.134652322,0.001959796,6.082808858,25.994659713,5.555600000
447.250000000,-30.741546881,196.933957045,3.135328120,0.001905135,5.928005766,26.238065294,5.480157720
447.500000000,-30.991542462,196.935442712,3.135847958,0.001640049,5.773353677,27.523840104,5.388147051
447.750000000,-31.241538612,196.936829377,3.136165130,0.001247655,5.618777063,29.829785360,5.294537623
448.000000000,-31.491535088,196.938156460,3.136350931,0.000935560,5.464279643,32.144871384,5.199243083
448.250000000,-31.741531740,196.939450226,3.136471743,0.000828474,5.309914540,33.072772475,5.102169013
448.500000000,-31.991528530,196.940716904,3.136627838,0.000844276,5.155710000,32.930782701,5.003211832
448.750000000,-32.241525572,196.941932624,3.136887140,0.000840659,5.001626498,32.963117961,4.902257505
449.000000000,-32.491522983,196.943069652,3.137197133,0.000718968,4.847644479,34.109952934,4.799179997
449.250000000,-32.741520730,196.944130377,3.137429618,0.000442707,4.693839435,37.232817273,4.693839435
449.500000000,-32.991518646,196.945151164,3.137494705,0.000053680,4.586986355,43.567307562,4.586986355
449.750000000,-33.241516532,196.946179346,3.137402296,-0.000350149,4.629524624,38.487887097,4.629524624
450.000000000,-33.491514254,196.947246337,3.137219450,-0.000679712,4.734304737,34.506240262,4.709829959
450.250000000,-33.741511746,196.948365941,3.136999022,-0.000904544,4.833557600,32.405561288,4.788788808
450.500000000,-33.991508973,196.949543144,3.136752355,-0.001054423,4.927673545,31.201111822,4.866466710
450.750000000,-34.241505882,196.950786080,3.136472689,-0.001178282,5.017096707,30.301069853,4.942924058
451.000000000,-34.491502411,196.952103115,3.136162953,-0.001306392,5.103672680,29.447501207,5.018216640
451.250000000,-34.741498501,196.953500917,3.135822735,-0.001444390,5.187232163,28.604198236,5.092396120
451.500000000,-34.991494075,196.954988059,3.135450033,-0.001587505,5.268768534,27.801894250,5.165510453
451.750000000,-35.241489051,196.956572208,3.135035365,-0.001748672,5.349635680,26.974508624,5.237604247
452.000000000,-35.491483302,196.958266679,3.134578704,-0.001954091,5.429592138,26.019747497,5.308719078
452.250000000,-35.741476723,196.960079154,3.134088175,-0.002177086,5.507959885,25.089992008,5.378893775
452.500000000,-35.991469186,196.962018883,3.133525834,-0.002372905,5.584622865,24.350784250,5.448164667
452.750000000,-36.241460399,196.964112520,3.132861707,-0.002532877,5.659188658,23.793083332,5.516565802
453.000000000,-36.491450065,196.966384301,3.132180976,-0.002603913,5.730880326,23.557427350,5.555600000
453.250000000,-36.741438211,196.968818288,3.131500831,-0.002528706,5.799718204,23.807142974,5.555600000
453.500000000,-36.991424568,196.971430126,3.130833855,-0.002352527,5.865635597,24.424678028,5.555600000
453.750000000,-37.241409244,196.974197584,3.130270371,-0.002139428,5.928912708,25.240020353,5.555600000
454.000000000,-37.491392489,196.977091146,3.129795405,-0.001915629,5.989940371,26.190808069,5.555600000
454.250000000,-37.741374420,196.980096071,3.129365961,-0.001719679,6.048890041,27.117908345,5.555600000
454.500000000,-37.991355090,196.983204340,3.128967276,-0.001562371,6.105920035,27.937916419,5.555600000
454.750000000,-38.241334553,196.986408592,3.128578339,-0.001429444,6.161282707,28.692045489,5.555600000
455.000000000,-38.491312736,196.989711313,3.128226691,-0.001321557,6.215492837,29.351164590,5.555600000
455.250000000,-38.741289883,196.993091374,3.127933159,-0.001244795,6.267754030,29.848783858,5.555600000
455.500000000,-38.991266080,196.996540848,3.127654595,-0.001201642,6.318354769,30.139889043,5.555600000
455.750000000,-39.241241304,197.000060177,3.127374749,-0.001165911,6.367382318,30.387482487,5.555600000
456.000000000,-39.491215534,197.003649560,3.127058878,-0.001101542,6.414926760,30.849343707,5.555600000
456.250000000,-39.741188488,197.007326809,3.126742047,-0.001006646,6.460713436,31.570365092,5.555600000
456.500000000,-39.991160392,197.011074591,3.126503026,-0.000885077,6.505238204,32.572455429,5.555600000
456.750000000,-40.241131558,197.014871336,3.126330872,-0.000739928,6.548533253,33.903872724,5.555600000
457.000000000,-40.491102159,197.018705185,3.126181857,-0.000616054,6.590637944,35.179292213,5.555600000
457.250000000,-40.741072184,197.022576430,3.126039079,-0.000554421,6.631240477,35.869947271,5.555600000
457.500000000,-40.991041680,197.026481659,3.125912025,-0.000544837,6.670495305,35.981032949,5.555600000
457.750000000,-41.241010712,197.030416423,3.125792914,-0.000547760,6.708709904,35.947043013,5.555600000
458.000000000,-41.490979271,197.034381200,3.125654934,-0.000540712,6.745936198,36.029165272,5.555600000
458.250000000,-41.740947209,197.038384945,3.125495702,-0.000549089,6.781997255,35.931627011,5.555600000
458.500000000,-41.990914492,197.042429328,3.125355833,-0.000584871,6.816992906,35.523689062,5.555600000
458.750000000,-42.240881299,197.046502999,3.125243489,-0.000611223,6.851141000,35.231994647,5.555600000
459.000000000,-42.490847668,197.050603546,3.125088728,-0.000634660,6.884470989,34.978505260,5.555600000
459.250000000,-42.740813203,197.054754587,3.124896943,-0.000705221,6.916183553,34.247170657,5.555600000
459.500000000,-42.990777979,197.058951014,3.124725637,-0.000786850,6.947598846,33.455768338,5.555600000
459.750000000,-43.240742075,197.063187696,3.124539247,-0.000807809,6.978456127,33.261263207,5.555600000
460.000000000,-43.490705271,197.067477304,3.124297023,-0.000810895,7.008194406,33.232910843,5.555600000
460.250000000,-43.740667286,197.071835080,3.124068070,-0.000838098,7.037022610,32.986078338,5.555600000
460.500000000,-43.990628489,197.076239147,3.123898078,-0.000831037,7.065179535,33.049620953,5.555600000
460.750000000,-44.240589009,197.080681906,3.123697265,-0.000794194,7.092761689,33.387224672,5.555600000
461.000000000,-44.490548426,197.085186363,3.123472375,-0.000803065,7.119407202,33.304990114,5.555600000
461.250000000,-44.740506920,197.089741549,3.123286304,-0.000824887,7.145808646,33.105263799,5.555600000
461.500000000,-44.990464641,197.094339027,3.123093305,-0.000798948,7.171938614,33.343075889,5.555600000
461.750000000,-45.240421361,197.098990696,3.122865181,-0.000775765,7.197586480,33.560021393,5.555600000
462.000000000,-45.490376959,197.103702216,3.122667945,-0.000768193,7.222513408,33.631807939,5.555600000
462.250000000,-45.740331823,197.108452485,3.122504324,-0.000723131,7.246947258,34.068719310,5.555600000
462.500000000,-45.990285867,197.113245801,3.122314942,-0.000675112,7.270814597,34.553578304,5.555600000
462.750000000,-46.240238915,197.118090744,3.122144185,-0.000655258,7.293914298,34.760190077,5.555600000
463.000000000,-46.490191305,197.122969422,3.122006472,-0.000608357,7.316556439,35.263369465,5.555600000
463.250000000,-46.740143010,197.127883208,3.121838873,-0.000534239,7.338731405,36.105099806,5.555600000
463.500000000,-46.990093753,197.132845670,3.121695251,-0.000380025,7.360145036,38.069003816,5.555600000
463.750000000,-47.240044035,197.137831253,3.121603123,-0.000063626,7.381191945,43.363127035,5.555600000
464.000000000,-47.489993859,197.142839770,3.121520408,0.000047085,7.401859926,43.704292111,5.555600000
464.250000000,-47.739943314,197.147866702,3.121680187,-0.000220515,7.421813239,40.480276067,5.555600000
464.500000000,-47.989894711,197.152795345,3.122006094,-0.000415015,7.483442798,37.595379242,5.555600000
464.750000000,-48.239847381,197.157659355,3.121645742,-0.000622542,7.570857385,35.108881273,5.555600000
465.000000000,-48.489795176,197.162768138,3.121101345,-0.001174768,7.529176404,30.325536804,5.555600000
465.250000000,-48.739742409,197.167904292,3.120984648,-0.001616112,7.459414574,27.649472786,5.555600000
465.500000000,-48.989689003,197.173071411,3.120659591,-0.001755976,7.366453513,26.938739671,5.555600000
465.750000000,-49.239632846,197.178370059,3.120089769,-0.003513678,7.274846565,21.049883247,5.555600000
466.000000000,-49.489573359,197.183822024,3.119521788,-0.007542278,7.342644445,15.301293943,5.555600000
466.250000000,-49.739511009,197.189404594,3.118835359,-0.010409452,7.480757294,13.239835779,5.555600000
466.500000000,-49.989443834,197.195199688,3.114466353,-0.009688127,7.342006761,13.679309793,5.555600000
466.750000000,-50.239318726,197.202965855,3.108322335,-0.006755515,7.349482217,16.058674268,5.555600000
467.000000000,-50.489161466,197.211831590,3.106403577,-0.002778537,7.444805043,23.006638172,5.555600000
467.250000000,-50.739009162,197.220556762,3.108987837,0.001554218,7.560706066,27.982467053,5.555600000
467.500000000,-50.988893070,197.228131023,3.112480657,0.003353613,7.547843320,21.433352296,5.555600000
467.750000000,-51.238795616,197.235110655,3.113874925,0.000490275,7.482442897,36.633789066,5.555600000
468.000000000,-51.488700999,197.241988112,3.112799296,-0.005211237,7.481149501,17.944275743,5.555600000
468.250000000,-51.738587526,197.249505321,3.110310597,-0.009795331,7.487696207,13.611218826,5.555600000
468.500000000,-51.988454833,197.257626542,3.106306460,-0.011849152,7.480153897,12.476068859,5.555600000
468.750000000,-52.238273579,197.267144661,3.102133985,-0.012192481,7.377659904,12.312656372,5.555600000
469.000000000,-52.488064700,197.277350720,3.099733304,-0.010630906,7.353115511,13.113186120,5.555600000
469.250000000,-52.737834623,197.288068184,3.097318074,-0.007259377,7.370729825,15.561138374,5.555600000
469.500000000,-52.987573994,197.299480746,3.095310656,-0.004307966,7.404251602,19.411134174,5.555600000
469.750000000,-53.237299046,197.311200914,3.094729172,-0.002920305,7.404120815,22.586819816,5.555600000
470.000000000,-53.487024868,197.322903902,3.095562822,-0.002120147,7.397713088,25.317886683,5.555600000
470.250000000,-53.736769186,197.334207692,3.095534557,-0.002547746,7.410726155,23.743172534,5.555600000
470.500000000,-53.986494352,197.345924797,3.094216060,-0.004573611,7.426410651,18.942909006,5.555600000
470.750000000,-54.236207919,197.357887117,3.093112299,-0.005757585,7.445702281,17.203595845,5.555600000
471.000000000,-54.485906712,197.370155471,3.090558156,-0.005170116,7.472027720,18.003972103,5.555600000
471.250000000,-54.735555501,197.383393217,3.088299822,-0.004324337,7.458411483,19.381269595,5.555600000
471.500000000,-54.985196297,197.396789246,3.088403602,-0.002811813,7.450331091,22.905998568,5.555600000
471.750000000,-55.234848316,197.409975201,3.088421733,-0.000042950,7.478142088,43.790832458,5.555600000
472.000000000,-55.484489617,197.423362178,3.088095791,0.002321326,7.496586174,24.539134747,5.555600000
472.250000000,-55.734132956,197.436710872,3.088545149,0.003891523,7.512115316,20.220550034,5.555600000
472.500000000,-55.983786207,197.449873489,3.090205452,0.005891320,7.526001402,17.035848866,5.555600000
472.750000000,-56.233472329,197.462393135,3.092301285,0.007772325,7.505540219,15.099328957,5.555600000
473.000000000,-56.483178273,197.474509163,3.094252852,0.008056911,7.498906556,14.860210065,5.555600000
473.250000000,-56.732911557,197.486054167,3.096992970,0.006866583,7.542410808,15.944904904,5.555600000
473.500000000,-56.982680113,197.496801570,3.099078770,0.005344374,7.563241508,17.754996775,5.555600000
473.750000000,-57.232459374,197.507304689,3.099814095,0.004367050,7.578149490,19.303994663,5.555600000
474.000000000,-57.482243789,197.517684771,3.099859092,0.004583158,7.592546351,18.926705309,5.555600000
474.250000000,-57.732023998,197.528165412,3.100055976,0.005820229,7.593452244,17.124406241,5.555600000
474.500000000,-57.981812092,197.538447121,3.102107465,0.007607531,7.592395900,15.243184058,5.555600000
474.750000000,-58.231633207,197.547902835,3.105422170,0.009977953,7.601312772,13.497530150,5.555600000
475.000000000,-58.481483775,197.556528374,3.108021257,0.011640613,7.608863279,12.578560216,5.555600000
475.250000000,-58.731350470,197.564685347,3.110670743,0.011597351,7.617305878,12.600140451,5.555600000
475.500000000,-58.981243824,197.571986837,3.114189196,0.011782175,7.636711443,12.508712837,5.555600000
475.750000000,-59.231161176,197.578385317,3.117075747,0.013081171,7.619916410,11.917786960,5.555600000
476.000000000,-59.481092358,197.584244032,3.119447233,0.013894294,7.594904785,11.587907925,5.555600000
476.250000000,-59.731038000,197.589457110,3.123451643,0.014150965,7.614381495,11.489334036,5.555600000
476.500000000,-59.981006172,197.593313969,3.127943224,0.014363170,7.625369418,11.409709410,5.555600000
476.750000000,-60.230988318,197.596281570,3.131652353,0.013551174,7.631558922,11.723734573,5.555600000
477.000000000,-60.480980298,197.598284026,3.134989934,0.011899002,7.637664513,12.451937783,5.555600000
477.250000000,-60.730976228,197.599582898,3.137440904,0.010828690,7.648569881,13.003093168,5.555600000
477.500000000,-60.980974997,197.600359891,3.139335798,0.011006108,7.661231174,12.906660028,5.555600000
477.750000000,-61.230974750,197.600711325,3.141806552,0.012209829,7.648247098,12.304568900,5.555600000
478.000000000,-61.480973173,197.600252942,3.144860741,0.013657399,7.645065972,11.681175321,5.555600000
478.250000000,-61.730970400,197.599077289,3.149296794,0.015390314,7.650555138,11.046415206,5.555600000
478.500000000,-61.980956073,197.596400927,3.153658580,0.017371810,7.668429152,10.433716251,5.555600000
478.750000000,-62.230932016,197.593044496,3.157261590,0.018868313,7.673358148,10.033085111,5.555600000
479.000000000,-62.480891913,197.588566823,3.162356474,0.020664673,7.656944412,9.608131214,5.555600000
479.250000000,-62.730821933,197.582663380,3.167740337,0.022887059,7.653283682,9.150264727,5.555600000
479.500000000,-62.980715244,197.575494622,3.173587877,0.023663038,7.653012011,9.005165735,5.555600000
479.750000000,-63.230559402,197.566668710,3.181028992,0.023430978,7.656342543,9.047832925,5.555600000
480.000000000,-63.480321107,197.555781776,3.187108599,0.023000958,7.660701777,9.128527123,5.555600000
480.250000000,-63.730037654,197.543918773,3.191666847,0.021930033,7.667753671,9.339264190,5.555600000
480.500000000,-63.979690860,197.530755317,3.197007120,0.021731964,7.679538234,9.379863509,5.555600000
480.750000000,-64.229267465,197.516225867,3.201823314,0.022621685,7.662501231,9.201519757,5.555600000
481.000000000,-64.478779560,197.500658472,3.207618516,0.023128283,7.647940714,9.104409612,5.555600000
481.250000000,-64.728171829,197.483237325,3.214848804,0.023652743,7.655655419,9.007045943,5.555600000
481.500000000,-64.977433453,197.464063522,3.220480663,0.023389966,7.674589741,9.055436650,5.555600000
481.750000000,-65.226612028,197.443834598,3.226013806,0.021114900,7.687359739,9.509824547,5.555600000
482.000000000,-65.475648220,197.421903453,3.231948204,0.020110426,7.665497096,9.733443160,5.555600000
482.250000000,-65.724569376,197.398718543,3.235968309,0.021898800,7.626770952,9.345631213,5.555600000
482.500000000,-65.973420864,197.374785862,3.239286108,0.023450028,7.596459799,9.044307399,5.555600000
482.750000000,-66.222184124,197.349949590,3.246319534,0.024450727,7.646822348,8.864717506,5.555600000
483.000000000,-66.470666907,197.322519614,3.254921553,0.025509084,7.660080218,8.685956289,5.555600000
483.250000000,-66.718965444,197.293407638,3.261664965,0.025605535,7.652905699,8.670197744,5.555600000
483.500000000,-66.967063441,197.262628032,3.267377906,0.024819307,7.652969786,8.801216555,5.555600000
483.750000000,-67.215011772,197.230681157,3.271648756,0.023921620,7.650258891,8.958325946,5.555600000
484.000000000,-67.462837419,197.197783582,3.277970030,0.024096710,7.645609765,8.927021870,5.555600000
484.250000000,-67.710364080,197.162704357,3.285319127,0.025372649,7.643644223,8.708395075,5.555600000
484.500000000,-67.957675741,197.126168409,3.291071398,0.025116473,7.643649417,8.751001106,5.555600000
484.750000000,-68.204782464,197.088243911,3.298213023,0.022532101,7.645533116,9.219017603,5.555600000
485.000000000,-68.451550983,197.048178747,3.304245020,0.020216804,7.644995684,9.709011612,5.555600000
485.250000000,-68.698180435,197.007276280,3.308164721,0.019528309,7.614226684,9.870483026,5.555600000
485.500000000,-68.944627447,196.965277829,3.311454458,0.020211582,7.542121175,9.710206433,5.555600000
485.750000000,-69.190984179,196.922753264,3.315478024,0.021471423,7.615762290,9.434083462,5.555600000
486.000000000,-69.437079316,196.878774045,3.322627054,0.022447471,7.657091457,9.235639865,5.555600000
486.250000000,-69.682802919,196.832731557,3.330359565,0.023241873,7.634849601,9.083054307,5.555600000
486.500000000,-69.928193578,196.784950867,3.335728420,0.022385587,7.631647276,9.247851690,5.555600000
486.750000000,-70.173407020,196.736272898,3.340009153,0.019449142,7.644128858,9.889571074,5.555600000
487.000000000,-70.418380462,196.686392915,3.345027603,0.017775818,7.680467278,10.320852419,5.555600000
487.250000000,-70.663093889,196.635256061,3.349041176,0.018161989,7.606015504,10.216325064,5.555600000
487.500000000,-70.907658150,196.583411461,3.352568319,0.018423396,7.550438297,10.147344874,5.555600000
487.750000000,-71.152005462,196.530549464,3.357959164,0.018710080,7.596300619,10.073277709,5.555600000
488.000000000,-71.395995931,196.476071243,3.363183285,0.018967747,7.603952616,10.008073112,5.555600000
488.250000000,-71.639776261,196.420659489,3.367911859,0.017284008,7.600711252,10.458738280,5.555600000
488.500000000,-71.883242128,196.363875935,3.372931988,0.014084526,7.597217203,11.514608253,5.555600000
488.750000000,-72.126454327,196.306019274,3.376096755,0.010908878,7.593815526,12.959241231,5.555600000
489.000000000,-72.369555856,196.247695858,3.377640605,0.007988595,7.590033085,14.916573910,5.555600000
489.250000000,-72.612589094,196.189088304,3.378713089,0.005696956,7.584864560,17.281295160,5.555600000
489.500000000,-72.855564965,196.130243576,3.379654216,0.004148070,7.570194758,19.710278382,5.555600000
489.750000000,-73.098487328,196.071178708,3.381161120,0.003143898,7.567081392,21.969009377,5.555600000
490.000000000,-73.341284796,196.011601953,3.382110010,0.003174567,7.627992166,21.888160050,5.555600000
490.250000000,-73.584094756,195.952076147,3.381997527,0.004053831,7.592350908,19.893199113,5.555600000
490.500000000,-73.826905616,195.892554017,3.382215910,0.005237503,7.527898686,17.906454800,5.555600000
490.750000000,-74.069689558,195.832922165,3.384087818,0.006724359,7.555204323,16.091027315,5.555600000
491.000000000,-74.312275166,195.772491591,3.386862086,0.007712805,7.564701320,15.150815118,5.555600000
491.250000000,-74.554724332,195.711513613,3.389502786,0.007304710,7.564265306,15.518608192,5.555600000
491.500000000,-74.796988114,195.649802513,3.391415629,0.005552464,7.562183508,17.470795737,5.555600000
491.750000000,-75.039202347,195.587897418,3.392079805,0.003105996,7.537015518,22.070171899,5.555600000
492.000000000,-75.281383940,195.525864562,3.392485675,0.000593629,7.506048020,35.425943233,5.555600000
492.250000000,-75.523547890,195.463762859,3.392345380,-0.001222471,7.536949318,29.998321052,5.555600000
492.500000000,-75.765746856,195.401797966,3.391784484,-0.001926685,7.549450731,26.141291547,5.555600000
492.750000000,-76.007980277,195.339967970,3.390618007,-0.002237105,7.549937688,24.856306598,5.555600000
493.000000000,-76.250323170,195.278568277,3.389821251,-0.002117978,7.549400123,25.326693912,5.555600000
493.250000000,-76.492654849,195.217124353,3.389927518,-0.000705420,7.550692752,34.245166205,5.555600000
493.500000000,-76.734984672,195.155673159,3.389310775,0.001649310,7.552158479,27.475688403,5.555600000
493.750000000,-76.977391960,195.094528193,3.389524146,0.003862463,7.539299412,20.280882678,5.555600000
494.000000000,-77.219695290,195.032973654,3.391114794,0.005754109,7.533343836,17.208022917,5.555600000
494.250000000,-77.461906749,194.971057851,3.393447738,0.006556141,7.532612295,16.269154352,5.555600000
494.500000000,-77.703920498,194.908373359,3.395957183,0.006521894,7.531899093,16.306148991,5.555600000
494.750000000,-77.945817868,194.845242783,3.397666376,0.007681640,7.491973003,15.177984920,5.555600000
495.000000000,-78.187615902,194.781731369,3.397558890,0.009330471,7.424731773,13.914093940,5.555600000
495.250000000,-78.429527211,194.718652698,3.399384795,0.010411085,7.509061932,13.238888699,5.555600000
495.500000000,-78.671088842,194.654259463,3.404381782,0.011928036,7.539580319,12.437947705,5.555600000
495.750000000,-78.912357608,194.588766361,3.408349197,0.014158512,7.527535016,11.486473389,5.555600000
496.000000000,-79.153403561,194.522457626,3.411301988,0.015598462,7.530404311,10.976934403,5.555600000
496.250000000,-79.394280772,194.455541000,3.413743276,0.015773877,7.557649596,10.919387449,5.555600000
496.500000000,-79.634999885,194.388056196,3.418596607,0.016895565,7.602077850,10.571638195,5.555600000
496.750000000,-79.875216864,194.318804460,3.424166050,0.019381558,7.545844522,9.905953918,5.555600000
497.000000000,-80.115167800,194.248643005,3.427999611,0.020213939,7.527230042,9.709667200,5.555600000
497.250000000,-80.354846764,194.177551556,3.433890447,0.019262000,7.547072801,9.935136703,5.555600000
497.500000000,-80.593956102,194.104567503,3.439608620,0.018884781,7.552191803,10.028929924,5.555600000
497.750000000,-80.832804836,194.030740188,3.443266000,0.017873481,7.557718016,10.294114556,5.555600000
498.000000000,-81.071374023,193.956009050,3.447651580,0.016857024,7.563913923,10.583040353,5.555600000
498.250000000,-81.309567454,193.880089162,3.451725966,0.017869902,7.550553820,10.295090615,5.555600000
498.500000000,-81.547518671,193.803416831,3.454847711,0.018336354,7.551904027,10.170158207,5.555600000
498.750000000,-81.785233573,193.726011240,3.460793943,0.018429783,7.569302229,10.145676874,5.555600000
499.000000000,-82.022257020,193.646514280,3.466755322,0.019900332,7.575964797,9.782242020,5.555600000
499.250000000,-82.259031000,193.566280434,3.470003096,0.019914775,7.574354227,9.778863933,5.555600000
499.500000000,-82.495533300,193.485245490,3.475448876,0.019525572,7.563384114,9.871141189,5.555600000
499.750000000,-82.731420157,193.402437340,3.480875545,0.021900966,7.562850081,9.345189169,5.555600000
500.000000000,-82.967027667,193.318840869,3.484552912,0.023947322,7.567712770,8.953710203,5.555600000
500.250000000,-83.202299498,193.234299957,3.491810379,0.024570019,7.579174229,8.844015118,5.555600000
500.500000000,-83.436668917,193.147292543,3.499700296,0.025456309,7.589044122,8.694615282,5.555600000
500.750000000,-83.670574223,193.059050988,3.505619758,0.024425465,7.594594629,8.869120270,5.555600000
501.000000000,-83.903898453,192.969274578,3.512129451,0.021877822,7.593687803,9.349914958,5.555600000
501.250000000,-84.136637641,192.877994279,3.516939534,0.020412402,7.549262165,9.664564746,5.555600000
501.500000000,-84.369086406,192.785977845,3.520487063,0.018936846,7.540191044,10.015826102,5.555600000
501.750000000,-84.601172804,192.693048281,3.525718041,0.018072120,7.604541592,10.240366820,5.555600000
502.000000000,-84.832646294,192.598605011,3.530632881,0.018855393,7.607702453,10.036349101,5.555600000
502.250000000,-85.063806975,192.503399075,3.534458393,0.019009405,7.603351736,9.997649558,5.555600000
502.500000000,-85.294552019,192.407187201,3.539790839,0.018734480,7.606873020,10.067048261,5.555600000
502.750000000,-85.524683921,192.309521538,3.544774138,0.019208693,7.615505298,9.948231615,5.555600000
503.000000000,-85.754457637,192.211015164,3.548954332,0.019112323,7.619642514,9.972037041,5.555600000
503.250000000,-85.983766315,192.111428368,3.554232708,0.018532102,7.608264175,10.119067773,5.555600000
503.500000000,-86.212487072,192.010501974,3.558880188,0.017988969,7.608383894,10.262763018,5.555600000
503.750000000,-86.440859281,191.908788511,3.563149703,0.016533730,7.611915114,10.680162100,5.555600000
504.000000000,-86.668711133,191.805912210,3.567745419,0.014256045,7.614700982,11.449697763,5.555600000
504.250000000,-86.896138970,191.702103931,3.570955390,0.011504961,7.591606857,12.646601252,5.555600000
504.500000000,-87.123325448,191.597767070,3.573565872,0.008702704,7.572214252,14.357162129,5.555600000
504.750000000,-87.350208971,191.492772465,3.575187074,0.006860053,7.612501907,15.951527120,5.555600000
505.000000000,-87.577056171,191.387699423,3.575605188,0.005550779,7.624538911,17.473041921,5.555600000
505.250000000,-87.803851728,191.282515169,3.577046684,0.003855057,7.622842593,20.296345402,5.555600000
505.500000000,-88.030395067,191.176788562,3.578804247,0.002299976,7.621004522,24.618388344,5.555600000
505.750000000,-88.256819489,191.070807744,3.579593963,0.001143146,7.639952316,30.548446335,5.555600000
506.000000000,-88.483195508,190.964723483,3.578796627,0.000386551,7.663461698,37.979304235,5.555600000
506.250000000,-88.709788732,190.859103832,3.577745575,0.000661607,7.612166462,34.693716571,5.555600000
506.500000000,-88.936387301,190.753495648,3.577764160,0.001981058,7.603382244,25.901791283,5.555600000
506.750000000,-89.162976564,190.647867591,3.579053152,0.003973045,7.625446639,20.054128903,5.555600000
507.000000000,-89.389302123,190.541675591,3.580999075,0.005519909,7.628124408,17.514358918,5.555600000
507.250000000,-89.615478414,190.435166565,3.582344159,0.005334764,7.630321772,17.768458981,5.555600000
507.500000000,-89.841517482,190.328366096,3.584130652,0.003616313,7.632077497,20.814567050,5.555600000
507.750000000,-90.067311975,190.221049532,3.585178850,0.001621819,7.618071891,27.619360890,5.555600000
508.000000000,-90.293126644,190.113775433,3.584975369,-0.000028756,7.616605545,44.091909579,5.555600000
508.250000000,-90.518964796,190.006550765,3.584117638,-0.001228808,7.628923192,29.955645623,5.555600000
508.500000000,-90.744963149,189.899664205,3.583280142,-0.001564131,7.633808512,27.928326251,5.555600000
508.750000000,-90.970980583,189.792817965,3.583122779,-0.001190000,7.642718753,30.219894613,5.555600000
509.000000000,-91.197012579,189.686002531,3.583114705,0.000138043,7.657631583,41.921384441,5.555600000
509.250000000,-91.423031739,189.579159941,3.583129188,0.002242177,7.633524258,24.836856638,5.555600000
509.500000000,-91.649060638,189.472337961,3.582988820,0.003818034,7.620094178,20.374176292,5.555600000
509.750000000,-91.875109784,189.365558826,3.584754073,0.004684885,7.635479818,18.756602021,5.555600000
510.000000000,-92.100759846,189.257939656,3.587254282,0.005368399,7.649085567,17.721474790,5.555600000
510.250000000,-92.326272146,189.150031562,3.588528280,0.005549938,7.659666464,17.474164129,5.555600000
510.500000000,-92.551647558,189.041837644,3.589427817,0.003834135,7.664335666,20.340217729,5.555600000
510.750000000,-92.776965432,188.933523976,3.590111182,0.000338463,7.620276875,38.655546295,5.555600000
511.000000000,-93.002192610,188.825022205,3.591506544,-0.002353331,7.588202387,24.421752061,5.555600000
511.250000000,-93.227207342,188.716080155,3.590087144,-0.003461088,7.628918020,21.173595446,5.555600000
511.500000000,-93.452740508,188.608218735,3.586541603,-0.004616716,7.645279925,18.870080861,5.555600000
511.750000000,-93.678522089,188.500875004,3.585531199,-0.005470587,7.649112589,17.580982887,5.555600000
512.000000000,-93.904274036,188.393468959,3.585355108,-0.004131919,7.650202388,19.741271517,5.555600000
512.250000000,-94.130093385,188.286204762,3.584720856,-0.001564822,7.648777155,27.924560743,5.555600000
512.500000000,-94.355981315,188.179085208,3.583196399,0.000360318,7.646496368,38.343766566,5.555600000
512.750000000,-94.582126678,188.072510001,3.583102553,0.001789616,7.648653681,26.775820300,5.555600000
513.000000000,-94.808034387,187.965432998,3.585058189,0.003271896,7.651711233,21.637378880,5.555600000
513.250000000,-95.033761161,187.857974101,3.586728909,0.003514034,7.655345696,21.049054131,5.555600000
513.500000000,-95.259310220,187.750142648,3.587821091,0.001790954,7.657605655,26.769402196,5.555600000
513.750000000,-95.484801716,187.642190943,3.588275902,0.000498198,7.621107131,36.536787515,5.555600000
514.000000000,-95.710252572,187.534154382,3.586808129,-0.000086473,7.555763280,42.904759718,5.555600000
514.250000000,-95.936060019,187.426865069,3.585829998,-0.001020131,7.652147107,31.464822407,5.555600000
514.500000000,-96.161721602,187.319269846,3.587202599,-0.000837828,7.687723873,32.988498233,5.555600000
514.750000000,-96.387233669,187.211361051,3.587131221,0.000612001,7.660970770,35.223483708,5.555600000
515.000000000,-96.612910811,187.103797947,3.586415448,0.001730075,7.643769908,27.066226129,5.555600000
515.250000000,-96.838577119,186.996212095,3.586574016,0.003511470,7.654830207,21.055035837,5.555600000
515.500000000,-97.064220148,186.888577421,3.587594114,0.007378290,7.702887968,15.450313850,5.555600000
515.750000000,-97.289666449,186.780531410,3.589763677,0.011459611,7.674408366,12.669595806,5.555600000
516.000000000,-97.514839111,186.671919238,3.593348812,0.014284008,7.652901793,11.439218810,5.555600000
516.250000000,-97.739504951,186.562259490,3.598643562,0.015760440,7.664071494,10.923763557,5.555600000
516.500000000,-97.963515057,186.451268881,3.602994870,0.015163322,7.668828525,11.123710856,5.555600000
516.750000000,-98.187217368,186.339658487,3.606883213,0.013204642,7.671920150,11.865877424,5.555600000
517.000000000,-98.410358565,186.226928695,3.609875572,0.012383690,7.674845782,12.224386064,5.555600000
517.250000000,-98.633389583,186.113981173,3.611145145,0.012872950,7.666258218,12.006891462,5.555600000
517.500000000,-98.856243308,186.000685418,3.613858772,0.013349657,7.658785800,11.805768003,5.555600000
517.750000000,-99.078658090,185.886529100,3.618738886,0.014100312,7.668794595,11.508587900,5.555600000
518.000000000,-99.300394274,185.771064266,3.623321504,0.014176651,7.673997733,11.479607049,5.555600000
518.250000000,-99.521753164,185.654874451,3.626811361,0.013121117,7.679234900,11.900918378,5.555600000
518.500000000,-99.742679697,185.537863908,3.629460058,0.012951797,7.695200626,11.972915567,5.555600000
518.750000000,-99.963420114,185.420503032,3.630985416,0.014087984,7.672417723,11.513288544,5.555600000
519.000000000,-100.183988339,185.302819218,3.634414952,0.016193388,7.633120230,10.785350601,5.555600000
519.250000000,-100.403918747,185.183946953,3.640024949,0.018890878,7.658433418,10.027392611,5.555600000
519.500000000,-100.623150065,185.063797258,3.645327810,0.019749283,7.677497207,9.817783500,5.555600000
519.750000000,-100.841807276,184.942599291,3.651426949,0.017905916,7.691120796,10.285280373,5.555600000
520.000000000,-101.059559624,184.819782700,3.656245554,0.015675091,7.682886267,10.951683669,5.555600000
520.250000000,-101.277038256,184.696483392,3.658527878,0.014396501,7.668565128,11.397352649,5.555600000
520.500000000,-101.494227724,184.572674123,3.660676638,0.014035715,7.647813847,11.533282991,5.555600000
520.750000000,-101.711174868,184.448441107,3.663863809,0.014614560,7.661589953,11.317489998,5.555600000
521.000000000,-101.927568506,184.323251200,3.668882167,0.015599542,7.678965629,10.976577510,5.555600000
521.250000000,-102.143258023,184.196846957,3.673879536,0.016409919,7.680866065,10.718070861,5.555600000
521.500000000,-102.358391575,184.069499383,3.677430210,0.016199759,7.682380880,10.783352731,5.555600000
521.750000000,-102.573177094,183.941567205,3.680773069,0.015498943,7.683121236,11.009990327,5.555600000
522.000000000,-102.787454693,183.812784013,3.684792038,0.016182467,7.682537548,10.788777405,5.555600000
522.250000000,-103.001205479,183.683129243,3.688453265,0.017443988,7.680191386,10.413280995,5.555600000
522.500000000,-103.214532873,183.552781372,3.693055786,0.017929583,7.681875821,10.278848795,5.555600000
522.750000000,-103.427081558,183.421164288,3.698710033,0.018088637,7.695079779,10.235935375,5.555600000
523.000000000,-103.638921520,183.288412247,3.703103117,0.017318929,7.695025512,10.448764979,5.555600000
523.250000000,-103.850304950,183.154933199,3.707285840,0.015371513,7.676009586,11.052756011,5.555600000
523.500000000,-104.061028206,183.020412906,3.711180919,0.013895780,7.603949947,11.587329967,5.555600000
523.750000000,-104.271365645,182.885291061,3.713625349,0.012901062,7.645015471,11.994744783,5.555600000
524.000000000,-104.481428478,182.749742351,3.716569196,0.012339344,7.722170856,12.244689010,5.555600000
524.250000000,-104.690967136,182.613384181,3.719983355,0.013043629,7.683831862,11.933705708,5.555600000
524.500000000,-104.900099165,182.476404490,3.722658231,0.013507494,7.666812231,11.741370643,5.555600000
524.750000000,-105.108905085,182.338927471,3.726656886,0.014554200,7.665527054,11.339428309,5.555600000
525.000000000,-105.316935566,182.200279287,3.730758411,0.018063218,7.687771115,10.242757490,5.555600000
525.250000000,-105.524606402,182.061094293,3.733204838,0.021205500,7.677500091,9.490404413,5.555600000
525.500000000,-105.731955932,181.921429965,3.739733296,0.023483580,7.639404649,9.038108168,5.555600000
525.750000000,-105.937792386,181.779544961,3.748066262,0.026274145,7.648901101,8.563265880,5.555600000
526.000000000,-106.142781735,181.636447190,3.754262474,0.026424231,7.655135710,8.539801424,5.555600000
526.250000000,-106.346844146,181.492022357,3.761861545,0.023243507,7.657801073,9.082748199,5.555600000
526.500000000,-106.549638509,181.345823285,3.767786789,0.019913693,7.658899088,9.779116728,5.555600000
526.750000000,-106.751974142,181.198991127,3.771211566,0.016564579,7.661462199,10.670778957,5.555600000
527.000000000,-106.953762807,181.051406119,3.774696544,0.013863880,7.666238107,11.599757388,5.555600000
527.250000000,-107.155070971,180.903166639,3.777416276,0.013291538,7.660382871,11.829748681,5.555600000
527.500000000,-107.356053290,180.754486627,3.780119164,0.013602366,7.650994351,11.703166290,5.555600000
527.750000000,-107.556557297,180.605160998,3.784188883,0.014738312,7.637592403,11.272906785,5.555600000
528.000000000,-107.756322872,180.454849988,3.788038281,0.016520336,7.671581239,10.684243698,5.555600000
528.250000000,-107.955670466,180.303985808,3.791875720,0.017839673,7.690987401,10.303346840,5.555600000
528.500000000,-108.154277053,180.152145683,3.797082833,0.019421089,7.641973409,9.896361336,5.555600000
528.750000000,-108.352042637,179.999213736,3.801753387,0.020821383,7.642201933,9.573568838,5.555600000
529.000000000,-108.549220779,179.845526187,3.807153748,0.020669287,7.655141959,9.607108299,5.555600000
529.250000000,-108.745324020,179.690466460,3.813626001,0.019396915,7.659215971,9.902224308,5.555600000
529.500000000,-108.940496217,179.534239527,3.818341299,0.016849899,7.660299976,10.585152434,5.555600000
529.750000000,-109.135128074,179.377337668,3.822290297,0.013084562,7.657487052,11.916352131,5.555600000
530.000000000,-109.329061804,179.219572943,3.825038046,0.009863391,7.641653022,13.568514468,5.555600000
530.250000000,-109.522828795,179.061603596,3.825993717,0.007434975,7.644221767,15.398311765,5.555600000
530.500000000,-109.716460572,178.903468532,3.827497382,0.005341378,7.656114351,17.759190809,5.555600000
530.750000000,-109.909751681,178.744917130,3.829128369,0.003947978,7.661020001,20.104863639,5.555600000
531.000000000,-110.102866566,178.586151311,3.830090667,0.002560115,7.663327630,23.701891329,5.555600000
531.250000000,-110.295852170,178.427228195,3.830591131,0.002135200,7.662650698,25.257036864,5.555600000
531.500000000,-110.488808132,178.268269091,3.830310575,0.003877711,7.640179071,20.249157725,5.555600000
531.750000000,-110.681882828,178.109454329,3.829580809,0.005802337,7.638597996,17.146912105,5.555600000
532.000000000,-110.875070590,177.950777019,3.832382958,0.007365641,7.656910212,15.461989675,5.555600000
532.250000000,-111.067252199,177.790882720,3.836530324,0.009203781,7.660912102,14.000206267,5.555600000
532.500000000,-111.259116736,177.630608788,3.838657303,0.009697623,7.663699608,13.673237206,5.555600000
532.750000000,-111.450616490,177.469898352,3.840658486,0.007313002,7.665305174,15.510865884,5.555600000
533.000000000,-111.641838398,177.308857472,3.842242333,0.003891565,7.622188094,20.220461814,5.555600000
533.250000000,-111.832827864,177.147541438,3.843965455,0.002093413,7.609933337,25.427052107,5.555600000
533.500000000,-112.023493678,176.985842497,3.843230343,0.001681491,7.652138868,27.310324768,5.555600000
533.750000000,-112.214720165,176.824807387,3.841686196,0.000957955,7.661456950,31.960504890,5.555600000
534.000000000,-112.405884263,176.663698199,3.842863131,0.000065191,7.664083071,43.331258041,5.555600000
534.250000000,-112.596731354,176.502213254,3.844241412,0.000771951,7.664019108,33.596118561,5.555600000
534.500000000,-112.787450782,176.340577584,3.844361266,0.002516571,7.659972294,23.848183681,5.555600000
534.750000000,-112.978259002,176.179047028,3.842997512,0.004018465,7.656154349,19.963171031,5.555600000
535.000000000,-113.169418598,176.017932134,3.843848904,0.005892279,7.655961344,17.034663869,5.555600000
535.250000000,-113.359951112,175.856077227,3.846991840,0.008314976,7.659181821,14.652917959,5.555600000
535.500000000,-113.550093832,175.693764228,3.850158851,0.010093454,7.663130159,13.427080749,5.555600000
535.750000000,-113.739597870,175.530705282,3.853174495,0.009028844,7.664864135,14.121784122,5.555600000
536.000000000,-113.928758325,175.367248310,3.854971701,0.004741776,7.627042636,18.663447093,5.555600000
536.250000000,-114.117674928,175.203509360,3.857108323,0.000400274,7.584408590,37.792751308,5.555600000
536.500000000,-114.306135378,175.039245369,3.856304509,-0.001844966,7.643086838,26.514072312,5.555600000
536.750000000,-114.495313890,174.875811276,3.852700637,-0.003369478,7.663868363,21.394406136,5.555600000
537.000000000,-114.684953400,174.712909913,3.851633430,-0.004772410,7.658588480,18.613858057,5.555600000
537.250000000,-114.874481512,174.549878951,3.851900376,-0.004654643,7.637175890,18.806691697,5.555600000
537.500000000,-115.064034025,174.386876363,3.851755982,-0.003722608,7.648582332,20.578990358,5.555600000
537.750000000,-115.253609206,174.223900145,3.849725850,-0.003298236,7.687621396,21.570979366,5.555600000
538.000000000,-115.443821991,174.061668531,3.847642702,-0.002718909,7.651361339,23.190344805,5.555600000
538.250000000,-115.634074530,173.899483552,3.847384844,-0.001063472,7.639106679,31.132620553,5.555600000
538.500000000,-115.824370954,173.737350055,3.847903374,0.001140910,7.653351486,30.564390906,5.555600000
538.750000000,-116.014455192,173.574967863,3.848955712,0.002165190,7.655293460,25.137096002,5.555600000
539.000000000,-116.204409887,173.412434273,3.849867446,0.001673781,7.656180309,27.349670099,5.555600000
539.250000000,-116.394197720,173.249705731,3.850353376,-0.000024537,7.656588359,44.182588199,5.555600000
539.500000000,-116.583994435,173.086987549,3.850087144,-0.002213330,7.602871077,24.948093101,5.555600000
539.750000000,-116.773868847,172.924360120,3.849385525,-0.003301368,7.510256243,21.563124938,5.555600000
540.000000000,-116.963893707,172.761908428,3.847412215,-0.003810837,7.355545249,20.389411256,5.555600000
540.250000000,-117.154408379,172.600031701,3.845877624,-0.004021586,7.200753875,19.956966631,5.555600000
540.500000000,-117.344930917,172.438164011,3.846089781,-0.001876833,7.068837101,26.366813223,5.555600000
540.750000000,-117.535376996,172.276206367,3.844823648,0.002171263,6.966469914,25.113015108,5.555600000
541.000000000,-117.726308835,172.114821632,3.844595059,0.005652137,6.808908647,17.339413400,5.555600000
541.250000000,-117.916828620,171.952951341,3.847510611,0.008634590,6.647479580,14.407823458,5.555600000
541.500000000,-118.106815439,171.790456634,3.851207369,0.010931523,6.525857130,12.946937676,5.555600000
541.750000000,-118.296133550,171.627181904,3.854890341,0.010673014,6.494585373,13.089513375,5.555600000
542.000000000,-118.484919021,171.463291557,3.857609539,0.008469297,6.522113871,14.533028689,5.555600000
542.250000000,-118.673346231,171.298989792,3.859137948,0.006212084,6.550508722,16.652698381,5.555600000
542.500000000,-118.861629838,171.134523129,3.859650222,0.004391098,6.567911465,19.260891283,5.555600000
542.750000000,-119.049888778,170.970028254,3.860240989,0.002906877,6.572698734,22.625601255,5.555600000
543.000000000,-119.237977931,170.805339243,3.861386942,0.001626321,6.610233814,27.595677530,5.555600000
543.250000000,-119.425859340,170.640413354,3.862090682,-0.000089558,6.640373706,42.843983402,5.555600000
543.500000000,-119.613716505,170.475459779,3.861923997,-0.002073103,6.663139910,25.510938903,5.555600000
543.750000000,-119.801652897,170.310596523,3.860929976,-0.002578972,6.682235247,23.639368141,5.555600000
544.000000000,-119.989837631,170.146016737,3.858737336,-0.001101920,6.726168680,30.846575538,5.555600000
544.250000000,-120.178494989,169.981979388,3.857707840,0.001268854,6.723686275,29.690104832,5.555600000
544.500000000,-120.367017858,169.817787712,3.859322358,0.003808551,6.729482135,20.394256899,5.555600000
544.750000000,-120.555144706,169.653141903,3.861937519,0.005605165,6.764013292,17.400958723,5.555600000
545.000000000,-120.742806557,169.487966149,3.864088585,0.005202412,6.804502128,17.957037832,5.555600000
545.250000000,-120.930223332,169.322512525,3.865100106,0.003111600,6.814931435,22.055126607,5.555600000
545.500000000,-121.117550641,169.156957462,3.865357976,0.001370717,6.801996792,29.045249333,5.555600000
545.750000000,-121.304882135,168.991407136,3.864678246,0.000756871,6.769055431,33.739997648,5.555600000
546.000000000,-121.492434337,168.826106889,3.864360633,0.000988381,6.836295626,31.715033048,5.555600000
546.250000000,-121.679870930,168.660675615,3.865092266,0.001637393,6.874689624,27.537692272,5.555600000
546.500000000,-121.867181018,168.495101139,3.865988602,0.002085242,6.888481136,25.460702448,5.555600000
546.750000000,-122.054320771,168.329334096,3.866940433,0.002880075,6.878828874,22.703611334,5.555600000
547.000000000,-122.241315349,168.163403322,3.867189273,0.004724133,6.936591848,18.692187983,5.555600000
547.250000000,-122.428372558,167.997543183,3.867062711,0.006319903,6.959078385,16.529599253,5.555600000
547.500000000,-122.615408857,167.831659989,3.869590384,0.007558548,6.943399959,15.286742571,5.555600000
547.750000000,-122.801625222,167.664856316,3.873300796,0.009601961,6.972529766,13.734785961,5.555600000
548.000000000,-122.987425446,167.497589689,3.875427988,0.010755702,7.005023027,13.043396852,5.555600000
548.250000000,-123.172930294,167.329995461,3.877598075,0.009632228,7.030026785,13.715222543,5.555600000
548.500000000,-123.358003029,167.161923802,3.880658800,0.009689353,7.026122054,13.678525880,5.555600000
548.750000000,-123.542478565,166.993197092,3.882883523,0.012309613,6.978623530,12.258357477,5.555600000
549.000000000,-123.726801617,166.824303655,3.884088234,0.014203048,6.993544825,11.469636678,5.555600000
549.250000000,-123.910869481,166.655133508,3.888863966,0.015364516,7.064995368,11.055118889,5.555600000
549.500000000,-124.093571002,166.484487224,3.894936041,0.017363832,7.076284867,10.435982641,5.555600000
549.750000000,-124.275570935,166.313094232,3.898828417,0.018196284,7.077730450,10.207195192,5.555600000
550.000000000,-124.456937665,166.141031635,3.903125131,0.017391059,7.089293024,10.428254646,5.555600000
550.250000000,-124.637458720,165.968080345,3.907256103,0.017844213,7.138997931,10.302105674,5.555600000
550.500000000,-124.817398351,165.794524568,3.911186711,0.019220609,7.128412410,9.945299970,5.555600000
550.750000000,-124.996552366,165.620161332,3.916090910,0.019500205,7.125936223,9.877246559,5.555600000
551.000000000,-125.174781246,165.444848851,3.922283938,0.019385186,7.148507314,9.905072612,5.555600000
551.250000000,-125.351763730,165.268278201,3.927721023,0.018512255,7.165100778,10.124212951,5.555600000
551.500000000,-125.528074761,165.091039004,3.931410652,0.015811011,7.177704363,10.907320574,5.555600000
551.750000000,-125.703749217,164.913167445,3.935494979,0.014037752,7.179282617,11.532501977,5.555600000
552.000000000,-125.878607537,164.734492970,3.938063187,0.014706410,7.127130371,11.284349627,5.555600000
552.250000000,-126.053366316,164.555721158,3.939839177,0.014811907,7.163470531,11.246642062,5.555600000
552.500000000,-126.227587002,164.376428652,3.945260158,0.014295104,7.220378873,11.435068718,5.555600000
552.750000000,-126.400397333,164.195772654,3.950637344,0.015551285,7.225950675,10.992567616,5.555600000
553.000000000,-126.572681491,164.014615128,3.953297967,0.016773174,7.235623137,10.607975270,5.555600000
553.250000000,-126.744527614,163.833042601,3.955997872,0.016438984,7.257500661,10.709135376,5.555600000
553.500000000,-126.915831213,163.650957246,3.960782617,0.017494607,7.298560135,10.399020795,5.555600000
553.750000000,-127.085931918,163.467748595,3.966249523,0.020068567,7.276666729,9.743107619,5.555600000
554.000000000,-127.255233074,163.283802632,3.970745451,0.020653349,7.264309297,9.610643347,5.555600000
554.250000000,-127.423679942,163.099071457,3.976926298,0.019165065,7.274479939,9.958987355,5.555600000
554.500000000,-127.590695672,162.913045260,3.982540844,0.017467094,7.284779734,10.406764261,5.555600000
554.750000000,-127.757056837,162.726435117,3.985872898,0.015055784,7.295493385,11.160900744,5.555600000
555.000000000,-127.922829080,162.539300154,3.989071803,0.013029290,7.302427428,11.939802711,5.555600000
555.250000000,-128.087993767,162.351628562,3.991590853,0.013202534,7.270020570,11.866757824,5.555600000
555.500000000,-128.252821048,162.163660865,3.993720320,0.013646752,7.287203335,11.685420128,5.555600000
555.750000000,-128.417184148,161.975288480,3.998320065,0.013830015,7.296601539,11.612994010,5.555600000
556.000000000,-128.580275423,161.785812264,4.003099917,0.015962406,7.142820435,10.858535897,5.555600000
556.250000000,-128.742830821,161.595876581,4.005961638,0.018883353,6.995302214,10.029290036,5.555600000
556.500000000,-128.904834403,161.405470700,4.009276007,0.020065050,6.865426415,9.743920826,5.555600000
556.750000000,-129.066127437,161.214461389,4.015941203,0.020915179,6.765960831,9.553059559,5.555600000
557.000000000,-129.225578827,161.021912538,4.023307427,0.022432228,6.697782966,9.238643439,5.555600000
557.250000000,-129.384039355,160.828549102,4.028275174,0.022105471,6.684994179,9.303740428,5.555600000
557.500000000,-129.541569332,160.634426184,4.033074208,0.018874641,6.703676813,10.031487976,5.555600000
557.750000000,-129.698167731,160.439549450,4.038243903,0.015060921,6.721767708,11.159115544,5.555600000
558.000000000,-129.853682831,160.243807388,4.042236792,0.013396064,6.739999219,11.786724174,5.555600000
558.250000000,-130.008719775,160.047686620,4.044198407,0.013679871,6.713908089,11.672231096,5.555600000
558.500000000,-130.163465860,159.851335791,4.045036427,0.013335605,6.700884255,11.811552608,5.555600000
558.750000000,-130.318174116,159.654955151,4.049803193,0.012997453,6.808258966,11.953373613,5.555600000
559.000000000,-130.471040609,159.457138851,4.055714469,0.014778151,6.808994679,11.258666066,5.555600000
559.250000000,-130.623416206,159.258943176,4.058105180,0.016601023,6.813019143,10.659726117,5.555600000
559.500000000,-130.775335602,159.060397578,4.060823585,0.016644915,6.841220846,10.646459623,5.555600000
559.750000000,-130.926631585,158.861376158,4.065356589,0.017876667,6.912363879,10.293245664,5.555600000
560.000000000,-131.076744337,158.661461976,4.070985452,0.021102698,6.860362230,9.512449308,5.555600000
560.250000000,-131.225788752,158.460751971,4.076144472,0.023085316,6.830602972,9.112526816,5.555600000
560.500000000,-131.373831406,158.259298819,4.082366753,0.022640376,6.861784037,9.197881496,5.555600000
560.750000000,-131.520367224,158.056748724,4.089318628,0.021489615,6.877539754,9.430267030,5.555600000
561.000000000,-131.665593859,157.853257956,4.094574597,0.019877007,6.888967038,9.787705079,5.555600000
561.250000000,-131.809992823,157.649178147,4.098368145,0.016643158,6.885868970,10.646989785,5.555600000
561.500000000,-131.953672230,157.444590200,4.102485684,0.013825851,6.853536789,11.614624883,5.555600000
561.750000000,-132.096385978,157.239327788,4.105717920,0.013252469,6.904397340,11.845951569,5.555600000
562.000000000,-132.238739737,157.033815461,4.107575259,0.013193101,6.932651169,11.870700549,5.555600000
562.250000000,-132.380689880,156.828024531,4.110882584,0.012793117,6.936775627,12.041588858,5.555600000
562.500000000,-132.521681245,156.621574937,4.115191318,0.013931276,6.947523126,11.573548552,5.555600000
562.750000000,-132.661852739,156.414568415,4.118645244,0.016234470,6.962061052,10.772488215,5.555600000
563.000000000,-132.801414246,156.207150376,4.121541130,0.017320743,6.971299413,10.448247592,5.555600000
563.250000000,-132.940384743,155.999335071,4.126580242,0.018071640,6.971253318,10.240495538,5.555600000
563.500000000,-133.077849062,155.790520644,4.132463729,0.019826487,6.989808959,9.799569398,5.555600000
563.750000000,-133.214363803,155.581085776,4.136912001,0.020547401,7.016865833,9.634241895,5.555600000
564.000000000,-133.349964458,155.371057488,4.142103581,0.019156200,7.042572957,9.961177224,5.555600000
564.250000000,-133.484298104,155.160215197,4.147648916,0.018133046,7.042749439,10.224049548,5.555600000
564.500000000,-133.617561296,154.948695655,4.151840838,0.018358433,7.048528964,10.164356653,5.555600000
564.750000000,-133.750122144,154.736735244,4.155093538,0.018449803,7.055007346,10.140453809,5.555600000
565.000000000,-133.882006934,154.524352566,4.159614721,0.018772544,7.060367303,10.057353609,5.555600000
565.250000000,-134.012646164,154.311201520,4.165296932,0.019575409,7.071484710,9.859179250,5.555600000
565.500000000,-134.142107454,154.097336141,4.170580017,0.019301781,7.078898137,9.925397971,5.555600000
565.750000000,-134.270486920,153.882817227,4.175840950,0.017924355,7.084919420,10.280268443,5.555600000
566.000000000,-134.397692218,153.667599170,4.180031823,0.016997031,7.098431350,10.541794876,5.555600000
566.250000000,-134.524269309,153.452011489,4.182930776,0.016261633,7.112877207,10.764009092,5.555600000
566.500000000,-134.650224104,153.236060485,4.186791613,0.015300093,7.128072774,11.076943841,5.555600000
566.750000000,-134.775132936,153.019501523,4.191577809,0.015434228,7.144359124,11.031646649,5.555600000
567.000000000,-134.899015124,152.802354208,4.195497225,0.016075243,7.157832062,10.822598656,5.555600000
567.250000000,-135.022222125,152.584823549,4.198625747,0.015323854,7.169908408,11.068879188,5.555600000
567.500000000,-135.144743441,152.366904924,4.202922367,0.014115127,7.180735300,11.502946581,5.555600000
567.750000000,-135.266077026,152.148322834,4.206988073,0.014051472,7.146299009,11.527244761,5.555600000
568.000000000,-135.386821985,151.929415769,4.209690960,0.014129032,7.160318582,11.497659224,5.555600000
568.250000000,-135.506972120,151.710181115,4.212671852,0.013360305,7.207667014,11.801390143,5.555600000
568.500000000,-135.626410200,151.490557471,4.216579795,0.012744948,7.209590741,12.062669884,5.555600000
568.750000000,-135.744842749,151.270391222,4.220290858,0.012147656,7.205834483,12.333627776,5.555600000
569.000000000,-135.862647342,151.049887414,4.223020305,0.010416991,7.207156587,13.235463682,5.555600000
569.250000000,-135.979876788,150.829076959,4.225521058,0.008718842,7.229896598,14.345237303,5.555600000
569.500000000,-136.096577123,150.607986593,4.227210864,0.008457879,7.219151852,14.541798669,5.555600000
569.750000000,-136.213059627,150.386781247,4.228083215,0.008601118,7.214013561,14.432916067,5.555600000
570.000000000,-136.329374124,150.165487465,4.230584539,0.008945301,7.231913371,14.180972795,5.555600000
570.250000000,-136.444748456,149.943702373,4.233871317,0.010047205,7.239317404,13.455157559,5.555600000
570.500000000,-136.559605526,149.721649237,4.236172830,0.010417849,7.244971838,13.234966900,5.555600000
570.750000000,-136.673957883,149.499335183,4.238922332,0.009261015,7.250032574,13.961106619,5.555600000
571.000000000,-136.787592364,149.276653389,4.241489746,0.008001690,7.225834545,14.905720657,5.555600000
571.250000000,-136.900801521,149.053755389,4.243222605,0.007028273,7.230081816,15.783522763,5.555600000
571.500000000,-137.013663589,148.830681071,4.244385776,0.005643092,7.257506658,17.351213496,5.555600000
571.750000000,-137.126354054,148.607520011,4.245662590,0.004227595,7.264222928,19.559783783,5.555600000
572.000000000,-137.238646021,148.384158380,4.247003249,0.003148196,7.260983586,21.957624895,5.555600000
572.250000000,-137.350737717,148.160695963,4.247516556,0.001794635,7.270658315,26.751765279,5.555600000
572.500000000,-137.462800405,147.937218998,4.247764779,0.000699009,7.342710230,34.309723572,5.555600000
572.750000000,-137.574781147,147.713700966,4.247714092,0.001186501,7.302367355,30.244063897,5.555600000
573.000000000,-137.686866446,147.490235448,4.246820859,0.002537493,7.259254764,23.777555298,5.555600000
573.250000000,-137.799246319,147.266917817,4.247592501,0.004015574,7.288701371,19.968924621,5.555600000
573.500000000,-137.910986576,147.043279662,4.249893554,0.006003143,7.316131032,16.899291726,5.555600000
573.750000000,-138.022337399,146.819447482,4.251731508,0.007558837,7.329996087,15.286484282,5.555600000
574.000000000,-138.133254910,146.595399929,4.253786290,0.007084083,7.323156301,15.728946278,5.555600000
574.250000000,-138.243685052,146.371111811,4.255756513,0.005351826,7.275791821,17.744578647,5.555600000
574.500000000,-138.353718697,146.146629261,4.257553931,0.004117761,7.277549869,19.768557504,5.555600000
574.750000000,-138.463341870,145.921945573,4.257642322,0.003408427,7.339488177,21.299685461,5.555600000
575.000000000,-138.573335984,145.697443257,4.257362301,0.002304021,7.350127498,24.603314592,5.555600000
575.250000000,-138.683084910,145.472821126,4.258449899,0.000966795,7.356943233,31.888597010,5.555600000
575.500000000,-138.792590426,145.248080084,4.259613966,0.000460776,7.363313035,37.001831668,5.555600000
575.750000000,-138.901816167,145.023202923,4.259456528,0.000474364,7.394673109,36.830921793,5.555600000
576.000000000,-139.011392352,144.798496560,4.258156714,0.000448063,7.395675398,37.163896743,5.555600000
576.250000000,-139.121202317,144.573904112,4.257999849,0.001150443,7.378034032,30.496570018,5.555600000
576.500000000,-139.230849091,144.349231940,4.258998262,0.003094446,7.387928130,22.101280683,5.555600000
576.750000000,-139.340210316,144.124420767,4.260185761,0.004915914,7.398065759,18.386711906,5.555600000
577.000000000,-139.449323145,143.899488901,4.261760842,0.005375081,7.407138890,17.712184792,5.555600000
577.250000000,-139.557975689,143.674334232,4.263588513,0.004378266,7.409323790,19.283854322,5.555600000
577.500000000,-139.666265557,143.449005087,4.264857832,0.002221993,7.392965456,24.914530511,5.555600000
577.750000000,-139.774346163,143.223575323,4.265577979,0.000351299,7.376808384,38.471509353,5.555600000
578.000000000,-139.882311448,142.998090296,4.264551706,-0.000564889,7.399125254,35.749773756,5.555600000
578.250000000,-139.990854391,142.772883137,4.262949881,-0.001358965,7.408869959,29.117511614,5.555600000
578.500000000,-140.099541468,142.547745207,4.263277725,-0.001828482,7.413129159,26.591223783,5.555600000
578.750000000,-140.207936866,142.322466629,4.263756402,-0.001054547,7.415944922,31.200170568,5.555600000
579.000000000,-140.316408382,142.097224697,4.263282000,0.000209547,7.402848459,40.663391988,5.555600000
579.250000000,-140.425017438,141.872049145,4.262276486,0.001003133,7.393616297,31.598035014,5.555600000
579.500000000,-140.533941703,141.647025803,4.262588733,0.001917866,7.410154339,26.180766125,5.555600000
579.750000000,-140.642410093,141.421782520,4.264162739,0.003025237,7.415640186,22.290472060,5.555600000
580.000000000,-140.750625405,141.196417481,4.265379219,0.003061562,7.417698129,22.190569609,5.555600000
580.250000000,-140.858545528,140.970910836,4.266453845,0.002159964,7.418980832,25.157872501,5.555600000
580.500000000,-140.966276255,140.745313672,4.266667732,0.001768783,7.355786423,26.876367230,5.555600000
580.750000000,-141.074099862,140.519760965,4.265851390,0.001584022,7.337187986,27.820625341,5.555600000
581.000000000,-141.182198783,140.294339973,4.266299992,0.001336318,7.438484500,29.258295328,5.555600000
581.250000000,-141.289819969,140.068690641,4.267663921,0.001729501,7.437020052,27.069073474,5.555600000
581.500000000,-141.397303569,139.842975616,4.268129197,0.002088285,7.416840885,25.448153840,5.555600000
581.750000000,-141.504714781,139.617226127,4.268333174,0.002079262,7.402177097,25.485411473,5.555600000
582.000000000,-141.612106293,139.391467267,4.268509699,0.002808032,7.444470473,22.917365622,5.555600000
582.250000000,-141.719437792,139.165679884,4.268862395,0.004245852,7.460832099,19.525717185,5.555600000
582.500000000,-141.826670029,138.939845326,4.270299676,0.006110286,7.419618356,16.771483234,5.555600000
582.750000000,-141.933351996,138.713750448,4.272513523,0.008082696,7.421774938,14.839101355,5.555600000
583.000000000,-142.039583083,138.487443689,4.274563472,0.008763063,7.433674793,14.312712548,5.555600000
583.250000000,-142.145337245,138.260913212,4.277555112,0.008452294,7.448614246,14.546094202,5.555600000
583.500000000,-142.250212505,138.033974630,4.280023710,0.008852157,7.439850832,14.247849766,5.555600000
583.750000000,-142.354846916,137.806924877,4.281046008,0.009864173,7.419692492,13.568025518,5.555600000
584.000000000,-142.459258009,137.579772234,4.282897917,0.010433359,7.387594880,13.225986581,5.555600000
584.250000000,-142.563050785,137.352336421,4.286309489,0.010589450,7.417639086,13.136618401,5.555600000
584.500000000,-142.665908686,137.124478596,4.290469496,0.010336958,7.435214218,13.282099646,5.555600000
584.750000000,-142.767805639,136.896187092,4.293192654,0.009450944,7.438273452,13.833664692,5.555600000
585.000000000,-142.869421895,136.667770507,4.294350636,0.008406451,7.440537960,14.581496320,5.555600000
585.250000000,-142.970789804,136.439243752,4.295435628,0.008114802,7.435785533,14.812944101,5.555600000
585.500000000,-143.071910153,136.210607220,4.297399063,0.009466709,7.424914773,13.823242212,5.555600000
585.750000000,-143.172379943,135.981684042,4.300396031,0.011754983,7.434695672,12.522038972,5.555600000
586.000000000,-143.272127575,135.752446600,4.303553131,0.013030317,7.441403120,11.939365755,5.555600000
586.250000000,-143.371149886,135.522893658,4.307656907,0.012278099,7.445089220,12.272895808,5.555600000
586.500000000,-143.469013174,135.292844148,4.311516784,0.010744796,7.447462622,13.049451660,5.555600000
586.750000000,-143.566260204,135.062534229,4.313893667,0.009926853,7.401210687,13.529054455,5.555600000
587.000000000,-143.663028788,134.832022105,4.314596631,0.009938510,7.329098067,13.521843882,5.555600000
587.250000000,-143.759952199,134.601575034,4.316214506,0.010590487,7.427225789,13.136030537,5.555600000
587.500000000,-143.855973892,134.370752209,4.319812641,0.011268552,7.460239620,12.767866847,5.555600000
587.750000000,-143.951236295,134.139614004,4.324207289,0.011457428,7.447427990,12.670705897,5.555600000
588.000000000,-144.045226030,133.907954923,4.327679317,0.010831782,7.425912728,13.001393905,5.555600000
588.250000000,-144.138881202,133.676160564,4.328982320,0.009449284,7.458055862,13.834763366,5.555600000
588.500000000,-144.232266893,133.444257381,4.330472335,0.008641025,7.510181823,14.403014126,5.555600000
588.750000000,-144.325230959,133.212184801,4.332634242,0.009734319,7.447347387,13.649845748,5.555600000
589.000000000,-144.417612918,132.979880397,4.335008886,0.011344914,7.434504119,12.728316371,5.555600000
589.250000000,-144.509473604,132.747369320,4.338480296,0.011887310,7.450018292,12.457585255,5.555600000
589.500000000,-144.600240675,132.514428686,4.342517118,0.011853877,7.453190175,12.473775564,5.555600000
589.750000000,-144.690221042,132.281183885,4.345299797,0.011339407,7.454281084,12.731156525,5.555600000
590.000000000,-144.779690286,132.047741793,4.347525017,0.011032370,7.450462213,12.892567279,5.555600000
590.250000000,-144.868632005,131.814098110,4.349752777,0.011637801,7.419488055,12.579959452,5.555600000
590.500000000,-144.957060185,131.580259897,4.352084901,0.011780111,7.428031729,12.509722632,5.555600000
590.750000000,-145.044910778,131.346204946,4.356493436,0.011415051,7.451566682,12.692312367,5.555600000
591.000000000,-145.131273886,131.111595881,4.360417906,0.011392084,7.455376168,12.704068467,5.555600000
591.250000000,-145.217285043,130.876857692,4.361857153,0.010513546,7.457811343,13.179849439,5.555600000
591.500000000,-145.302972388,130.642001236,4.363958228,0.009576723,7.457717823,13.751163001,5.555600000
591.750000000,-145.387996427,130.406903569,4.366359612,0.010921834,7.449955728,12.952197496,5.555600000
592.000000000,-145.472554840,130.171638250,4.368502545,0.012906563,7.450698440,11.992372134,5.555600000
592.250000000,-145.556570172,129.936179269,4.372350637,0.013940625,7.454856578,11.569927070,5.555600000
592.500000000,-145.639315526,129.700269951,4.377228969,0.014552325,7.458216710,11.340111620,5.555600000
592.750000000,-145.721029620,129.464002416,4.380852779,0.013908432,7.466860722,11.582412108,5.555600000
593.000000000,-145.802062840,129.227500167,4.384316571,0.012757733,7.456722591,12.057063822,5.555600000
593.250000000,-145.882138517,128.990671356,4.386926328,0.012919158,7.376320653,11.986944886,5.555600000
593.500000000,-145.961936385,128.753748858,4.388697880,0.013329370,7.433331002,11.814121750,5.555600000
593.750000000,-146.041172002,128.516639158,4.392776039,0.013583335,7.506795684,11.710800201,5.555600000
594.000000000,-146.119034847,128.279073636,4.397603523,0.014643011,7.485346827,11.307193606,5.555600000
594.250000000,-146.195977765,128.041209206,4.400889208,0.014872812,7.480557936,11.225044399,5.555600000
594.500000000,-146.272277579,127.803137872,4.404311985,0.013851339,7.493862497,11.604653780,5.555600000
594.750000000,-146.347590577,127.564751730,4.407919673,0.014137725,7.543324745,11.494357381,5.555600000
595.000000000,-146.422170755,127.326135707,4.410736209,0.015532420,7.510418621,10.998837505,5.555600000
595.250000000,-146.496139456,127.087329952,4.414271689,0.016451647,7.470378312,10.705249420,5.555600000
595.500000000,-146.569030653,126.848192181,4.419565329,0.017444864,7.486151643,10.413033490,5.555600000
595.750000000,-146.640466786,126.608617234,4.424466850,0.017877239,7.490752241,10.293089700,5.555600000
596.000000000,-146.711009916,126.368777531,4.428893845,0.016404463,7.492044464,10.719750575,5.555600000
596.250000000,-146.780322487,126.128578098,4.433374082,0.014896881,7.493886333,11.216543314,5.555600000
596.500000000,-146.848713895,125.888115356,4.436326816,0.014763138,7.477519846,11.264026326,5.555600000
596.750000000,-146.916606707,125.647511037,4.438521250,0.014614508,7.466966411,11.317508894,5.555600000
597.000000000,-146.983942254,125.406749902,4.442753108,0.015161432,7.486517591,11.124361216,5.555600000
597.250000000,-147.049795955,125.165580655,4.447515372,0.016957892,7.493711410,10.553276702,5.555600000
597.500000000,-147.114835135,124.924189916,4.451288769,0.017792154,7.496626630,10.316365478,5.555600000
597.750000000,-147.178867274,124.682529234,4.456315664,0.018059078,7.497716945,10.243869807,5.555600000
598.000000000,-147.241476212,124.440497197,4.460927044,0.019210112,7.485090143,9.947882349,5.555600000
598.250000000,-147.303276655,124.198257151,4.464827553,0.019945732,7.475767588,9.771634881,5.555600000
598.500000000,-147.363995910,123.955742879,4.470588584,0.020214870,7.485682329,9.709453929,5.555600000
598.750000000,-147.423001000,123.712807680,4.476240735,0.020552459,7.489721479,9.633111506,5.555600000
599.000000000,-147.480974616,123.469624085,4.481227859,0.019943824,7.495425481,9.772079973,5.555600000
599.250000000,-147.537554121,123.226110719,4.486551870,0.019379397,7.509708916,9.906479331,5.555600000
599.500000000,-147.592935235,122.982322884,4.490583749,0.019618520,7.457122162,9.848866554,5.555600000
599.750000000,-147.647549046,122.738362289,4.494691766,0.019650031,7.427724158,9.841349168,5.555600000
600.000000000,-147.700925528,122.494126847,4.500585957,0.020353784,7.518776872,9.677820844,5.555600000
600.250000000,-147.752659630,122.249539751,4.505928841,0.021374081,7.512161569,9.454583299,5.555600000
600.500000000,-147.803422930,122.004749558,4.510975865,0.020553969,7.489385807,9.632774088,5.555600000
600.750000000,-147.852685861,121.759651285,4.517044069,0.019066481,7.492264098,9.983421121,5.555600000
601.000000000,-147.900474677,121.514262716,4.521666498,0.018173111,7.507200183,10.213361577,5.555600000
601.250000000,-147.947469526,121.268720095,4.524995969,0.016712628,7.513339670,10.626090074,5.555600000
601.500000000,-147.993623518,121.023017410,4.529184925,0.015541433,7.489650348,10.995840434,5.555600000
601.750000000,-148.038559576,120.777089846,4.533152468,0.015426628,7.486102499,11.034198346,5.555600000
602.000000000,-148.082762311,120.531029525,4.536648966,0.014768138,7.487163777,11.262240316,5.555600000
602.250000000,-148.125977648,120.284792983,4.540915134,0.013244115,7.487225831,11.849424422,5.555600000
602.500000000,-148.168079370,120.038364223,4.544313857,0.011481567,7.488405446,12.658447566,5.555600000
602.750000000,-148.209619878,119.791840005,4.546787316,0.009557986,7.489750854,13.763359676,5.555600000
603.000000000,-148.250502129,119.545205373,4.548660319,0.007824445,7.490853455,15.054672215,5.555600000
603.250000000,-148.291118924,119.298526919,4.549845006,0.006420069,7.487947143,16.417650803,5.555600000
603.500000000,-148.331416643,119.051796406,4.551614039,0.005366593,7.486463499,17.723987844,5.555600000
603.750000000,-148.371160428,118.804975759,4.553176053,0.004360179,7.489927000,19.316363518,5.555600000
604.000000000,-148.410687201,118.558120288,4.553975290,0.002789531,7.537338527,22.973241436,5.555600000
604.250000000,-148.450036387,118.311236500,4.554888829,0.001774397,7.547846826,26.849158133,5.555600000
604.500000000,-148.489112074,118.064309201,4.554516939,0.002227224,7.460977619,24.894330817,5.555600000
604.750000000,-148.528644873,117.817454768,4.553915930,0.003016805,7.464932308,22.313854729,5.555600000
605.000000000,-148.568017298,117.570574895,4.555310157,0.003979142,7.481516041,20.041847213,5.555600000
605.250000000,-148.606861617,117.323611094,4.557409243,0.005600667,7.483741253,17.406886672,5.555600000
605.500000000,-148.645197281,117.076567932,4.558996887,0.006125055,7.484721833,16.754092217,5.555600000
605.750000000,-148.683257203,116.829482174,4.560356732,0.004138526,7.471225231,19.728574415,5.555600000
606.000000000,-148.720920861,116.582335560,4.562077799,0.001407496,7.425275102,28.822536792,5.555600000
606.250000000,-148.758130066,116.335120196,4.562460920,-0.000230538,7.453199297,40.315082845,5.555600000
606.500000000,-148.795604269,116.087945256,4.560604794,-0.001277542,7.481354639,29.633422080,5.555600000
606.750000000,-148.833730952,115.840869648,4.559320082,-0.002413676,7.484462582,24.204931607,5.555600000
607.000000000,-148.871840200,115.593791350,4.559457197,-0.002728722,7.483749449,23.159811013,5.555600000
607.250000000,-148.909899125,115.346705307,4.559783484,-0.001694378,7.483285013,27.244931455,5.555600000
607.500000000,-148.947847128,115.099602192,4.558721049,-0.000243852,7.485385926,40.098724868,5.555600000
607.750000000,-148.986430971,114.852597709,4.557522868,0.001111356,7.477403274,30.777566768,5.555600000
608.000000000,-149.024970999,114.605586327,4.558166061,0.002873299,7.472780396,22.723460694,5.555600000
608.250000000,-149.063237090,114.358532272,4.560001590,0.005357965,7.477219506,17.736009914,5.555600000
608.500000000,-149.100870061,114.111381112,4.562017481,0.006747771,7.477861681,16.066697127,5.555600000
608.750000000,-149.138139739,113.864175027,4.563670300,0.005094633,7.478409618,18.115119878,5.555600000
609.000000000,-149.174955532,113.616900691,4.565968526,0.001512855,7.479805614,28.211832940,5.555600000
609.250000000,-149.211088564,113.369525805,4.566589826,-0.001712809,7.486611952,27.152222855,5.555600000
609.500000000,-149.247596961,113.122206634,4.564314401,-0.004081745,7.486751546,19.838487235,5.555600000
609.750000000,-149.284855400,112.874998607,4.561486816,-0.005532852,7.475122227,17.496999707,5.555600000
610.000000000,-149.322761933,112.627889234,4.559918951,-0.005028017,7.476680531,18.214940077,5.555600000
610.250000000,-149.360795365,112.380799261,4.559515520,-0.002924178,7.494657881,22.575670885,5.555600000
610.500000000,-149.398901285,112.133720450,4.559210711,0.000041261,7.535258074,43.826340280,5.555600000
610.750000000,-149.437085340,111.886653706,4.559123481,0.003396643,7.489191793,21.328208295,5.555600000
611.000000000,-149.475234363,111.639581557,4.559367287,0.005995182,7.453354823,16.908905624,5.555600000
611.250000000,-149.513297941,111.392496219,4.562141645,0.007789651,7.469758223,15.084439437,5.555600000
611.500000000,-149.550075403,111.145216519,4.565784416,0.008898055,7.474122653,14.214777425,5.555600000
611.750000000,-149.586337774,110.897860855,4.567929754,0.008166481,7.478501359,14.771128444,5.555600000
612.000000000,-149.622053951,110.650425299,4.569878548,0.006499554,7.484589207,16.330417387,5.555600000
612.250000000,-149.657352016,110.402929782,4.570857342,0.005826273,7.442794116,17.116823616,5.555600000
612.500000000,-149.692583747,110.155424784,4.571067762,0.005040468,7.434230145,18.196158395,5.555600000
612.750000000,-149.727777657,109.907914403,4.573107191,0.004024399,7.474848220,19.951380740,5.555600000
613.000000000,-149.761999543,109.660267886,4.575172651,0.003964613,7.477968804,20.071151860,5.555600000
613.250000000,-149.796170710,109.412614235,4.575236819,0.003659817,7.476790613,20.717175550,5.555600000
613.500000000,-149.830360831,109.164963199,4.575560064,0.003809833,7.473381304,20.391539529,5.555600000
613.750000000,-149.864371886,108.917287511,4.576276569,0.006249404,7.469744090,16.609778486,5.555600000
614.000000000,-149.898207076,108.669587804,4.577047917,0.008898956,7.469730827,14.214130692,5.555600000
614.250000000,-149.931836002,108.421859938,4.580756540,0.010813681,7.474239999,13.011350390,5.555600000
614.500000000,-149.963833002,108.173916281,4.585276408,0.012422902,7.478506660,12.206517617,5.555600000
614.750000000,-149.995221106,107.925895212,4.587767845,0.011517906,7.481086731,12.640060558,5.555600000
615.000000000,-150.025982277,107.677794929,4.591102971,0.009394533,7.481676983,13.871151201,5.555600000
615.250000000,-150.055715391,107.429569508,4.593278740,0.009444559,7.409675124,13.837892293,5.555600000
615.500000000,-150.085396657,107.181337718,4.593320427,0.009755198,7.412992813,13.636590509,5.555600000
615.750000000,-150.115109095,106.933109655,4.596198879,0.009256282,7.509895122,13.964327672,5.555600000
616.000000000,-150.143360765,106.684711655,4.600456735,0.009752611,7.498121530,13.638230942,5.555600000
616.250000000,-150.170958261,106.436240054,4.602802043,0.009735186,7.486566737,13.649294495,5.555600000
616.500000000,-150.198044546,106.187711719,4.604720350,0.008875776,7.490445745,14.230802443,5.555600000
616.750000000,-150.224688602,105.939135594,4.606260319,0.009558625,7.516723616,13.762942943,5.555600000
617.000000000,-150.251009285,105.690525229,4.607596908,0.011089754,7.512430806,12.861933472,5.555600000
617.250000000,-150.276988759,105.441878760,4.611248168,0.012975344,7.474465120,11.962824906,5.555600000
617.500000000,-150.301493287,105.193082684,4.615907165,0.015311556,7.483064869,11.073050936,5.555600000
617.750000000,-150.325154644,104.944206353,4.619339595,0.015741887,7.496310082,10.929814541,5.555600000
618.000000000,-150.347950670,104.695247840,4.624079402,0.014301153,7.513568033,11.432808175,5.555600000
618.250000000,-150.369251861,104.446157038,4.628056660,0.013836783,7.500209424,11.610345093,5.555600000
618.500000000,-150.390066799,104.197025588,4.630143073,0.014531435,7.477951994,11.347735560,5.555600000
618.750000000,-150.410328400,103.947848006,4.632765105,0.015553481,7.445643256,10.991838314,5.555600000
619.000000000,-150.429836636,103.698610311,4.637073641,0.017182529,7.475467111,10.487883390,5.555600000
619.250000000,-150.447950037,103.449271290,4.642673863,0.018350955,7.491731694,10.166320524,5.555600000
619.500000000,-150.464665556,103.199830739,4.648345730,0.018368935,7.494425620,10.161600688,5.555600000
619.750000000,-150.479949644,102.950298383,4.652810186,0.017549487,7.495523590,10.383626315,5.555600000
620.000000000,-150.494437221,102.700719770,4.655975237,0.016101236,7.493842294,10.814370583,5.555600000
620.250000000,-150.508141452,102.451095665,4.659785634,0.015469184,7.489427673,11.019933016,5.555600000
620.500000000,-150.520726699,102.201412651,4.663835507,0.016289618,7.488663983,10.755294251,5.555600000
620.750000000,-150.532408533,101.951687331,4.667437185,0.016636797,7.489691067,10.648909550,5.555600000
621.000000000,-150.543194919,101.701920160,4.672391642,0.016294872,7.492460546,10.753660473,5.555600000
621.250000000,-150.552401770,101.452089750,4.677117765,0.016386221,7.493443970,10.725372986,5.555600000
621.500000000,-150.560826807,101.202232949,4.680235055,0.015860898,7.459275876,10.891172772,5.555600000
621.750000000,-150.568475903,100.952350022,4.684123194,0.014978140,7.392406668,11.187985252,5.555600000
622.000000000,-150.574957779,100.702434065,4.688115012,0.015168739,7.485908860,11.121847122,5.555600000
622.250000000,-150.580611648,100.452499286,4.691366019,0.015091802,7.518095101,11.148403085,5.555600000
622.500000000,-150.585468444,100.202546532,4.695588703,0.014769109,7.493088919,11.261893714,5.555600000
622.750000000,-150.589011362,99.952571638,4.699685920,0.015360867,7.468181585,11.056351580,5.555600000
623.000000000,-150.591819785,99.702588296,4.702401800,0.015131759,7.520695066,11.134587697,5.555600000
623.250000000,-150.594004855,99.452597915,4.706759147,0.014008919,7.633691463,11.543573901,5.555600000
623.500000000,-150.594634673,99.202598708,4.711124000,0.013631479,7.544395374,11.691517499,5.555600000
623.750000000,-150.594637344,98.952599497,4.713660092,0.012870643,7.450552914,12.007890052,5.555600000
624.000000000,-150.593999119,98.702600332,4.716636801,0.011386444,7.354486294,12.706960637,5.555600000
624.250000000,-150.592513443,98.452604746,4.719529594,0.010787624,7.422170357,13.025723728,5.555600000
624.500000000,-150.590428849,98.202614021,4.721807924,0.010358632,7.456179255,13.269421291,5.555600000
624.750000000,-150.587804050,97.952627888,4.724541328,0.009186598,7.454374763,14.012009118,5.555600000
625.000000000,-150.584352834,97.702651711,4.727211806,0.008281125,7.321268055,14.679615699,5.555600000
625.250000000,-150.580392917,97.452683426,4.728981658,0.007830546,7.322592020,15.049470243,5.555600000
625.500000000,-150.576056885,97.202721045,4.730151218,0.007056267,7.416838681,15.756076039,5.555600000
625.750000000,-150.571512266,96.952762355,4.731889107,0.005608741,7.522761394,17.396250160,5.555600000
626.000000000,-150.566307457,96.702817044,4.734036501,0.003663594,7.488778980,20.708786175,5.555600000
626.250000000,-150.560689366,96.452880194,4.735357290,0.002046936,7.387229432,25.620246655,5.555600000
626.500000000,-150.554824314,96.202949001,4.734858017,0.001163084,7.383542115,30.407330293,5.555600000
626.750000000,-150.549455805,95.953006934,4.733433840,0.000877067,7.370407047,32.641872459,5.555600000
627.000000000,-150.544302669,95.703060100,4.733723818,0.001855164,7.353522182,26.466682120,5.555600000
627.250000000,-150.538789199,95.453120904,4.735109501,0.004173687,7.345265246,19.661422598,5.555600000
627.500000000,-150.532943391,95.203189358,4.736476963,0.005742482,7.337805914,17.222853108,5.555600000
627.750000000,-150.526746384,94.953266421,4.738376254,0.005278879,7.331458281,17.847358774,5.555600000
628.000000000,-150.519951232,94.703358786,4.740349813,0.003899279,7.327330461,20.204538222,5.555600000
628.250000000,-150.512767795,94.453462092,4.741164046,0.002650903,7.321933292,23.405335411,5.555600000
628.500000000,-150.505565688,94.203565883,4.740866466,0.001918614,7.316626598,26.177408700,5.555600000
628.750000000,-150.498530978,93.953664876,4.740468190,0.002565206,7.312164165,23.684960553,5.555600000
629.000000000,-150.491527928,93.703762981,4.741012282,0.004923242,7.313717481,18.375334060,5.555600000
629.250000000,-150.484221292,93.453870053,4.742510322,0.007837036,7.333845155,15.043943301,5.555600000
629.500000000,-150.476469548,93.203990261,4.745416556,0.011513957,7.379517095,12.642054584,5.555600000
629.750000000,-150.467710544,92.954143864,4.748922062,0.016046007,7.316171922,10.831875732,5.555600000
630.000000000,-150.458207133,92.704325599,4.752005170,0.019035769,7.290277706,9.991069768,5.555600000
630.250000000,-150.447907704,92.454538037,4.758260238,0.021411346,7.312120878,9.446719577,5.555600000
630.500000000,-150.435279804,92.204857169,4.765377307,0.024916952,7.317929794,8.784621087,5.555600000
630.750000000,-150.421426145,91.955243741,4.770138929,0.026429233,7.320157200,8.539022690,5.555600000
631.000000000,-150.406421144,91.705695322,4.777728012,0.027182776,7.316330778,8.424092258,5.555600000
631.250000000,-150.388780382,91.456318492,4.785491363,0.030882482,7.261818144,7.920250853,5.555600000
631.500000000,-150.369902744,91.207034056,4.790846977,0.033411720,7.280178259,7.623629913,5.555600000
631.750000000,-150.349592312,90.957865439,4.800747503,0.033447522,7.331315296,7.619667260,5.555600000
632.000000000,-150.325782474,90.709001839,4.811974210,0.035235215,7.332402120,7.429328720,5.555600000
632.250000000,-150.299882768,90.460350814,4.819421517,0.036523788,7.324589020,7.300652268,5.555600000
632.500000000,-150.272369380,90.211872893,4.827416169,0.035400342,7.322186745,7.412458299,5.555600000
632.750000000,-150.242496965,89.963664032,4.837009515,0.036641029,7.349621858,7.289273631,5.555600000
633.000000000,-150.210221532,89.715760514,4.845893660,0.040015557,7.339792870,6.982978238,5.555600000
633.250000000,-150.175944670,89.468127652,4.855328471,0.041466167,7.326226620,6.862675565,5.555600000
633.500000000,-150.138996822,89.220873013,4.867669165,0.041651019,7.336103456,6.847787786,5.555600000
633.750000000,-150.098619003,88.974161369,4.879206542,0.041207555,7.357489647,6.883667747,5.555600000
634.000000000,-150.055977435,88.727832213,4.888883257,0.039069499,7.368485210,7.064932931,5.555600000
634.250000000,-150.010831719,88.481942269,4.898145925,0.036778176,7.355975031,7.276030367,5.555600000
634.500000000,-149.963633248,88.236439525,4.906094194,0.034709230,7.354550146,7.483844458,5.555600000
634.750000000,-149.914586015,87.991305428,4.914575973,0.030763584,7.356447490,7.935060555,5.555600000
635.000000000,-149.863229699,87.746637227,4.924244013,0.025978765,7.360669555,8.610016137,5.555600000
635.250000000,-149.809450520,87.502490738,4.930618220,0.021066260,7.368859038,9.520299938,5.555600000
635.500000000,-149.754979497,87.258497846,4.933319645,0.014712496,7.374723476,11.282164063,5.555600000
635.750000000,-149.699881896,87.014644917,4.935866833,0.009043710,7.377569145,14.111328858,5.555600000
636.000000000,-149.644168425,86.770931952,4.937468745,0.006440874,7.339152030,16.394682442,5.555600000
636.250000000,-149.588289856,86.527256841,4.938132584,0.005262255,7.341462403,17.871031605,5.555600000
636.500000000,-149.532252864,86.283618070,4.939338993,0.004506046,7.379256702,19.058778867,5.555600000
636.750000000,-149.475786503,86.040078443,4.940701055,0.004870754,7.384154571,18.457295311,5.555600000
637.000000000,-149.419086037,85.796593310,4.941641064,0.005520661,7.389543328,17.513348223,5.555600000
637.250000000,-149.362161923,85.553160298,4.942959629,0.005170102,7.395711655,18.003993138,5.555600000
637.500000000,-149.304819531,85.309825446,4.944818585,0.004027232,7.406935041,19.945756612,5.555600000
637.750000000,-149.246990824,85.066606064,4.946454641,0.002796846,7.398965872,22.951099963,5.555600000
638.000000000,-149.188852526,84.823460160,4.946510657,0.001097575,7.380586108,30.878500576,5.555600000
638.250000000,-149.130996490,84.580246922,4.945899540,-0.000999071,7.392657572,31.630124029,5.555600000
638.500000000,-149.073155413,84.337030127,4.945693266,-0.002131439,7.400252287,25.272199312,5.555600000
638.750000000,-149.015399732,84.093793094,4.944828882,-0.002014167,7.409893733,25.759141037,5.555600000
639.000000000,-148.957979206,83.850476668,4.943946667,-0.001544733,7.439574642,28.034571028,5.555600000
639.250000000,-148.900652779,83.607138062,4.943690035,-0.000803087,7.426329506,33.304784061,5.555600000
639.500000000,-148.843357147,83.363792197,4.943684746,0.000128167,7.403956515,42.104487179,5.555600000
639.750000000,-148.786033291,83.120452978,4.944046229,0.001205238,7.411253432,30.115305418,5.555600000
640.000000000,-148.728561747,82.877148613,4.944468202,0.002458942,7.417372912,24.046029780,5.555600000
640.250000000,-148.671032547,82.633857859,4.944627764,0.002701752,7.422285527,23.244026679,5.555600000
640.500000000,-148.613483358,82.390571832,4.946022036,0.001979218,7.424927337,25.909787287,5.555600000
640.750000000,-148.555276017,82.147442705,4.947500095,0.001582582,7.414812309,27.828378813,5.555600000
641.000000000,-148.497007918,81.904327946,4.946985255,0.000933364,7.408618745,32.163124765,5.555600000
641.250000000,-148.439050892,81.661138754,4.946477218,-0.000720640,7.420655025,34.093372192,5.555600000
641.500000000,-148.381029826,81.417964835,4.946575201,-0.001790780,7.426804205,26.770234147,5.555600000
641.750000000,-148.323025145,81.174787009,4.946408003,-0.001096409,7.431618051,30.887086665,5.555600000
642.000000000,-148.265085399,80.931593700,4.945312528,0.000335522,7.436512615,38.698082734,5.555600000
642.250000000,-148.207613666,80.688289455,4.944695872,0.001753338,7.429345947,26.951644453,5.555600000
642.500000000,-148.149973958,80.445025127,4.946025578,0.003630218,7.425577908,20.783288534,5.555600000
642.750000000,-148.091855362,80.201874497,4.947865644,0.005778867,7.432424353,17.176569283,5.555600000
643.000000000,-148.033320753,79.958823738,4.949500904,0.007368622,7.348036361,15.459235418,5.555600000
643.250000000,-147.974407318,79.715864806,4.951295171,0.008516643,7.227940438,14.496832069,5.555600000
643.500000000,-147.915000879,79.473025610,4.953160391,0.008442022,7.073864895,14.554004110,5.555600000
643.750000000,-147.855181437,79.230287838,4.955982626,0.006819168,6.911302910,15.993176341,5.555600000
644.000000000,-147.794405611,78.987789267,4.959200181,0.005636399,6.798581725,17.359961058,5.555600000
644.250000000,-147.733025417,78.745441610,4.959271391,0.005032379,6.708775293,18.208353781,5.555600000
644.500000000,-147.672214692,78.502950258,4.958572577,0.003977251,6.550013508,20.045653996,5.555600000
644.750000000,-147.611173232,78.260516903,4.959973961,0.004499011,6.394057862,19.070966681,5.555600000
645.000000000,-147.549683163,78.018197194,4.961749961,0.006864947,6.240071483,15.946563670,5.540942501
645.250000000,-147.487780977,77.775982226,4.963375965,0.008430154,6.101626873,14.563159677,5.449958146
645.500000000,-147.425503227,77.533863833,4.966343138,0.009759910,5.987338917,13.633604370,5.357428842
645.750000000,-147.362164738,77.292020421,4.968663176,0.011547152,5.842535458,12.625320673,5.263273107
646.000000000,-147.298764130,77.050193287,4.970958744,0.012760462,5.679395186,12.055868065,5.167402036
646.250000000,-147.234316132,76.808643806,4.975164939,0.013826347,5.523374605,11.614430580,5.069718316
646.500000000,-147.168883582,76.567359063,4.978828834,0.014343584,5.368866158,11.416989340,4.970115069
646.750000000,-147.102667221,76.326288016,4.982791397,0.012753403,5.218842565,12.058961426,4.868474484
647.000000000,-147.035324716,76.085530065,4.986780737,0.010717365,5.076457782,13.064717511,4.764666179
647.250000000,-146.967186989,75.844994756,4.988700066,0.009973586,4.958403243,13.500215772,4.658545245
647.500000000,-146.898920467,75.604495938,4.989307071,0.009026696,4.807384275,14.123296450,4.549949868
647.750000000,-146.830490778,75.364043528,4.991480089,0.008192361,4.636734148,14.750321050,4.438698435
648.000000000,-146.761179875,75.123844324,4.995074056,0.008678307,4.482262428,14.375246686,4.324585968
648.250000000,-146.691023645,74.883890089,4.997064794,0.009157276,4.328599749,14.032219428,4.207379683
648.500000000,-146.620756763,74.643968126,4.998896905,0.008996502,4.183009055,14.144610015,4.086813404
648.750000000,-146.549721723,74.404272443,5.000805979,0.008876185,4.022335350,14.230507677,3.962580447
649.000000000,-146.478539291,74.164620492,5.002874354,0.008723853,3.872830165,14.341540342,3.834324425
649.250000000,-146.406513514,73.925221430,5.006171026,0.008875896,3.717477549,14.230715590,3.701627183
649.500000000,-146.333752540,73.686044031,5.008158271,0.009452995,3.563992677,13.832307454,3.563992677
649.750000000,-146.260775641,73.446932459,5.009613044,0.009147866,3.513820401,14.038724281,3.513820401
650.000000000,-146.187319100,73.207967843,5.012279572,0.007759937,3.649917899,15.110001347,3.618968611
650.250000000,-146.113068045,72.969248845,5.015033223,0.005361303,3.769793995,17.731356019,3.721146840
650.500000000,-146.038296599,72.730692477,5.016881813,0.001351630,3.945791219,29.162884846,3.820593384
650.750000000,-145.963163456,72.492249596,5.016847330,-0.003143373,4.099191746,21.970400561,3.917516280
651.000000000,-145.888408447,72.253688024,5.014327236,-0.006634571,4.245616993,16.185372079,4.012098429
651.250000000,-145.814478104,72.014869664,5.010944453,-0.008559668,4.382048015,14.464172387,4.104501652
651.500000000,-145.741338848,71.775807956,5.008509921,-0.008196949,4.479633768,14.746641102,4.194869939
651.750000000,-145.668572152,71.536632303,5.006818696,-0.006291513,4.564689904,16.561748417,4.283332092
652.000000000,-145.596242001,71.297324818,5.005511288,-0.004863221,4.666650765,18.469148589,4.370003868
652.250000000,-145.524100970,71.057959770,5.005170923,-0.004024558,4.773377669,19.951063684,4.454989765
652.500000000,-145.451933585,70.818602591,5.004371996,-0.002924048,4.883295380,22.576044949,4.538384493
652.750000000,-145.380175123,70.579122597,5.002924330,-0.002079273,4.984373299,25.485365957,4.620274213
653.000000000,-145.308701057,70.339557471,5.002342898,-0.001701337,5.069825139,27.209816203,4.700737581
653.250000000,-145.237221095,70.099994091,5.002676970,-0.000971193,5.144907698,31.853005930,4.779846630
653.500000000,-145.165586982,69.860476774,5.002807060,-0.000109038,5.224949000,42.466043868,4.857667527
653.750000000,-145.094044701,69.620932025,5.002482518,0.000123402,5.309138289,42.193678332,4.934261222
654.000000000,-145.022566064,69.381368246,5.002385826,-0.000416342,5.391337670,37.577770059,5.009684003
654.250000000,-144.951070100,69.141809638,5.002608808,-0.001026442,5.470877471,31.415783121,5.083987983
654.500000000,-144.879484642,68.902277786,5.002719565,-0.001512431,5.555418729,28.214211981,5.157221520
654.750000000,-144.807935665,68.662735193,5.001723610,-0.002383478,5.619719506,24.312706748,5.229429587
655.000000000,-144.736827467,68.423061204,5.000999864,-0.002913427,5.620207715,22.606660046,5.300654092
655.250000000,-144.665625258,68.183415146,5.000087403,-0.002384838,5.680868956,24.307821613,5.370934165
655.500000000,-144.594954563,67.943611783,4.998948539,-0.001234735,5.748248901,29.915892072,5.440306408
655.750000000,-144.524298380,67.703804144,4.999096270,0.000130169,5.618326041,42.067173809,5.433435477
656.000000000,-144.453556836,67.464021677,4.999384812,0.001304643,5.464064994,29.458674317,5.340619916
656.250000000,-144.382762276,67.224254853,5.000251825,0.001876167,5.275694219,26.369866926,5.246162510
656.500000000,-144.311605099,66.984595583,5.001160864,0.002652983,5.167308076,23.398671200,5.149972921
656.750000000,-144.240374755,66.744957910,5.001136682,0.003824386,5.051952205,20.360758454,5.051952205
657.000000000,-144.169229119,66.505295029,5.001598543,0.004380127,4.980382136,19.280519409,4.980382136
657.250000000,-144.097777469,66.265723329,5.003514996,0.004050833,5.039948006,19.899101888,5.039948006
657.500000000,-144.025713840,66.026335195,5.005682599,0.002391460,5.134106992,24.284078916,5.113812267
657.750000000,-143.953224239,65.787075393,5.006680401,-0.000706175,5.185241193,34.237595182,5.185241193
658.000000000,-143.880682940,65.547831250,5.005744222,-0.004037294,5.196079320,19.925827574,5.196079320
658.250000000,-143.808641642,65.308436789,5.002969649,-0.006737186,5.265782873,16.077683772,5.265782873
658.500000000,-143.737429087,65.068793907,5.000378466,-0.007999970,5.390098327,14.907144612,5.336522207
658.750000000,-143.666629202,64.829028713,4.998725909,-0.007546596,5.466379692,15.297428004,5.406336030
659.000000000,-143.596209091,64.589151804,4.996794141,-0.006557141,5.543588944,16.268077100,5.475259744
659.250000000,-143.526336058,64.349114808,4.995630574,-0.005646148,5.625374049,17.347224752,5.543326552
659.500000000,-143.456474319,64.109074525,4.994216820,-0.004918894,5.596720001,18.382083483,5.555600000
659.750000000,-143.387280291,63.868840990,4.992738440,-0.004845952,5.698991332,18.496407319,5.555600000
660.000000000,-143.318128599,63.628595192,4.992250569,-0.005017790,5.772861960,18.230411325,5.555600000
660.250000000,-143.249169014,63.388294272,4.990972249,-0.004535646,5.835510991,19.007755448,5.555600000
660.500000000,-143.180631796,63.147872559,4.989337588,-0.004207699,5.896302915,19.597110954,5.555600000
660.750000000,-143.112458204,62.907347488,4.987965336,-0.004481423,5.941903784,19.101538170,5.555600000
661.000000000,-143.044581056,62.666738491,4.987650809,-0.004385594,5.959592006,19.270731066,5.555600000
661.250000000,-142.976558753,62.426170484,4.986818954,-0.004053698,6.002857092,19.893461168,5.555600000
661.500000000,-142.909082013,62.185448930,4.985200312,-0.004224456,6.069431384,19.565658915,5.555600000
661.750000000,-142.841838861,61.944662010,4.984145542,-0.004430030,6.125830013,19.191718645,5.555600000
662.000000000,-142.774870091,61.703798679,4.983023138,-0.003217406,6.176118605,21.776710748,5.555600000
662.250000000,-142.708167629,61.462861415,4.982031870,-0.000681935,6.221231020,34.483423629,5.555600000
662.500000000,-142.641676489,61.221865714,4.981362819,0.001851484,6.254227005,26.483753005,5.555600000
662.750000000,-142.575296476,60.980839379,4.982612934,0.004164891,6.276338431,19.678157221,5.555600000
663.000000000,-142.508203091,60.740010999,4.985028079,0.006148639,6.317110920,16.726432168,5.555600000
663.250000000,-142.440659661,60.499308219,4.986769305,0.007040989,6.361733096,15.771037580,5.555600000
663.500000000,-142.372727970,60.258714802,4.988697923,0.007471520,6.404118078,15.365062574,5.555600000
663.750000000,-142.304256566,60.018274234,4.990068354,0.009123619,6.445317085,14.055526137,5.555600000
664.000000000,-142.235665646,59.777867735,4.991509863,0.012337237,6.469310241,12.245656464,5.555600000
664.250000000,-142.166501437,59.537625929,4.994809963,0.016168603,6.494494038,10.793132893,5.555600000
664.500000000,-142.096325845,59.297679279,4.999796444,0.019354591,6.525016836,9.912513900,5.555600000
664.750000000,-142.024769195,59.058139161,5.006513805,0.021100110,6.563049531,9.513006250,5.555600000
665.000000000,-141.951375831,58.819155032,5.012673881,0.020761019,6.599672952,9.586837898,5.555600000
665.250000000,-141.876873705,58.580515279,5.017290751,0.018352211,6.642825000,10.165990636,5.555600000
665.500000000,-141.801277247,58.342220481,5.021779210,0.015416200,6.662213958,11.037702326,5.555600000
665.750000000,-141.724635606,58.104258197,5.024729618,0.012642281,6.647447219,12.107974647,5.555600000
666.000000000,-141.647633864,57.866412172,5.027461107,0.009724110,6.700799315,13.656341445,5.555600000
666.250000000,-141.569693602,57.628872779,5.030267035,0.007437430,6.733834498,15.396071386,5.555600000
666.500000000,-141.491358328,57.391462629,5.031303216,0.005977257,6.760917231,16.930610645,5.555600000
666.750000000,-141.412925746,57.154084603,5.032077001,0.004942976,6.789738582,18.344800834,5.555600000
667.000000000,-141.334223154,56.916795956,5.033025408,0.005268315,6.805767709,17.862391280,5.555600000
667.250000000,-141.255340460,56.679567157,5.034108439,0.006574110,6.826158986,16.249843460,5.555600000
667.500000000,-141.176124166,56.442449828,5.035977144,0.007359131,6.850497239,15.468009675,5.555600000
667.750000000,-141.096355394,56.205517469,5.038763893,0.007970124,6.878933727,14.931923956,5.555600000
668.000000000,-141.015818696,55.968845132,5.041051593,0.008502178,6.905753449,14.507862353,5.555600000
668.250000000,-140.934966742,55.732280342,5.042448639,0.008659162,6.944969635,14.389485716,5.555600000
668.500000000,-140.853769112,55.495834064,5.044610513,0.009994361,6.984443574,13.487454770,5.555600000
668.750000000,-140.771895030,55.259620951,5.046730504,0.012589185,6.975418898,12.131605903,5.555600000
669.000000000,-140.689695560,55.023520946,5.049658461,0.013954772,6.979996980,11.564453216,5.555600000
669.250000000,-140.606440740,54.787794447,5.055142897,0.013893372,6.994172613,11.588266654,5.555600000
669.500000000,-140.521656510,54.552610191,5.059830124,0.013806838,7.017278838,11.622079312,5.555600000
669.750000000,-140.436194439,54.317671419,5.062115847,0.013069179,7.040046927,11.922864678,5.555600000
670.000000000,-140.350336051,54.082877437,5.063958497,0.011836156,7.045207823,12.482383242,5.555600000
670.250000000,-140.264008873,53.848255572,5.066947426,0.012360139,7.044972049,12.235156062,5.555600000
670.500000000,-140.176748378,53.613978800,5.070526789,0.015429556,7.081805235,11.033215098,5.555600000
670.750000000,-140.088743841,53.379980959,5.074036688,0.019158969,7.107470360,9.960493170,5.555600000
671.000000000,-139.999841634,53.146324354,5.078809596,0.021891470,7.129405520,9.347127206,5.555600000
671.250000000,-139.909607296,52.913176839,5.085838597,0.024447118,7.151392917,8.865346138,5.555600000
671.500000000,-139.817428859,52.680792141,5.092964684,0.027436722,7.169710246,8.386393354,5.555600000
671.750000000,-139.723882429,52.448958004,5.099238036,0.029757023,7.187421583,8.063857570,5.555600000
672.000000000,-139.628795386,52.217747376,5.106442922,0.031799054,7.204749032,7.808800664,5.555600000
672.250000000,-139.531916547,51.987281564,5.114995147,0.034342929,7.217161657,7.522526545,5.555600000
672.500000000,-139.432892090,51.757738643,5.124045188,0.035484956,7.230498603,7.403858047,5.555600000
672.750000000,-139.331858876,51.529066050,5.134254919,0.034910261,7.245256050,7.462867209,5.555600000
673.000000000,-139.228164746,51.301585222,5.143804351,0.034582935,7.265317614,7.497113962,5.555600000
673.250000000,-139.122783314,51.074884927,5.150588416,0.033920801,7.296224378,7.567856692,5.555600000
673.500000000,-139.016013497,50.848834357,5.158124318,0.032692030,7.317798815,7.704623232,5.555600000
673.750000000,-138.907225885,50.623744918,5.167372749,0.033467729,7.284572407,7.617433362,5.555600000
674.000000000,-138.796293590,50.399708368,5.175729107,0.035129824,7.301171369,7.440156588,5.555600000
674.250000000,-138.683761846,50.176473073,5.184059809,0.034779511,7.328586460,7.476490739,5.555600000
674.500000000,-138.569110872,49.954312874,5.194001627,0.033789552,7.348237856,7.582118760,5.555600000
674.750000000,-138.452161585,49.733356626,5.202535148,0.033406128,7.363083823,7.624249457,5.555600000
675.000000000,-138.333738187,49.513189731,5.209910012,0.033042256,7.351563942,7.664888273,5.555600000
675.250000000,-138.213541565,49.293980306,5.217664924,0.033596576,7.297541471,7.603235387,5.555600000
675.500000000,-138.091715772,49.075672958,5.225639047,0.034660045,7.369519880,7.489003874,5.555600000
675.750000000,-137.968043432,48.858416855,5.235027469,0.034110039,7.420708090,7.547434298,5.555600000
676.000000000,-137.842139928,48.642434661,5.245499677,0.033659915,7.425758035,7.596284977,5.555600000
676.250000000,-137.713940061,48.427808533,5.253594844,0.033820108,7.414012763,7.578791181,5.555600000
676.500000000,-137.584558220,48.213896013,5.259254585,0.031648744,7.437884257,7.826755347,5.555600000
676.750000000,-137.453936739,48.000734036,5.268198361,0.029929518,7.505110381,8.041339927,5.555600000
677.000000000,-137.320747898,47.789167534,5.277017811,0.031017178,7.430024063,7.903573054,5.555600000
677.250000000,-137.186388926,47.578345663,5.282631129,0.030400538,7.410088450,7.980800412,5.555600000
677.500000000,-137.050832986,47.368287130,5.291287023,0.027942046,7.457758347,8.312858371,5.555600000
677.750000000,-136.912842784,47.159819966,5.299105000,0.026389929,7.472321041,8.545147133,5.555600000
678.000000000,-136.774020791,46.951909137,5.304348945,0.023182121,7.485483942,9.094269082,5.555600000
678.250000000,-136.633851687,46.744900388,5.310722128,0.018618993,7.497230326,10.096634772,5.555600000
678.500000000,-136.492389198,46.538773362,5.314901431,0.015668127,7.460933710,10.953971282,5.555600000
678.750000000,-136.350494998,46.332943874,5.316971801,0.012654449,7.455769083,12.102578546,5.555600000
679.000000000,-136.208180204,46.127404368,5.319967701,0.009329337,7.480872971,13.914857701,5.555600000
679.250000000,-136.065054974,45.922428349,5.322656479,0.007012073,7.489760120,15.799471574,5.555600000
679.500000000,-135.921637069,45.717657297,5.324050759,0.004398336,7.496263358,19.247975549,5.555600000
679.750000000,-135.777940808,45.513081188,5.324896153,0.001699480,7.500182969,27.219173260,5.555600000
680.000000000,-135.634176744,45.308552720,5.324507253,0.000364028,7.482802908,38.291582048,5.555600000
680.250000000,-135.490639731,45.103865026,5.323428083,-0.000093930,7.484111168,42.758276350,5.555600000
680.500000000,-135.347317445,44.899026745,5.323444801,0.000074865,7.503143816,43.135809679,5.555600000
680.750000000,-135.203773503,44.694343730,5.324172507,0.001366713,7.507852304,29.069810350,5.555600000
681.000000000,-135.060153253,44.489714271,5.324539581,0.003015551,7.511760223,22.317339971,5.555600000
681.250000000,-134.916459083,44.285136693,5.325050990,0.003395780,7.514465141,21.330303436,5.555600000
681.500000000,-134.772629600,44.080654225,5.326301131,0.002887231,7.458222289,22.682703506,5.555600000
681.750000000,-134.628424615,43.876436900,5.328110629,0.003259342,7.467171485,21.669243778,5.555600000
682.000000000,-134.483856057,43.672476291,5.327996126,0.003847403,7.539150015,20.312362768,5.555600000
682.250000000,-134.339697605,43.468225610,5.327934036,0.003313548,7.528393331,21.532660024,5.555600000
682.500000000,-134.195154626,43.264247404,5.329804884,0.002724803,7.526133974,23.171990040,5.555600000
682.750000000,-134.050232941,43.060537548,5.331165733,0.002711590,7.532243337,23.213198226,5.555600000
683.000000000,-133.905135078,42.856953143,5.331529892,0.002287054,7.567097859,24.666730291,5.555600000
683.250000000,-133.760065067,42.653348893,5.331388868,0.001995860,7.561548199,25.837723910,5.555600000
683.500000000,-133.615024630,42.449723571,5.331320267,0.002936110,7.513516103,22.541426350,5.555600000
683.750000000,-133.469982554,42.246099417,5.332136286,0.004622549,7.524263077,18.860291142,5.555600000
684.000000000,-133.324610192,42.042711368,5.333823981,0.005918963,7.541618500,17.001784130,5.555600000
684.250000000,-133.178881634,41.839577945,5.336211916,0.005441585,7.563200546,17.620516383,5.555600000
684.500000000,-133.032539459,41.636886327,5.338263207,0.002952813,7.562145714,22.493750144,5.555600000
684.750000000,-132.885978802,41.434352536,5.339243329,0.000066016,7.554094523,43.314477245,5.555600000
685.000000000,-132.739239494,41.231948051,5.337817177,-0.002315748,7.540838093,24.559765006,5.555600000
685.250000000,-132.593257115,41.028997042,5.335525125,-0.003996262,7.541897399,20.007479954,5.555600000
685.500000000,-132.447447232,40.825922079,5.334675812,-0.004252820,7.544836020,19.512761715,5.555600000
685.750000000,-132.301809764,40.622723340,5.334009945,-0.003611018,7.549377977,20.826515304,5.555600000
686.000000000,-132.156270409,40.419454317,5.333505940,-0.003437899,7.575501614,21.228841019,5.555600000
686.250000000,-132.010837864,40.216108909,5.332922523,-0.003177413,7.565649048,21.880705006,5.555600000
686.500000000,-131.865535789,40.012670204,5.331392230,-0.002385311,7.507798633,24.306125478,5.555600000
686.750000000,-131.720726309,39.808880679,5.330213962,-0.001601469,7.530411460,27.727179855,5.555600000
687.000000000,-131.575904061,39.605100150,5.330528264,-0.000457812,7.551834002,37.039419985,5.555600000
687.250000000,-131.430966455,39.401401622,5.331024345,0.000811385,7.555844822,33.228413254,5.555600000
687.500000000,-131.285942084,39.197764862,5.331400448,0.001401677,7.557987203,28.857432104,5.555600000
687.750000000,-131.140851303,38.994175426,5.331769777,0.002028997,7.544058603,25.696002966,5.555600000
688.000000000,-130.995676551,38.790645842,5.331864877,0.002633914,7.505514801,23.459981427,5.555600000
688.250000000,-130.850547044,38.587083995,5.332381543,0.002285021,7.533342564,24.674362278,5.555600000
688.500000000,-130.705162287,38.383704859,5.334243558,0.001996321,7.559993800,25.835737308,5.555600000
688.750000000,-130.559275717,38.180684888,5.334766015,0.002414625,7.562942612,24.201567718,5.555600000
689.000000000,-130.413678317,37.977457486,5.334116758,0.002984677,7.542668096,22.403631805,5.555600000
689.250000000,-130.268055512,37.774248274,5.334508693,0.004880812,7.535053119,18.441504345,5.555600000
689.500000000,-130.122298829,37.571135031,5.335774285,0.009317541,7.558001541,13.922810125,5.555600000
689.750000000,-129.976162165,37.368295116,5.338312519,0.014128654,7.561467469,11.497802680,5.555600000
690.000000000,-129.829377502,37.165926124,5.342899078,0.017578550,7.563015415,10.375501296,5.555600000
690.250000000,-129.681386293,36.964435176,5.349277489,0.019676365,7.568860330,9.835080196,5.555600000
690.500000000,-129.532031607,36.763954519,5.354669508,0.019816913,7.573930724,9.801822462,5.555600000
690.750000000,-129.381877199,36.564072574,5.359559716,0.019389817,7.554555035,9.903947484,5.555600000
691.000000000,-129.230568080,36.365061141,5.363717797,0.020618622,7.476313442,9.618359319,5.555600000
691.250000000,-129.078755721,36.166433618,5.367035966,0.022057583,7.535052340,9.313396850,5.555600000
691.500000000,-128.926131565,35.968433732,5.373615051,0.022450104,7.602122884,9.235121497,5.555600000
691.750000000,-128.771718727,35.771820723,5.381878211,0.023023573,7.586431904,9.124229512,5.555600000
692.000000000,-128.615842374,35.576368890,5.387494716,0.022189201,7.585914664,9.286928575,5.555600000
692.250000000,-128.459231297,35.381503410,5.391907833,0.019025753,7.597963329,9.993567871,5.555600000
692.500000000,-128.301634492,35.187433199,5.396404567,0.016856189,7.639351374,10.583287822,5.555600000
692.750000000,-128.143277217,34.993984016,5.399719186,0.016545825,7.602406765,10.676480143,5.555600000
693.000000000,-127.984397753,34.800963299,5.403338407,0.016807278,7.551970443,10.597812381,5.555600000
693.250000000,-127.824643874,34.608664837,5.408174951,0.017996468,7.573942622,10.260737188,5.555600000
693.500000000,-127.663905336,34.417190669,5.412592114,0.019109559,7.597633673,9.972722338,5.555600000
693.750000000,-127.502459590,34.226311835,5.417738412,0.019168079,7.615641734,9.958243265,5.555600000
694.000000000,-127.339757841,34.036501033,5.423376398,0.019509141,7.601140271,9.875094641,5.555600000
694.250000000,-127.176170317,33.847455063,5.427454987,0.019922705,7.579346570,9.777010427,5.555600000
694.500000000,-127.011926109,33.658978235,5.431978432,0.019518131,7.559124215,9.872930883,5.555600000
694.750000000,-126.846634043,33.471418824,5.437561401,0.019212234,7.571853394,9.947360155,5.555600000
695.000000000,-126.680296929,33.284789156,5.442575759,0.018600087,7.578757260,10.101503146,5.555600000
695.250000000,-126.513132501,33.098897103,5.447334230,0.016665196,7.588887736,10.640346470,5.555600000
695.500000000,-126.345025008,32.913856916,5.451527607,0.014727984,7.657533441,11.276607771,5.555600000
695.750000000,-126.176307810,32.729373752,5.454405917,0.013797278,7.625597450,11.625833219,5.555600000
696.000000000,-126.007137941,32.545304393,5.456796765,0.013963563,7.533704893,11.561055754,5.555600000
696.250000000,-125.837539895,32.361629400,5.460160314,0.015217596,7.561299311,11.105081572,5.555600000
696.500000000,-125.667136858,32.178703566,5.464242845,0.016241476,7.574716943,10.770299392,5.555600000
696.750000000,-125.496044963,31.996419660,5.469527842,0.016300383,7.576940760,10.751947450,5.555600000
697.000000000,-125.323716653,31.815303803,5.474449585,0.015318985,7.576634287,11.070530231,5.555600000
697.250000000,-125.150839280,31.634713382,5.477356725,0.012679685,7.557758032,12.091410021,5.555600000
697.500000000,-124.977460852,31.454602564,5.480351209,0.009835436,7.523761985,13.586006125,5.555600000
697.750000000,-124.803504320,31.275049995,5.482349358,0.008689251,7.554066425,14.367125734,5.555600000
698.000000000,-124.629407534,31.095633519,5.483120509,0.007957458,7.570401803,14.942477118,5.555600000
698.250000000,-124.455174285,30.916349457,5.485445517,0.007022226,7.573145805,15.789469477,5.555600000
698.500000000,-124.280245052,30.737744428,5.488083904,0.006757102,7.551944626,16.057031017,5.555600000
698.750000000,-124.105068368,30.559382426,5.489517677,0.006247589,7.536274492,16.611858573,5.555600000
699.000000000,-123.929627687,30.381279738,5.490738455,0.005275776,7.526824333,17.851769734,5.555600000
699.250000000,-123.754015872,30.203345796,5.491624164,0.004909182,7.552897672,18.397182979,5.555600000
699.500000000,-123.578260043,30.025554239,5.492560825,0.004900082,7.570032053,18.411364986,5.555600000
699.750000000,-123.402315206,29.847949582,5.494158040,0.005206448,7.572598943,17.951197405,5.555600000
700.000000000,-123.225992288,29.670720327,5.495716493,0.005791973,7.574208065,17.159989484,5.555600000
700.250000000,-123.049494814,29.493665022,5.496789842,0.005567697,7.553480833,17.450522905,5.555600000
700.500000000,-122.872791818,29.316814658,5.498588897,0.005022574,7.501912281,18.223169478,5.555600000
700.750000000,-122.695658392,29.140395524,5.500076021,0.005055483,7.540361092,18.173584595,5.555600000
701.000000000,-122.518430192,28.964071512,5.500562083,0.004715060,7.570196616,18.707020149,5.555600000
701.250000000,-122.341125294,28.787824602,5.501868886,0.004135625,7.572593271,19.734146647,5.555600000
701.500000000,-122.163436904,28.611964441,5.503276154,0.004415622,7.575019695,19.217232294,5.555600000
701.750000000,-121.985636674,28.436217278,5.503890231,0.004855982,7.584515420,18.480560413,5.555600000
702.000000000,-121.807732378,28.260575422,5.505113751,0.005385397,7.606237077,17.697872189,5.555600000
702.250000000,-121.629502658,28.085263906,5.506563406,0.006654848,7.586131423,16.163920285,5.555600000
702.500000000,-121.451089986,27.910138701,5.508007514,0.007840262,7.565919213,15.041198444,5.555600000
702.750000000,-121.272354617,27.735342627,5.510601021,0.008685041,7.565442808,14.370248257,5.555600000
703.000000000,-121.093036069,27.561145298,5.513202479,0.009270711,7.574105446,13.954514891,5.555600000
703.250000000,-120.913393935,27.387281783,5.515402146,0.008664016,7.582777311,14.385871700,5.555600000
703.500000000,-120.733310559,27.213874812,5.517987601,0.007813430,7.587145953,15.064077063,5.555600000
703.750000000,-120.552771695,27.040942433,5.519760083,0.008133829,7.585488322,14.797506927,5.555600000
704.000000000,-120.372074743,26.868174951,5.520508475,0.008778271,7.578358564,14.301577782,5.555600000
704.250000000,-120.191277079,26.695512841,5.522828600,0.009618510,7.561668451,13.724079140,5.555600000
704.500000000,-120.009780803,26.523586087,5.526110585,0.010903587,7.559892304,12.962121000,5.555600000
704.750000000,-119.827854150,26.352114868,5.529224820,0.011362440,7.541376215,12.719290960,5.555600000
705.000000000,-119.645290134,26.181321484,5.532569109,0.011083477,7.464975610,12.865273953,5.555600000
705.250000000,-119.462220436,26.011070715,5.534958389,0.011134080,7.364250001,12.838419790,5.555600000
705.500000000,-119.278842520,25.841151818,5.536784745,0.011015837,7.295865823,12.901433967,5.555600000
705.750000000,-119.095151930,25.671570665,5.539863119,0.011310600,7.304726018,12.746043451,5.555600000
706.000000000,-118.910731494,25.502784127,5.543307466,0.012468298,7.312575203,12.185928840,5.555600000
706.250000000,-118.725877558,25.334472811,5.546026038,0.012654343,7.319457462,12.102625608,5.555600000
706.500000000,-118.540541829,25.166691204,5.549777941,0.012938635,7.325090771,11.978567296,5.555600000
706.750000000,-118.354429823,24.999771447,5.553135909,0.014974685,7.289110457,11.189195170,5.555600000
707.000000000,-118.167971777,24.833238589,5.555147775,0.016180158,7.287577899,10.789502457,5.555600000
707.250000000,-117.981189467,24.667068891,5.560369435,0.015994837,7.330237008,10.848170419,5.555600000
707.500000000,-117.793002179,24.502492071,5.566400717,0.016655414,7.337821294,10.643293762,5.555600000
707.750000000,-117.604230122,24.338588394,5.569853621,0.016977665,7.345021481,10.547471520,5.555600000
708.000000000,-117.414910831,24.175315099,5.573047273,0.015693117,7.352352522,10.945768953,5.555600000
708.250000000,-117.225094672,24.012619599,5.576874930,0.014885374,7.365412223,11.220604866,5.555600000
708.500000000,-117.034532413,23.850801551,5.581086318,0.014905184,7.361377172,11.213615142,5.555600000
708.750000000,-116.843352857,23.689710742,5.584916574,0.014651453,7.347597915,11.304143659,5.555600000
709.000000000,-116.651555141,23.529356022,5.588551135,0.014406459,7.351337031,11.393668533,5.555600000
709.250000000,-116.459210060,23.369659501,5.591612671,0.014318903,7.356367310,11.426182839,5.555600000
709.500000000,-116.266434415,23.210482444,5.594938067,0.014350650,7.361789108,11.414361323,5.555600000
709.750000000,-116.073030883,23.052068196,5.599039287,0.014925567,7.365862456,11.206436648,5.555600000
710.000000000,-115.878956597,22.894478116,5.602760841,0.015406885,7.366447443,11.040835200,5.555600000
710.250000000,-115.684379846,22.737508172,5.606583432,0.014730741,7.366816528,11.275619287,5.555600000
710.500000000,-115.489105599,22.581405744,5.610894237,0.014091097,7.372702308,11.512100970,5.555600000
710.750000000,-115.293182869,22.426119267,5.614173661,0.014109454,7.379055784,11.505105631,5.555600000
711.000000000,-115.096889196,22.271301130,5.616630479,0.013498463,7.391548677,11.745026818,5.555600000
711.250000000,-114.900205193,22.116978731,5.620397363,0.013121821,7.421211190,11.900621734,5.555600000
711.500000000,-114.702751100,21.963644089,5.624220506,0.013895918,7.372677207,11.587276278,5.555600000
711.750000000,-114.504893289,21.810830413,5.627003277,0.014151754,7.342377633,11.489034573,5.555600000
712.000000000,-114.306588283,21.658596630,5.630869149,0.014083372,7.385589945,11.515048743,5.555600000
712.250000000,-114.107554839,21.507317262,5.634674753,0.014521026,7.396594029,11.351539911,5.555600000
712.500000000,-113.908097567,21.356597714,5.637732412,0.013623646,7.402376112,11.694648232,5.555600000
712.750000000,-113.708142344,21.206538029,5.642093861,0.010704247,7.408428881,13.072036767,5.555600000
713.000000000,-113.507377643,21.057563802,5.645432439,0.007057088,7.390351184,15.755273373,5.555600000
713.250000000,-113.306424969,20.908842625,5.646499056,0.003121308,7.387398049,22.029135630,5.555600000
713.500000000,-113.105342584,20.760296759,5.645805435,-0.001060899,7.409413064,31.152049169,5.555600000
713.750000000,-112.904596395,20.611296941,5.644244435,-0.004091235,7.418053793,19.819988970,5.555600000
714.000000000,-112.703978810,20.462124066,5.643385089,-0.004566503,7.425318286,18.954999909,5.555600000
714.250000000,-112.503488968,20.312779420,5.641488974,-0.003456343,7.432027243,21.184863771,5.555600000
714.500000000,-112.303438490,20.162846809,5.640214437,-0.002277150,7.427796212,24.703974546,5.555600000
714.750000000,-112.103330015,20.012991605,5.640673800,-0.000453327,7.426966368,37.096528385,5.555600000
715.000000000,-111.903141845,19.863242827,5.640735213,0.002009127,7.430257038,25.780702721,5.555600000
715.250000000,-111.703014940,19.713412183,5.641201438,0.004042569,7.436217520,19.915401540,5.555600000
715.500000000,-111.502687398,19.563850265,5.642539310,0.006120300,7.441836322,16.759685132,5.555600000
715.750000000,-111.302160309,19.414555651,5.644186915,0.007253632,7.446452768,15.566552571,5.555600000
716.000000000,-111.101340843,19.265654536,5.646807754,0.005848720,7.420013656,17.088750378,5.555600000
716.250000000,-110.900034910,19.117413769,5.649901995,0.003280363,7.424634916,21.615968003,5.555600000
716.500000000,-110.698297825,18.969758263,5.650168715,0.000217434,7.456784697,40.531467149,5.555600000
716.750000000,-110.496911908,18.821624215,5.648193812,-0.003423870,7.457345324,21.262474071,5.555600000
717.000000000,-110.295759780,18.673173169,5.646733304,-0.005509173,7.460275143,17.528796450,5.555600000
717.250000000,-110.094807438,18.524451514,5.644804923,-0.005209411,7.466740383,17.946913938,5.555600000
717.500000000,-109.894229172,18.375225648,5.643345149,-0.003946962,7.480048428,20.106926564,5.555600000
717.750000000,-109.693711857,18.225917917,5.642952633,-0.001974763,7.465390827,25.929183125,5.555600000
718.000000000,-109.493250804,18.076534641,5.642386369,0.000453690,7.433439733,37.091901105,5.555600000
718.250000000,-109.292902701,17.926999904,5.642673343,0.002582170,7.455137806,23.628814123,5.555600000
718.500000000,-109.092356065,17.777731798,5.643927977,0.004551286,7.465829089,18.980960497,5.555600000
718.750000000,-108.891633408,17.628700286,5.645356316,0.005388374,7.468592502,17.693748021,5.555600000
719.000000000,-108.690661053,17.480005592,5.647396891,0.004022362,7.471027498,19.955425593,5.555600000
719.250000000,-108.489332208,17.331794763,5.649320320,0.001603309,7.463031764,27.717376349,5.555600000
719.500000000,-108.287789368,17.183874303,5.649210320,-0.001018231,7.451022755,31.479625974,5.555600000
719.750000000,-108.086492737,17.035618893,5.647446899,-0.003940767,7.464904844,20.119528158,5.555600000
720.000000000,-107.885473030,16.886988684,5.645845665,-0.006111767,7.474954479,16.769736925,5.555600000
720.250000000,-107.684652238,16.738089408,5.644361961,-0.006269984,7.484664238,16.586252155,5.555600000
720.500000000,-107.484074241,16.588863181,5.642503333,-0.005168516,7.516684976,18.006307288,5.555600000
720.750000000,-107.283808613,16.439218643,5.640747897,-0.004165849,7.509145245,19.676332597,5.555600000
721.000000000,-107.083755766,16.289289136,5.640234369,-0.003041435,7.477665979,22.245756844,5.555600000
721.250000000,-106.883643632,16.139438764,5.640136909,-0.001240695,7.484471575,29.876082039,5.555600000
721.500000000,-106.683620035,15.989470282,5.639656097,0.000619180,7.489682489,35.145319036,5.555600000
721.750000000,-106.483652094,15.839427547,5.639605614,0.001961029,7.496105681,25.989246729,5.555600000
722.000000000,-106.283643616,15.689438852,5.640543881,0.003356874,7.523692046,21.425329683,5.555600000
722.250000000,-106.083394640,15.539771758,5.641986333,0.004816866,7.500529252,18.542592955,5.555600000
722.500000000,-105.882954318,15.390360711,5.643287515,0.005306430,7.454585815,17.808330888,5.555600000
722.750000000,-105.682316358,15.241215114,5.644897675,0.004346107,7.485525963,19.341767802,5.555600000
723.000000000,-105.481396109,15.092450459,5.646406197,0.002643013,7.500416482,23.430665629,5.555600000
723.250000000,-105.280309085,14.943910873,5.647009366,0.001668849,7.505896138,27.374926916,5.555600000
723.500000000,-105.079209311,14.795388549,5.646386112,0.002232618,7.511123054,24.873552426,5.555600000
723.750000000,-104.878307703,14.646598500,5.645495268,0.003813275,7.509542369,20.384246011,5.555600000
724.000000000,-104.677472976,14.497718194,5.646862044,0.006627588,7.504617923,16.192779061,5.555600000
724.250000000,-104.476165289,14.349477797,5.650023375,0.010720435,7.506021564,13.063006251,5.555600000
724.500000000,-104.274393745,14.201870624,5.652925371,0.013634099,7.508672917,11.690470837,5.555600000
724.750000000,-104.072229517,14.054801430,5.657039067,0.014309568,7.512173143,11.429665569,5.555600000
725.000000000,-103.869249799,13.908858859,5.661643361,0.015093162,7.516419408,11.147931944,5.555600000
725.250000000,-103.665740229,13.763657788,5.664799156,0.016399154,7.529791897,10.721386066,5.555600000
725.500000000,-103.461843593,13.618999351,5.667860128,0.016170897,7.544001349,10.792411759,5.555600000
725.750000000,-103.257448105,13.475046287,5.672821537,0.014684965,7.522435477,11.292061130,5.555600000
726.000000000,-103.052128584,13.332419899,5.678140665,0.013059155,7.516865077,11.927114521,5.555600000
726.250000000,-102.846213320,13.190649358,5.680968864,0.010946589,7.521027036,12.938771540,5.555600000
726.500000000,-102.640087682,13.049184801,5.682185953,0.008877081,7.524366029,14.229862265,5.555600000
726.750000000,-102.433827964,12.907915934,5.683121119,0.008376811,7.526821387,14.604524075,5.555600000
727.000000000,-102.227438187,12.766837207,5.684926856,0.010127938,7.528918340,13.406260333,5.555600000
727.250000000,-102.020669567,12.626314120,5.688228037,0.013189268,7.532767404,11.872303868,5.555600000
727.500000000,-101.813353805,12.486601770,5.691823533,0.015388481,7.529534891,11.047032829,5.555600000
727.750000000,-101.605580497,12.347569477,5.696651104,0.016268520,7.522696973,10.761862445,5.555600000
728.000000000,-101.396924418,12.209864571,5.701629074,0.017183638,7.525923627,10.487563645,5.555600000
728.250000000,-101.187777695,12.072908020,5.704890046,0.017839635,7.527738112,10.303357236,5.555600000
728.500000000,-100.978228217,11.936567043,5.708936066,0.019080127,7.526381299,9.980028158,5.555600000
728.750000000,-100.767979168,11.801306784,5.714074565,0.021696325,7.501383946,9.387225038,5.555600000
729.000000000,-100.557041560,11.667127762,5.718999075,0.022355282,7.511652453,9.253849739,5.555600000
729.250000000,-100.345471288,11.533945230,5.726981410,0.020569817,7.547328498,9.629234580,5.555600000
729.500000000,-100.132416286,11.403149335,5.733778212,0.018818222,7.531401846,10.045756670,5.555600000
729.750000000,-99.919054876,11.272854838,5.735935953,0.016096739,7.527016888,10.815792755,5.555600000
730.000000000,-99.705437495,11.142979643,5.738499044,0.013548400,7.529394821,11.724852489,5.555600000
730.250000000,-99.491410545,11.013780322,5.741620040,0.014556331,7.509999257,11.338651474,5.555600000
730.500000000,-99.276987349,10.885241467,5.744602137,0.016642564,7.511566000,10.647169125,5.555600000
730.750000000,-99.062194082,10.757321195,5.750028644,0.018077115,7.528446382,10.239026042,5.555600000
731.000000000,-98.846387722,10.631116541,5.756076275,0.019584678,7.532902999,9.856959215,5.555600000
731.250000000,-98.630064008,10.505804148,5.759965074,0.018781159,7.544867123,10.055163367,5.555600000
731.500000000,-98.413282877,10.381281893,5.765346725,0.017244314,7.558685708,10.470109724,5.555600000
731.750000000,-98.195621455,10.258304231,5.769837025,0.018094896,7.483922159,10.234257845,5.555600000
732.000000000,-97.977730861,10.135733833,5.771746545,0.018152568,7.486202219,10.218837494,5.555600000
732.250000000,-97.759601735,10.013588528,5.777469210,0.017274659,7.551823669,10.461413098,5.555600000
732.500000000,-97.540322258,9.893519752,5.783809232,0.018196149,7.549716525,10.207231021,5.555600000
732.750000000,-97.320662534,9.774150428,5.786883920,0.017588277,7.551335411,10.372786378,5.555600000
733.000000000,-97.100648931,9.655432380,5.791486472,0.015134553,7.556199263,11.133623554,5.555600000
733.250000000,-96.879898714,9.538089541,5.795587389,0.014579851,7.554661516,11.330089699,5.555600000
733.500000000,-96.658919169,9.421180168,5.797598924,0.014228459,7.466080665,11.460063482,5.555600000
733.750000000,-96.437698733,9.304726407,5.801515962,0.013403719,7.291384444,11.783591609,5.555600000
734.000000000,-96.215809677,9.189551554,5.805626778,0.014803265,7.137094234,11.249716626,5.555600000
734.250000000,-95.993639693,9.074920711,5.808314738,0.016625026,6.980911327,10.652465115,5.555600000
734.500000000,-95.771135326,8.960940708,5.812268423,0.016785868,6.825736413,10.604188993,5.555600000
734.750000000,-95.548065392,8.848069966,5.817926043,0.017567147,6.680574611,10.378686892,5.555600000
735.000000000,-95.324285810,8.736615014,5.822751334,0.019235882,6.526936220,9.941546170,5.555600000
735.250000000,-95.100137442,8.625902457,5.826356048,0.019454660,6.395901900,9.888237047,5.555600000
735.500000000,-94.875560744,8.516064002,5.831503271,0.018823968,6.275149269,10.044300565,5.555600000
735.750000000,-94.650284122,8.407664540,5.837169461,0.019247670,6.119117777,9.938651792,5.477506024
736.000000000,-94.424475655,8.300377372,5.841661560,0.020273104,5.965188234,9.696155429,5.385450050
736.250000000,-94.198234733,8.194006413,5.846075709,0.021481535,5.827975563,9.431961460,5.291792914
736.500000000,-93.971488852,8.088717340,5.851150787,0.023286651,5.675753972,9.074677053,5.196448041
736.750000000,-93.744180650,7.984648535,5.857391245,0.024916713,5.518056509,8.784661711,5.099320763
737.000000000,-93.516139987,7.882198321,5.864985241,0.025974517,5.366500791,8.610694007,5.000307215
737.250000000,-93.287277300,7.781593655,5.872062111,0.026923365,5.213904973,8.463132162,4.899293035
737.500000000,-93.057807649,7.682380441,5.877966657,0.027299198,5.059781204,8.406746172,4.796151816
737.750000000,-92.827772601,7.584485262,5.884195886,0.026745917,4.906941510,8.490151874,4.690743251
738.000000000,-92.597085759,7.488138939,5.891654273,0.025993459,4.754445257,8.607672290,4.582910892
738.250000000,-92.365616280,7.393685980,5.898969902,0.025522216,4.601543638,8.683805677,4.472479429
738.500000000,-92.133543682,7.300724759,5.904942104,0.024603426,4.457739775,8.838243446,4.359251340
738.750000000,-91.900962069,7.209043042,5.910070132,0.022878556,4.304831362,9.151893787,4.243002739
739.000000000,-91.667947806,7.118466637,5.915897787,0.021181343,4.148054776,9.495570923,4.123478173
739.250000000,-91.434313632,7.029501972,5.921460738,0.019632036,4.000384012,9.845640108,4.000384012
739.500000000,-91.200305964,6.941523572,5.926359794,0.017703731,3.951450173,10.340722161,3.951450173
739.750000000,-90.965811028,6.854852203,5.930505498,0.015105399,4.075819290,11.143695936,4.045238988
740.000000000,-90.731081582,6.768816925,5.933586791,0.011845981,4.212829812,12.477608667,4.136902038
740.250000000,-90.496056893,6.683592256,5.936640381,0.008696468,4.339909195,14.361777801,4.226577631
740.500000000,-90.260806396,6.598992108,5.938481641,0.006661250,4.460798759,16.157165340,4.314389698
740.750000000,-90.025469175,6.514633396,5.938953818,0.004615516,4.575496982,18.872097965,4.400449803
741.000000000,-89.790138860,6.430255434,5.939652660,0.002216079,4.683770159,24.937428728,4.484858801
741.250000000,-89.554684324,6.346225861,5.941092748,0.001324308,4.756725147,29.333790285,4.567708229
741.500000000,-89.319112366,6.262526185,5.940673211,0.001333558,4.826521740,29.275594845,4.649081465
741.750000000,-89.083728083,6.178298957,5.939989011,0.000698632,4.927666294,34.313530598,4.729054712
742.000000000,-88.848270486,6.094276861,5.940757216,0.000488781,5.015743487,36.652166495,4.807697835
742.250000000,-88.612757058,6.010411374,5.941183154,0.001107640,5.099810953,30.804686199,4.885075073
742.500000000,-88.377227964,5.926589888,5.941308832,0.001289053,5.184860436,29.558819427,4.961245657
742.750000000,-88.141693502,5.842783615,5.941679080,0.001659879,5.248909385,27.421050190,5.036264337
743.000000000,-87.906102421,5.759136565,5.941752241,0.002738558,5.266835571,23.129323470,5.110181843
743.250000000,-87.670555692,5.675364755,5.942216618,0.003654360,5.336717304,20.729318960,5.183045289
743.500000000,-87.434887051,5.591936558,5.943873448,0.005092958,5.420576567,18.117610175,5.254898521
743.750000000,-87.199063989,5.508945715,5.945464932,0.006756361,5.495608055,16.057798167,5.325782428
744.000000000,-86.963130941,5.426268046,5.946658878,0.006453382,5.566593309,16.380920642,5.395735211
744.250000000,-86.727110380,5.343840560,5.949504851,0.005332251,5.627513807,17.771984395,5.464792628
744.500000000,-86.490711090,5.262507325,5.951354897,0.005417416,5.663432775,17.653665365,5.532988204
744.750000000,-86.254387379,5.180953775,5.950868614,0.005447696,5.719186906,17.612163510,5.555600000
745.000000000,-86.018066862,5.099390513,5.951800385,0.005003388,5.785777131,18.252266398,5.555600000
745.250000000,-85.781591578,5.018277501,5.953866954,0.006004084,5.849540612,16.898156732,5.555600000
745.500000000,-85.544935992,4.937691686,5.955915985,0.007586550,5.920603228,15.261795860,5.555600000
745.750000000,-85.308130069,4.857548369,5.957452229,0.007747770,6.016445805,15.120505658,5.555600000
746.000000000,-85.071227888,4.777690016,5.959781492,0.007573493,5.994194084,15.273412833,5.555600000
746.250000000,-84.834051451,4.698650820,5.961853870,0.008429699,6.021573305,14.563511166,5.555600000
746.500000000,-84.596820312,4.619775052,5.963182888,0.009828416,6.073853247,13.590408901,5.555600000
746.750000000,-84.359434962,4.541366670,5.965533779,0.011376954,6.130490643,12.711830872,5.555600000
747.000000000,-84.121835640,4.463607193,5.968908669,0.012747112,6.181945777,12.061720672,5.555600000
747.250000000,-83.883925851,4.386802687,5.972896076,0.012073678,6.253749960,12.368473744,5.555600000
747.500000000,-83.645714008,4.310940485,5.977181685,0.009298275,6.214623721,13.935827483,5.555600000
747.750000000,-83.407155613,4.236178254,5.979722826,0.006334123,6.266740820,16.513567579,5.555600000
748.000000000,-83.168561469,4.161527737,5.979178017,0.003430341,6.335397911,21.246942575,5.555600000
748.250000000,-82.930083723,4.086505313,5.978510108,0.000917440,6.377097924,32.296398140,5.555600000
748.500000000,-82.691589254,4.011536064,5.979129932,0.000632935,6.420341899,34.996973438,5.555600000
748.750000000,-82.453018702,3.936809330,5.979523650,0.002537715,6.472705415,23.776810441,5.555600000
749.000000000,-82.214465282,3.862027905,5.979674466,0.004884926,6.495443308,18.435057762,5.555600000
749.250000000,-81.975872329,3.787373175,5.980808716,0.007277788,6.506168331,15.543823102,5.555600000
749.500000000,-81.737149922,3.713133114,5.983223695,0.009873685,6.532872871,13.562090084,5.555600000
749.750000000,-81.498199033,3.639631601,5.986628666,0.012793230,6.575085366,12.041539455,5.555600000
750.000000000,-81.258977244,3.567019132,5.990219384,0.014828747,6.613328879,11.240657932,5.555600000
750.250000000,-81.019505373,3.495235718,5.993662918,0.013913602,6.647908628,11.580404170,5.555600000
750.500000000,-80.779788755,3.424272371,5.998803329,0.011073621,6.678564205,12.870524062,5.555600000
750.750000000,-80.539590859,3.354954472,6.002300875,0.008295579,6.695361969,14.668198599,5.555600000
751.000000000,-80.299383434,3.285669607,6.002335441,0.005009949,6.722595020,18.242300170,5.555600000
751.250000000,-80.059180751,3.216368315,6.002196620,0.001668599,6.754563533,27.376208954,5.555600000
751.500000000,-79.818992570,3.147016760,6.002424612,0.000893495,6.787524101,32.499969141,5.555600000
751.750000000,-79.578758310,3.077825004,6.002566474,0.002035660,6.818877636,25.667788634,5.555600000
752.000000000,-79.338550474,3.008541602,6.002709259,0.003095217,6.826644099,22.099199165,5.555600000
752.250000000,-79.098296699,2.939418520,6.004160795,0.004573539,6.825320160,18.943031702,5.555600000
752.500000000,-78.857888729,2.870832746,6.005460412,0.006751359,6.832301194,16.062977952,5.555600000
752.750000000,-78.617455864,2.802334306,6.006898864,0.008959145,6.883707857,14.171113602,5.555600000
753.000000000,-78.376852204,2.734440624,6.009526064,0.010776174,6.924615704,13.032054786,5.555600000
753.250000000,-78.136062999,2.667206524,6.012628050,0.011584753,6.953228959,12.606445682,5.555600000
753.500000000,-77.895042132,2.600806665,6.016639860,0.010842592,6.990419535,12.995458856,5.555600000
753.750000000,-77.653721764,2.535506858,6.019921751,0.009025394,6.998387652,14.124213207,5.555600000
754.000000000,-77.412270321,2.470690441,6.021399370,0.006483184,7.007183485,16.348268867,5.555600000
754.250000000,-77.170757228,2.406103863,6.022132010,0.003614312,7.033718116,20.819078346,5.555600000
754.500000000,-76.929211008,2.341641293,6.022585575,0.001869563,7.058524762,26.400191910,5.555600000
754.750000000,-76.687639440,2.277273830,6.022890268,0.001684940,7.082527043,27.292775693,5.555600000
755.000000000,-76.446053987,2.212958467,6.022707125,0.001730704,7.100512368,27.063106714,5.555600000
755.250000000,-76.204505998,2.148502520,6.023287908,0.001901015,7.083118091,26.256690765,5.555600000
755.500000000,-75.962846148,2.084467857,6.024455821,0.003051253,7.094989818,22.218785556,5.555600000
755.750000000,-75.721148266,2.020576301,6.024588524,0.004253136,7.122357859,19.512174849,5.555600000
756.000000000,-75.479471277,1.956605738,6.025639858,0.005369205,7.158079509,17.720353156,5.555600000
756.250000000,-75.237639700,1.893222563,6.027585665,0.007815966,7.180723423,15.061909581,5.555600000
756.500000000,-74.995715778,1.830193044,6.029042203,0.010577193,7.199111848,13.143570308,5.555600000
756.750000000,-74.753700469,1.767514580,6.032124546,0.012115696,7.214652392,12.348645562,5.555600000
757.000000000,-74.511392463,1.705977602,6.036459722,0.012751038,7.216958940,12.059998592,5.555600000
757.250000000,-74.268844343,1.645400210,6.040211618,0.012057689,7.229771349,12.376043758,5.555600000
757.500000000,-74.026081431,1.585683178,6.043303092,0.009579232,7.251452787,13.749532487,5.555600000
757.750000000,-73.783161868,1.526606226,6.045202331,0.007119271,7.270013201,15.694825522,5.555600000
758.000000000,-73.540173880,1.467811754,6.046108592,0.006212296,7.322316220,16.652453369,5.555600000
758.250000000,-73.297147638,1.409175196,6.046423706,0.006596339,7.370946768,16.226050427,5.555600000
758.500000000,-73.054122552,1.350533851,6.048045797,0.008333569,7.316867207,14.638316215,5.555600000
758.750000000,-72.810907941,1.292686161,6.050999661,0.011052000,7.310296000,12.882063712,5.555600000
759.000000000,-72.567541143,1.235481669,6.053996593,0.013099688,7.325415004,11.909958426,5.555600000
759.250000000,-72.323983592,1.179092670,6.058148245,0.014418906,7.341791084,11.389068792,5.555600000
759.500000000,-72.080150492,1.123910944,6.062014017,0.015390071,7.358165649,11.046496988,5.555600000
759.750000000,-71.836164910,1.069406831,6.065204654,0.014540621,7.361441513,11.344381308,5.555600000
760.000000000,-71.591983873,1.015782013,6.069888041,0.012392783,7.333197025,12.220235856,5.555600000
760.250000000,-71.347498526,0.963565631,6.073583329,0.010509311,7.368805334,13.182273839,5.555600000
760.500000000,-71.102927921,0.911746913,6.074912999,0.007938852,7.403941673,14.958020483,5.555600000
760.750000000,-70.858303864,0.860180734,6.076231187,0.005356870,7.419420501,17.737537665,5.555600000
761.000000000,-70.613597457,0.809006968,6.077260741,0.004673470,7.434363990,18.775460882,5.555600000
761.250000000,-70.368867750,0.757944608,6.077679049,0.004734830,7.435826283,18.674746113,5.555600000
761.500000000,-70.124118577,0.706975576,6.079184510,0.005258057,7.417537222,17.877024017,5.555600000
761.750000000,-69.879236307,0.656650324,6.080995492,0.007059359,7.425118344,15.753053608,5.555600000
762.000000000,-69.634304220,0.606568116,6.081985768,0.008505709,7.443405601,14.505167473,5.555600000
762.250000000,-69.389322675,0.556727946,6.084651313,0.009518159,7.472687185,13.789392739,5.555600000
762.500000000,-69.144127236,0.507952230,6.087936865,0.011260311,7.487423373,12.772156974,5.555600000
762.750000000,-68.898823970,0.459723022,6.090190951,0.012150599,7.498805024,12.332247606,5.555600000
763.000000000,-68.653410886,0.412053132,6.093784445,0.011683668,7.507866495,12.557192843,5.555600000
763.250000000,-68.407767054,0.365588093,6.097347570,0.011271665,7.515741144,12.766247327,5.555600000
763.500000000,-68.162021052,0.319668377,6.099665975,0.010445220,7.523971002,13.219131763,5.555600000
763.750000000,-67.916164200,0.274342798,6.102131352,0.009047108,7.532770208,14.108942151,5.555600000
764.000000000,-67.670194269,0.229635259,6.104175611,0.008475030,7.544402720,14.528630891,5.555600000
764.250000000,-67.424154482,0.185315304,6.105912810,0.009077494,7.567505902,14.087655744,5.555600000
764.500000000,-67.178030647,0.141462619,6.107836969,0.010972836,7.606006420,12.924581334,5.555600000
764.750000000,-66.931821849,0.098089781,6.110364156,0.013651022,7.577696962,11.683717367,5.555600000
765.000000000,-66.685481091,0.055481929,6.114126893,0.015758560,7.562017848,10.924376302,5.555600000
765.250000000,-66.438952819,0.013963125,6.119612131,0.017849729,7.576124414,10.300598085,5.555600000
765.500000000,-66.192158574,-0.025939880,6.124603783,0.019642951,7.588056167,9.843036813,5.555600000
765.750000000,-65.945229513,-0.064995266,6.128542320,0.019269374,7.602973486,9.933329203,5.555600000
766.000000000,-65.698127916,-0.102953147,6.134283050,0.017984915,7.623531077,10.263858740,5.555600000
766.250000000,-65.450766438,-0.139170951,6.139315246,0.017407655,7.622636760,10.423552652,5.555600000
766.500000000,-65.203296097,-0.174639920,6.142597095,0.016234250,7.621394706,10.772556954,5.555600000
766.750000000,-64.955701098,-0.209233508,6.146581026,0.014535723,7.627514000,11.346169333,5.555600000
767.000000000,-64.707955839,-0.242729582,6.150084137,0.013579129,7.637192888,11.712489327,5.555600000
767.250000000,-64.460125272,-0.275587535,6.153326761,0.013511783,7.658785896,11.739635517,5.555600000
767.500000000,-64.212167400,-0.307476305,6.156610804,0.014837643,7.709300750,11.237500327,5.555600000
767.750000000,-63.964125944,-0.338705839,6.159249336,0.016801766,7.687458177,10.599453054,5.555600000
768.000000000,-63.716004576,-0.369285516,6.163708212,0.018629949,7.652782480,10.093816638,5.555600000
768.250000000,-63.467694187,-0.398301907,6.170051016,0.021004825,7.662960539,9.533580518,5.555600000
768.500000000,-63.219205892,-0.425731513,6.175364200,0.022290042,7.673165905,9.266801559,5.555600000
768.750000000,-62.970602351,-0.452107565,6.181148112,0.021774762,7.686632136,9.371046155,5.555600000
769.000000000,-62.721811032,-0.476661165,6.187223901,0.021259235,7.718787533,9.478942383,5.555600000
769.250000000,-62.472906036,-0.500014345,6.191458561,0.020082441,7.722873641,9.739901080,5.555600000
769.500000000,-62.223916167,-0.522459961,6.196737389,0.018107201,7.710031413,10.230961647,5.555600000
769.750000000,-61.974776635,-0.543184188,6.201825750,0.016864207,7.710495137,10.580912673,5.555600000
770.000000000,-61.725571929,-0.563094726,6.204892559,0.015224572,7.715688417,11.102694000,5.555600000
770.250000000,-61.476309970,-0.582290449,6.208747392,0.013426440,7.725036542,11.774308359,5.555600000
770.500000000,-61.226958035,-0.600279210,6.212095516,0.013447950,7.765665424,11.765540389,5.555600000
770.750000000,-60.977573637,-0.617805359,6.214161817,0.014202269,7.772319731,11.469930771,5.555600000
771.000000000,-60.728149457,-0.634763500,6.217967432,0.015584664,7.735527274,10.981499906,5.555600000
771.250000000,-60.478638805,-0.650391042,6.222370734,0.018016090,7.735372163,10.255442039,5.555600000
771.500000000,-60.229076840,-0.665151860,6.226774851,0.019335202,7.742196325,9.917238405,5.555600000
771.750000000,-59.979437789,-0.678581107,6.233029675,0.019355912,7.753855526,9.912192289,5.555600000
772.000000000,-59.729710455,-0.690218920,6.238267758,0.018880512,7.763783578,10.030006473,5.555600000
772.250000000,-59.479945259,-0.701032188,6.242199345,0.017273708,7.771120637,10.461685435,5.555600000
772.500000000,-59.230132497,-0.710706076,6.246528460,0.015351957,7.771803068,11.059363464,5.555600000
772.750000000,-58.980283132,-0.719356435,6.249818282,0.013879912,7.778419089,11.593506494,5.555600000
773.000000000,-58.730412477,-0.727386437,6.253170395,0.012563612,7.787590951,12.143036857,5.555600000
773.250000000,-58.480509802,-0.734361594,6.256506881,0.011883113,7.796250230,12.459614096,5.555600000
773.500000000,-58.230591327,-0.740724043,6.258659969,0.011540276,7.817210365,12.628781577,5.555600000
773.750000000,-57.980660960,-0.746623014,6.261476837,0.011827395,7.846333051,12.486645192,5.555600000
774.000000000,-57.730710057,-0.751577406,6.264577668,0.013483494,7.819092528,11.751094652,5.555600000
774.250000000,-57.480748777,-0.755926274,6.267261681,0.015051840,7.806087948,11.162271694,5.555600000
774.500000000,-57.230774880,-0.759538860,6.271984091,0.015814226,7.810393403,10.906277741,5.555600000
774.750000000,-56.980783647,-0.761526725,6.276891447,0.016068926,7.822137297,10.824601058,5.555600000
775.000000000,-56.730787643,-0.762685752,6.280874896,0.015760276,7.833699822,10.923817086,5.555600000
775.250000000,-56.480787643,-0.762681924,6.284715080,0.015256250,7.842372470,11.091871241,5.555600000
775.500000000,-56.230789167,-0.761920867,6.287296513,0.014331971,7.834895841,11.421312299,5.555600000
775.750000000,-55.980793392,-0.760626333,6.291349862,0.013433313,7.827128576,11.771504655,5.555600000
776.000000000,-55.730808935,-0.757838660,6.295666211,0.013548574,7.844108390,11.724782357,5.555600000
776.250000000,-55.480833312,-0.754386055,6.297930007,0.013107430,7.856070378,11.906689848,5.555600000
776.500000000,-55.230864192,-0.750466591,6.301243237,0.011670597,7.865682933,12.563668063,5.555600000
776.750000000,-54.980916401,-0.745357609,6.304639741,0.011032545,7.887909035,12.892473523,5.555600000
777.000000000,-54.730980088,-0.739740215,6.306775161,0.010605945,7.892834812,13.127279628,5.555600000
777.250000000,-54.481056396,-0.733563797,6.309417410,0.009868023,7.878738053,13.565622100,5.555600000
777.500000000,-54.231152817,-0.726625687,6.311760154,0.009513105,7.874177483,13.792706398,5.555600000
777.750000000,-53.981261247,-0.719278339,6.313927931,0.008908439,7.877706194,14.207327074,5.555600000
778.000000000,-53.731389969,-0.711256823,6.316625096,0.008236122,7.895815103,14.715335187,5.555600000
778.250000000,-53.481541537,-0.702561586,6.318572553,0.008083974,7.905909329,14.838057863,5.555600000
778.500000000,-53.231703449,-0.693566909,6.319891104,0.007139374,7.909879584,15.675431474,5.555600000
778.750000000,-52.981878509,-0.684212815,6.321876759,0.005382890,7.896696537,17.701346993,5.555600000
779.000000000,-52.732078617,-0.674226046,6.324021247,0.004428224,7.898703051,19.194911134,5.555600000
779.250000000,-52.482296094,-0.663800550,6.324380204,0.003903386,7.911243530,20.196073761,5.555600000
779.500000000,-52.232502880,-0.653634426,6.324274663,0.002968890,7.917786835,22.448144640,5.555600000
779.750000000,-51.982718279,-0.643261659,6.325259548,0.002738876,7.940653587,23.128339707,5.555600000
780.000000000,-51.732945574,-0.632603520,6.326266769,0.003244261,7.986062914,21.707706262,5.555600000
780.250000000,-51.483182277,-0.621727594,6.327053461,0.002848898,7.934982153,22.795376734,5.555600000
780.500000000,-51.233426755,-0.610676484,6.328195181,0.002327032,7.886190195,24.518082386,5.555600000
780.750000000,-50.983688924,-0.599230267,6.328570339,0.002731434,7.903068286,23.151391080,5.555600000
781.000000000,-50.733941697,-0.587991762,6.328086117,0.002953289,7.918668895,22.492395421,5.555600000
781.250000000,-50.484192967,-0.576787409,6.329257781,0.003336275,7.933000332,21.476158054,5.555600000
781.500000000,-50.234472724,-0.564963694,6.330891031,0.004306774,7.939284576,19.413315640,5.555600000
781.750000000,-49.984761946,-0.552943600,6.331740830,0.003607070,7.935739404,20.835436338,5.555600000
782.000000000,-49.735062159,-0.540695478,6.333365376,0.001272027,7.920780773,29.669365735,5.555600000
782.250000000,-49.485391750,-0.527864115,6.334058012,-0.000228515,7.938879437,40.348261433,5.555600000
782.500000000,-49.235709566,-0.515270124,6.332303557,-0.001184485,7.952221163,30.258017710,5.555600000
782.750000000,-48.985995585,-0.503314903,6.331025329,-0.002100823,7.947260809,25.396652541,5.555600000
783.000000000,-48.736281624,-0.491359236,6.331035249,-0.001777105,7.950179139,26.836067946,5.555600000
783.250000000,-48.486567880,-0.479399061,6.331109747,-0.000846675,7.956498553,32.909385751,5.555600000
783.500000000,-48.236855704,-0.467406188,6.331061586,-0.000770324,7.963836395,33.611557339,5.555600000
783.750000000,-47.987140813,-0.455470066,6.330857226,-0.001201665,7.969908257,30.139731934,5.555600000
784.000000000,-47.737423756,-0.443579256,6.330354970,-0.001557732,7.974969377,27.963241028,5.555600000
784.250000000,-47.487697000,-0.431893982,6.329779798,-0.001763746,7.978510773,26.900843751,5.555600000
784.500000000,-47.237966449,-0.420290441,6.329361036,-0.001809819,7.982509559,26.679386657,5.555600000
784.750000000,-46.988229990,-0.408814323,6.328915968,-0.001907473,7.987406512,26.227517268,5.555600000
785.000000000,-46.738489195,-0.397433080,6.328593478,-0.002177021,7.992729246,25.090246314,5.555600000
785.250000000,-46.488745401,-0.386118040,6.328094171,-0.002798219,7.998105625,22.946952741,5.555600000
785.500000000,-46.238993359,-0.374986197,6.327271915,-0.003835444,8.003121939,20.337464026,5.555600000
785.750000000,-45.989231370,-0.364081882,6.326426365,-0.004887814,8.008064778,18.430535799,5.555600000
786.000000000,-45.739460861,-0.353372410,6.324855091,-0.005984639,8.012944696,16.921662199,5.555600000
786.250000000,-45.489665795,-0.343253036,6.323065745,-0.007107753,8.017712057,15.705969717,5.555600000
786.500000000,-45.239858838,-0.333437493,6.321402372,-0.007921292,8.022404235,14.972734243,5.555600000
786.750000000,-44.990031444,-0.324149176,6.319002120,-0.008632898,8.026961462,14.409089022,5.555600000
787.000000000,-44.740180303,-0.315532944,6.316926786,-0.009175221,8.031477992,14.019840270,5.555600000
787.250000000,-44.490316697,-0.307281659,6.314551449,-0.009585599,8.035952045,13.745396466,5.555600000
787.500000000,-44.240427107,-0.299852472,6.311787154,-0.010301700,8.040230937,13.302801331,5.555600000
787.750000000,-43.990522030,-0.292982709,6.309742923,-0.011036042,8.044447780,12.890600338,5.555600000
788.000000000,-43.740604155,-0.286575244,6.306697582,-0.012057675,8.048613348,12.376050415,5.555600000
788.250000000,-43.490661501,-0.281227685,6.303477088,-0.013597306,8.052411460,11.705194544,5.555600000
788.500000000,-43.240708485,-0.276430078,6.300411059,-0.015351411,8.056113723,11.059548184,5.555600000
788.750000000,-42.990737592,-0.272615268,6.295783370,-0.017613005,8.059669123,10.365893781,5.555600000
789.000000000,-42.740751331,-0.270131253,6.291753496,-0.019641497,8.063065511,9.843383443,5.555600000
789.250000000,-42.490758459,-0.268331248,6.286308519,-0.021321425,8.066397500,9.465728354,5.555600000
789.500000000,-42.240758572,-0.268569665,6.279833740,-0.023289711,8.069708149,9.074105479,5.555600000
789.750000000,-41.990765684,-0.270007013,6.274950790,-0.024537917,8.073243387,8.849571907,5.555600000
790.000000000,-41.740780047,-0.272686840,6.267940205,-0.025118386,8.077011370,8.750680529,5.555600000
790.250000000,-41.490830349,-0.277629169,6.261372587,-0.025643262,8.081079917,8.664056933,5.555600000
790.500000000,-41.240904274,-0.283592219,6.255344874,-0.025506776,8.085255485,8.686334313,5.555600000
790.750000000,-40.991030876,-0.291547399,6.248001695,-0.024716495,8.089614572,8.818792146,5.555600000
791.000000000,-40.741219655,-0.301180187,6.242674990,-0.022938460,8.094242880,9.140435559,5.555600000
791.250000000,-40.491445411,-0.311796843,6.236449383,-0.019805311,8.099025399,9.804555174,5.555600000
791.500000000,-40.241770368,-0.324539421,6.231072458,-0.016450829,8.104001965,10.705500239,5.555600000
791.750000000,-39.992125432,-0.337841411,6.228299075,-0.012806766,8.108688966,12.035635222,5.555600000
792.000000000,-39.742524911,-0.351968672,6.225534350,-0.008776871,8.112948786,14.302602017,5.555600000
792.250000000,-39.492956591,-0.366650897,6.224015326,-0.005825136,8.116831096,17.118249745,5.555600000
792.500000000,-39.243400165,-0.381536389,6.223092184,-0.003680148,8.120574232,20.672129969,5.555600000
792.750000000,-38.993859207,-0.396679372,6.222487444,-0.001921785,8.124137432,26.163201413,5.555600000
793.000000000,-38.744320946,-0.411866688,6.222321264,-0.000827012,8.127624328,33.086001304,5.555600000
793.250000000,-38.494785034,-0.427092608,6.222311787,-0.000048454,8.131044777,43.675750013,5.555600000
793.500000000,-38.245247057,-0.442284654,6.222433427,0.000437011,8.134363667,37.306536610,5.555600000
793.750000000,-37.995707451,-0.457449866,6.222606552,0.000687505,8.137641766,34.426467307,5.555600000
794.000000000,-37.746164230,-0.472555509,6.222851941,0.000865639,8.140842046,32.741694353,5.555600000
794.250000000,-37.496617212,-0.487598250,6.223049295,0.000992944,8.143976689,31.678708208,5.555600000
794.500000000,-37.247068048,-0.502605395,6.223302519,0.001193093,8.147074034,30.198577277,5.555600000
794.750000000,-36.997513440,-0.517521753,6.223606793,0.001520461,8.150070927,28.169234017,5.555600000
795.000000000,-36.747955200,-0.532377031,6.223915546,0.001943586,8.153026289,26.066133851,5.555600000
795.250000000,-36.498391429,-0.547139285,6.224525680,0.002479070,8.155918395,23.976369416,5.555600000
795.500000000,-36.248815264,-0.561690023,6.225176707,0.002975314,8.158732276,22.430000122,5.555600000
795.750000000,-35.999232514,-0.576127316,6.226034072,0.003391766,8.161512320,21.340049575,5.555600000
796.000000000,-35.749631738,-0.590250080,6.227072915,0.003767805,8.164228448,20.481215806,5.555600000
796.250000000,-35.500019582,-0.604168785,6.227887709,0.003981538,8.166903610,20.037026206,5.555600000
796.500000000,-35.250396123,-0.617884784,6.229032930,0.004064130,8.169538076,19.872960736,5.555600000
796.750000000,-35.000752701,-0.631231732,6.230088970,0.004066975,8.172101756,19.867380106,5.555600000
797.000000000,-34.751100897,-0.644420473,6.231075654,0.003863740,8.174639506,20.278218927,5.555600000
797.250000000,-34.501431582,-0.657274760,6.232191656,0.003465704,8.177127551,21.162649459,5.555600000
797.500000000,-34.251750961,-0.669906243,6.232936404,0.002946031,8.179584464,22.513072878,5.555600000
797.750000000,-34.002062776,-0.682388635,6.233643584,0.002290658,8.182020545,24.653218789,5.555600000
798.000000000,-33.752364476,-0.694666971,6.234142575,0.001672869,8.184348979,27.354334871,5.555600000
798.250000000,-33.502663964,-0.706900172,6.234387124,0.001154271,8.186649617,30.469468053,5.555600000
798.500000000,-33.252959685,-0.719056380,6.234606830,0.000705198,8.188901422,34.247400036,5.555600000
798.750000000,-33.003253817,-0.731179859,6.234703403,0.000414271,8.191102046,37.605262989,5.555600000
799.000000000,-32.753547195,-0.743287837,6.234762262,0.000218417,8.193275926,40.515118067,5.555600000
799.250000000,-32.503839900,-0.755381920,6.234786892,0.000078492,8.195381742,43.063219030,5.555600000
799.500000000,-32.254132682,-0.767477598,6.234778486,0.000004277,8.197461241,44.626022554,5.555600000
799.750000000,-32.004425591,-0.779575880,6.234761510,-0.000037915,8.199497745,43.896920273,5.555600000
800.000000000,-31.754718784,-0.791680036,6.234744953,-0.000047530,8.201484716,43.694998872,5.555600000
800.250000000,-31.505012093,-0.803786586,6.234731405,-0.000037318,8.203449103,43.909557098,5.555600000
800.500000000,-31.255305614,-0.815897508,6.234722961,-0.000024470,8.205361033,44.184025905,5.555600000
800.750000000,-31.005599128,-0.828008275,6.234723591,-0.000012842,8.207243822,44.436948676,5.555600000
801.000000000,-30.755892634,-0.840118883,6.234723110,-0.000003846,8.209096541,44.635612761,5.555600000
801.250000000,-30.506186159,-0.852229890,6.234722177,-0.000000081,8.210898946,44.719548501,5.555600000
801.500000000,-30.256479688,-0.864340963,6.234722077,-0.000000147,8.212680697,44.718077216,5.555600000
801.750000000,-30.006773216,-0.876452021,6.234722675,-0.000000471,8.214417632,44.710833262,5.555600000
802.000000000,-29.757066730,-0.888562796,6.234723675,0.000000069,8.216123462,44.719810002,5.555600000
802.250000000,-29.507360233,-0.900673354,6.234722659,0.000000632,8.217805468,44.707233432,5.555600000
802.500000000,-29.257653772,-0.912784636,6.234721451,-0.000000456,8.219439457,44.711158403,5.555600000
802.750000000,-29.007947304,-0.924895797,6.234722976,-0.000000737,8.221054950,44.704892444,5.555600000
803.000000000,-28.758240806,-0.937006318,6.234723355,0.000000924,8.222632018,44.700722284,5.555600000
803.250000000,-28.508534330,-0.949117290,6.234721853,0.000000966,8.224179212,44.699778204,5.555600000
803.500000000,-28.258827868,-0.961228560,6.234722639,-0.000000215,8.225706693,44.716557393,5.555600000
803.750000000,-28.009121372,-0.973339140,6.234723781,0.000000177,8.225533121,44.717403694,5.555600000
804.000000000,-27.759414883,-0.985449840,6.234723061,0.000000352,8.224192467,44.713495513,5.555600000
804.250000000,-27.509708405,-0.997560780,6.234722733,-0.000000581,8.220671817,44.708365295,5.555600000
804.500000000,-27.260001923,-1.009671643,6.234722918,-0.000000192,8.217224989,44.717064851,5.555600000
804.750000000,-27.010295441,-1.021782490,6.234722454,0.000000598,8.213815634,44.707997867,5.555600000
805.000000000,-26.760588970,-1.033893586,6.234722512,-0.000000120,8.210503916,44.718670727,5.555600000
805.250000000,-26.510882486,-1.046004404,6.234723849,-0.000000665,8.207234657,44.706486803,5.555600000
805.500000000,-26.261175984,-1.058114832,6.234723439,-0.000000326,8.204024994,44.714067254,5.555600000
805.750000000,-26.011469510,-1.070225854,6.234721911,-0.000000393,8.200893531,44.712567268,5.555600000
806.000000000,-25.761763044,-1.082337045,6.234721797,-0.000000966,8.197788251,44.699776652,5.555600000
806.250000000,-25.512056573,-1.094448125,6.234722353,-0.000001265,8.194774437,44.693100003,5.555600000
806.500000000,-25.262350094,-1.106559038,6.234723025,-0.000000853,8.191805313,44.702307968,5.555600000
806.750000000,-25.012643606,-1.118669783,6.234721849,-0.000000517,8.188881566,44.709795342,5.555600000
807.000000000,-24.762937155,-1.130781283,6.234720339,-0.000001207,8.186034485,44.694387586,5.555600000
807.250000000,-24.513230704,-1.142892781,6.234721238,-0.000000728,8.183219458,44.705099466,5.555600000
807.500000000,-24.263524232,-1.155003833,6.234721619,0.000001462,8.180472697,44.688693395,5.555600000
807.750000000,-24.013817772,-1.167115141,6.234720741,0.000001189,8.177774800,44.694791436,5.555600000
808.000000000,-23.764111320,-1.179226631,6.234722314,-0.000000609,8.175111557,44.707755914,5.555600000
808.250000000,-23.514404822,-1.191337153,6.234723530,-0.000000090,8.172526613,44.719352173,5.555600000
808.500000000,-23.264698342,-1.203448036,6.234721020,-0.000000254,8.169970686,44.715687195,5.555600000
808.750000000,-23.014991904,-1.215559812,6.234720315,-0.000002353,8.167468749,44.668842932,5.555600000
809.000000000,-22.765285440,-1.227671047,6.234721820,-0.000001947,8.165019019,44.677896483,5.555600000
809.250000000,-22.515578967,-1.239782071,6.234720601,0.000000014,8.162597350,44.721054028,5.555600000
809.500000000,-22.265872533,-1.251893915,6.234719361,0.000000027,8.160247410,44.720744984,5.555600000
809.750000000,-22.016166089,-1.264005558,6.234720322,-0.000000288,8.157927452,44.714924330,5.555600000
810.000000000,-21.766459631,-1.276116922,6.234721048,0.000000386,8.155649368,44.712736135,5.555600000
810.250000000,-21.516753170,-1.288228203,6.234721157,0.000000731,8.153426408,44.705021840,5.555600000
810.500000000,-21.267046710,-1.300339513,6.234720544,-0.000000208,8.151228995,44.716701918,5.555600000
810.750000000,-21.017340263,-1.312451099,6.234720382,-0.000001549,8.149088805,44.686752231,5.555600000
811.000000000,-20.767633807,-1.324562490,6.234721129,-0.000000419,8.146983642,44.711988601,5.555600000
811.250000000,-20.517927342,-1.336673704,6.234719720,0.000001164,8.144910065,44.695361358,5.555600000
811.500000000,-20.268220920,-1.348785798,6.234718611,-0.000001740,8.142893799,44.682502959,5.555600000
811.750000000,-20.018514483,-1.360897566,6.234722042,-0.000015124,8.128254037,44.386958010,5.555600000
812.000000000,-19.768807978,-1.373007946,6.234721793,-0.000054237,8.072680470,43.555790038,5.555600000
812.250000000,-19.519101546,-1.385119838,6.234715367,-0.000122950,7.955943565,42.202162807,5.555600000
812.500000000,-19.269395196,-1.397233428,6.234687670,-0.000234287,7.800293623,40.253809350,5.555600000
812.750000000,-19.019689436,-1.409359152,6.234615068,-0.000382592,7.644673441,38.033642508,5.555600000
813.000000000,-18.769984849,-1.421509000,6.234518209,-0.000502267,7.489100799,36.487272188,5.555600000
813.250000000,-18.520281443,-1.433683097,6.234339910,-0.000569115,7.333574934,35.701596205,5.555600000
813.500000000,-18.270581203,-1.445921988,6.234140770,-0.000602701,7.178143158,35.325538577,5.555600000
813.750000000,-18.020882667,-1.458195536,6.234006600,-0.000580223,7.022770447,35.575889475,5.555600000
814.000000000,-17.771185721,-1.470501431,6.233873351,-0.000507993,6.867458481,36.417940370,5.555600000
814.250000000,-17.521490462,-1.482841522,6.233753174,-0.000458170,6.712229742,37.034883799,5.555600000
814.500000000,-17.271796482,-1.495207433,6.233654387,-0.000445417,6.557086793,37.197902857,5.555600000
814.750000000,-17.022103667,-1.507596857,6.233556311,-0.000429839,6.402021237,37.399981314,5.555600000
815.000000000,-16.772412116,-1.520011746,6.233445634,-0.000376260,6.247035170,38.121041993,5.555600000
815.250000000,-16.522722049,-1.532456440,6.233320775,-0.000233860,6.092133646,40.260764052,5.555600000
815.500000000,-16.273033606,-1.544933681,6.233231152,0.000052226,6.013657522,43.597393570,5.555600000
815.750000000,-16.023345774,-1.557423131,6.233235759,0.000521219,6.030307070,36.259276287,5.555600000
816.000000000,-15.773657217,-1.569898071,6.233390289,0.001190443,6.082175052,30.216838376,5.555600000
816.250000000,-15.523965545,-1.582310352,6.233742221,0.001997092,6.132403196,25.832413563,5.555600000
816.500000000,-15.274268279,-1.594609541,6.234327235,0.002832489,6.181036224,22.844127076,5.555600000
816.750000000,-15.024562247,-1.606729667,6.235200799,0.003667417,6.227968157,20.700301750,5.555600000
817.000000000,-14.774843877,-1.618592586,6.236258841,0.004622059,6.273192486,18.861112268,5.555600000
817.250000000,-14.525112820,-1.630184283,6.237448428,0.005849163,6.317050394,17.088197186,5.555600000
817.500000000,-14.275367036,-1.641453040,6.238852625,0.007302953,6.359593882,15.520250226,5.555600000
817.750000000,-14.025604435,-1.652343348,6.240771978,0.008860758,6.400874995,14.241634529,5.555600000
818.000000000,-13.775817117,-1.662653329,6.243378965,0.010575659,6.440688341,13.144441600,5.555600000
818.250000000,-13.526001252,-1.672241235,6.246338059,0.012578107,6.479080136,12.136553875,5.555600000
818.500000000,-13.276157933,-1.681072732,6.249521100,0.014478453,6.516420619,11.367140304,5.555600000
818.750000000,-13.026286509,-1.689070093,6.253219075,0.015726503,6.552824664,10.934839830,5.555600000
819.000000000,-12.776384066,-1.696053556,6.257850773,0.016539583,6.588312259,10.678379965,5.555600000
819.250000000,-12.526448947,-1.701735955,6.262496277,0.017063250,6.622419332,10.522454371,5.555600000
819.500000000,-12.276493518,-1.706397283,6.266536961,0.016444198,6.655790770,10.707534669,5.555600000
819.750000000,-12.026521174,-1.710059695,6.270671083,0.014387507,6.688556928,11.400682774,5.555600000
820.000000000,-11.776534637,-1.712654207,6.274727156,0.011896362,6.720797682,12.453212187,5.555600000
820.250000000,-11.526540128,-1.714288711,6.277453128,0.009297592,6.751801054,13.936289533,5.555600000
820.500000000,-11.276543317,-1.715520278,6.278862635,0.006366216,6.781834054,16.477554667,5.555600000
820.750000000,-11.026545074,-1.716450039,6.279911468,0.003782094,6.810975003,20.450595628,5.555600000
821.000000000,-10.776546074,-1.717157194,6.280540553,0.002252495,6.839218000,24.797429300,5.555600000
821.250000000,-10.526546834,-1.717772414,6.280773234,0.001282366,6.866624686,29.602089842,5.555600000
821.500000000,-10.276547532,-1.718363230,6.280862288,0.000297373,6.894293071,39.262911089,5.555600000
821.750000000,-10.026548186,-1.718933923,6.281084714,-0.000438851,6.921690897,37.282676806,5.555600000
822.000000000,-9.776548646,-1.719413526,6.280895305,-0.000796378,6.943065338,33.366920822,5.555600000
822.250000000,-9.526549558,-1.720078923,6.280300151,-0.000995348,6.961720111,31.659621904,5.555600000
822.500000000,-9.276550773,-1.720856102,6.279916509,-0.000986591,6.982598488,31.729319426,5.555600000
822.750000000,-9.026552242,-1.721713319,6.279728068,-0.000671294,7.010300398,34.593028723,5.555600000
823.000000000,-8.776553761,-1.722584718,6.279730565,-0.000355420,7.031698299,38.412982320,5.555600000
823.250000000,-8.526555227,-1.723440687,6.279782976,-0.000230373,7.049022952,40.317779664,5.555600000
823.500000000,-8.276556656,-1.724285881,6.279734245,-0.000242729,7.064247956,40.116844317,5.555600000
823.750000000,-8.026558206,-1.725166214,6.279593864,-0.000390408,7.088890934,37.926592521,5.555600000
824.000000000,-7.776559883,-1.726081599,6.279474780,-0.000569428,7.113473526,35.698037998,5.555600000
824.250000000,-7.526561650,-1.727021474,6.279377030,-0.000624996,7.134399347,35.082368179,5.555600000
824.500000000,-7.276563510,-1.727985732,6.279160490,-0.000606003,7.145669123,35.289197773,5.555600000
824.750000000,-7.026565709,-1.729033877,6.278933162,-0.000600677,7.164055923,35.347858885,5.555600000
825.000000000,-6.776568034,-1.730111799,6.278832458,-0.000526792,7.182950634,36.193045434,5.555600000
825.250000000,-6.526570447,-1.731210294,6.278721177,-0.000378970,7.200733922,38.083567226,5.555600000
825.500000000,-6.276573017,-1.732343856,6.278628940,-0.000280884,7.217990743,39.514827162,5.555600000
825.750000000,-6.026575638,-1.733488470,6.278591602,-0.000230570,7.234889545,40.314551957,5.555600000
826.000000000,-5.776578293,-1.734640701,6.278554625,-0.000176199,7.251451590,41.235811519,5.555600000
826.250000000,-5.526580999,-1.735803803,6.278508784,-0.000146738,7.267489859,41.762146266,5.555600000
826.500000000,-5.276583761,-1.736978954,6.278468426,-0.000138025,7.283174696,41.921712014,5.555600000
826.750000000,-5.026586561,-1.738162234,6.278441192,-0.000115077,7.298561420,42.350894093,5.555600000
827.000000000,-4.776589388,-1.739351002,6.278412503,-0.000079756,7.313511017,43.038009965,5.555600000
827.250000000,-4.526592256,-1.740548627,6.278388661,-0.000052472,7.328089444,43.592296327,5.555600000
827.500000000,-4.276595140,-1.741749316,6.278387057,-0.000034325,7.342440492,43.973031956,5.555600000
827.750000000,-4.026598012,-1.742947743,6.278390764,-0.000015545,7.356377965,44.377765714,5.555600000
828.000000000,-3.776600887,-1.744146579,6.278387675,-0.000002182,7.369967685,44.672640115,5.555600000
828.250000000,-3.526603766,-1.745346550,6.278380207,-0.000003370,7.383315878,44.646184204,5.555600000
828.500000000,-3.276606659,-1.746549120,6.278382095,-0.000003763,7.396335031,44.637453910,5.555600000
828.750000000,-3.026609534,-1.747748147,6.278388167,0.000022343,7.409002777,44.229964001,5.555600000
829.000000000,-2.776612412,-1.748947681,6.278381228,0.000077329,7.367437907,43.086462797,5.555600000
829.250000000,-2.526615304,-1.750150178,6.278387804,0.000178542,7.210321642,41.194800558,5.555600000
829.500000000,-2.276618166,-1.751346423,6.278435936,0.000361972,7.054761748,38.320474802,5.555600000
829.750000000,-2.026620944,-1.752524854,6.278519687,0.000588255,6.899448007,35.485825546,5.555600000
830.000000000,-1.776623610,-1.753679225,6.278696930,0.000783465,6.744196699,33.487500987,5.555600000
830.250000000,-1.526625985,-1.754769035,6.278977395,0.000922605,6.589034063,32.252986319,5.555600000
830.500000000,-1.276628046,-1.755783175,6.279262274,0.000975218,6.433955172,31.820532441,5.555600000
830.750000000,-1.026629845,-1.756730547,6.279520128,0.000906232,6.278957744,32.391208770,5.555600000
831.000000000,-0.776631413,-1.757615760,6.279742008,0.000763509,6.124046460,33.676437585,5.555600000
831.250000000,-0.526632813,-1.758452193,6.279912655,0.000626059,5.969221171,35.070900227,5.555600000
831.500000000,-0.276634092,-1.759252083,6.280027249,0.000519577,5.814511176,36.278859994,5.555600000
831.750000000,-0.026635307,-1.760031219,6.280121192,0.000446034,5.719059042,37.189960696,5.555600000
832.000000000,0.223363559,-1.760784138,6.280226356,0.000400404,5.735952357,37.790995008,5.555600000
832.250000000,0.473362503,-1.761510692,6.280334723,0.000276705,5.792825818,39.579449017,5.555600000
832.500000000,0.723361526,-1.762209429,6.280435026,-0.000035449,5.840523697,43.949166382,5.555600000
832.750000000,0.973360611,-1.762885831,6.280505889,-0.000407468,5.877864059,37.696040563,5.555600000
833.000000000,1.223359730,-1.763549136,6.280334315,-0.000668880,5.909743306,34.618040496,5.555600000
833.250000000,1.473358568,-1.764311325,6.279924611,-0.000840985,5.910072376,32.960204779,5.555600000
833.500000000,1.723357057,-1.765179481,6.279617798,-0.000944634,5.886606082,32.069784450,5.555600000
833.750000000,1.973355379,-1.766095076,6.279479751,-0.000943763,5.860920237,32.076974128,5.555600000
834.000000000,2.223353623,-1.767032255,6.279358701,-0.000936881,5.841083911,32.133909795,5.555600000
834.250000000,2.473351713,-1.768008374,6.279119917,-0.001053317,5.824025163,31.209512986,5.555600000
834.500000000,2.723349477,-1.769064945,6.278779603,-0.000949678,5.802268113,32.028273252,5.555600000
834.745123096,2.968470000,-1.770188000,6.278427787,-0.000805745,5.778089000,33.280269994,5.555600000
