group,start_index,start_x,start_y,predicted_x,predicted_y,true_x,true_y,error_x,error_y,position_error,yaw_error
1.0,3.0,80.1409453306529,-171.4835698419849,80.15010738708605,-171.48052446097077,80.14329948065486,-171.4822717321367,0.006807906431191668,0.0017472711659252127,0.007028552233791433,0.0020277803093340374
1.0,8.0,80.14210867299539,-171.48292835749936,80.15123013349964,-171.47990516570735,80.144442882317,-171.48164125083133,0.006787251182643672,0.0017360851239800468,0.0070057669226147356,0.0020275488810894693
1.0,13.0,80.14329948065486,-171.4822717321367,80.15237951971578,-171.47927103403745,80.14551226690631,-171.48105158675799,0.00686725280947087,0.0017805527205325689,0.007094330774624303,0.002027118661179106
1.0,18.0,80.144442882317,-171.48164125083133,80.15348328403236,-171.4786624740492,80.14660697927378,-171.48044796040108,0.006876304758577589,0.0017854863518778075,0.007104331681838815,0.0020271402680638317
1.0,23.0,80.14551226690631,-171.48105158675799,80.15451571086393,-171.47809288200025,80.14774840809734,-171.4798185785285,0.006767302766590433,0.0017256965282399506,0.006983868214842112,0.002026840297356003
1.0,28.0,80.14660697927378,-171.48044796040108,80.15557271471626,-171.47750985023183,80.14879629479192,-171.47924077937563,0.0067764199243356416,0.0017309291438039054,0.006993996189004022,0.0020265964554040394
1.0,33.0,80.14774840809734,-171.4798185785285,80.15667496421277,-171.4769020229467,80.14982290454576,-171.47867471577925,0.00685205966701119,0.0017726928325600966,0.007077652263207867,0.0020264706610522154
1.0,38.0,80.14879629479192,-171.47924077937563,80.15768700649403,-171.47634373546447,80.15084174928208,-171.478112937357,0.006845257211949729,0.0017692018925288266,0.007070192475051677,0.00202617937751981
1.0,43.0,80.14982290454576,-171.47867471577925,80.1586786227206,-171.4757969557081,80.15184691262992,-171.4775587062586,0.006831710090679621,0.0017617505505143072,0.0070552128079407524,0.002026138334453087
1.0,48.0,80.15084174928208,-171.478112937357,80.15953877509756,-171.4753431759506,80.15285992372233,-171.4770011295435,0.006678851375227168,0.001657953592911099,0.006881559838337574,0.00204575393024653
1.0,53.0,80.15184691262992,-171.4775587062586,80.14871512498799,-171.4800153980891,80.15185046568631,-171.47749983184133,-0.0031353406983214427,-0.0025155662477800433,0.004019755569872497,0.0007796597122653459
1.0,58.0,80.15285992372233,-171.4770011295435,80.09344972158027,-171.50414254534394,80.14138562037405,-171.48270762883269,-0.04793589879378146,-0.021434916511253732,0.05251005655121767,-0.004848262029351957
1.0,63.0,80.15185046568631,-171.47749983184133,80.07286537201976,-171.51516455411374,80.11636802414682,-171.4952722812435,-0.04350265212706006,-0.019892272870237093,0.0478349585766725,-0.0039252535093869945
1.0,68.0,80.14138562037405,-171.48270762883269,80.03810121109998,-171.5325511635958,80.0680761329928,-171.5194414503463,-0.029974921892815587,-0.013109713249491506,0.03271636477306561,-0.003211428144051176
1.0,73.0,80.11636802414682,-171.4952722812435,79.97900466251618,-171.5621190072734,79.99192466175323,-171.55725319479944,-0.01291999923705589,-0.004865812473951792,0.013805886835592623,-0.002114010368073682
1.0,78.0,80.0680761329928,-171.5194414503463,79.88411650864383,-171.60899130918887,79.8818012551185,-171.61132763708224,0.0023152535253245787,0.002336327893374346,0.0032891985212034403,-0.0011181856843922588
1.0,83.0,79.99192466175323,-171.55725319479944,79.75189225721512,-171.67339078052103,79.73611204690415,-171.6817754529146,0.01578021031096455,0.008384672393560777,0.017869464698350986,-0.00016196699758674882
1.0,88.0,79.8818012551185,-171.61132763708224,79.57639511463728,-171.75728314536912,79.55313504561103,-171.76850902481044,0.023260069026250108,0.01122587944132647,0.025827333976566683,0.0005688386756537156
1.0,93.0,79.73611204690415,-171.6817754529146,79.35866109635025,-171.85887308385128,79.32859054019379,-171.87232079821445,0.030070556156459816,0.013447714363167051,0.032940542939546895,0.0012957249339540233
1.0,98.0,79.55313504561103,-171.76850902481044,79.09847011527123,-171.97672424851268,79.06550723338074,-171.99032121229638,0.032962881890483686,0.013596963783697902,0.0356571031725962,0.00186912405333306
1.0,103.0,79.32859054019379,-171.87232079821445,78.80032069150766,-172.1070213006,78.77046672834443,-172.11806494238434,0.029853963163233743,0.011043641784340252,0.03183113476476362,0.002134714723835973
1.0,108.0,79.06550723338074,-171.99032121229638,78.47161860031343,-172.2449680028845,78.45205446383046,-172.25058523001363,0.01956413648296973,0.005617227129135927,0.02035457385809312,0.002085438032328746
1.0,113.0,78.77046672834443,-172.11806494238434,78.12051200652463,-172.39115863218603,78.1051481092452,-172.40279853220812,0.015363897279428329,0.011639900022089478,0.019275285007933445,-0.00573467155438534
1.0,118.0,78.45205446383046,-172.25058523001363,77.7580451741055,-172.54582544701037,77.75893858245341,-172.58026875269437,-0.0008934083479061883,0.03444330568399323,0.03445489058054181,-0.028807783358641537
1.0,123.0,78.1051481092452,-172.40279853220812,77.38963751485483,-172.75683946092298,77.38259831798,-172.78148503942109,0.007039196874828235,0.024645578498109444,0.025631130137960482,-0.014330387859857296
1.0,128.0,77.75893858245341,-172.58026875269437,77.02476489851801,-172.97800702241614,77.00033423342363,-172.9936534243256,0.024430665094385517,0.015646401909464203,0.029011502713001822,-0.0014451397747321515
1.0,133.0,77.38259831798,-172.78148503942109,76.62337283646818,-173.20504788218864,76.62046545524586,-173.21397622224316,0.002907381222314598,0.008928340054524142,0.009389788160607654,-0.004362780365809726
1.0,138.0,77.00033423342363,-172.9936534243256,76.22406586715559,-173.4456320089919,76.22092280873899,-173.4562530658621,0.003143058416597455,0.010621056870178336,0.011076356135918822,-0.005240577161128801
1.0,143.0,76.62046545524586,-173.21397622224316,75.83233346532138,-173.6933390285017,75.82817253303251,-173.70529598049518,0.004160932288868935,0.01195695199348279,0.012660255071956651,-0.005553038912540664
1.0,148.0,76.22092280873899,-173.4562530658621,75.42440147079756,-173.96304844346523,75.41715918233865,-173.97793707880476,0.0072422884589116165,0.01488863533953122,0.016556636264520107,-0.006045012998157073
1.0,153.0,75.82817253303251,-173.70529598049518,75.02691321574241,-174.2380055222061,75.01914443401944,-174.25415519442447,0.007768781722973017,0.0161496722183756,0.017921101590587903,-0.006370745513327058
1.0,158.0,75.41715918233865,-173.97793707880476,74.61413542866809,-174.53683080539568,74.62913776472129,-174.53698377333117,-0.015002336053200338,0.00015296793549168797,0.015003115884456911,-0.005421017142171357
1.0,163.0,75.01914443401944,-174.25415519442447,74.21711387951497,-174.8376110403092,74.21502411817514,-174.85109471301627,0.0020897613398318526,0.013483672707053529,0.013644652143913236,-0.006555956755881275
1.0,168.0,74.62913776472129,-174.53698377333117,73.83031484108993,-175.14374247150195,73.82439202969731,-175.16105646698801,0.005922811392622407,0.01731399548606305,0.018299020041630355,-0.00705231263733852
1.0,173.0,74.21502411817514,-174.85109471301627,73.41710426678833,-175.4756546911541,73.41849225525193,-175.47421198969892,-0.0013879884636054385,-0.0014427014551756656,0.0020019738919046294,0.003362966430841663
1.0,178.0,73.82439202969731,-175.16105646698801,73.01655152155062,-175.78833307547563,72.99258992804252,-175.7512768604493,0.023961593508104784,-0.03705621502632539,0.04412846060678882,0.03875834765456032
1.0,183.0,73.41849225525193,-175.47421198969892,72.56583189017789,-176.05539838728788,72.53197271439086,-176.00851080818413,0.03385917578702902,-0.046887579103753296,0.05783501412801466,0.0429556272556213
1.0,188.0,72.99258992804252,-175.7512768604493,72.08625493800055,-176.25253135231696,72.08060323698187,-176.23669000010455,0.005651701018678068,-0.015841352212419224,0.016819338997786034,0.008990785234419096
1.0,193.0,72.53197271439086,-176.00851080818413,71.5973010939782,-176.46899623625552,71.59453207126539,-176.45627744835107,0.002769022712811875,-0.012718787904447026,0.013016722035227456,0.006624074537448178
1.0,198.0,72.08060323698187,-176.23669000010455,71.12274226016714,-176.6610591661756,71.13637980329062,-176.63929917619978,-0.013637543123479645,-0.021759989975805638,0.025680337735160895,0.00722849880996268
1.0,203.0,71.59453207126539,-176.45627744835107,70.6137216300924,-176.8378545987564,70.62732580364934,-176.81677871092623,-0.0136041735569421,-0.021075887830164675,0.025085186584856933,0.0074203604977522986
1.0,208.0,71.13637980329062,-176.63929917619978,70.1368047629609,-176.97984052340095,70.10206609058743,-176.97291548676134,0.03473867237347861,-0.006925036639614746,0.035422189242505786,0.011761152481366999
1.0,213.0,70.62732580364934,-176.81677871092623,69.61863383350777,-177.107464931345,69.62600142299921,-177.09153532285706,-0.007367589491437343,-0.01592960848793723,0.017550891757779713,0.006418697349376501
1.0,218.0,70.10206609058743,-176.97291548676134,69.1216508282734,-177.20299304358977,69.08819221444557,-177.20030098268964,0.03345861382783255,-0.002692060900130855,0.03356673995445552,0.006210285821288242
1.0,223.0,69.62600142299921,-177.09153532285706,68.65308484731148,-177.2771945480574,68.58916260901442,-177.27811558744997,0.06392223829705301,0.0009210393925798144,0.06392887346471791,0.008331799719461408
1.0,228.0,69.08819221444557,-177.20030098268964,68.13233871483064,-177.33685653981743,68.10984453661013,-177.33231243822303,0.02249417822051214,-0.004544101594404992,0.022948571047375407,0.00409531913678718
1.0,233.0,68.58916260901442,-177.27811558744997,67.66714766273087,-177.37760202315738,67.6755089978106,-177.37903534383307,-0.008361335079726473,0.001433320675687355,0.008483297264319891,-0.006170578973839547
1.0,238.0,68.10984453661013,-177.33231243822303,67.24160657183077,-177.4282725063259,67.25161273488095,-177.45123126565235,-0.01000616305017843,0.022958759326456857,0.02504451893722309,-0.02427391929328282
1.0,243.0,67.6755089978106,-177.37903534383307,66.86501325321254,-177.50076139604613,66.89315888043551,-177.5424181396505,-0.028145627222968983,0.041656743604363555,0.05027385622263342,-0.03929828120955614
1.0,248.0,67.25161273488095,-177.45123126565235,66.5268956613174,-177.62712843525887,66.5861220404615,-177.631621804462,-0.059226379144107,0.004493369203117936,0.05939658536748591,-0.010861571241964183
1.0,253.0,66.89315888043551,-177.5424181396505,66.24396765346918,-177.74303095917372,66.26733897305849,-177.73274261667456,-0.02337131958930172,-0.010288342499165992,0.025535633352737182,0.006185688890813169
1.0,258.0,66.5861220404615,-177.631621804462,65.9912321907211,-177.8293653856646,65.98884053902609,-177.82945592974804,0.002391651695020869,9.054408343445175e-05,0.002393365007962885,0.002051245855482886
1.0,263.0,66.26733897305849,-177.73274261667456,65.72791063997812,-177.9291481269365,65.7426019045282,-177.92170810176094,-0.014691264550080518,-0.007440025175554865,0.016467763317868724,0.004323563524733398
1.0,268.0,65.98884053902609,-177.82945592974804,65.49581306334204,-178.0239166364707,65.5087566787223,-178.01528998630133,-0.012943615380265783,-0.008626650169361483,0.01555494365971145,0.00540996278679895
1.0,273.0,65.7426019045282,-177.92170810176094,65.28860102673748,-178.1133325534089,65.29420937480091,-178.10640393075755,-0.0056083480634328,-0.006928622651344085,0.008913999093859544,0.005705007428287612
1.0,278.0,65.5087566787223,-178.01528998630133,65.089935111213,-178.20348538691962,65.09938399675356,-178.19360164991596,-0.009448885540564333,-0.009883737003661963,0.013673686229990892,0.006945993886672941
1.0,283.0,65.29420937480091,-178.10640393075755,64.90588479907898,-178.2909928935587,64.91416248456474,-178.28054267979536,-0.008277685485765574,-0.01045021376333466,0.013331430707191302,0.007603651390031273
1.0,288.0,65.09938399675356,-178.19360164991596,64.73714707577928,-178.3746624337882,64.73838540840147,-178.3667837363181,-0.0012383326221936386,-0.007878697470090401,0.007975421086588335,0.007586136640432173
1.0,293.0,64.91416248456474,-178.28054267979536,64.57257630438471,-178.45183416870975,64.57662551521001,-178.44472599113536,-0.00404921082530052,-0.007108177574394858,0.00818060491264924,0.005457247635360041
1.0,298.0,64.73838540840147,-178.3667837363181,64.41109264018836,-178.51557067470753,64.41026890601219,-178.51226667657988,0.000823734176165658,-0.0033039981276488106,0.003405134596530681,0.004197267182624476
1.0,303.0,64.57662551521001,-178.44472599113536,64.25356265727552,-178.57222784872377,64.25866785102802,-178.5617102921972,-0.005105193752498849,-0.010517556526565386,0.011691107669508967,0.007817345311301072
1.0,308.0,64.41026890601219,-178.51226667657988,64.09288319798718,-178.61352703640827,64.10050493281602,-178.60970686499337,-0.007621734828845206,-0.003820171414901097,0.008525523528819771,-5.908284504130279e-05
1.0,313.0,64.25866785102802,-178.5617102921972,63.948654347825084,-178.64513326221234,63.95086098310393,-178.6538097781216,-0.002206635278845681,0.008676515909257887,0.008952718446229144,-0.009589769758639566
1.0,318.0,64.10050493281602,-178.60970686499337,63.80040393332546,-178.68816415568725,63.801490555262674,-178.69567012293118,-0.0010866219372118735,0.00750596724392949,0.007584213308008454,-0.008052027718659538
1.0,323.0,63.95086098310393,-178.6538097781216,63.658861274292036,-178.7261259504887,63.66118435700415,-178.7330089345745,-0.0023230827121167863,0.006882984085819999,0.007264446518007221,-0.007904847370059809
1.0,328.0,63.801490555262674,-178.69567012293118,63.51660591096567,-178.76186126502083,63.52701357914566,-178.7669664183044,-0.010407668179986729,0.005105153283579966,0.011592331387324793,-0.008834196208967526
1.0,333.0,63.66118435700415,-178.7330089345745,63.38224482903415,-178.79394371108873,63.38712656605379,-178.800570460854,-0.004881737019637455,0.006626749765274553,0.00823074533565856,-0.008467134512980756
1.0,338.0,63.52701357914566,-178.7669664183044,63.25311975439032,-178.82321289930562,63.25292893179692,-178.8310901884855,0.0001908225933959784,0.007877289179873515,0.00787960012218277,-0.008114601716866066
1.0,343.0,63.38712656605379,-178.800570460854,63.11787390988886,-178.85222647475186,63.131671629118074,-178.85723441596343,-0.01379771922921691,0.005007941211573552,0.014678437624859085,-0.009438103335608794
1.0,348.0,63.25292893179692,-178.8310901884855,62.987580315774814,-178.87859650862472,62.98860935128532,-178.88634161780803,-0.0010290355105055937,0.007745109183304066,0.007813170313207213,-0.008393304044811423
1.0,353.0,63.131671629118074,-178.85723441596343,62.86997244767909,-178.90328816928147,62.861431481814535,-178.91360454344718,0.00854096586455455,0.010316374165711295,0.013393120391695188,-0.008383678436501008
1.0,358.0,62.98860935128532,-178.88634161780803,62.73387204122984,-178.93869415382932,62.73705704178123,-178.94689466536988,-0.00318500055139026,0.008200511540565003,0.008797307431214171,-0.009352479178084128
1.0,363.0,62.861431481814535,-178.91360454344718,62.611014315799366,-178.9767991747138,62.60852669608176,-178.98182041659277,0.0024876197176055825,0.005021241878978344,0.0056036703923969386,-0.004224269517502766
1.0,368.0,62.73705704178123,-178.94689466536988,62.4924797648834,-179.0150784041809,62.485742973738446,-179.0147490455791,0.006736791144952292,-0.00032935860181737553,0.006744837434608688,0.0021669915762219105
1.0,373.0,62.60852669608176,-178.98182041659277,62.3662839556696,-179.04788668721403,62.36438972125748,-179.04729547133334,0.0018942344121199994,-0.0005912158806893331,0.0019843538559538377,0.0011165147535985298
1.0,378.0,62.485742973738446,-179.0147490455791,62.24558706817115,-179.08024542171134,62.244421831817874,-179.07947044479505,0.001165236353273258,-0.0007749769162899156,0.0013994159423744565,0.0011063313145287523
1.0,383.0,62.36438972125748,-179.04729547133334,62.12602218470639,-179.11232913847024,62.12997173017409,-179.1101654547441,-0.003949545467698101,-0.002163683726138288,0.004503380582203805,0.0011237981333489522
1.0,388.0,62.244421831817874,-179.07947044479505,62.00758825760511,-179.14408902004476,62.01070285525118,-179.14215284600354,-0.0031145976460749125,-0.001936174041219374,0.003667354416309821,0.0011210626652196076
1.0,393.0,62.12997173017409,-179.1101654547441,61.894410359515554,-179.174416448668,61.88683824291721,-179.1753727268217,0.007572116598346668,0.0009562781536942566,0.007632261636382103,0.0010959985960732332
1.0,398.0,62.01070285525118,-179.14215284600354,61.77627741784934,-179.20612254743483,61.76913617439124,-179.20693976093145,0.007141243458100632,0.0008172134966173417,0.007187850584626716,0.0011195568286757052
1.0,403.0,61.88683824291721,-179.1753727268217,61.65342039316174,-179.23909425468094,61.65046362950821,-179.23876704375004,0.0029567636535290376,-0.0003272109308909421,0.0029748139935338643,0.0011417620211346957
1.0,408.0,61.76913617439124,-179.20693976093145,61.53653771626843,-179.27043819028708,61.53654427140571,-179.2693195082083,-6.555137282759915e-06,-0.00111868207878274,0.0011187012841748544,0.0011389866080486755
1.0,413.0,61.65046362950821,-179.23876704375004,61.419126273281584,-179.30418211812753,61.41642489369826,-179.30360281020657,0.002701379583321284,-0.000579307920958172,0.0027627973723148708,0.0013497767497061552
1.0,418.0,61.53654427140571,-179.2693195082083,61.30764318447943,-179.34242269760387,61.3029587677494,-179.34398967784256,0.004684416730029284,0.0015669802386923948,0.004939553336996244,-0.00025720862986089443
1.0,423.0,61.41642489369826,-179.30360281020657,61.19330485589318,-179.3901358710378,61.190632807167155,-179.38625121440586,0.0026720487260263326,-0.003884656631953476,0.0047149126760141664,0.005130797479017789
1.0,428.0,61.3029587677494,-179.34398967784256,61.08426497958173,-179.43935572210873,61.080951492672376,-179.42819703772153,0.003313486909355845,-0.011158684387197582,0.011640250545050978,0.012551160206278666
1.0,433.0,61.190632807167155,-179.38625121440586,60.972777970198756,-179.48236597131302,60.96616697563223,-179.47345487297332,0.006610994566528916,-0.008911098339694945,0.01109562629049793,0.01129313394282061
1.0,438.0,61.080951492672376,-179.42819703772153,60.86437426886467,-179.52610961373173,60.8601650783294,-179.5165297213602,0.004209190535270579,-0.00957989237153356,0.010463824483064418,0.011239555283944824
1.0,443.0,60.96616697563223,-179.47345487297332,60.75105371590124,-179.57357261426603,60.74714378067526,-179.56380672650943,0.003909935225983929,-0.009765887756600478,0.010519513161069248,0.011339355081401603
1.0,448.0,60.8601650783294,-179.5165297213602,60.64633696928536,-179.61864984021335,60.637648203225076,-179.61095208892485,0.008688766060281239,-0.007697751288503696,0.01160818808212356,0.010915227569217478
1.0,453.0,60.74714378067526,-179.56380672650943,60.53464794503063,-179.66807056168545,60.526401513318206,-179.6602263463156,0.008246431712422009,-0.007844215369857466,0.011381359793818465,0.010968973096236123
1.0,458.0,60.637648203225076,-179.61095208892485,60.42642017424194,-179.71731024999497,60.41654890754404,-179.71025814774254,0.009871266697899728,-0.007052102252430359,0.012131531329547706,0.010827551032505767
1.0,463.0,60.526401513318206,-179.6602263463156,60.31644434962584,-179.7687264987666,60.313969385834014,-179.75823298825225,0.0024749637918262124,-0.010493510514351101,0.010781428879589564,0.011543459309699688
1.0,468.0,60.41654890754404,-179.71025814774254,60.20783588301753,-179.82088598496287,60.202718978381384,-179.81164901793733,0.0051169046361465576,-0.009236967025543663,0.010559558366068112,0.01130388193841414
1.0,473.0,60.313969385834014,-179.75823298825225,60.105171009982655,-179.86784516860632,60.09571680647374,-179.86295903366636,0.009454203508916237,-0.004886134939965814,0.010642193319027748,0.008631423200333277
1.0,478.0,60.202718978381384,-179.81164901793733,59.99087007335173,-179.91214037617559,59.984702569738324,-179.90867127878474,0.00616750361340479,-0.0034690973908482192,0.007076209262631445,0.0060827997426642355
1.0,483.0,60.09571680647374,-179.86295903366636,59.877593924904794,-179.95274682546773,59.87528363104645,-179.94716202282797,0.0023102938583434707,-0.0055848026397598005,0.006043796674025989,0.006350327501085662
1.0,488.0,59.984702569738324,-179.90867127878474,59.760934384538864,-179.98606889534466,59.76079312192792,-179.98739791131922,0.00014126261094560277,0.0013290159745622532,0.001336502370328173,-0.0015221620907936997
1.0,493.0,59.87528363104645,-179.94716202282797,59.64982957171163,-180.02107864663583,59.64896866623986,-180.02645705951343,0.000860905471768092,0.005378412877604433,0.00544687830902265,-0.00506251141790104
1.0,498.0,59.76079312192792,-179.98739791131922,59.534994760962164,-180.06171304831764,59.53250288045302,-180.0664191739572,0.0024918805091402874,0.004706125639557968,0.005325137275896101,-0.003802206179104317
1.0,503.0,59.64896866623986,-180.02645705951343,59.42248156478037,-180.09976181307152,59.41937948167008,-180.10456524274028,0.003102083110292142,0.0048034296687546885,0.005718029049054626,-0.003696041387716953
1.0,508.0,59.53250288045302,-180.0664191739572,59.305309806364335,-180.13857518104663,59.304971654388545,-180.1424928151471,0.000338151975789458,0.003917634100474743,0.003932200872785222,-0.003868062233639335
1.0,513.0,59.41937948167008,-180.10456524274028,59.19155222800524,-180.17564748988704,59.19036886311965,-180.17982842924144,0.0011833648855912315,0.004180939354398561,0.004345181968296494,-0.0038295732500346347
1.0,518.0,59.304971654388545,-180.1424928151471,59.07653484584297,-180.21247784165405,59.073029267077395,-180.21737898650858,0.0035055787655764448,0.0049011448545286385,0.006025803130432741,-0.0037230605353437696
1.0,523.0,59.19036886311965,-180.17982842924144,58.96134968005897,-180.24870275147322,58.962464482150594,-180.25213657650414,-0.0011148020916209589,0.0034338250309247087,0.003610254568100086,-0.003930608480042785
1.0,528.0,59.073029267077395,-180.21737898650858,58.84344071943981,-180.28510752887007,58.84283626993044,-180.28906770998032,0.0006044495093746605,0.003960181110244321,0.004006044637210026,-0.0038532764856324957
1.0,533.0,58.962464482150594,-180.25213657650414,58.732016538402156,-180.3177480433066,58.72965722111631,-180.32214588568425,0.0023593172858440425,0.0043978423776422915,0.004990730971898697,-0.003688264211882508
1.0,538.0,58.84283626993044,-180.28906770998032,58.61073323525852,-180.3496167065365,58.60760063760242,-180.35244106607607,0.003132597656104963,0.0028243595395736065,0.004217840073285703,-0.0019453527396375847
1.0,543.0,58.72965722111631,-180.32214588568425,58.4945442908123,-180.3728223123423,58.491953493457665,-180.38007680345723,0.002590797354635299,0.0072544911149350355,0.0077032377783278014,-0.006783017369917487
1.0,548.0,58.60760063760242,-180.35244106607607,58.371097031433145,-180.39880596881423,58.37137501177842,-180.4077725214554,-0.00027798034527393156,0.0089665526411693,0.0089708605684861,-0.009362391200541609
1.0,553.0,58.491953493457665,-180.38007680345723,58.254688312213986,-180.42485527667466,58.25238507806219,-180.43376198523774,0.0023032341517961186,0.008906708563074517,0.0091996926571242,-0.008546961486297189
1.0,558.0,58.37137501177842,-180.4077725214554,58.13327292697875,-180.4501233276013,58.13291678134836,-180.45853783775362,0.00035614563039132463,0.008414510152334742,0.008422043743284126,-0.008673955480251738
1.0,563.0,58.25238507806219,-180.43376198523774,58.0135169155568,-180.47365259507376,58.02600637588846,-180.47960326962433,-0.012489460331657654,0.005950674550575741,0.013834635773410152,-0.009826854872889701
1.0,568.0,58.13291678134836,-180.45853783775362,57.893342515595094,-180.49597529919382,57.89326607822177,-180.50431226637735,7.643737332330147e-05,0.00833696718353849,0.008337317583697905,-0.008727968997826354
1.0,573.0,58.02600637588846,-180.47960326962433,57.78584726657405,-180.51483664080914,57.77265517104258,-180.5253821924535,0.013192095531472603,0.010545551644355555,0.016889051009315755,-0.007584161405824742
1.0,578.0,57.89326607822177,-180.50431226637735,57.65243862489418,-180.53679770527677,57.656724375838955,-180.54440003214796,-0.004285750944774236,0.007602326871193554,0.008727143577202385,-0.009114643080732066
1.0,583.0,57.77265517104258,-180.5253821924535,57.53127275408031,-180.55536258768706,57.53393497536835,-180.5632362239075,-0.0026622212880411666,0.00787363622043813,0.008311532320715284,-0.008976698776415937
1.0,588.0,57.656724375838955,-180.54440003214796,57.41485281943776,-180.5719663443147,57.40843681079416,-180.58110161679872,0.006416008643604698,0.009135272484030565,0.011163259840758711,-0.008191133990840704
1.0,593.0,57.53393497536835,-180.5632362239075,57.29194673184905,-180.59000562945508,57.288021088670064,-180.59826155320704,0.003925643178988025,0.008255923751960381,0.009141714902955506,-0.007872652856355076
1.0,598.0,57.40843681079416,-180.58110161679872,57.16765579597263,-180.6156377259544,57.16615887743239,-180.62255694041534,0.0014969185402406993,0.0069192144609360184,0.007079286254456904,-0.006984277762350999
1.0,603.0,57.288021088670064,-180.59826155320704,57.05019752903159,-180.64791292816722,57.055707021102535,-180.65058384553652,-0.005509492070942201,0.002670917369300696,0.0061227691834175105,-0.0039036339828100175
1.0,608.0,57.16615887743239,-180.62255694041534,56.93221149067817,-180.68530448431792,56.93000319311973,-180.68277488137102,0.0022082975584396536,-0.0025296029469075165,0.0033578965403379727,0.003372739390628876
1.0,613.0,57.055707021102535,-180.65058384553652,56.82414527821368,-180.71724235835134,56.815064007820546,-180.71245854297868,0.009081270393132002,-0.004783815372661593,0.01026422727110469,0.007087536743372702
1.0,618.0,56.93000319311973,-180.68277488137102,56.698630459908685,-180.7492132724699,56.69962436278056,-180.7429359817201,-0.0009939028718761733,-0.0062772907497787855,0.006355487556118886,0.006352196633496732
1.0,623.0,56.815064007820546,-180.71245854297868,56.58433153027003,-180.77995532759886,56.57709792383325,-180.77599408081824,0.007233606436777507,-0.003961246780619376,0.008247213962251516,0.0059026473095058485
1.0,628.0,56.69962436278056,-180.7429359817201,56.46954179098,-180.8115933121012,56.46218489942316,-180.8076491422441,0.007356891556845824,-0.003944169857106772,0.008347474422895768,0.005948193968290383
1.0,633.0,56.57709792383325,-180.77599408081824,56.34763480202838,-180.84584036637952,56.347670191769815,-180.83982652843108,-3.5389741434244115e-05,-0.006013837948444234,0.0060139420768699405,0.006284553268097958
1.0,638.0,56.46218489942316,-180.8076491422441,56.233265768309344,-180.87861869287968,56.22639801387428,-180.8745925432048,0.006867754435063489,-0.004026149674871249,0.00796090021196096,0.00597796895369651
1.0,643.0,56.347670191769815,-180.83982652843108,56.119264677876636,-180.9119251338745,56.11374965597029,-180.9075263736948,0.0055150219063477834,-0.004398760179697092,0.007054399885602228,0.006041763610372453
1.0,648.0,56.22639801387428,-180.8745925432048,55.99850977033881,-180.94789449651006,55.995642101292866,-180.94272069222058,0.0028676690459477072,-0.005173804289483996,0.005915384736681938,0.006163573263683997
1.0,653.0,56.11374965597029,-180.9075263736948,55.886321539338596,-180.9819524718639,55.88106424376876,-180.97751615493567,0.005257295569833786,-0.0044363169282348736,0.006878958103981828,0.006058506110814932
1.0,658.0,55.995642101292866,-180.94272069222058,55.76867937453383,-181.01833135761981,55.764032436193546,-181.0137241070111,0.0046469383402865105,-0.004607250608728464,0.0065437599367682755,0.006088014456449464
1.0,663.0,55.88106424376876,-180.97751615493567,55.654539686974616,-181.05428117470393,55.65202971618548,-181.0490104068606,0.002509970789134286,-0.005270767843342128,0.005837888918154987,0.006186153699627717
1.0,668.0,55.764032436193546,-181.0137241070111,55.53794494630344,-181.09167288972273,55.5349551326379,-181.08656138588208,0.002989813665543295,-0.005111503840652176,0.005921693783679749,0.006166085094895468
1.0,673.0,55.65202971618548,-181.0490104068606,55.42635310027915,-181.1280960105683,55.417935443843156,-181.12477884045873,0.008417656435995013,-0.0033171701095682238,0.009047682433101922,0.0059215659993565595
1.0,678.0,55.5349551326379,-181.08656138588208,55.30970257337216,-181.1668389089388,55.30297272988129,-181.16299444575768,0.006729843490866472,-0.0038444631811103136,0.007750528405371511,0.005998888154525873
1.0,683.0,55.417935443843156,-181.12477884045873,55.19310331096218,-181.20625095727334,55.19485798812995,-181.19954184259055,-0.0017546771677672268,-0.006709114682792006,0.006934775539982451,0.006385252506545758
1.0,688.0,55.30297272988129,-181.16299444575768,55.07855210581911,-181.24564289400047,55.07366479909514,-181.24121610567911,0.004887306723965423,-0.00442678832135357,0.006594105083799468,0.006084080795591085
1.0,693.0,55.19485798812995,-181.19954184259055,54.970824401353624,-181.2832986846009,54.96334191346601,-181.27980390326422,0.0074824878876142975,-0.0034947813366841274,0.008258397034505567,0.005966266554728428
1.0,698.0,55.07366479909514,-181.24121610567911,54.85006655961364,-181.32621752639423,54.845087604821785,-181.3218591808299,0.004978954791852175,-0.004358345564327237,0.006617036109724552,0.006081032402823983
1.0,703.0,54.96334191346601,-181.27980390326422,54.74014251254213,-181.3659398999506,54.736539390138354,-181.3610978458572,0.0036031224037742504,-0.004842054093415982,0.00603555953496827,0.006144474761478946
1.0,708.0,54.845087604821785,-181.3218591808299,54.62231952101348,-181.40921274233307,54.61997838588125,-181.40391438851339,0.0023411351322337737,-0.0052983538196826885,0.005792535447101328,0.006202913691210732
1.0,713.0,54.736539390138354,-181.3610978458572,54.513482206842504,-181.44750874155963,54.503143557019236,-181.44617748971578,0.010338649823268042,-0.0013312518438510779,0.010424006506133678,0.004822612381041758
1.0,718.0,54.61997838588125,-181.40391438851339,54.39503586284187,-181.48379492349915,54.38879129390994,-181.48051221386075,0.006244568931933259,-0.0032827096383982735,0.007054843989465607,0.0055268250635220895
1.0,723.0,54.503143557019236,-181.44617748971578,54.274113235778756,-181.51633691956897,54.27107880117212,-181.51329456252256,0.0030344346066328853,-0.0030423570464108707,0.004296944237452605,0.003790680640606503
1.0,728.0,54.38879129390994,-181.48051221386075,54.156432329209764,-181.53898475937956,54.15421341491239,-181.54580055602045,0.002218914297372976,0.006815796640893268,0.007167891217722139,-0.006206049972101725
1.0,733.0,54.27107880117212,-181.51329456252256,54.03920430211339,-181.5728296815291,54.04170964462746,-181.57651448761027,-0.0025053425140697527,0.003684806081167835,0.004455843014359551,-0.004595947015125557
1.0,738.0,54.15421341491239,-181.54580055602045,53.922042414875875,-181.60451899355226,53.92058818817027,-181.60888092045448,0.0014542267056043556,0.004361926902220148,0.004597954068018161,-0.004049831343258426
1.0,743.0,54.04170964462746,-181.57651448761027,53.8091621663041,-181.6340212656505,53.8062779225286,-181.63878735923197,0.0028842437754974526,0.004766093581480391,0.005570862606807349,-0.004035530607327864
1.0,748.0,53.92058818817027,-181.60888092045448,53.68765152576312,-181.66514453297683,53.68814137299869,-181.6690465991502,-0.0004898472355705508,0.0039020661733673023,0.003932692555429861,-0.004198728332202251
1.0,753.0,53.8062779225286,-181.63878735923197,53.572965471321844,-181.69389477108356,53.568720432694285,-181.6989658610443,0.0042450386275589835,0.005071089960722475,0.0066133430531923965,-0.00398880903491694
1.0,758.0,53.68814137299869,-181.6690465991502,53.45443265742326,-181.72295911288828,53.450803101040634,-181.7278545051094,0.003629556382627186,0.0048953922211296685,0.006094140179989841,-0.0040172906891502436
1.0,763.0,53.568720432694285,-181.6989658610443,53.33460634041856,-181.75167183260965,53.33512228974292,-181.75556207701388,-0.0005159493243596103,0.003890244404232135,0.003924309522701615,-0.004201707190188753
1.0,768.0,53.450803101040634,-181.7278545051094,53.21628598124863,-181.77937027245346,53.22216781906925,-181.78201617329282,-0.005881837820616909,0.0026459008393544536,0.006449558698061137,-0.0044392849720455985
1.0,773.0,53.33512228974292,-181.75556207701388,53.100054313071674,-181.80533053399725,53.100934724166095,-181.80857105275393,-0.0008804110944211629,0.0032405187566837412,0.003357988312606077,-0.0036124680480051903
1.0,778.0,53.22216781906925,-181.78201617329282,52.98595859703768,-181.82722330456787,52.977590819012796,-181.83010974313316,0.008367778024883421,0.002886438565298022,0.008851623391500658,-0.0008721077162601177
1.0,783.0,53.100934724166095,-181.80857105275393,52.86220698538429,-181.84254359244,52.85937885070411,-181.84977767061193,0.002828134680179062,0.007234078171933334,0.007767253875526012,-0.00701731282149698
1.0,788.0,52.977590819012796,-181.83010974313316,52.73758730843777,-181.85965828828563,52.73520218350971,-181.86933136229686,0.0023851249280539832,0.009673074011232075,0.009962789857725491,-0.00956798692456573
1.0,793.0,52.85937885070411,-181.84977767061193,52.61856878809001,-181.87781503480483,52.61401945574232,-181.88706159274398,0.004549332347686175,0.00924655793915008,0.010305108370694758,-0.008676715099547483
1.0,798.0,52.73520218350971,-181.86933136229686,52.49359466806511,-181.8948457314412,52.49242107049005,-181.90353506437896,0.001173597575053975,0.008689332937763083,0.008768228907337387,-0.008927352015537073
1.0,803.0,52.61401945574232,-181.88706159274398,52.371700717533066,-181.91005210667188,52.371337985523915,-181.91864268294066,0.00036273200915104553,0.00859057626877302,0.008598230930840887,-0.00902850577010117
1.0,808.0,52.49242107049005,-181.90353506437896,52.24945126573728,-181.92401448182244,52.248098056677854,-181.93269519414486,0.001353209059423932,0.008680712322416184,0.008785552981062443,-0.008945973185655376
1.0,813.0,52.371337985523915,-181.91864268294066,52.12777750139842,-181.93661000868488,52.12560836578058,-181.94534012671863,0.0021691356178408228,0.008730118033753342,0.00899556058352402,-0.008878374119162924
1.0,818.0,52.248098056677854,-181.93269519414486,52.00399232372196,-181.94809434975906,52.00386278611326,-181.95661321123205,0.0001295376087000477,0.008518861472992967,0.008519846288995572,-0.009059317836925374
1.0,823.0,52.12560836578058,-181.94534012671863,51.881013605324036,-181.95817797009573,51.89130685154652,-181.96588206128908,-0.0102932462224814,0.007704091193346585,0.012857057941536548,-0.009964455687301754
1.0,828.0,52.00386278611326,-181.95661321123205,51.75883144736873,-181.9668976175939,51.755697483405434,-181.97559334616307,0.0031339639632932403,0.00869572856916534,0.009243236742170946,-0.008809757312187028
1.0,833.0,51.89130685154652,-181.96588206128908,51.646452649538794,-181.9781157418093,51.632002326399245,-181.98443102967713,0.01445032313954897,0.006315287867835195,0.015770057060486842,-0.004544652616949031
1.0,838.0,51.755697483405434,-181.97559334616307,51.51185205397411,-182.00109458732908,51.51058984753859,-181.99954232008665,0.0012622064355198859,-0.0015522672424310713,0.002000674555691749,0.001648788211352059
1.0,843.0,51.632002326399245,-181.98443102967713,51.390398524128514,-182.02436184425224,51.39334375036459,-182.02299868425163,-0.002945226236079179,-0.001363160000607877,0.0032453910040157563,0.0008856970478938742
1.0,848.0,51.51058984753859,-181.99954232008665,51.274092786563635,-182.0521907345947,51.27107517434455,-182.05142826784927,0.003017612219082366,-0.0007624667454138034,0.0031124490425735677,0.0016438772977527272
1.0,853.0,51.39334375036459,-182.02299868425163,51.156567359379636,-182.0917185537522,51.14957957139801,-182.0801592487013,0.006987787981628912,-0.011559305050894864,0.013507283743811743,0.013370659445323785
1.0,858.0,51.27107517434455,-182.05142826784927,50.99319933884457,-182.1282513103866,51.01885880236029,-182.11258817496062,-0.02565946351572279,-0.01566313542596731,0.030062299966684206,0.011744997704628888
1.0,863.0,51.14957957139801,-182.0801592487013,50.84349232598947,-182.164249819851,50.87801733787923,-182.14945247798917,-0.03452501188975532,-0.014797341861822133,0.03756245162610369,0.00895555617482291
1.0,868.0,51.01885880236029,-182.11258817496062,50.68809991944395,-182.2072190075509,50.698310554719015,-182.1993508764869,-0.010210635275065272,-0.007868131063986539,0.012890483278778852,0.006246948735524338
1.0,873.0,50.87801733787923,-182.14945247798917,50.51195512876448,-182.25854011951307,50.50614201396565,-182.2562966654861,0.005813114798826291,-0.002243454026967129,0.006231002297820813,0.003921102806108578
1.0,878.0,50.698310554719015,-182.1993508764869,50.28240137985957,-182.32977182721868,50.26575441854892,-182.33282900318827,0.016646961310648578,0.0030571759695874334,0.01692535511554347,0.0014833206341808847
1.0,883.0,50.50614201396565,-182.2562966654861,50.03611116072034,-182.41213356835047,49.99857521291211,-182.4249329810783,0.03753594780823022,0.012799412727844128,0.03965819390794141,-0.00204951245968088
1.0,888.0,50.26575441854892,-182.33282900318827,49.730870895220114,-182.5230569772514,49.701571786642404,-182.53613981813535,0.029299108577710342,0.013082840883953395,0.03208735715267467,-0.0030925161799877365
1.0,893.0,49.99857521291211,-182.4249329810783,49.40547183661407,-182.64996563538386,49.38778436272457,-182.66182254353623,0.017687473889502314,0.011856908152367396,0.021293966364336697,-0.004149752355014247
1.0,898.0,49.701571786642404,-182.53613981813535,49.05635910117277,-182.78497353052717,49.03462535863528,-182.79070292699126,0.021733742537485057,0.0057293964640905415,0.022476244093006744,0.0036793198625466594
1.0,903.0,49.38778436272457,-182.66182254353623,48.68978453350332,-182.91701396394242,48.67009669720323,-182.89474427814753,0.01968783630009341,-0.022269685794896077,0.029724565658435984,0.026060779206396937
1.0,908.0,49.03462535863528,-182.79070292699126,48.282235792292916,-183.02197714711232,48.26148492216023,-182.9815337251074,0.020750870132687282,-0.04044342200492679,0.04545623163805211,0.037039207831683456
1.0,913.0,48.67009669720323,-182.89474427814753,47.86728173347035,-183.064228732866,47.854507276894374,-183.05480304921846,0.012774456575975535,-0.009425683647549477,0.01587546071883163,0.00756594824647694
1.0,918.0,48.26148492216023,-182.9815337251074,47.418289059389984,-183.12403112265736,47.402634122543276,-183.1194709704645,0.015654936846708267,-0.004560152192851774,0.016305582960949142,0.004377266122062017
1.0,923.0,47.854507276894374,-183.05480304921846,46.979019762084036,-183.17370175885804,46.972389870809316,-183.16428954913073,0.006629891274720023,-0.009412209727315712,0.011512825468388948,0.006283568608155488
1.0,928.0,47.402634122543276,-183.1194709704645,46.49733565852123,-183.20586919317725,46.49269095903219,-183.19584466907577,0.00464469948904167,-0.010024524101481802,0.011048272118512174,0.006090781361706822
1.0,933.0,46.972389870809316,-183.16428954913073,46.04375669132199,-183.21790463818178,46.02075354696793,-183.20790989290236,0.023003144354056815,-0.009994745279414019,0.025080661541792407,0.007590769745308368
1.0,938.0,46.49269095903219,-183.19584466907577,45.54296583766221,-183.21415368074747,45.54023537704588,-183.20057857736063,0.0027304606163269796,-0.013575103386841647,0.013846979711863243,0.008354771877579381
1.0,943.0,46.02075354696793,-183.20790989290236,45.054987527616134,-183.18645103944033,45.06837468845368,-183.17409784607247,-0.013387160837545764,-0.012353193367857784,0.018215857423519888,0.006792937318093273
1.0,948.0,45.54023537704588,-183.20057857736063,44.56223716253364,-183.1380228128833,44.55605515382635,-183.12364575813555,0.006182008707291686,-0.014377054747740203,0.015649822199518732,0.008582416459756992
1.0,953.0,45.06837468845368,-183.17409784607247,44.082019713017544,-183.07140809103186,44.09184266885284,-183.05891293354654,-0.00982295583529691,-0.012495157485318487,0.015894005848907447,0.007504460354250231
1.0,958.0,44.55605515382635,-183.12364575813555,43.56279555064319,-182.98955933810788,43.56300191842125,-182.99407887481763,-0.00020636777806259943,0.004519536709750582,0.004524245763727432,-0.008670447878400545
1.0,963.0,44.09184266885284,-183.05891293354654,43.09082738053458,-182.92264356759372,43.057368678392365,-182.96980691975176,0.03345870214221236,0.04716335215803724,0.05782617517893019,-0.044513396212388034
1.0,968.0,43.56300191842125,-182.99407887481763,42.54742565368837,-182.9189113741999,42.54434733461086,-182.98616960755606,0.0030783190775096614,0.06725823335617065,0.06732864176957727,-0.05248072549218463
1.0,973.0,43.057368678392365,-182.96980691975176,42.0373597528343,-182.99805405211256,42.05765698600132,-183.02138822229202,-0.020297233167021034,0.02333417017945294,0.030926706455749364,-0.014048472995173089
1.0,978.0,42.54434733461086,-182.98616960755606,41.521562181997126,-183.06902338184187,41.52152539989525,-183.08296741104718,3.678210187274544e-05,0.013944029205305242,0.013944077717849385,-0.008073636667470296
1.0,983.0,42.05765698600132,-183.02138822229202,41.03316875553887,-183.1427504146016,41.01546558696009,-183.16452270503405,0.01770316857877674,0.021772290432437558,0.028061268830952748,-0.01328093221458504
1.0,988.0,41.52152539989525,-183.08296741104718,40.49922108656916,-183.2523213398616,40.5231652049295,-183.2661571207799,-0.023944118360340383,0.013835780918299179,0.027654107067001114,-0.010090773100787319
1.0,993.0,41.01546558696009,-183.16452270503405,39.998138897559926,-183.37981190807866,40.00218264647719,-183.39830397549153,-0.00404374891726178,0.0184920674128648,0.01892903754837504,-0.011906565563194249
1.0,998.0,40.5231652049295,-183.2661571207799,39.51322316517512,-183.52609371408764,39.50266660751985,-183.54956174880186,0.010556557655270637,0.023468034714227315,0.025733044182086804,-0.013373102512792558
1.0,1003.0,40.00218264647719,-183.39830397549153,39.00281402160736,-183.70553632007636,39.00130272258644,-183.72658791890638,0.0015112990209189547,0.021051598830013063,0.021105777361434427,-0.012714357095405582
1.0,1008.0,39.50266660751985,-183.54956174880186,38.51621894099091,-183.90208457907252,38.537128841953404,-183.91404947977475,-0.020909900962493566,0.011964900702224668,0.02409113544595575,-0.01079192569097076
1.0,1013.0,39.00130272258644,-183.72658791890638,38.03890773215997,-184.11974009700137,38.08670923227505,-184.11857969732614,-0.047801500115078,-0.0011603996752285184,0.04781558261339155,-0.00889597746553461
1.0,1018.0,38.537128841953404,-183.91404947977475,37.62975966692193,-184.32223540085602,37.593374967938054,-184.34186590538675,0.03638469898387342,0.019630504530738335,0.04134250873227722,0.0014746149987598933
1.0,1023.0,38.08670923227505,-184.11857969732614,37.20233936315136,-184.53660856088868,37.1081642241552,-184.52936445924954,0.0941751389961567,-0.0072441016391451285,0.09445334199224345,0.03908725966899107
1.0,1028.0,37.593374967938054,-184.34186590538675,36.70789236188565,-184.70410701818932,36.67113606139848,-184.67775440923617,0.036756300487169824,-0.026352608953146728,0.04522704527316139,0.030000145606923653
1.0,1033.0,37.1081642241552,-184.52936445924954,36.24146022245172,-184.81705634623694,36.243663873787355,-184.81478815442907,-0.0022036513356340492,-0.0022681918078717445,0.0031623999251103934,-0.0008231576631083648
1.0,1038.0,36.67113606139848,-184.67775440923617,35.845730598449975,-184.93434653629325,35.85440196787909,-184.93181860678683,-0.008671369429116282,-0.002527929506413784,0.00903233498966961,-0.0017564244503160964
1.0,1043.0,36.243663873787355,-184.81478815442907,35.47206497119407,-185.04011395322513,35.521938899235266,-185.02586728878808,-0.04987392804119395,-0.014246664437052914,0.05186883597922919,-0.0029896387656282997
1.0,1048.0,35.85440196787909,-184.93181860678683,35.14520136188759,-185.1258781318836,35.17541069504739,-185.118257110414,-0.03020933315980301,-0.007621021469617517,0.03115579846834847,-0.0025437780461143866
1.0,1053.0,35.521938899235266,-185.02586728878808,34.86909327484171,-185.19443254112136,34.87535662851401,-185.1936701115799,-0.006263353672302685,-0.0007624295414530025,0.006309587786062396,-0.001845877441684074
1.0,1058.0,35.17541069504739,-185.118257110414,34.57921642710375,-185.26272951821122,34.59881903864784,-185.2594385911936,-0.019602611544087267,-0.003290927017616241,0.019876935880151648,-0.002732163787138475
1.0,1063.0,34.87535662851401,-185.1936701115799,34.326193195396165,-185.31918268036407,34.34784061920942,-185.31605094851082,-0.02164742381325624,-0.003131731853244446,0.021872784508410428,-0.0030793003540239283
1.0,1068.0,34.59881903864784,-185.2594385911936,34.09105134501223,-185.36903130445125,34.10699242746588,-185.36764676285142,-0.01594108245365078,-0.0013845415998332555,0.016001095751096595,-0.0030626448752144593
1.0,1073.0,34.34784061920942,-185.31605094851082,33.87591912693204,-185.4131136254825,33.886573227689034,-185.41283451428905,-0.010654100756994467,-0.00027911119346413216,0.010657756142758523,-0.0026299275531402877
1.0,1078.0,34.10699242746588,-185.36764676285142,33.669374031258535,-185.46231312103316,33.683141139441254,-185.46263190768306,-0.013767108182719312,0.0003187866498990388,0.013770798547754988,-0.003911311915905102
1.0,1083.0,33.886573227689034,-185.41283451428905,33.4812892411921,-185.51557148954336,33.50109317163143,-185.5208321574665,-0.019803930439330486,0.005260667923124629,0.020490736634958564,-0.009692857419747458
1.0,1088.0,33.683141139441254,-185.46263190768306,33.31006687447399,-185.58362087723435,33.32594136362822,-185.58248844029373,-0.0158744891542284,-0.0011324369406224832,0.015914830169756807,-0.0019081135736560562
1.0,1093.0,33.50109317163143,-185.5208321574665,33.15911593710255,-185.65142055355955,33.16349445812235,-185.64183311560873,-0.004378521019802406,-0.009587437950813182,0.010539943680188447,0.008861832751181353
1.0,1098.0,33.32594136362822,-185.58248844029373,33.00627685605015,-185.71037492786704,33.00789183100447,-185.70118837010227,-0.001614974954321724,-0.009186557764763847,0.009327431997523722,0.009069436291493815
1.0,1103.0,33.16349445812235,-185.64183311560873,32.86185818806497,-185.76786686864048,32.86756903645867,-185.75694324491226,-0.0057108483936971766,-0.010923623728217535,0.012326367864519978,0.00947655913276524
1.0,1108.0,33.00789183100447,-185.70118837010227,32.72255978206095,-185.82584398445383,32.72336091737972,-185.81645119726937,-0.0008011353187740156,-0.0093927871844528,0.009426890732972771,0.00941995127053774
1.0,1113.0,32.86756903645867,-185.75694324491226,32.595815192997264,-185.8804338849862,32.59373024048615,-185.87188841103978,0.0020849525111117373,-0.008545473946412585,0.008796144151979744,0.009500151156761392
1.0,1118.0,32.72336091737972,-185.81645119726937,32.46438493018212,-185.93887761928923,32.466575463810216,-185.9280831852993,-0.0021905336280951815,-0.010794433989929075,0.011014456080022833,0.01021886488773971
1.0,1123.0,32.59373024048615,-185.87188841103978,32.34524119934231,-185.99352021519874,32.34251434056065,-185.98467167846132,0.002726858781663566,-0.00884853673741759,0.009259177134527907,0.010013582279448485
1.0,1128.0,32.466575463810216,-185.9280831852993,32.22747636372161,-186.0491083054989,32.226717750861795,-186.03908507335981,0.0007586128598120467,-0.010023232139076299,0.010051899123294277,0.01043165524321621
1.0,1133.0,32.34251434056065,-185.98467167846132,32.11144808573041,-186.10447734335685,32.11006596298418,-186.09530024009453,0.001382122746228731,-0.009177103262317132,0.009280597371552901,0.00975756859436494
1.0,1138.0,32.226717750861795,-186.03908507335981,31.998418349256774,-186.14757385402243,31.997571676701796,-186.1450336696857,0.0008466725549780563,-0.0025401843367376387,0.002677571825359743,0.0028774878754820317
1.0,1143.0,32.11006596298418,-186.09530024009453,31.879669049370317,-186.18592004498066,31.87987560018023,-186.18763856282797,-0.0002065508099136082,0.0017185178473084761,0.0017308861396965794,-0.0015138814960131697
1.0,1148.0,31.997571676701796,-186.1450336696857,31.764206133992612,-186.22373750880945,31.75977080442044,-186.2235509831336,0.004435329572171298,-0.00018652567584354074,0.0044392499638481854,0.001721510746771848
1.0,1153.0,31.87987560018023,-186.18763856282797,31.643182883950146,-186.25200168513697,31.64391216610655,-186.25750084785187,-0.0007292821564028884,0.0054991627148979205,0.0055473095306257355,-0.006125212763868681
1.0,1158.0,31.75977080442044,-186.2235509831336,31.524134385288686,-186.28192643267099,31.527977353232956,-186.29053337082303,-0.0038429679442693043,0.008606938152041721,0.009425910405565757,-0.010163877695070767
1.0,1163.0,31.64391216610655,-186.25750084785187,31.409841178637052,-186.31430667051038,31.41177674721904,-186.32229887926437,-0.0019355685819881785,0.007992208753989871,0.008223249145133088,-0.008880404909084927
1.0,1168.0,31.527977353232956,-186.29053337082303,31.294891868810932,-186.3444908162251,31.296085126724943,-186.35262931785155,-0.0011932579140108146,0.008138501626461903,0.0082255135507318,-0.008784703746381517
1.0,1173.0,31.41177674721904,-186.32229887926437,31.174276930502245,-186.3758088117304,31.18167862505322,-186.38137215013435,-0.0074016945509747245,0.005563338403959506,0.009259363715877007,-0.00821847544967591
1.0,1178.0,31.296085126724943,-186.35262931785155,31.020880201800228,-186.41663759691056,31.053977585108274,-186.41197319353074,-0.033097383308046346,-0.0046644033798202145,0.033424443760957684,-0.006201769168852067
1.0,1183.0,31.18167862505322,-186.38137215013435,30.880777421630782,-186.4486663920307,30.93092457588505,-186.43998425865203,-0.050147154254268855,-0.008682133378670187,0.050893187361438205,-0.007136218734000276
1.0,1188.0,31.053977585108274,-186.41197319353074,30.728965838857143,-186.48100454295252,30.752214398506716,-186.47820817971592,-0.023248559649573508,-0.002796363236598154,0.02341613061824637,-0.0044363932316162655
1.0,1193.0,30.93092457588505,-186.43998425865203,30.574117713935735,-186.51189088397425,30.56525389472096,-186.51506543865952,0.008863819214774082,0.0031745546852732787,0.009415152071102662,-0.001237371911740226
1.0,1198.0,30.752214398506716,-186.47820817971592,30.342613267087962,-186.5547454997632,30.331743712146018,-186.55664976477763,0.010869554941944415,0.0019042650144456275,0.011035100809742966,0.0001329491287780371
1.0,1203.0,30.56525389472096,-186.51506543865952,30.09846759101228,-186.59434972280545,30.071592971359138,-186.59717725533608,0.026874619653142418,0.0028275325306310606,0.02702295545851426,0.002426591943267553
1.0,1208.0,30.331743712146018,-186.55664976477763,29.7945071962272,-186.63628340231898,29.759321024806884,-186.6378880312631,0.035186171420317436,0.0016046289441078443,0.03522274113791021,0.004218929737105803
1.0,1213.0,30.071592971359138,-186.59717725533608,29.467070491078964,-186.67220315252285,29.434370252078097,-186.67114166760717,0.03270023900086727,-0.0010614849156809214,0.03271746293556484,0.005003541474250639
1.0,1218.0,29.759321024806884,-186.6378880312631,29.092031402071846,-186.7016333697962,29.073089323667666,-186.6973030810732,0.01894207840418005,-0.004330288723025433,0.019430742000625337,0.004769448997524073
1.0,1223.0,29.434370252078097,-186.67114166760717,28.715367631742506,-186.71871761417646,28.695904197133018,-186.7125681777271,0.019463434609487962,-0.006149436449362611,0.020411782270114566,0.005614657642840192
1.0,1228.0,29.073089323667666,-186.6973030810732,28.308010640066904,-186.72323121183487,28.29617688562346,-186.7153376978824,0.011833754443443922,-0.007893513952467401,0.014224813065398304,0.005684020292958003
1.0,1233.0,28.695904197133018,-186.7125681777271,27.892130159177896,-186.71294641425106,27.879804428730196,-186.70358577360602,0.012325730447699357,-0.00936064064504194,0.015477248604159404,0.006357673273144737
1.0,1238.0,28.29617688562346,-186.7153376978824,27.459453969843945,-186.68623735353762,27.45048478375659,-186.6757934929553,0.008969186087355752,-0.010443860582313391,0.013766645304227729,0.006632509685823074
1.0,1243.0,27.879804428730196,-186.70358577360602,27.01592156377948,-186.6418495727146,27.0518160647533,-186.63561296887175,-0.03589450097382141,-0.00623660384283653,0.03643227178823947,0.003242659931782743
2.0,3.0,24.789940726639482,-186.47219694964582,24.797136027181875,-186.47441672124447,24.790338905153423,-186.47222300150221,0.006797122028451952,-0.0021937197422516874,0.007142357746375602,0.0020178101935433013
2.0,8.0,24.790139316656575,-186.47220994281363,24.79733438510284,-186.47442969224716,24.790528581569,-186.47223541179267,0.0068058035338403045,-0.002194280454489217,0.007150792155711602,0.0020177746510130485
2.0,13.0,24.790338905153423,-186.47222300150221,24.797533767217086,-186.47444270051943,24.790730602485084,-186.4722486300152,0.006803164732001932,-0.0021940705042311492,0.007148216263396907,0.0020177340823779315
2.0,18.0,24.790528581569,-186.47223541179267,24.79772330060079,-186.47445496620077,24.790934340503558,-186.47226196078367,0.006788960097232177,-0.002193005417097993,0.007134371167890824,0.002017610386329416
2.0,23.0,24.790730602485084,-186.4722486300152,24.79792503161545,-186.47446827558414,24.79113413415017,-186.47227503369103,0.0067908974652794996,-0.0021932418931100983,0.007136287437150546,0.002017727994395812
2.0,28.0,24.790934340503558,-186.47226196078367,24.798128572316593,-186.47448155462226,24.791330505724954,-186.47228788285176,0.0067980665916387295,-0.002193671770498895,0.0071432419265371645,0.0020176589749851814
2.0,33.0,24.79113413415017,-186.47227503369103,24.79832821800906,-186.47449450598936,24.791528863322615,-186.4723008621303,0.006799354686446435,-0.002193643859044414,0.007144459219032911,0.0020175214890305604
2.0,38.0,24.791330505724954,-186.47228788285176,24.79852424528664,-186.47450756558973,24.791725052272433,-186.47231369969063,0.006799193014206395,-0.0021938658991018656,0.0071443735364043704,0.002017786961474144
2.0,43.0,24.791528863322615,-186.4723008621303,24.798722528351846,-186.47452031934145,24.79192681871875,-186.4723269024692,0.006795709633095726,-0.0021934168722452796,0.007140920598410285,0.002017535646567037
2.0,48.0,24.791725052272433,-186.47231369969063,24.79876600375428,-186.47454136999764,24.792102256432013,-186.4723386770905,0.00666374732226771,-0.0022026929071330414,0.0070183605220994665,0.0020375814163648975
2.0,53.0,24.79192681871875,-186.4723269024692,24.786224365906023,-186.4725917874443,24.789715117032227,-186.47209307557688,-0.003490751126204117,-0.0004987118674080193,0.0035261958186959645,0.0008184249400722265
2.0,58.0,24.792102256432013,-186.4723386770905,24.725553691915753,-186.46309617866368,24.776407193011675,-186.4706681667786,-0.05085350109592213,0.007571988114932537,0.051414137916779595,-0.00472323377476247
2.0,63.0,24.789715117032227,-186.47209307557688,24.6998758157788,-186.4609713659673,24.746844920010176,-186.4676055037449,-0.046969104231376235,0.006634137777581373,0.04743530896231011,-0.003912505812267319
2.0,68.0,24.776407193011675,-186.4706681667786,24.659074470025494,-186.4566886387552,24.68687722939435,-186.46128991744345,-0.02780275936885701,0.004601278688255661,0.028180936714196747,-0.00299557494520597
2.0,73.0,24.746844920010176,-186.4676055037449,24.59122314596413,-186.44953203686234,24.598479618191007,-186.4516799409139,-0.007256472226877975,0.0021479040515544057,0.007567686634245317,-0.0018210436789276585
2.0,78.0,24.68687722939435,-186.46128991744345,24.476124792030948,-186.43676869441018,24.47522798439461,-186.43771553080154,0.0008968076363373712,0.0009468363913640587,0.0013041330793306086,-0.0011790342067983237
2.0,83.0,24.598479618191007,-186.4516799409139,24.325534649019527,-186.4191826640254,24.31395660856068,-186.41844888590643,0.011578040458847028,-0.0007337781189846737,0.011601269378589544,-0.00038373271705527395
2.0,88.0,24.47522798439461,-186.43771553080154,24.13233425347724,-186.39515966369143,24.111624518783636,-186.39267311674328,0.02070973469360382,-0.002486546948148316,0.02085847613812676,0.00039481638347504955
2.0,93.0,24.31395660856068,-186.41844888590643,23.894952685155626,-186.3633945725557,23.862805126995493,-186.35852090102938,0.03214755816013337,-0.004873671526326007,0.03251489150844085,0.001311497044997001
2.0,98.0,24.111624518783636,-186.39267311674328,23.611526071405258,-186.3222072842978,23.58790285456283,-186.31761932453935,0.023623216842427297,-0.004587959758453053,0.02406461611431866,0.0014013244054909002
2.0,103.0,23.862805126995493,-186.35852090102938,23.286905270741123,-186.2705931189274,23.24929910095249,-186.26263894471484,0.037606169788631405,-0.007954174212557064,0.03843816974798724,0.0024417342303828526
2.0,108.0,23.58790285456283,-186.31761932453935,22.949254272971068,-186.21189917148342,22.91089895935206,-186.2026630725017,0.03835531361900735,-0.009236098981716623,0.03945168700084291,0.0028343039170932727
2.0,113.0,23.24929910095249,-186.26263894471484,22.55060547315699,-186.14101904292826,22.52859524564408,-186.14532158625593,0.02201022751290793,0.004302543327668218,0.02242681417982571,-0.00877089228596395
2.0,118.0,22.91089895935206,-186.2026630725017,22.16384899690585,-186.07850289198595,22.140311427851124,-186.10964391450474,0.023537569054724372,0.03114102251879558,0.0390356303973953,-0.030406302782016947
2.0,123.0,22.52859524564408,-186.14532158625593,21.731472390239137,-186.06449301786904,21.72210993572089,-186.0775223921326,0.009362454518246466,0.013029374263567206,0.01604431825620338,-0.010029748874767373
2.0,128.0,22.140311427851124,-186.10964391450474,21.304848246016867,-186.05004073710865,21.283611020694128,-186.05089380158836,0.021237225322739306,0.0008530644797133391,0.021254351517168153,-0.0014495306349058268
2.0,133.0,21.72210993572089,-186.0775223921326,20.85281442829138,-186.02648933976988,20.827784928349555,-186.03201775613056,0.025029499941826572,0.005528416360675692,0.02563277696221935,-0.00522115196770212
2.0,138.0,21.283611020694128,-186.05089380158836,20.384916235912815,-186.0148999204084,20.381919903058588,-186.0221934814074,0.0029963328542272905,0.0072935609990167904,0.007885051846354636,-0.0049754935188697225
2.0,143.0,20.827784928349555,-186.03201775613056,19.90379540055289,-186.0133583683026,19.903067544063845,-186.02112003156142,0.0007278564890462746,0.007761663258833096,0.007795716234712906,-0.0051400203309426296
2.0,148.0,20.381919903058588,-186.0221934814074,19.437401214153653,-186.0212725600683,19.446170838976364,-186.02924865568028,-0.008769624822711819,0.007976095611979872,0.011854299673222702,-0.005032846753057374
2.0,153.0,19.903067544063845,-186.02112003156142,18.940318881130658,-186.04002564776263,18.94069800968319,-186.04867517542013,-0.0003791285525309718,0.008649527657496492,0.008657832705541324,-0.005674472766482808
2.0,158.0,19.446170838976364,-186.02924865568028,18.469115250102803,-186.06766411784477,18.458148079738333,-186.07745814249446,0.010967170364470036,0.009794024649693256,0.014703800346920821,-0.006388697941376531
2.0,163.0,18.94069800968319,-186.04867517542013,17.95078501144243,-186.10918769105507,17.95105082445862,-186.11852450898866,-0.0002658130161883321,0.009336817933586872,0.009340600927377455,-0.006121541329599633
2.0,168.0,18.458148079738333,-186.07745814249446,17.45845600717264,-186.1594506616497,17.440103383810325,-186.17119311353463,0.0183526233623148,0.011742451884941829,0.021787702048384015,-0.007099945458851843
2.0,173.0,17.95105082445862,-186.11852450898866,16.942938053954705,-186.21786418250124,16.93751490218993,-186.22297843284494,0.0054231517647771454,0.005114250343694948,0.0074542693566699994,-0.0012307493627972121
2.0,178.0,17.440103383810325,-186.17119311353463,16.421715867067228,-186.26715276485905,16.42406032899516,-186.2376526130435,-0.002344461927933139,-0.02950015181554022,0.02959316574602064,0.02810186713839169
2.0,183.0,16.93751490218993,-186.22297843284494,15.907582499438746,-186.27662539032477,15.90162750941445,-186.2120109332098,0.005954990024296336,-0.06461445711497049,0.06488828842288745,0.04961847124834362
2.0,188.0,16.42406032899516,-186.2376526130435,15.389554916897687,-186.18515226409806,15.384129985315615,-186.16508111145254,0.005424931582071579,-0.020071152645527945,0.020791369632379708,0.01153897128547543
2.0,193.0,15.90162750941445,-186.2120109332098,14.865585223284544,-186.10636585362678,14.859783354271006,-186.0944197999659,0.005801869013538408,-0.01194605366089263,0.013280432301667871,0.0060182328622726535
2.0,198.0,15.384129985315615,-186.16508111145254,14.348031498577363,-186.0174175103336,14.351346682666055,-186.00237158411315,-0.0033151840886915807,-0.015045926220437877,0.015406827751772066,0.008829594472927749
2.0,203.0,14.859783354271006,-186.0944197999659,13.8275384285109,-185.8991891633143,13.840805248093867,-185.88608071340528,-0.013266819582966605,-0.013108449909026376,0.018650468113815263,0.008348515924704092
2.0,208.0,14.351346682666055,-186.00237158411315,13.325886506066468,-185.76054456646483,13.338339564627077,-185.74764915439553,-0.01245305856060952,-0.012895412069298118,0.01792680451031275,0.00843384123421842
2.0,213.0,13.840805248093867,-185.88608071340528,12.834409404788374,-185.5988185110696,12.822039988780345,-185.5795926670826,0.012369416008029432,-0.019225843986987456,0.022861223269800692,0.008976291970955952
2.0,218.0,13.338339564627077,-185.74764915439553,12.388176203761223,-185.42659399730078,12.34669383312397,-185.40088585168698,0.041482370637252686,-0.0257081456138053,0.04880262108316541,0.007510637582516023
2.0,223.0,12.822039988780345,-185.5795926670826,11.906574782005336,-185.22187015017536,11.904278264094733,-185.21291364829165,0.0022965179106027023,-0.008956501883716328,0.00924623818137588,0.003050291444468556
2.0,228.0,12.34669383312397,-185.40088585168698,11.470419777821483,-185.0144201226435,11.481624555760355,-185.01274765654006,-0.011204777938871757,-0.0016724661034288602,0.011328909547107602,0.001352244969474281
2.0,233.0,11.904278264094733,-185.21291364829165,11.07460863301329,-184.8145140259825,11.081385612670449,-184.81369446135915,-0.006776979657159288,-0.0008195646233559728,0.006826356234874314,-0.0003627083453787705
2.0,238.0,11.481624555760355,-185.01274765654006,10.699453642493799,-184.62881470933547,10.692754424660976,-184.64379544908994,0.006699217832823123,0.014980739754463457,0.016410426050611153,-0.018340689775838026
2.0,243.0,11.081385612670449,-184.81369446135915,10.343013988301069,-184.47759773561313,10.348856519160853,-184.52539619640774,-0.005842530859784034,0.04779846079460981,0.04815421083541272,-0.03681663252493372
2.0,248.0,10.692754424660976,-184.64379544908994,9.999703276615332,-184.39188701941706,10.01013911167977,-184.42494720223033,-0.010435835064438237,0.03306018281327283,0.034668174759268464,-0.02090167768510032
2.0,253.0,10.348856519160853,-184.52539619640774,9.701851213721005,-184.3438400032614,9.713264440084293,-184.34455128172635,-0.011413226363288231,0.0007112784649621062,0.011435368515022871,0.00483498111102465
2.0,258.0,10.01013911167977,-184.42494720223033,9.41454785701811,-184.27339766430543,9.440782465130512,-184.2780440292638,-0.026234608112401858,0.0046463649583756705,0.02664288591984214,0.005037817207858009
2.0,263.0,9.713264440084293,-184.34455128172635,9.160851007869226,-184.21888844251907,9.174801559948174,-184.21984107642703,-0.013950552078947354,0.0009526339079570789,0.013983040251319164,0.004304849113928366
2.0,268.0,9.440782465130512,-184.2780440292638,8.926113954229274,-184.17454865188708,8.933976760474618,-184.17274769128727,-0.007862806245343634,-0.0018009605998088318,0.008066423069358479,0.004864294200831232
2.0,273.0,9.174801559948174,-184.21984107642703,8.695121306111542,-184.13558302480766,8.727139016010666,-184.13649652108444,-0.032017709899124114,0.000913496276780279,0.0320307387150556,0.007915483361991882
2.0,278.0,8.933976760474618,-184.17274769128727,8.48426030043661,-184.10406017679435,8.516718120879844,-184.10355711046944,-0.0324578204432342,-0.0005030663249101508,0.032461718741503665,0.00872864967707887
2.0,283.0,8.727139016010666,-184.13649652108444,8.301789092442036,-184.0798989801691,8.295329382791055,-184.07315674419252,0.0064597096509810825,-0.006742235976588518,0.009337322675102466,0.005978029697057963
2.0,288.0,8.516718120879844,-184.10355711046944,8.114735974775021,-184.05811446177324,8.102359393325248,-184.0501837375263,0.012376581449773383,-0.007930724246932641,0.014699529089864067,0.006072322335936686
2.0,293.0,8.295329382791055,-184.07315674419252,7.917009646109998,-184.03395513211052,7.92072691265612,-184.02876414515717,-0.0037172665461220333,-0.005190986953351739,0.00638470172559267,0.006267030426748477
2.0,298.0,8.102359393325248,-184.0501837375263,7.7457438606317845,-184.00284753786806,7.748229462808303,-183.9983816126693,-0.0024856021765184977,-0.004465925198758214,0.005111037669673065,0.005358911630371832
2.0,303.0,7.92072691265612,-184.02876414515717,7.581157313436861,-183.96413712290698,7.58827070816739,-183.95798428244717,-0.007113394730529521,-0.00615284045980502,0.009405202300649295,0.007544392324764448
2.0,308.0,7.748229462808303,-183.9983816126693,7.4278182664498935,-183.91774542425566,7.438633981019951,-183.9156632877163,-0.010815714570057366,-0.0020821365393430824,0.011014307705408398,0.0033946267050803947
2.0,313.0,7.58827070816739,-183.95798428244717,7.285401250748168,-183.86243694210606,7.28779421175193,-183.8718433289489,-0.002392961003761407,0.009406386842840675,0.009705996898963494,-0.009448063388601824
2.0,318.0,7.438633981019951,-183.9156632877163,7.145513445534868,-183.82032835657316,7.1447238826072805,-183.82828786144051,0.0007895629275873617,0.007959504867358191,0.007998570331635464,-0.008570605444981005
2.0,323.0,7.28779421175193,-183.8718433289489,7.004381419698152,-183.775915335825,7.002001242740483,-183.78277985951866,0.0023801769576694554,0.006864523693650426,0.007265461299223106,-0.007856222477978125
2.0,328.0,7.1447238826072805,-183.82828786144051,6.86985087821799,-183.73084632387568,6.865896361833541,-183.73748024326542,0.003954516384449214,0.006633919389742005,0.0077231526143455315,-0.008022274912542926
2.0,333.0,7.002001242740483,-183.78277985951866,6.734719537607552,-183.6838096112329,6.733309251103184,-183.69154524433185,0.0014102865043685853,0.007735633098945982,0.007863137253406732,-0.008483451443099366
2.0,338.0,6.865896361833541,-183.73748024326542,6.605107301494765,-183.6369550739425,6.604789274270631,-183.6452958889107,0.0003180272241340987,0.008340814968221366,0.008346875801723422,-0.00877743389720731
2.0,343.0,6.733309251103184,-183.69154524433185,6.4781921705874765,-183.58936825005173,6.476011864912869,-183.5972289343689,0.0021803056746074745,0.007860684317165578,0.008157456145690176,-0.008806056284996977
2.0,348.0,6.604789274270631,-183.6452958889107,6.354621567920176,-183.54151144394143,6.349561716325826,-183.54833133453127,0.005059851594349851,0.006819890589838451,0.008491937694908731,-0.00862997668840837
2.0,353.0,6.476011864912869,-183.5972289343689,6.229706030265856,-183.4938429206459,6.2337078087098705,-183.503814096854,-0.004001778444014725,0.009971176208097177,0.010744234997797846,-0.008943884223916232
2.0,358.0,6.349561716325826,-183.54833133453127,6.104470896254928,-183.4508436502116,6.101647974051571,-183.46016880737213,0.0028229222033573365,0.009325157160532171,0.009743071683757246,-0.010423265354072786
2.0,363.0,6.2337078087098705,-183.503814096854,5.987288763799325,-183.41795709067384,5.978020675548884,-183.42100316254272,0.009268088250440343,0.0030460718688800625,0.009755819476001635,-0.005874939550876146
2.0,368.0,6.101647974051571,-183.46016880737213,5.858537557568014,-183.3838400630988,5.858300433744774,-183.3827294523795,0.00023712382323992642,-0.0011106107193086245,0.0011356424954144415,0.0010723175410527475
2.0,373.0,5.978020675548884,-183.42100316254272,5.737763363913585,-183.34498871362283,5.741165619974242,-183.3452824957414,-0.0034022560606574714,0.0002937821185753364,0.0034149164316971373,0.0008105824337358848
2.0,378.0,5.858300433744774,-183.3827294523795,5.619490495068202,-183.3072551305699,5.617170883101568,-183.30561583280937,0.0023196119666346604,-0.001639297760533509,0.002840404341540988,0.0009106146828332662
2.0,383.0,5.741165619974242,-183.3452824957414,5.503728234062466,-183.27043437821527,5.499130967545364,-183.26785336491312,0.004597266517102128,-0.002581013302147994,0.0052722375795418415,0.0011135155230914684
2.0,388.0,5.617170883101568,-183.30561583280937,5.381196761789754,-183.23123848610666,5.379097058175683,-183.22945296900699,0.002099703614071302,-0.001785517099676781,0.002756234130146108,0.0011177039486920395
2.0,393.0,5.499130967545364,-183.26785336491312,5.264371771546528,-183.193868217742,5.26061023504232,-183.19154747079088,0.003761536504208074,-0.002320746951113506,0.004419844260106065,0.001121783992074743
2.0,398.0,5.379097058175683,-183.22945296900699,5.145424463184273,-183.15578904889756,5.14396345408503,-183.15423059824533,0.0014610090992430713,-0.001558450652225929,0.002136191944440966,0.0010969809686054433
2.0,403.0,5.26061023504232,-183.19154747079088,5.027819210941128,-183.11819868329164,5.028420647676931,-183.11726682747582,-0.0006014367358035955,-0.0009318558158213364,0.0011090903518893905,0.0011294353799620183
2.0,408.0,5.14396345408503,-183.15423059824533,4.911956866890308,-183.08110445047384,4.909004084360258,-183.0790637966985,0.0029527825300501576,-0.0020406537753387965,0.003589316439180849,0.0011025932942576588
2.0,413.0,5.028420647676931,-183.11726682747582,4.796377040283,-183.04643980326338,4.791946455318436,-183.0435620634033,0.004430584964564055,-0.002877739860082329,0.00528313068459675,0.0014932740702793268
2.0,418.0,4.909004084360258,-183.0790637966985,4.674854743918238,-183.0160289675491,4.673155268769217,-183.01545592955276,0.0016994751490209126,-0.0005730379963324594,0.0017934849671464694,8.339391813949604e-05
2.0,423.0,4.791946455318436,-183.0435620634033,4.555640971857474,-182.99437330899497,4.555107814987866,-182.98995206466412,0.0005331568696078648,-0.004421244330842455,0.004453274938808136,0.004717676866307308
2.0,428.0,4.673155268769217,-183.01545592955276,4.434996267918236,-182.9763015800667,4.439017428390613,-182.96562212100042,-0.0040211604723774386,-0.010679459066267327,0.011411423114260999,0.01227536605127355
2.0,433.0,4.555107814987866,-182.98995206466412,4.3174633129104585,-182.95232249250566,4.317018337923039,-182.94136129066516,0.0004449749874195774,-0.010961201840501644,0.010970230103678123,0.011262603427545148
2.0,438.0,4.439017428390613,-182.96562212100042,4.201500309255823,-182.93024512775258,4.201492711509952,-182.919654100167,7.5977458706688594e-06,-0.010591027585576285,0.01059103031079508,0.011046956043730736
2.0,443.0,4.317018337923039,-182.94136129066516,4.079602433963945,-182.90867726192525,4.078663896853187,-182.89789981837964,0.0009385371107581975,-0.010777443545606502,0.010818231892828217,0.011025792811569346
2.0,448.0,4.201492711509952,-182.919654100167,3.964135857554247,-182.88945003851376,3.962987731541352,-182.87864995542273,0.0011481260128949344,-0.01080008309102709,0.010860938638744594,0.011034392246405123
2.0,453.0,4.078663896853187,-182.89789981837964,3.8413265620614747,-182.87030014390317,3.8460115734258373,-182.86040364896462,-0.004685011364362612,-0.00989649493854472,0.010949426631237276,0.011558512309692405
2.0,458.0,3.962987731541352,-182.87864995542273,3.725638221557187,-182.8534880876125,3.7209242329008823,-182.84223647062268,0.0047139886563045685,-0.011251616989824242,0.012199203823916942,0.01075650866680311
2.0,463.0,3.8460115734258373,-182.86040364896462,3.6086267808300625,-182.8376931530622,3.606476904501176,-182.82683205158358,0.002149876328886524,-0.010861101478610635,0.011071833342233106,0.010994252511160152
2.0,468.0,3.7209242329008823,-182.84223647062268,3.483483254087339,-182.8221343757807,3.4901729448042405,-182.8123569721946,-0.0066896907169016195,-0.009777403586099354,0.011846922924256247,0.011775025171867792
2.0,473.0,3.606476904501176,-182.82683205158358,3.3695565015905258,-182.80589996223733,3.363116704953415,-182.79672538325224,0.006439796637110806,-0.009174578985096105,0.01120909810293008,0.008350111785997425
2.0,478.0,3.4901729448042405,-182.8123569721946,3.2556762770343326,-182.7819950740357,3.244186221486245,-182.77549690361545,0.011490055548087685,-0.00649817042025802,0.013200287697957834,0.004797211957061176
2.0,483.0,3.363116704953415,-182.79672538325224,3.129130533548335,-182.75462030224787,3.1272181049854857,-182.74811660249395,0.0019124285628491222,-0.006503699753920955,0.006779048126186497,0.006367994205096927
2.0,488.0,3.244186221486245,-182.77549690361545,3.0117452333310446,-182.72033621031844,3.009466198655923,-182.7202562382896,0.002279034675121583,-7.997202882847887e-05,0.0022804373650248504,-0.0006557004757428153
2.0,493.0,3.1272181049854857,-182.74811660249395,2.895877234926334,-182.68828269907567,2.893297868524378,-182.69254075748697,0.002579366401955774,0.004258058411295451,0.004978372471957298,-0.005048166297206613
2.0,498.0,3.009466198655923,-182.7202562382896,2.7776032555260484,-182.6604977906449,2.780466042317423,-182.6649872712464,-0.0028627867913746385,0.004489480601478135,0.00532456423418082,-0.004151169178102876
2.0,503.0,2.893297868524378,-182.69254075748697,2.6614077911189487,-182.63157195422926,2.658976460346841,-182.634639018404,0.002431330772107554,0.0030670641747292393,0.003913853852062525,-0.0038142950569319822
2.0,508.0,2.780466042317423,-182.6649872712464,2.548634897081485,-182.60274623929712,2.5457308509713608,-182.60572796416238,0.002904046110124181,0.002981724865264823,0.004162231010151397,-0.0038397878181921645
2.0,513.0,2.658976460346841,-182.634639018404,2.4272297958242293,-182.57109103951677,2.42230743743431,-182.57353016947562,0.004922358389919168,0.0024391299588444326,0.005493538666009375,-0.0037520529802361753
2.0,518.0,2.5457308509713608,-182.60572796416238,2.3140969954181636,-182.540968590537,2.3035005850620696,-182.54185577721827,0.010596410356094044,0.0008871866812683038,0.010633485441855694,-0.0034983044204905944
2.0,523.0,2.42230743743431,-182.57353016947562,2.190832150920305,-182.50745354458365,2.189811955124085,-182.51091684773854,0.0010201957962201469,0.0034633031548878535,0.003610438782929496,-0.0039229651499779195
2.0,528.0,2.3035005850620696,-182.54185577721827,2.072209153834142,-182.4745159765999,2.073815980029476,-182.478716084986,-0.0016068261953341434,0.004200108386100965,0.004496976859736733,-0.004040026174588984
2.0,533.0,2.189811955124085,-182.51091684773854,1.9588658253512945,-182.44178932472187,1.952266017334635,-182.4435822545579,0.006599808016659603,0.0017929298360286339,0.006839010400173846,-0.0035922711302949217
2.0,538.0,2.073815980029476,-182.478716084986,1.844081970751043,-182.40499883452722,1.8402223213424975,-182.40579308144854,0.0038596494085454403,0.000794246921316244,0.003940523027328416,-0.001920144308438232
2.0,543.0,1.952266017334635,-182.4435822545579,1.7252069611029226,-182.360294987194,1.7255523961727932,-182.36575934093435,-0.00034543506987061434,0.005464353740336492,0.005475261380703749,-0.0058583207624551825
2.0,548.0,1.8402223213424975,-182.40579308144854,1.6150170780738409,-182.31661952235373,1.6066553039685356,-182.32319628571517,0.008361774105305253,0.006576763361437088,0.010638283813684177,-0.00926193285593957
2.0,553.0,1.7255523961727932,-182.36575934093435,1.5004547928676075,-182.27506727930484,1.4951452590261711,-182.281930566465,0.005309533841436398,0.006863287160172149,0.008677318725063764,-0.0087369091296714
2.0,558.0,1.6066553039685356,-182.32319628571517,1.3822072266464813,-182.23003537611,1.3764699229600699,-182.23657160123864,0.005737303686411455,0.006536225128627393,0.008697062292648631,-0.008573762004438823
2.0,563.0,1.4951452590261711,-182.281930566465,1.271432128392872,-182.1863467234663,1.2656790200068178,-182.19287521607404,0.005753108386054251,0.006528492607742464,0.008701693618545515,-0.00860945011466363
2.0,568.0,1.3764699229600699,-182.23657160123864,1.1535912023410548,-182.13845985509832,1.1515917513982166,-182.14650355030884,0.0019994509428382656,0.008043695210517399,0.008288476139346567,-0.008964502115169637
2.0,573.0,1.2656790200068178,-182.19287521607404,1.0436410809732308,-182.09241617004605,1.037371433492205,-182.09865671779752,0.006269647481025764,0.006240547751474423,0.008846067814275741,-0.008569291230611675
2.0,578.0,1.1515917513982166,-182.14650355030884,0.9304804395730353,-182.04363613119688,0.9250818563204528,-182.05021701487667,0.005398583252582467,0.006580883679788485,0.008511917007464906,-0.008655112318369351
2.0,583.0,1.037371433492205,-182.09865671779752,0.8172462886056141,-181.99338830117182,0.8148294343244796,-182.00128287201335,0.002416854281134473,0.007894570841529003,0.008256236030308119,-0.008941325279278267
2.0,588.0,0.9250818563204528,-182.05021701487667,0.7059809410865278,-181.94259805054529,0.7006710045991621,-181.9491674942167,0.005309936487365663,0.006569443671423869,0.008447071424574812,-0.008674080762376413
2.0,593.0,0.8148294343244796,-182.00128287201335,0.5961328255538886,-181.89304450675365,0.5903133780351302,-181.89803078521683,0.005819447518758403,0.004986278463178451,0.007663481084725178,-0.007246483284617522
2.0,598.0,0.7006710045991621,-181.9491674942167,0.478900489090902,-181.8481974347044,0.47385577146902264,-181.8504218822993,0.005044717621879358,0.002224447594898038,0.005513378545587796,-0.0042814092904892576
2.0,603.0,0.5903133780351302,-181.89803078521683,0.36408780028593046,-181.80895618453755,0.35716287084688847,-181.81072684845677,0.0069249294390419935,0.001770663919216986,0.007147719807779773,-0.004478352145885989
2.0,608.0,0.47385577146902264,-181.8504218822993,0.24433323869573276,-181.7729498879848,0.24057880858520211,-181.7719570591578,0.0037544301105306432,-0.0009928288269804852,0.0038834848441242284,-8.860842313485051e-05
2.0,613.0,0.35716287084688847,-181.81072684845677,0.12641253583312057,-181.7422700880017,0.13081693214431728,-181.73560380304352,-0.004404396311196712,-0.006666284958185997,0.007989872465178658,0.008296031920325575
2.0,618.0,0.24057880858520211,-181.7719570591578,0.010654358810736383,-181.70284108979203,0.01095285489736943,-181.69661660066666,-0.00029849608663304675,-0.006224489125372656,0.006231642222208983,0.006380814514685973
2.0,623.0,0.13081693214431728,-181.73560380304352,-0.09880443245150847,-181.66778905479504,-0.1038129653126207,-181.65998197587973,0.005008532861112233,-0.007807078915305965,0.00927555295444191,0.006057695075311731
2.0,628.0,0.01095285489736943,-181.69661660066666,-0.21841343940085067,-181.63038665326937,-0.21796119903723632,-181.62419414025322,-0.0004522403636143535,-0.00619251301614554,0.006209004654661967,0.006425941194042828
2.0,633.0,-0.1038129653126207,-181.65998197587973,-0.3329743861077923,-181.59515057355438,-0.32983057640412133,-181.58974652718214,-0.0031438097036709522,-0.005404046372234461,0.0062519802179914225,0.0065880286202224525
2.0,638.0,-0.21796119903723632,-181.62419414025322,-0.4470004428879364,-181.5606868639682,-0.4485642127978917,-181.55386129172817,0.001563769909955326,-0.0068255722400181185,0.0070024147788450555,0.006381973235717986
2.0,643.0,-0.32983057640412133,-181.58974652718214,-0.5588272206014373,-181.52750969385843,-0.5637680945478185,-181.51970426671156,0.004940873946381208,-0.007805427146877264,0.009237798888222085,0.006238025410252757
2.0,648.0,-0.4485642127978917,-181.55386129172817,-0.6775879258181394,-181.49294445230112,-0.678755965023166,-181.48625802467114,0.0011680392050266164,-0.006686427629972513,0.0067876822285179985,0.006415228542223871
2.0,653.0,-0.5637680945478185,-181.51970426671156,-0.7928786892780325,-181.46004445191275,-0.7926091184940941,-181.4537757377142,-0.00026957078393841094,-0.0062687141985406925,0.0062745076388939745,0.006485818536592802
2.0,658.0,-0.678755965023166,-181.48625802467114,-0.9080039810134245,-181.42783343075416,-0.9064211433819818,-181.42193320305464,-0.001582837631442735,-0.00590022769952725,0.006108851109151365,0.0065497730218635475
2.0,663.0,-0.7926091184940941,-181.4537757377142,-1.0220356001606028,-181.39655814251657,-1.0243057224432965,-181.3896089233279,0.002270122282693743,-0.006949219188669531,0.007310615740863108,0.006381673240379193
2.0,668.0,-0.9064211433819818,-181.42193320305464,-1.136061681384086,-181.36590887023004,-1.137685297450194,-181.3591503330988,0.0016236160661080579,-0.006758537131247522,0.0069508239284688895,0.006414393808630957
2.0,673.0,-1.0243057224432965,-181.3896089233279,-1.2541994136853636,-181.33480897756326,-1.2525686516665306,-181.32891451618354,-0.001630762018832943,-0.005894461379710947,0.00611588584907959,0.006562921755736806
2.0,678.0,-1.137685297450194,-181.3591503330988,-1.3678476680269323,-181.3055188266543,-1.3699058587121493,-181.29868170343923,0.002058190685217065,-0.006837123215063912,0.00714019626863857,0.006401141593578074
2.0,683.0,-1.2525686516665306,-181.32891451618354,-1.4830239777924077,-181.2764595073566,-1.4811894735071172,-181.27061348274725,-0.001834504285290528,-0.005846024609354572,0.006127104512404582,0.0065767302988759555
2.0,688.0,-1.3699058587121493,-181.29868170343923,-1.600677932723244,-181.24742209077084,-1.6034753983838657,-181.24044190883197,0.0027974656606215564,-0.00698018193887151,0.007519890559184013,0.00637276217549676
2.0,693.0,-1.4811894735071172,-181.27061348274725,-1.7122751339508826,-181.22048295176543,-1.7152463895726107,-181.21348203843826,0.002971255621728064,-0.00700091332717534,0.0076053367699446366,0.006366749026898155
2.0,698.0,-1.6034753983838657,-181.24044190883197,-1.834917107736552,-181.19154807726486,-1.8337150355849157,-181.185546032079,-0.0012020721516363686,-0.006002045185852012,0.0061212354856474025,0.006553330033840954
2.0,703.0,-1.7152463895726107,-181.21348203843826,-1.947021631919024,-181.16571573549248,-1.9517365629851984,-181.1583675090498,0.004714931066174266,-0.007348226442672967,0.008730807912878018,0.0062924357438487455
2.0,708.0,-1.8337150355849157,-181.185546032079,-2.0658498757765447,-181.13897268333378,-2.06550904557169,-181.1327810502326,-0.00034083020485464743,-0.0061916331011673265,0.00620100682857326,0.006517183156466988
2.0,713.0,-1.9517365629851984,-181.1583675090498,-2.183944243655221,-181.11181612629014,-2.18677928730004,-181.10548604694753,0.002835043644818569,-0.006330079342603767,0.006935948165296876,0.005786727870197517
2.0,718.0,-2.06550904557169,-181.1327810502326,-2.2961543053572533,-181.0806407644672,-2.3000255390225357,-181.07387934217465,0.003871233665282414,-0.006761422292555608,0.00779123106508104,0.00602940327902024
2.0,723.0,-2.18677928730004,-181.10548604694753,-2.4156396310060706,-181.04271446635514,-2.4130658723301726,-181.03840424432929,-0.0025737586758980413,-0.004310222025850408,0.005020184023906537,0.004887404211230795
2.0,728.0,-2.3000255390225357,-181.07387934217465,-2.524177285350644,-180.99888030081655,-2.5258389501194976,-181.00338252033728,0.0016616647688536546,0.004502219520730932,0.004799073912423118,-0.00520843510314517
2.0,733.0,-2.4130658723301726,-181.03840424432929,-2.6382595664466355,-180.96305694385796,-2.6460411273282967,-180.96548199002086,0.007781560881661154,0.00242504616289807,0.008150677189484673,-0.004723732460413021
2.0,738.0,-2.5258389501194976,-181.00338252033728,-2.7522051571735577,-180.92719317674064,-2.762230825597818,-180.92812602857936,0.010025668424260115,0.0009328518387121676,0.010068974123821899,-0.003896029353795516
2.0,743.0,-2.6460411273282967,-180.96548199002086,-2.8730714311299614,-180.8876524897595,-2.875436408575302,-180.89108059093343,0.002364977445340699,0.003428101173938103,0.0041647324014546265,-0.004263166471374368
2.0,748.0,-2.762230825597818,-180.92812602857936,-2.989753813073154,-180.8487861282685,-2.994235103603462,-180.85151504694346,0.004481290530307991,0.002728918674961278,0.005246804927913795,-0.004186209631268589
2.0,753.0,-2.875436408575302,-180.89108059093343,-3.1033348211685987,-180.81031814009214,-3.1093910327593437,-180.81248480333298,0.0060562115907449865,0.0021666632408425812,0.006432116947871237,-0.004108983808328137
2.0,758.0,-2.994235103603462,-180.85151504694346,-3.2224158501430322,-180.7692821221232,-3.226465177642794,-180.77211488127364,0.0040493274997617235,0.002832759150436459,0.004941819260627408,-0.004196915495786158
2.0,763.0,-3.1093910327593437,-180.81248480333298,-3.337750248671424,-180.72884828232998,-3.3393811925703036,-180.73251802979593,0.0016309438988795222,0.003669747465949058,0.004015846668528552,-0.004305287486444875
2.0,768.0,-3.226465177642794,-180.77211488127364,-3.4549218276496534,-180.68707154904757,-3.455166639671618,-180.69123669350742,0.000244812021964691,0.00416514445984717,0.004172332836375116,-0.004367311855342226
2.0,773.0,-3.3393811925703036,-180.73251802979593,-3.5676764215120005,-180.64556339268435,-3.574455488945811,-180.64729424200434,0.006779067433810404,0.001730849319983463,0.0069965416200174204,-0.004010662105790708
2.0,778.0,-3.455166639671618,-180.69123669350742,-3.6821993389386414,-180.59963527118214,-3.6889531663683024,-180.59924186063358,0.006753827429661019,-0.0003934105485541295,0.006765275811772587,-0.0019235381956965725
2.0,783.0,-3.574455488945811,-180.64729424200434,-3.7983946901355035,-180.54629105876344,-3.800816304353464,-180.55088098721407,0.0024216142179604994,0.004589928450627667,0.005189572102062919,-0.005771415000944025
2.0,788.0,-3.6889531663683024,-180.59924186063358,-3.9108868647323947,-180.4919856338822,-3.9181062535468953,-180.49904010440906,0.007219388814500682,0.007054470526867362,0.010093816387738479,-0.009765265888296515
2.0,793.0,-3.800816304353464,-180.55088098721407,-4.022812985287038,-180.44191955581684,-4.0293081575423875,-180.4484310012244,0.006495172255349679,0.006511445407568317,0.009197074748114575,-0.009013773029137974
2.0,798.0,-3.9181062535468953,-180.49904010440906,-4.139508085559509,-180.387443285225,-4.143345449085401,-180.3950407084979,0.0038373635258919236,0.007597423272898141,0.00851153330589853,-0.009143758772277357
2.0,803.0,-4.0293081575423875,-180.4484310012244,-4.249980666473713,-180.3342452807413,-4.257391420155831,-180.34012979875104,0.007410753682117743,0.005884518009736439,0.009462918278413598,-0.008839412779140243
2.0,808.0,-4.143345449085401,-180.3950407084979,-4.3631999252746,-180.27825556689396,-4.370384372713478,-180.2842028207818,0.007184447438878472,0.0059472538878253545,0.009326634645372426,-0.008864435638046064
2.0,813.0,-4.257391420155831,-180.34012979875104,-4.476342676318914,-180.2207635558296,-4.481430269692706,-180.2277392535243,0.005087593373792387,0.00697569769471329,0.008633884679857875,-0.00906798540798226
2.0,818.0,-4.370384372713478,-180.2842028207818,-4.588360030936847,-180.16229301253586,-4.595307778656079,-180.16826608947767,0.0069477477192325665,0.005973076941813815,0.009162360313965457,-0.008890672399790134
2.0,823.0,-4.481430269692706,-180.2277392535243,-4.698374691649184,-180.1033432653737,-4.698123411038734,-180.1131796457956,-0.00025128061044998873,0.009836380421916147,0.009839589511247072,-0.009599634466658458
2.0,828.0,-4.595307778656079,-180.16826608947767,-4.811124441330869,-180.04133342724447,-4.818712051650852,-180.04686318598556,0.007587610319983007,0.005529758741090518,0.009388826449699643,-0.00883543447064783
2.0,833.0,-4.698123411038734,-180.1131796457956,-4.913898470523144,-179.98613543981008,-4.928676681317219,-179.98552793577116,0.014778210794075264,-0.0006075040389248443,0.01479069218905703,-0.006109324071905231
2.0,838.0,-4.818712051650852,-180.04686318598556,-5.039728761397783,-179.92957998030008,-5.042079661939379,-179.92871865872064,0.002350900541595813,-0.0008613215794355256,0.002503718877924755,-0.0003071353728612003
2.0,843.0,-4.928676681317219,-179.98552793577116,-5.15666759145778,-179.88316321908437,-5.155447562020141,-179.8812736994053,-0.001220029437638992,-0.0018895196790538193,0.0022491679453160813,0.002172801298672144
2.0,848.0,-5.042079661939379,-179.92871865872064,-5.274063707864787,-179.83850735329463,-5.2729999066150555,-179.83865177618762,-0.0010638012497317106,0.00014442289298699507,0.0010735599987655475,0.0006277313265550255
2.0,853.0,-5.155447562020141,-179.8812736994053,-5.39199301602995,-179.8061239893111,-5.386536117338007,-179.79775800616764,-0.005456898691942769,-0.00836598314344883,0.00998836409481536,0.010790443207748357
2.0,858.0,-5.2729999066150555,-179.83865177618762,-5.533916448324319,-179.7578014507406,-5.511126321465125,-179.75422903182394,-0.022790126859193904,-0.0035724189166614906,0.023068421254482767,0.013059110138532226
2.0,863.0,-5.386536117338007,-179.79775800616764,-5.684866163338608,-179.70207080808083,-5.650692727911267,-179.707473996257,-0.0341734354273413,0.005403188176160256,0.03459794981460121,0.008865932630567563
2.0,868.0,-5.511126321465125,-179.75422903182394,-5.830183539241569,-179.65555672379728,-5.801199319290907,-179.65933016256125,-0.028984219950661583,0.003773438763971626,0.029228818762546193,0.007964502073825042
2.0,873.0,-5.650692727911267,-179.707473996257,-6.004129989827339,-179.60235703146822,-6.006632672129989,-179.59734322816627,0.002502682302649717,-0.005013803301949338,0.005603716825343173,0.004263406435803585
2.0,878.0,-5.801199319290907,-179.65933016256125,-6.198029187021919,-179.54639463513254,-6.218203279597089,-179.53794380657342,0.020174092575170555,-0.008450828559119827,0.021872597343872698,0.0015577753495783497
2.0,883.0,-6.006632672129989,-179.59734322816627,-6.46588757871681,-179.47507413481537,-6.48947699582815,-179.4682031253903,0.02358941711134044,-0.00687100942508323,0.024569724666189965,-0.0002870430709331906
2.0,888.0,-6.218203279597089,-179.53794380657342,-6.741427386008885,-179.40893687381296,-6.781773071088483,-179.40095102331722,0.04034568507959779,-0.007985850495742852,0.04112843435729637,-0.003277882016482714
2.0,893.0,-6.48947699582815,-179.4682031253903,-7.085287897301817,-179.33570910792787,-7.087087055809218,-179.33868286465227,0.0017991585074010885,0.0029737567244012553,0.0034756582672459896,-0.001782557569215637
2.0,898.0,-6.781773071088483,-179.40095102331722,-7.435371789159204,-179.26038543142315,-7.43877355672398,-179.25895043128668,0.0034017675647763923,-0.001435000136467579,0.003692051998066479,0.002445758748665483
2.0,903.0,-7.087087055809218,-179.33868286465227,-7.787378264601448,-179.1781531279235,-7.811483970807901,-179.1458788090166,0.024105706206452915,-0.032274318906900135,0.04028295833992476,0.024487452488055172
2.0,908.0,-7.43877355672398,-179.25895043128668,-8.176555443478042,-179.0502808406106,-8.197893571671381,-178.99640983686487,0.02133812819333869,-0.05387100374574061,0.05794308206653279,0.03903721175098829
2.0,913.0,-7.811483970807901,-179.1458788090166,-8.564401605957732,-178.8590652412315,-8.56575195129835,-178.8405339841477,0.0013503453406187305,-0.018531257083793662,0.018580390782881387,0.011520975195639327
2.0,918.0,-8.197893571671381,-178.99640983686487,-8.969220346881576,-178.6587948789185,-8.981307456701517,-178.64718903851497,0.012087109819940878,-0.011605840403547063,0.016756901720542394,0.0033988508813505014
2.0,923.0,-8.56575195129835,-178.8405339841477,-9.35356117067173,-178.46715746832143,-9.374202637256829,-178.44563044064626,0.02064146658509891,-0.02152702767517667,0.029824202643349527,0.007717590190396972
2.0,928.0,-8.981307456701517,-178.64718903851497,-9.778456385291804,-178.22983605545664,-9.769497651492767,-178.22362369654076,-0.008958733799037333,-0.006212358915888672,0.010901940863068161,0.00519280663095989
2.0,933.0,-9.374202637256829,-178.44563044064626,-10.174170059580923,-177.9872757245338,-10.174353991244155,-177.97540376277425,0.00018393166323171783,-0.011871961759538863,0.011873386495717734,0.005979086822181401
2.0,938.0,-9.769497651492767,-178.22362369654076,-10.567582297252102,-177.72528819209185,-10.571962802973575,-177.70893711812835,0.0043805057214729715,-0.01635107396350577,0.0169276829523681,0.007324382861445766
2.0,943.0,-10.174353991244155,-177.97540376277425,-10.96588528622722,-177.437028649804,-10.959495308082197,-177.4254654880868,-0.0063899781450231785,-0.011563161717219828,0.013211303099711703,0.007931359227935529
2.0,948.0,-10.571962802973575,-177.70893711812835,-11.350857134184766,-177.1302260397383,-11.340210436458044,-177.12211240984877,-0.01064669772672211,-0.00811362988952169,0.013385931512910466,0.007358574543610441
2.0,953.0,-10.959495308082197,-177.4254654880868,-11.722654412016107,-176.80807382566553,-11.709779535832213,-176.8026170320313,-0.012874876183893491,-0.005456793634238011,0.013983527220170464,0.006555676883184258
2.0,958.0,-11.340210436458044,-177.12211240984877,-12.090952731093624,-176.4751721003572,-12.091983346160362,-176.481292486176,0.0010306150667371838,0.006120385818775276,0.006206552181884173,-0.009354943774921411
2.0,963.0,-11.709779535832213,-176.8026170320313,-12.47011042600467,-176.155382693254,-12.507515463001397,-176.1796299617747,0.03740503699672715,0.024247268520696252,0.044576527718534494,-0.03837821434564192
2.0,968.0,-12.091983346160362,-176.481292486176,-12.892826344976404,-175.86847362672245,-12.92697288255214,-175.92249666802155,0.0341465375757366,0.054023041299103625,0.06390989766550911,-0.05016622831705764
2.0,973.0,-12.507515463001397,-176.1796299617747,-13.36763046935983,-175.64707755995238,-13.366624389281629,-175.67770082530467,-0.0010060800782003554,0.030623265352289764,0.030639787498618565,-0.015847951932520754
2.0,978.0,-12.92697288255214,-175.92249666802155,-13.819715001320883,-175.43396854771342,-13.840472230216214,-175.4397894497216,0.020757228895330826,0.00582090200816765,0.02155795564523332,-0.009630039195764441
2.0,983.0,-13.366624389281629,-175.67770082530467,-14.28324540435926,-175.22176212481054,-14.286606490247067,-175.23981164753658,0.003361085887807036,0.018049522726045097,0.01835979762914706,-0.010886276231385496
2.0,988.0,-13.840472230216214,-175.4397894497216,-14.781367865297506,-175.0239395121346,-14.774452131951136,-175.04628000385162,-0.006915733346369635,0.02234049171701713,0.02338642635966855,-0.010398584628888319
2.0,993.0,-14.286606490247067,-175.23981164753658,-15.247803571065631,-174.8627264754419,-15.281773333751929,-174.87136368656496,0.033969762686297145,0.00863721112307303,0.03505062328900704,-0.014191195942373724
2.0,998.0,-14.774452131951136,-175.04628000385162,-15.755022908398754,-174.71196322875346,-15.743307292826334,-174.734562352114,-0.01171561557242029,0.02259912336054981,0.025455373203040747,-0.010226993775912963
2.0,1003.0,-15.281773333751929,-174.87136368656496,-16.279608888093012,-174.58193208222994,-16.26492420714872,-174.60456131882012,-0.014684680944291983,0.022629236590177015,0.02697632671602749,-0.010128682920294452
2.0,1008.0,-15.743307292826334,-174.734562352114,-16.754453599468924,-174.48624831351324,-16.794583500944114,-174.49835432161265,0.04012990147518991,0.012106008099408427,0.04191615946757756,-0.0150587793591761
2.0,1013.0,-16.26492420714872,-174.60456131882012,-17.285562280594693,-174.4024811392557,-17.292722154676603,-174.42043654408778,0.007159874081910544,0.01795540483206537,0.019330296416562545,-0.012013378164506872
2.0,1018.0,-16.794583500944114,-174.49835432161265,-17.7970992568448,-174.33698672462575,-17.8087477305104,-174.3326763843984,0.011648473665601955,-0.004310340227334564,0.012420385324682998,0.007186996299858084
2.0,1023.0,-17.292722154676603,-174.42043654408778,-18.259121417051436,-174.2758609344202,-18.299177668049296,-174.21535638344707,0.04005625099786059,-0.06050455097312124,0.0725624140479259,0.0454438072216834
2.0,1028.0,-17.8087477305104,-174.3326763843984,-18.747115908083828,-174.12988895556765,-18.76336507909614,-174.08844422067597,0.016249171012312047,-0.041444734891683765,0.044516307223637856,0.027503786747465234
2.0,1033.0,-18.299177668049296,-174.21535638344707,-19.188253076257197,-173.96125262821965,-19.19583030158551,-173.96260465892792,0.007577225328311954,0.001352030708261509,0.007696903969265456,-0.0043489434169767804
2.0,1038.0,-18.76336507909614,-174.08844422067597,-19.60379220609834,-173.83563830421136,-19.592045959303753,-173.83931503652295,-0.011746246794587023,0.0036767323115896033,0.01230823603325972,-0.0017937332049267065
2.0,1043.0,-19.19583030158551,-173.96260465892792,-19.9768154433321,-173.71289025270616,-19.951444815688987,-173.72061655213454,-0.025370627643113153,0.007726299428384209,0.026521019020063076,-0.0016706186178416795
2.0,1048.0,-19.592045959303753,-173.83931503652295,-20.305532999768797,-173.5973177677991,-20.27112053910552,-173.60954276571692,-0.03441246066327608,0.012224997917826386,0.036519419806349374,-0.0026351460791200765
2.0,1053.0,-19.951444815688987,-173.72061655213454,-20.59700335244578,-173.49024068599576,-20.5648629368297,-173.50285497211192,-0.03214041561607672,0.01261428611616111,0.03452718537898106,-0.0029770900394336937
2.0,1058.0,-20.27112053910552,-173.60954276571692,-20.858803476562084,-173.39042608553976,-20.834994247814983,-173.40077028674568,-0.02380922874710123,0.010344201205924719,0.025959234813846998,-0.00291097331168455
2.0,1063.0,-20.5648629368297,-173.50285497211192,-21.10170064970454,-173.29460809998278,-21.08225688658352,-173.30395226426617,-0.019443763121021362,0.00934416428339091,0.021572513308870358,-0.0029954670516207926
2.0,1068.0,-20.834994247814983,-173.40077028674568,-21.32720092021859,-173.20284507649637,-21.316938372289147,-173.20903273385287,-0.010262547929443144,0.006187657356491627,0.011983613543729735,-0.0028273210786027296
2.0,1073.0,-21.08225688658352,-173.30395226426617,-21.535904968337157,-173.11619887373197,-21.52336028088404,-173.12360345423434,-0.012544687453114989,0.007404580502367253,0.014566983068308203,-0.0029696371510636865
2.0,1078.0,-21.316938372289147,-173.20903273385287,-21.739478155693455,-173.03888607513122,-21.73090810206162,-173.04758737417365,-0.008570053631835606,0.008701299042428445,0.012213043202998377,-0.005508725369220536
2.0,1083.0,-21.52336028088404,-173.12360345423434,-21.92420360358082,-172.97967548473954,-21.91796891312579,-172.99385201026433,-0.006234690455031,0.014176525524788985,0.015486937754929096,-0.010980512707443157
2.0,1088.0,-21.73090810206162,-173.04758737417365,-22.114031629772168,-172.93898283584016,-22.09452875472072,-172.94801770645134,-0.019502875051447432,0.009034870611174028,0.021493976417429766,-0.0009685702634376625
2.0,1093.0,-21.91796891312579,-172.99385201026433,-22.282408021139727,-172.91077791894736,-22.266948418439565,-172.90530228480924,-0.015459602700161668,-0.005475634138122132,0.01640066720781244,0.01081508359676242
2.0,1098.0,-22.09452875472072,-172.94801770645134,-22.440929309874782,-172.87323999766994,-22.435528682708284,-172.86615990767203,-0.00540062716649814,-0.007080089997913319,0.008904743015386237,0.009067444316132267
2.0,1103.0,-22.266948418439565,-172.90530228480924,-22.597865506409544,-172.83914647619753,-22.58844578265894,-172.83295329838091,-0.009419723750603737,-0.0061931778166126605,0.011273271353332682,0.009351730893008892
2.0,1108.0,-22.435528682708284,-172.86615990767203,-22.752545083306654,-172.80819269440866,-22.75345204561001,-172.7995249810638,0.0009069623033575169,-0.00866771334486316,0.008715035011314095,0.008796906552595907
2.0,1113.0,-22.58844578265894,-172.83295329838091,-22.894023126576116,-172.78171476915287,-22.895558840399577,-172.772713984121,0.0015357138234612933,-0.009000785031872738,0.009130856922411742,0.00900272511566147
2.0,1118.0,-22.75345204561001,-172.7995249810638,-23.047957813549264,-172.75492293077318,-23.042590620933378,-172.74688839728597,-0.005367192615885585,-0.008034533487204953,0.00966232295739666,0.009858391994866711
2.0,1123.0,-22.895558840399577,-172.772713984121,-23.18152159963148,-172.73340560514112,-23.18267427445991,-172.72408341205448,0.0011526748284289567,-0.009322193086632069,0.009393185998613275,0.009521879626670948
2.0,1128.0,-23.042590620933378,-172.74688839728597,-23.3206442998615,-172.71265190557602,-23.31853186674385,-172.70363503815224,-0.0021124331176487487,-0.009016867423781605,0.009261008142453668,0.010020820042069278
2.0,1133.0,-23.18267427445991,-172.72408341205448,-23.453830136997972,-172.69349688525656,-23.446266429440982,-172.68567156929257,-0.007563707556990096,-0.007825315963998491,0.010883255117108977,0.009963252565888148
2.0,1138.0,-23.31853186674385,-172.70363503815224,-23.581343925134146,-172.66545894562788,-23.578979594387107,-172.66218353775383,-0.0023643307470386787,-0.0032754078740424575,0.004039598571978633,0.0039534651333745785
2.0,1143.0,-23.446266429440982,-172.68567156929257,-23.701448873590724,-172.63094270990453,-23.7073251978368,-172.6298813747044,0.005876324246074205,-0.0010613352001200838,0.005971400091436974,0.00011010199802452547
2.0,1148.0,-23.578979594387107,-172.66218353775383,-23.829461406848097,-172.5948402037429,-23.82218208708211,-172.59440093536955,-0.00727931976598839,-0.00043926837335561686,0.007292561481354804,0.001807597061106225
2.0,1153.0,-23.7073251978368,-172.6298813747044,-23.950586303374685,-172.54746656749404,-23.95076756904012,-172.5539744666123,0.0001812656654358591,0.006507899118247451,0.006510423041151154,-0.007145294199325748
2.0,1158.0,-23.82218208708211,-172.59440093536955,-24.06108797637015,-172.50859038918315,-24.072585074173872,-172.51454029286916,0.011497097803722767,0.0059499036860017895,0.012945447531123231,-0.009172930985640537
2.0,1163.0,-23.95076756904012,-172.5539744666123,-24.186725049906354,-172.4676753084584,-24.185292503938115,-172.4766768533278,-0.0014325459682389408,0.009001544869391864,0.009114822981648773,-0.00908414670798896
2.0,1168.0,-24.072585074173872,-172.51454029286916,-24.305515264087997,-172.4263264124791,-24.30725812161002,-172.43424305104554,0.0017428575220215237,0.007916638566427991,0.008106214809238775,-0.008795792646799859
2.0,1173.0,-24.185292503938115,-172.4766768533278,-24.41838971881079,-172.3862817229744,-24.425104926131805,-172.39178488652206,0.006715207321015271,0.0055031635476723295,0.00868209758046099,-0.007675525539532657
2.0,1178.0,-24.30725812161002,-172.43424305104554,-24.563249697531507,-172.33574007603045,-24.547903925803457,-172.3459852293401,-0.015345771728050295,0.010245153309654143,0.018451446454620976,-0.006042657095760351
2.0,1183.0,-24.425104926131805,-172.39178488652206,-24.71798003396027,-172.27750978671347,-24.685371215453145,-172.29279222554715,-0.03260881850712494,0.015282438833679635,0.036012330959489046,-0.005772151998205022
2.0,1188.0,-24.547903925803457,-172.3459852293401,-24.85865548838056,-172.2208520605509,-24.839052468616458,-172.23087003077387,-0.019603019764101504,0.010017970222975237,0.022014497751712905,-0.0041910776252351845
2.0,1193.0,-24.685371215453145,-172.29279222554715,-25.026566746014204,-172.15054557096767,-25.02205731233978,-172.15378992912233,-0.004509433674424912,0.0032443581546601763,0.0055552544405947195,-0.002247824766853146
2.0,1198.0,-24.839052468616458,-172.23087003077387,-25.2200515011412,-172.06566693434596,-25.229011283437803,-172.06215844443435,0.008959782296603436,-0.0035084899116100132,0.009622224288718152,-0.0003889940798820213
2.0,1203.0,-25.02205731233978,-172.15378992912233,-25.45210397192556,-171.9591508960078,-25.468344667234756,-171.95004846428998,0.016240695309196695,-0.009102431717820991,0.018617584357369172,0.0017783763460439417
2.0,1208.0,-25.229011283437803,-172.06215844443435,-25.712863448180133,-171.83140422927838,-25.735224368359273,-171.8170412375917,0.022360920179139043,-0.014362991686681426,0.026576423413422423,0.003526509772270981
2.0,1213.0,-25.468344667234756,-171.95004846428998,-26.00566026521256,-171.67790124421674,-26.0127398433013,-171.66945449268857,0.007079578088742267,-0.008446751528168761,0.01102125388933677,0.0031363024857422594
2.0,1218.0,-25.735224368359273,-171.8170412375917,-26.316138981700533,-171.5030025632902,-26.330069243483404,-171.48855502111127,0.013930261782871156,-0.014447542178942285,0.020069471053110417,0.004831826046625576
2.0,1223.0,-26.0127398433013,-171.66945449268857,-26.626741671616674,-171.31488604408574,-26.634926883963246,-171.30195601439382,0.008185212346571547,-0.012930029691915479,0.015303050970060943,0.005124280097255518
2.0,1228.0,-26.330069243483404,-171.48855502111127,-26.970910742954462,-171.09016957849323,-26.97392615704308,-171.0787886875679,0.0030154140886189396,-0.011380890925323683,0.011773589103580801,0.005419040518807261
2.0,1233.0,-26.634926883963246,-171.30195601439382,-27.29314410210571,-170.86327758766532,-27.309817184079197,-170.8402645069975,0.016673081973486603,-0.02301308066782326,0.02841819037726267,0.007560934281448883
2.0,1238.0,-26.97392615704308,-171.0787886875679,-27.64374580283999,-170.59686434865614,-27.646533393711533,-170.58242535158644,0.0027875908715415676,-0.014438997069703419,0.014705621348518593,0.006731114422927398
2.0,1243.0,-27.309817184079197,-170.8402645069975,-27.984445253980176,-170.31677323285476,-27.98260106851779,-170.30469837217356,-0.0018441854623851839,-0.012074860681195787,0.012214879470955118,0.00678289308744473
2.0,1248.0,-27.646533393711533,-170.58242535158644,-28.32020888490034,-170.01832004142528,-28.308228438898272,-170.01433485729902,-0.011980446002066714,-0.003985184126264585,0.012625877352828496,0.006096830810482956
2.0,1253.0,-27.98260106851779,-170.30469837217356,-28.65017399691314,-169.70098858688633,-28.63901624346916,-169.69610307474764,-0.01115775344397818,-0.004885512138685044,0.012180463487644705,0.006240315763505145
2.0,1258.0,-28.308228438898272,-170.01433485729902,-28.96707376390729,-169.37491793370347,-28.96060941980924,-169.38561635291126,-0.006464344098048969,0.010698419207784582,0.01249975672417166,-0.00761074784751159
2.0,1263.0,-28.63901624346916,-169.69610307474764,-29.294011194301365,-169.0305038872023,-29.314681562980137,-169.03793117064123,0.020670368678771922,0.007427283438943277,0.021964259163439963,-0.016867825816816673
2.0,1268.0,-28.96060941980924,-169.38561635291126,-29.635577048770944,-168.71989214974627,-29.645390904262573,-168.69740129242612,0.009813855491628942,-0.022490857320150326,0.024538753485169842,0.0066484988275421495
2.0,1273.0,-29.314681562980137,-169.03793117064123,-29.981619374685373,-168.34700843873375,-29.967620539213044,-168.35162540264224,-0.013998835472328608,0.004616963908489424,0.014740547829494657,0.003747147445438692
2.0,1278.0,-29.645390904262573,-168.69740129242612,-30.30399403170948,-167.98452669293343,-30.2830373577928,-167.999113082808,-0.02095667391667888,0.014586389874580163,0.02553321270861275,0.002343367955730535
2.0,1283.0,-29.967620539213044,-168.35162540264224,-30.61742719599612,-167.619015531184,-30.619498155486262,-167.60672351962594,0.002070959490140467,-0.012292011558059812,0.01246524854759338,0.0039825365109273925
2.0,1288.0,-30.2830373577928,-167.999113082808,-30.922652117883757,-167.24773807852853,-30.927972697335022,-167.2308815504106,0.005320579451264962,-0.016856528117926928,0.01767628654123043,0.00429956134317333
2.0,1293.0,-30.619498155486262,-167.60672351962594,-31.246635149851844,-166.83587992991667,-31.23825523449555,-166.83608735569044,-0.008379915356293566,0.00020742577376609006,0.008382482140169891,0.003403782574531
2.0,1298.0,-30.927972697335022,-167.2308815504106,-31.542287570506975,-166.44267652248485,-31.528914067315082,-166.44975032198178,-0.013373503191893121,0.007073799496936317,0.015129085462989229,0.003074370911378743
2.0,1303.0,-31.23825523449555,-166.83608735569044,-31.838364512869312,-166.03085042897408,-31.83119379850535,-166.02950274308802,-0.007170714363962105,-0.001347685886059935,0.007296259434601925,0.0035530046079674804
2.0,1308.0,-31.528914067315082,-166.44975032198178,-32.11451558579462,-165.6288339018477,-32.111794577697516,-165.62099850894165,-0.002721008097104516,-0.007835392906059724,0.008294411796917209,0.003871275366881921
2.0,1313.0,-31.83119379850535,-166.02950274308802,-32.400343866485734,-165.19238004710184,-32.370189516293166,-165.22616260587034,-0.030154350192567847,0.03378255876850744,0.04528295609259267,0.002323151176345295
2.0,1318.0,-32.111794577697516,-165.62099850894165,-32.66181028850791,-164.7672641118454,-32.63382948884358,-164.76074122579402,-0.027980799664327094,-0.0065228860513855125,0.028731049272425938,0.021722190828007637
2.0,1323.0,-32.370189516293166,-165.22616260587034,-32.88715681901802,-164.34842623414787,-32.86013187880453,-164.30664339476257,-0.02702494021348656,-0.04178283938529148,0.04976095920136174,0.031822066540275085
2.0,1328.0,-32.63382948884358,-164.76074122579402,-33.08040158580932,-163.84213330491798,-33.07367630244992,-163.82861855800905,-0.006725283359401146,-0.013514746908924735,0.01509562255345995,0.006565002773339935
2.0,1333.0,-32.86013187880453,-164.30664339476257,-33.270408512268915,-163.36767072241003,-33.258132945854356,-163.36147147736523,-0.012275566414558625,-0.006199245044797408,0.01375209692823916,0.0077706056400899115
2.0,1338.0,-33.07367630244992,-163.82861855800905,-33.439836000370065,-162.87584375839305,-33.424133118543345,-162.88167423545585,-0.015702881826719306,0.005830477062801265,0.016750371949415425,0.006191252387172552
2.0,1343.0,-33.258132945854356,-163.36147147736523,-33.57749017567047,-162.40786246281274,-33.563085340896365,-162.41915453797836,-0.014404834774104813,0.011292075165613369,0.018303284579963275,0.00419118669537677
2.0,1348.0,-33.424133118543345,-162.88167423545585,-33.69883751424735,-161.93009188476674,-33.68536097446537,-161.9420476451161,-0.013476539781983377,0.011955760349366074,0.018015474737759603,0.0040448500800855935
2.0,1353.0,-33.563085340896365,-162.41915453797836,-33.794070705904964,-161.4818433425291,-33.7800808614004,-161.49888871309201,-0.01398984450456453,0.017045370562925655,0.022051313042296298,0.003959315610425396
2.0,1358.0,-33.68536097446537,-161.9420476451161,-33.8725899401749,-161.01992776376213,-33.85845930530889,-161.0459180955436,-0.01413063486600663,0.02599033178148602,0.029583309277836454,0.003012366927173993
2.0,1363.0,-33.7800808614004,-161.49888871309201,-33.92849428852198,-160.5904927529813,-33.92004332043259,-160.5807128761541,-0.008450968089391608,-0.009779876827195721,0.01292535695456938,0.005775037646400305
2.0,1368.0,-33.85845930530889,-161.0459180955436,-33.96907709362174,-160.1510099502068,-33.96087922092603,-160.14069820980296,-0.008197872695710373,-0.010311740403835756,0.013173348355341266,0.005553644052513461
2.0,1373.0,-33.92004332043259,-160.5807128761541,-33.99358027258954,-159.69910542197195,-33.98439465646962,-159.7175717635363,-0.009185616119921747,0.018466341564362665,0.020624774284201862,0.0028849331631817243
2.0,1378.0,-33.96087922092603,-160.14069820980296,-34.005768603056474,-159.27160488148866,-34.00764111846229,-159.2927863227884,0.0018725154058145677,0.02118144129974553,0.021264048755577535,-0.007384888569497372
2.0,1383.0,-33.98439465646962,-159.7175717635363,-34.015222954386914,-158.86136368405107,-34.048924077358954,-158.85995240419322,0.03370112297204031,-0.0014112798578480579,0.03373065964984603,-0.030750960080667914
2.0,1388.0,-34.00764111846229,-159.2927863227884,-34.072389295805344,-158.44744141515642,-34.087141432121335,-158.4611231107663,0.014752136315991038,0.013681695609875533,0.020119998028003606,-0.01240707510321859
2.0,1393.0,-34.048924077358954,-158.85995240419322,-34.130238911022,-158.0260347240727,-34.12732924726131,-158.03277621981877,-0.0029096637606897957,0.006741495746069859,0.007342609079513187,0.0018782369333207871
2.0,1398.0,-34.087141432121335,-158.4611231107663,-34.16343112677923,-157.6357754263249,-34.16470244598614,-157.63443346105302,0.001271319206907151,-0.0013419652718766883,0.0018485462712018064,-0.0010073945854367494
2.0,1403.0,-34.12732924726131,-158.03277621981877,-34.20285721562083,-157.21550496937257,-34.20193581575082,-157.23757932118752,-0.0009213998700090542,0.022074351814950433,0.022093573404287914,-0.001008345338910921
2.0,1408.0,-34.16470244598614,-157.63443346105302,-34.239661583189026,-156.82378032927122,-34.239505777222696,-156.83713781746258,-0.00015580596632958077,0.01335748819136029,0.013358396845485369,-0.0009660798424073747
2.0,1413.0,-34.20193581575082,-157.23757932118752,-34.27632185692303,-156.43276969078104,-34.27775994699698,-156.42940101077716,0.0014380900739467961,-0.003368680003887903,0.003662800571881917,-0.0009839613893602994
2.0,1418.0,-34.239505777222696,-156.83713781746258,-34.31343217580483,-156.03752104236486,-34.31577480370787,-156.02421287732514,0.0023426279030402952,-0.013308165039717323,0.013512777738735193,-0.0009608479981435547
2.0,1423.0,-34.27775994699698,-156.42940101077716,-34.35133624110174,-155.63441922372604,-34.35240690120564,-155.63376006499803,0.0010706601038990016,-0.0006591587280126987,0.0012572999987259762,-0.0008928086857888927
2.0,1428.0,-34.31577480370787,-156.02421287732514,-34.3889256481527,-155.23330798198035,-34.38637567518119,-155.27169224764882,-0.002549972971507941,0.0383842656684692,0.03846887330119046,-0.0009251997407637713
2.0,1433.0,-34.35240690120564,-155.63376006499803,-34.42529788039825,-154.84629120444072,-34.42589216193142,-154.85100120734631,0.0005942815331749784,0.004710002905596866,0.004747346407352609,-0.0009175385691884141
2.0,1438.0,-34.38637567518119,-155.27169224764882,-34.4615766657953,-154.48725700827595,-34.47168878092718,-154.48212170198346,0.010112115131882149,-0.005135306292487485,0.01134135102878407,-0.009418635530690887
2.0,1443.0,-34.42589216193142,-154.85100120734631,-34.51033243384617,-154.07089419341926,-34.53394591224446,-154.08671287343907,0.02361347839828909,0.015818680019805242,0.02842229757840578,-0.020650363273905237
2.0,1448.0,-34.47168878092718,-154.48212170198346,-34.595166597650675,-153.71109205497044,-34.59894918187952,-153.7077079765431,0.0037825842288441436,-0.0033840784273309055,0.005075424144899306,-0.001550489345708339
2.0,1453.0,-34.53394591224446,-154.08671287343907,-34.668953117719845,-153.3199643804034,-34.671395519358164,-153.32247729794133,0.0024424016383193248,0.0025129175379277058,0.0035042945531575343,-0.0014071122227787836
2.0,1458.0,-34.59894918187952,-153.7077079765431,-34.74471813458363,-152.94502925374297,-34.746875693787615,-152.95456365720977,0.0021575592039866365,0.009534403466801677,0.009775474985210043,-0.0021452395744536723
2.0,1463.0,-34.671395519358164,-153.32247729794133,-34.82953551625731,-152.5643962734149,-34.834323739979034,-152.56149237594883,0.00478822372172516,-0.0029038974660693384,0.005599973830540234,-0.002606107231560628
2.0,1468.0,-34.746875693787615,-152.95456365720977,-34.916724281375274,-152.20100539090168,-34.91720351265311,-152.21528790201788,0.0004792312778363339,0.014282511116192609,0.014290548848865887,-0.0017660858386998601
2.0,1473.0,-34.834323739979034,-152.56149237594883,-35.01651619252103,-151.81300489242898,-35.01898191780946,-151.81855452291123,0.002465725288431031,0.005549630482249768,0.006072742353132074,-0.002076619030505711
2.0,1478.0,-34.91720351265311,-152.21528790201788,-35.11012735246361,-151.47158322265238,-35.11997830482156,-151.4500608151525,0.00985095235795086,-0.021522407499872998,0.0236697124390899,-0.0030909503058380583
2.0,1483.0,-35.01898191780946,-151.81855452291123,-35.22395911914445,-151.0808696133396,-35.225997102664884,-151.08421284134468,0.0020379835204309416,0.003343228005093124,0.003915424667081087,-0.0013728972749285084
2.0,1488.0,-35.11997830482156,-151.4500608151525,-35.33518029891445,-150.71720972419286,-35.3393182163877,-150.71505665989343,0.004137917473251207,-0.0021530642994207483,0.004664552164235899,-0.002031685629049651
2.0,1493.0,-35.225997102664884,-151.08421284134468,-35.45330367034023,-150.35543886866935,-35.452843933003095,-150.36426219139736,-0.00045973733713822185,0.008823322728005678,0.00883529186737487,-0.000766925604293478
2.0,1498.0,-35.3393182163877,-150.71505665989343,-35.57719316211846,-149.98916462376962,-35.58448689066462,-150.00545269250404,0.007293728546159173,0.016288068734411354,0.01784655874957315,-0.010020418823393884
2.0,1503.0,-35.452843933003095,-150.36426219139736,-35.70983870284477,-149.64502103657307,-35.73778362152933,-149.64856682857777,0.02794491868456106,0.003545792004700843,0.028168974444010744,-0.022604122059363574
2.0,1508.0,-35.58448689066462,-150.00545269250404,-35.89006071572229,-149.30752304091743,-35.89932558649124,-149.30170002829672,0.009264870768944888,-0.005823012620709278,0.010942819853501609,-0.0035451742333563185
2.0,1513.0,-35.73778362152933,-149.64856682857777,-36.0660061167193,-148.9593335442874,-36.068877987999116,-148.96576958564407,0.0028718712798152524,0.006436041356664646,0.007047714026017613,-0.0024020765459105142
2.0,1518.0,-35.89932558649124,-149.30170002829672,-36.249405572549236,-148.62142351845037,-36.25527358652593,-148.62472119271655,0.005868013976694897,0.003297674266178774,0.006731139843778642,-0.0038076297428677464
2.0,1523.0,-36.068877987999116,-148.96576958564407,-36.441264476227396,-148.2958919604123,-36.4331176361693,-148.322396040099,-0.008146840058095961,0.026504079686702653,0.027727914508150108,-0.0015991355971274326
8.0,3.0,17.43755701009452,53.69799566742051,17.512004694145798,53.66249624994003,17.4640117287252,53.68602538198206,0.0479929654205975,-0.023529132042035883,0.05345039555058715,-0.004152534673213637
8.0,8.0,17.444273832046132,53.694930163274805,17.539476919706097,53.6500117104366,17.507417783217154,53.66641795389322,0.032059136488943096,-0.016406243456621894,0.03601323446699326,-0.0034139538765946
8.0,13.0,17.4640117287252,53.68602538198206,17.59026119708193,53.62709332651815,17.577371822245027,53.63457342428753,0.012889374836902334,-0.007480097769381189,0.014902612063852178,-0.0022450290953004437
8.0,18.0,17.507417783217154,53.66641795389322,17.67908276287789,53.58649526136711,17.669532783251498,53.59219515281155,0.009549979626392258,-0.005699891444436389,0.01112163986752252,-0.0017997837912979708
8.0,23.0,17.577371822245027,53.63457342428753,17.802781617094496,53.529140914800244,17.798740763921028,53.53196796743349,0.004040853173467696,-0.0028270526332434542,0.0049316042988719905,-0.001228313815464177
8.0,28.0,17.669532783251498,53.59219515281155,17.9511416041715,53.459193655014055,17.97738911461264,53.44711522834221,-0.026247510441141486,0.012078426671841669,0.028893255185681095,0.0005523637003218562
8.0,33.0,17.798740763921028,53.53196796743349,18.145171343058287,53.36576597336623,18.18522500933152,53.34606263807303,-0.040053666273234256,0.019703335293201008,0.04463762542523878,0.00161557246900923
8.0,38.0,17.97738911461264,53.44711522834221,18.39857782397865,53.24040051144954,18.4275747420507,53.22500708584235,-0.02899691807205329,0.015393425607193478,0.032829541720858224,0.0015743119768878433
8.0,43.0,18.18522500933152,53.34606263807303,18.674379246466152,53.09952977096163,18.70102005711647,53.084174721708756,-0.026640810650317093,0.01535504925287512,0.030749151690156743,0.0019166031772790415
8.0,48.0,18.4275747420507,53.22500708584235,18.974005667089195,52.941102250850896,19.001004892346383,52.924391881449466,-0.026999225257188897,0.016710369401430114,0.0317520804046078,0.0023242641674094955
8.0,53.0,18.70102005711647,53.084174721708756,19.297214254298925,52.7678829458996,19.29941495614997,52.76676719854363,-0.0022007018510450393,0.0011157473559677555,0.0024673833912754826,-0.0011940740579637898
8.0,58.0,19.001004892346383,52.924391881449466,19.643539852946148,52.58636437326164,19.66686653783445,52.600067190142504,-0.02332668488830336,-0.013702816880865498,0.027053676614255832,-0.02198736405212648
8.0,63.0,19.29941495614997,52.76676719854363,19.989865980664614,52.4338317774086,20.025431378033304,52.44737018972996,-0.03556539736868913,-0.013538412321359772,0.03805504037806169,-0.0220405893942498
8.0,68.0,19.66686653783445,52.600067190142504,20.40853505168745,52.2895712041431,20.405444857242003,52.29160376807168,0.0030901944454484465,-0.002032563928580089,0.003698731922489836,0.0005869401829822207
8.0,73.0,20.025431378033304,52.44737018972996,20.799697532404302,52.13247808672388,20.805806442966123,52.13552004213676,-0.006108910561820835,-0.0030419554128826576,0.006824388689567165,-0.003372153018595947
8.0,78.0,20.405444857242003,52.29160376807168,21.210688768622695,51.97903438289419,21.23601570862549,51.97701075814154,-0.02532694000279534,0.0020236247526526085,0.02540765528427885,-0.005441792211669072
8.0,83.0,20.805806442966123,52.13552004213676,21.639392840740694,51.82935728499525,21.661385247953223,51.82945140440826,-0.021992407212529486,-9.41194130135159e-05,0.021992608609840373,-0.005575001474282082
8.0,88.0,21.23601570862549,51.97701075814154,22.095838818398587,51.67999951493054,22.10275484698604,51.685781236437364,-0.006916028587454548,-0.0057817215068212136,0.009014419282734052,-0.005218604771503488
8.0,93.0,21.661385247953223,51.82945140440826,22.54368827553465,51.54333951497832,22.528435155348532,51.55617961568875,0.015253120186116575,-0.012840100710427294,0.019938050598441975,-0.004530919130208255
8.0,98.0,22.10275484698604,51.685781236437364,23.005394961496286,51.412542211500174,22.99942459612691,51.42287873615529,0.00597036536937523,-0.010336524655116364,0.011936875830369667,-0.005187452752648258
8.0,103.0,22.528435155348532,51.55617961568875,23.448262789974397,51.296553745814094,23.455254407421958,51.303796516937325,-0.006991617447560827,-0.007242771123230796,0.010066799296526322,-0.005956341703725443
8.0,108.0,22.99942459612691,51.42287873615529,23.935908931988976,51.1794067536871,23.949686913037482,51.18551665354183,-0.013777981048505694,-0.00610989985473509,0.015071948713018963,-0.006442685696043837
8.0,113.0,23.455254407421958,51.303796516937325,24.404394492642663,51.07149814500876,24.407924283284952,51.07777578628647,-0.003529790642289754,-0.006277641277712576,0.007201958205240926,-0.0036979945173545026
8.0,118.0,23.949686913037482,51.18551665354183,24.906723632617798,50.95091363086317,24.90191744879187,50.92531903704274,0.004806183825927235,0.025594593820429168,0.026041939939285542,0.025564908329570535
8.0,123.0,24.407924283284952,51.07777578628647,25.364618594133123,50.80560623751374,25.323920887608054,50.75862216374538,0.04069770652506932,0.046984073768364,0.06215952464644288,0.04435379805829304
8.0,128.0,24.90191744879187,50.92531903704274,25.83225971310961,50.557977236630016,25.819153613245934,50.539165945145584,0.013106099863676945,0.018811291484432502,0.02292672111203335,0.013456555138616598
8.0,133.0,25.323920887608054,50.75862216374538,26.238102502216,50.34368373764959,26.250179164929342,50.3260763184316,-0.012076662713340625,0.01760741921798825,0.02135104198416962,0.006511547855422017
8.0,138.0,25.819153613245934,50.539165945145584,26.720084264649962,50.084319450264715,26.69823551314665,50.08021796150063,0.021848751503313224,0.004101488764085559,0.02223038803834634,0.006970054824628591
8.0,143.0,26.250179164929342,50.3260763184316,27.13476894665963,49.83276737627588,27.139539614693344,49.81203246680404,-0.004770668033714287,0.02073490947184098,0.021276647863170177,0.009997902969842487
8.0,148.0,26.69823551314665,50.08021796150063,27.562893178032894,49.54666700474264,27.56074732327733,49.52997628753668,0.0021458547555646135,0.016690717205960937,0.01682809357833916,0.009324412502602965
8.0,153.0,27.139539614693344,49.81203246680404,27.9792494185722,49.240148269487825,27.96132291419959,49.235932771908914,0.0179265043726069,0.004215497578911709,0.01841548204253434,0.006985058294769475
8.0,158.0,27.56074732327733,49.52997628753668,28.353803189268742,48.93399887259342,28.34226960969867,48.93074948786678,0.011533579570073726,0.0032493847266437115,0.011982568956653972,0.0038358876365802708
8.0,163.0,27.96132291419959,49.235932771908914,28.696318308106587,48.631890511485246,28.721664941622784,48.59971884035575,-0.025346633516196704,0.032171671129496815,0.040956907279101104,0.005828431971467762
8.0,168.0,28.34226960969867,48.93074948786678,29.036821355728705,48.30970074040324,29.046497588567096,48.292318035511805,-0.00967623283839103,0.0173827048914319,0.019894419098967612,0.0032587862003280454
8.0,173.0,28.721664941622784,48.59971884035575,29.367846106997003,47.97742609599232,29.351089568519928,47.992174685978895,0.016756538477075367,-0.014748589986574245,0.022322689988569597,-0.003369913625111187
8.0,178.0,29.046497588567096,48.292318035511805,29.654796216781442,47.697649620646374,29.664458756954783,47.712573182972704,-0.009662540173341228,-0.014923562326330853,0.0177785656088818,-0.018734494294435303
8.0,183.0,29.351089568519928,47.992174685978895,29.939287897188603,47.45081327680793,29.956279860564248,47.49224786691493,-0.016991963375645014,-0.04143459010700212,0.04478339063419093,-0.0377226224905578
8.0,188.0,29.664458756954783,47.712573182972704,30.24026247370857,47.26246643739684,30.235681097480143,47.300305719879795,0.004581376228426137,-0.037839282482956094,0.03811561762547389,-0.02046121197140527
8.0,193.0,29.956279860564248,47.49224786691493,30.50782224678901,47.12562160736131,30.489517821041918,47.13427769688779,0.018304425747093234,-0.008656089526482447,0.020247960090372778,0.005949241832987728
8.0,198.0,30.235681097480143,47.300305719879795,30.7473153153186,46.97706770549006,30.72981072509241,46.98552724846618,0.017504590226188554,-0.008459542976119394,0.019441567487000294,0.004788445102286265
8.0,203.0,30.489517821041918,47.13427769688779,30.967314819331545,46.848806721013965,30.937892021646412,46.863193309925315,0.02942279768513245,-0.014386588911349918,0.032751716964525876,0.00615237650170497
8.0,208.0,30.72981072509241,46.98552724846618,31.177543883095,46.73333787366398,31.15795785413187,46.740051393478446,0.019586028963132662,-0.006713519814468327,0.020704682534246458,0.006234588930853824
8.0,213.0,30.937892021646412,46.863193309925315,31.360908141982364,46.63699488646072,31.35904007424826,46.63293792977286,0.0018680677341045282,0.004056956687861657,0.004466382722784497,0.005319608768615148
8.0,218.0,31.15795785413187,46.740051393478446,31.556399888953298,46.5386656927904,31.55135296417311,46.5351716513787,0.005046924780188533,0.0034940414117059504,0.006138385384088977,0.006413290153953755
8.0,223.0,31.35904007424826,46.63293792977286,31.73661089716358,46.45196407324079,31.731333923237926,46.447699997455146,0.005276973925653294,0.004264075785641808,0.006784452528960722,0.007095715047656936
8.0,228.0,31.55135296417311,46.5351716513787,31.91049647260108,46.37180393869094,31.90265085047615,46.367955549911656,0.007845622124929008,0.0038483887792821747,0.008738643071076913,0.007918128580167383
8.0,233.0,31.731333923237926,46.447699997455146,32.071410306307314,46.2932093008632,32.06587049849823,46.29143754946676,0.005539807809086028,0.0017717513964399245,0.005816233624296514,0.004581964824533825
8.0,238.0,31.90265085047615,46.367955549911656,32.21763508196614,46.19885305177308,32.21427444820127,46.210997271740595,0.0033606337648635076,-0.012144219967517245,0.01260063244130965,-0.008220611094110375
8.0,243.0,32.06587049849823,46.29143754946676,32.36440896289843,46.12434804518361,32.35702930328607,46.1198631570887,0.007379659612361422,0.0044848880949075465,0.008635600570786134,0.007622212644265769
8.0,248.0,32.21427444820127,46.210997271740595,32.492408605495704,46.03254399064113,32.48799340161284,46.03117018416422,0.004415203882864205,0.0013738064769128755,0.004623999303986423,0.0026636095605105936
8.0,253.0,32.35702930328607,46.1198631570887,32.61537604189628,45.93277160290584,32.61981861167891,45.940491573488394,-0.004442569782625583,-0.007719970582556357,0.008906984454293915,-0.00962214698620889
8.0,258.0,32.48799340161284,46.03117018416422,32.738140258046485,45.84738302212108,32.73864761063618,45.85647955276885,-0.0005073525896932551,-0.00909653064777416,0.009110668278241887,-0.008712059772749248
8.0,263.0,32.61981861167891,45.940491573488394,32.86123697918841,45.758414621812605,32.86490014959351,45.764695404784725,-0.00366317040509756,-0.006280782972119425,0.007270973260826087,-0.007903744873707375
8.0,268.0,32.73864761063618,45.85647955276885,32.97244635081364,45.67516057366624,32.980561928029815,45.67830154906001,-0.00811557721617362,-0.003140975393769452,0.008702202018796248,-0.007617081272154547
8.0,273.0,32.86490014959351,45.764695404784725,33.09130154884888,45.58395034665004,33.09499684318459,45.590590916518885,-0.0036952943357064783,-0.006640569868842761,0.007599497905157073,-0.008226268850754281
8.0,278.0,32.980561928029815,45.67830154906001,33.200727114222666,45.497829186056514,33.20505255979727,45.504079838760575,-0.004325445574600906,-0.00625065270406111,0.007601324795430138,-0.00824709048916128
8.0,283.0,33.09499684318459,45.590590916518885,33.30944103990102,45.41014244109722,33.31141563774916,45.418405788977296,-0.001974597848139581,-0.008263347880074434,0.00849599640118851,-0.008591155428473994
8.0,288.0,33.20505255979727,45.504079838760575,33.41437727809223,45.323436108261085,33.421651481962066,45.32740422185909,-0.007274203869833684,-0.003968113598006084,0.008286131031222239,-0.008071602607799488
8.0,293.0,33.31141563774916,45.418405788977296,33.51814643911958,45.24007196390218,33.5240039441882,45.24393998490652,-0.005857505068618707,-0.003868021004336697,0.00701939827327697,-0.007113933153788055
8.0,298.0,33.421651481962066,45.32740422185909,33.63049809910605,45.1555652445282,33.634909668185436,45.16240026347484,-0.004411569079387334,-0.006835018946638627,0.0081350738007172,-0.008875618561638876
8.0,303.0,33.5240039441882,45.24393998490652,33.736411217081255,45.08219560519262,33.73638124343743,45.088798222385535,2.9973643826508578e-05,-0.006602617192918103,0.006602685227658666,-0.005370880472252204
8.0,308.0,33.634909668185436,45.16240026347484,33.84687623225633,45.009683917020226,33.84956656184531,45.00628998184447,-0.002690329588979523,0.003393935175758145,0.0043308970519497685,0.0012367327683944218
8.0,313.0,33.73638124343743,45.088798222385535,33.94664929848054,44.936425564249824,33.95073567433223,44.932527192889616,-0.004086375851692026,0.003898371360207875,0.00564763374019427,0.0007937242919945353
8.0,318.0,33.84956656184531,45.00628998184447,34.059083721062336,44.85464815260232,34.060278050807,44.852639299433605,-0.0011943297446634915,0.0020088531687179056,0.002337073938166256,0.0009720581048306975
8.0,323.0,33.95073567433223,44.932527192889616,34.15921072741397,44.78173180020032,34.16065079421053,44.77943868087324,-0.001440066796561723,0.002293119327077875,0.002707801437841709,0.0010559885730925256
8.0,328.0,34.060278050807,44.852639299433605,34.26764700286522,44.702673939422546,34.26973101941626,44.699887693867645,-0.0020840165510449538,0.0027862455549012566,0.003479409328785033,0.001075707417144689
8.0,333.0,34.16065079421053,44.77943868087324,34.367100835812955,44.630110723095044,34.37434366808538,44.62359485327991,-0.007242832272424948,0.0065158698151321914,0.009742442136047367,0.0010496940259830945
8.0,338.0,34.26973101941626,44.699887693867645,34.47537590906388,44.551196252769515,34.47670679293345,44.548942387794014,-0.0013308838695706982,0.002253864975500619,0.0026174719104647293,0.0010904857531005563
8.0,343.0,34.37434366808538,44.62359485327991,34.57929902475142,44.47541815839522,34.57985942466504,44.47371424296356,-0.0005603999136170046,0.0017039154316620397,0.001793704507837894,0.001100675405249385
8.0,348.0,34.47670679293345,44.548942387794014,34.68105769870335,44.401193903703145,34.68012398585199,44.40059215958463,0.0009337128513564608,0.0006017441185122152,0.0011108175696090943,0.0010908083976319813
8.0,353.0,34.57985942466504,44.47371424296356,34.785675181263485,44.32903051950246,34.78490426944969,44.326853801000446,0.0007709118137952942,0.0021767185020138413,0.0023092008274852435,0.0023851082072210428
8.0,358.0,34.68012398585199,44.40059215958463,34.892601829717265,44.26800787978198,34.89495967252501,44.259285746214935,-0.0023578428077470903,0.008722133567047763,0.009035210936523066,0.00581120608620278
8.0,363.0,34.78490426944969,44.326853801000446,35.00170828596878,44.20128641980862,35.00494899166183,44.19450244585758,-0.0032407056930452427,0.006783973951037581,0.007518276129359196,0.004322369493127476
8.0,368.0,34.89495967252501,44.259285746214935,35.11658596420327,44.14265468543468,35.1125331771239,44.13215510589315,0.0040527870793667375,0.01049957954153058,0.011254610329087785,0.011803767188131364
8.0,373.0,35.00494899166183,44.19450244585758,35.22658680089755,44.07966585574819,35.22096948990223,44.070848008014345,0.005617310995319258,0.00881784773384453,0.010455076349573052,0.011266004787933714
8.0,378.0,35.1125331771239,44.13215510589315,35.33476960188666,44.01979525977563,35.33099120118859,44.01021844527413,0.0037784006980743357,0.009576814501500053,0.010295226458478237,0.010882978714411129
8.0,383.0,35.22096948990223,44.070848008014345,35.443917967983964,43.961209284574245,35.44305411897743,43.950044618911555,0.0008638490065351334,0.011164665662690254,0.011198035294896446,0.010660889841251577
8.0,388.0,35.33099120118859,44.01021844527413,35.55467143197304,43.90324387876726,35.55172766138329,43.89318626111919,0.0029437705897521482,0.010057617648072892,0.010479573371083243,0.010892890662768662
8.0,393.0,35.44305411897743,43.950044618911555,35.66750406397814,43.84572891657518,35.662492533134596,43.83672631344955,0.005011530843546552,0.00900260312563006,0.010303509326119066,0.011111402163694106
8.0,398.0,35.55172766138329,43.89318626111919,35.77694229823315,43.79141357510566,35.77655237934453,43.780133846751546,0.00038991888862227597,0.011279728354111285,0.011286465721484581,0.010686115392428475
8.0,403.0,35.662492533134596,43.83672631344955,35.88849811879799,43.73751341499614,35.89102072706689,43.7248924606797,-0.002522608268897386,0.012620954316439281,0.01287058818919931,0.010427617867934225
8.0,408.0,35.77655237934453,43.780133846751546,36.003378902239845,43.68352780991666,36.00324213036275,43.6722229900198,0.00013677187709504324,0.01130481989686416,0.01130564723697409,0.01069970807452747
8.0,413.0,35.89102072706689,43.7248924606797,36.11623659485026,43.6264635868679,36.112300067527634,43.62022922018176,0.003936527322622396,0.006234366686136639,0.00737316589661205,0.00786204368146326
8.0,418.0,36.00324213036275,43.6722229900198,36.221150154084576,43.561806671732604,36.2256633710757,43.557395197624174,-0.004513216991121283,0.0044114741084300135,0.006311119664393492,0.0022874985739646525
8.0,423.0,36.112300067527634,43.62022922018176,36.32799418613556,43.50177703855513,36.33213117788388,43.492080333901946,-0.004136991748318053,0.009696704653187282,0.010542332846993381,0.006737440924410753
8.0,428.0,36.2256633710757,43.557395197624174,36.43446087440913,43.4262499475811,36.439888782074185,43.42609458283484,-0.0054279076650516345,0.00015536474625577057,0.005430130737349277,-0.0028824433391826387
8.0,433.0,36.33213117788388,43.492080333901946,36.53992976716612,43.359107879093536,36.54287276070713,43.36255390087605,-0.0029429935410050234,-0.003446021782515629,0.004531696934700011,-0.004793666601236478
8.0,438.0,36.439888782074185,43.42609458283484,36.647952512568565,43.29270597180097,36.651945065467665,43.294399581697334,-0.0039925528990991666,-0.0016936098963640234,0.0043369105516677785,-0.0037604150561202365
8.0,443.0,36.54287276070713,43.36255390087605,36.75044721781906,43.22792139406763,36.75413271303351,43.22977857882086,-0.003685495214455159,-0.0018571847532342645,0.004126985604944327,-0.0037649421973957597
8.0,448.0,36.651945065467665,43.294399581697334,36.85894115401906,43.15847279648778,36.86358800011787,43.159739150149285,-0.0046468460988151605,-0.001266353661506514,0.004816308779769485,-0.00375337817479815
8.0,453.0,36.75413271303351,43.22977857882086,36.96057097508021,43.092691135586044,36.968490568646736,43.09180361252782,-0.007919593566526828,0.000887523058224815,0.00796916930663754,-0.0035845246491139626
8.0,458.0,36.86358800011787,43.159739150149285,37.06938620343062,43.021426071493465,37.071668801336315,43.02420516420042,-0.0022825979056975143,-0.002779092706951758,0.0035963327811712764,-0.00387153089343506
8.0,463.0,36.968490568646736,43.09180361252782,37.17363772311137,42.95233180762912,37.1699609627544,42.95908028523184,0.003676760356967179,-0.0067484776027200155,0.007685084038381044,-0.0041787113205598025
8.0,468.0,37.071668801336315,43.02420516420042,37.27614360601925,42.883608713446826,37.28305725601848,42.883260873493235,-0.0069136499992339395,0.00034783995359077835,0.006922394740638638,-0.003634154136066603
8.0,473.0,37.1699609627544,42.95908028523184,37.37285251800942,42.81601476244751,37.384292295477785,42.81196178619846,-0.011439777468368106,0.004052976249049323,0.012136520300363713,-0.0028487337659206524
8.0,478.0,37.28305725601848,42.883260873493235,37.481862248109785,42.73268184967719,37.48415419957023,42.736000896404526,-0.0022919514604424762,-0.003319046727334296,0.004033498813096751,-0.0043891755660049325
8.0,483.0,37.384292295477785,42.81196178619846,37.57708652874624,42.65462822548473,37.58562791369813,42.65773789779344,-0.008541384951890052,-0.0031096723087102873,0.009089847015430644,-0.007986977933147066
8.0,488.0,37.48415419957023,42.736000896404526,37.67543288449308,42.576047348880536,37.681096900006544,42.58264031667786,-0.005664015513467291,-0.006592967797324434,0.00869185228322221,-0.009326744020800248
8.0,493.0,37.58562791369813,42.65773789779344,37.77584817956212,42.496023367401534,37.77441310078305,42.50762381686563,0.0014350787790675668,-0.01160044946409755,0.011688878426573323,-0.009468007843150716
8.0,498.0,37.681096900006544,42.58264031667786,37.86976004066409,42.41879884706903,37.87850309433175,42.42204840654999,-0.008743053667657819,-0.003249559480963171,0.009327412516655541,-0.008339202195364659
8.0,503.0,37.77441310078305,42.50762381686563,37.96148598923333,42.34172888904271,37.97476489095263,42.341088080038574,-0.013278901719296243,0.0006408090041389869,0.013294354706059046,-0.007853241282838486
8.0,508.0,37.87850309433175,42.42204840654999,38.06374405873075,42.253913786624516,38.0720551880478,42.257431880047065,-0.008311129317050359,-0.0035180934225493843,0.00902506796952351,-0.008416184617105804
8.0,513.0,37.97476489095263,42.341088080038574,38.15823922568364,42.17090785713625,38.16440805260791,42.176271775496275,-0.006168826924273674,-0.005363918360025366,0.008174719921481164,-0.00866550896739704
8.0,518.0,38.0720551880478,42.257431880047065,38.25367530366877,42.08520857541432,38.26124292584744,42.089287814959356,-0.007567622178669353,-0.004079239545035307,0.008597040229338706,-0.008510046321556164
8.0,523.0,38.16440805260791,42.176271775496275,38.34420605434082,42.002131922891714,38.35319659352465,42.00485067746849,-0.008990539183827195,-0.0027187545767759502,0.009392625898260419,-0.008348847349709088
8.0,528.0,38.26124292584744,42.089287814959356,38.439066206444494,41.91316208485655,38.4450263389327,41.91868624209999,-0.005960132488205261,-0.005524157243435468,0.008126468638169989,-0.008712788346238898
8.0,533.0,38.35319659352465,42.00485067746849,38.53237161140439,41.83068888237366,38.53822177395374,41.8324619825849,-0.005850162549343452,-0.0017731002112455485,0.006112960511311985,-0.005457567947235953
8.0,538.0,38.4450263389327,41.91868624209999,38.63292195984416,41.75381468208159,38.63116904955413,41.75545616050639,0.0017529102900297744,-0.0016414784248013348,0.00240148826854943,-0.0005978397775789901
8.0,543.0,38.53822177395374,41.8324619825849,38.7311799071461,41.676264369205036,38.72879698485925,41.68221938878773,0.0023829222868485544,-0.005955019582692955,0.006414092052302969,-0.003201652593742943
8.0,548.0,38.63116904955413,41.75545616050639,38.82820846962575,41.61105737846929,38.827918425765695,41.607814757931976,0.00029004386005482274,0.003242620537314167,0.003255566523627972,0.0031468163149148687
8.0,553.0,38.72879698485925,41.68221938878773,38.925825770870766,41.54241754115456,38.92286028909734,41.537020233968136,0.0029654817734225958,0.0053973071864277244,0.006158328264485906,0.006525590209315757
8.0,558.0,38.827918425765695,41.607814757931976,39.02492273300376,41.46906996655021,39.02696267592808,41.46031231443598,-0.0020399429243198597,0.008757652114226744,0.00899209862536565,0.005991996452045623
8.0,563.0,38.92286028909734,41.537020233968136,39.120145387098475,41.39967720328162,39.12418631681358,41.38948969985477,-0.004040929715102948,0.01018750342684882,0.010959668746566132,0.005909132560192986
8.0,568.0,39.02696267592808,41.46031231443598,39.224422360526695,41.3246357074872,39.219919784374085,41.32050158624519,0.004502576152610516,0.00413412124200363,0.006112622224024854,0.006472850935788421
8.0,573.0,39.12418631681358,41.38948969985477,39.32180180855868,41.25523956236672,39.320666366943634,41.2486969498768,0.0011354416150481939,0.006542612489916166,0.006640407054871732,0.006307226350497407
8.0,578.0,39.219919784374085,41.32050158624519,39.417765570095824,41.18758587439587,39.41682388269831,41.180916845691776,0.0009416873975141016,0.006669028704095581,0.006735185150438529,0.006306328913321502
8.0,583.0,39.320666366943634,41.2486969498768,39.518829184545766,41.11712125977101,39.51318859975718,41.11372184378762,0.0056405847885869775,0.00339941598338811,0.006585759317296173,0.0065637085069801815
8.0,588.0,39.41682388269831,41.180916845691776,39.615349582710344,41.05056590439064,39.617014811085575,41.042130368999594,-0.001665228375230754,0.008435535391043913,0.008598327911590022,0.00618863397949465
8.0,593.0,39.51318859975718,41.11372184378762,39.712128126737724,40.98455309788568,39.7146804039409,40.97554623101718,-0.0025522772031791874,0.009006866868503494,0.009361504671195443,0.006150251763683112
8.0,598.0,39.617014811085575,41.042130368999594,39.81644750509943,40.91419260791867,39.812870096038544,40.909336926392264,0.0035774090608882148,0.004855681526407807,0.006031210382238639,0.006476818869945555
8.0,603.0,39.7146804039409,40.97554623101718,39.9146148794608,40.84873193882915,39.91346308568933,40.84226158097967,0.001151793771470011,0.006470357849480024,0.006572074222977466,0.006356400715184618
8.0,608.0,39.812870096038544,40.909336926392264,40.01333981912099,40.78362378622548,40.01001130231086,40.778592760324905,0.0033285168101357954,0.005031025900578356,0.0060324328233016256,0.006473942996378158
8.0,613.0,39.91346308568933,40.84226158097967,40.114507777768985,40.71765163132668,40.11427724107974,40.710608591567734,0.00023053668924433168,0.0070430397589476,0.00704681177634286,0.006318634856466332
8.0,618.0,40.01001130231086,40.778592760324905,40.21162867635047,40.655021708473306,40.21426373623866,40.64616111131876,-0.0026350598881847986,0.008860597154544791,0.009244118267820234,0.006175636653922734
8.0,623.0,40.11427724107974,40.710608591567734,40.31653174114198,40.58814107801316,40.31658301184266,40.580959378189704,-5.1270700680561276e-05,0.00718169982345529,0.00718188283383724,0.00631215462828516
8.0,628.0,40.21426373623866,40.64616111131876,40.417143775192386,40.5247368816098,40.414771276293855,40.51909503105606,0.0023724988985307505,0.00564185055373656,0.006120394488448205,0.006439063927301647
8.0,633.0,40.31658301184266,40.580959378189704,40.52011475511377,40.460590195876456,40.51593380864477,40.456073515602,0.004180946468999025,0.004516680274456064,0.0061547310321650875,0.006533646801504145
8.0,638.0,40.414771276293855,40.51909503105606,40.61893684032692,40.39972840958864,40.62182481359176,40.39087523181305,-0.002887973264840582,0.008853177775591803,0.009312311544652414,0.006177586952596847
8.0,643.0,40.51593380864477,40.456073515602,40.72075879203041,40.33773146152998,40.72417606246787,40.32859917780503,-0.003417270437459763,0.009132283724945012,0.00975070988572791,0.006153798094694074
8.0,648.0,40.62182481359176,40.39087523181305,40.827344826095285,40.2735982606985,40.826417227231815,40.2671112949656,0.0009275988634698251,0.0064869657328969765,0.006552950791154327,0.00637539929205766
8.0,653.0,40.72417606246787,40.32859917780503,40.92972900645054,40.21133140398039,40.92938990811658,40.20533826458847,0.0003390983339599529,0.005993139391918589,0.006002725002118682,0.005567862122337286
8.0,658.0,40.826417227231815,40.2671112949656,41.02870952330501,40.14507455388813,41.02943487562819,40.138545543347405,-0.0007253523231796066,0.0065290105407243,0.00656917914458352,0.00551572057601335
8.0,663.0,40.92938990811658,40.20533826458847,41.12700927570781,40.074437869883795,41.12767341647078,40.068295255107365,-0.0006641407629643936,0.0061426147764294114,0.006178413974851464,0.004891952644571651
8.0,668.0,41.02943487562819,40.138545543347405,41.220177718100224,39.996381360349325,41.22424183972001,39.999228569191885,-0.004064121619784089,-0.0028472088425601783,0.004962225582694656,-0.004995143532096068
8.0,673.0,41.12767341647078,40.068295255107365,41.32030849126402,39.92447402798413,41.320839646078205,39.929551076650604,-0.00053115481418331,-0.00507704866647174,0.005104757447553466,-0.004864112717545499
8.0,678.0,41.22424183972001,39.999228569191885,41.41782411572807,39.85380221492011,41.426133810734,39.85270053225773,-0.008309695005934259,0.001101682662380199,0.008382406323976301,-0.004026134714093077
8.0,683.0,41.320839646078205,39.929551076650604,41.5148882771139,39.782175913435616,41.52569715477549,39.77919334798397,-0.010808877661595773,0.002982565451645769,0.011212828946197967,-0.003911600307291763
8.0,688.0,41.426133810734,39.85270053225773,41.62048981115782,39.70336539814423,41.62546078283276,39.70471454776726,-0.004970971674943314,-0.0013491496230315647,0.005150802277161777,-0.004241357404831447
8.0,693.0,41.52569715477549,39.77919334798397,41.7201949010667,39.62812549854749,41.72584712328604,39.62892811471796,-0.0056522222193393645,-0.0008026161704677293,0.0057089236055398295,-0.004197748820556013
8.0,698.0,41.62546078283276,39.70471454776726,41.819956501154,39.551994901537725,41.82005730426274,39.55702608608185,-0.00010080310873661347,-0.00503118454412288,0.005032194271264963,-0.004492984024695667
8.0,703.0,41.72584712328604,39.62892811471796,41.920214558434026,39.47462179689096,41.92240122252737,39.478050528874334,-0.002186664093343893,-0.003428731983376565,0.004066657456800224,-0.004377478747565666
8.0,708.0,41.82005730426274,39.55702608608185,42.01420416660668,39.40129138211191,42.02276471485,39.399718631321775,-0.008560548243316646,0.0015727507901317495,0.008703822796565413,-0.00402787892222467
8.0,713.0,41.92240122252737,39.478050528874334,42.11607812650993,39.32065250755193,42.12418457599284,39.31906017933364,-0.008106449482909284,0.0015923282182868093,0.008261357780275144,-0.0037517094154183583
8.0,718.0,42.02276471485,39.399718631321775,42.214184952713524,39.238566610894075,42.21883741698677,39.23668693537022,-0.004652464273249279,0.0018796755238525975,0.005017828602974746,-0.0014113473828349932
8.0,723.0,42.12418457599284,39.31906017933364,42.30963816204112,39.14977155110145,42.31308505331168,39.15253902132679,-0.0034468912705634125,-0.0027674702253364103,0.004420401664917999,-0.004904882118042964
8.0,728.0,42.21883741698677,39.23668693537022,42.39968244246643,39.061269394667626,42.41004570405163,39.06455179585331,-0.010363261585204953,-0.0032824011856860125,0.010870664571551163,-0.009645216020199743
8.0,733.0,42.31308505331168,39.15253902132679,42.493460028080875,38.97535337906676,42.503940632874674,38.97740191621809,-0.01048060479379842,-0.0020485371513316863,0.01067893165556258,-0.008769292845404397
8.0,738.0,42.41004570405163,39.06455179585331,42.58899307799175,38.88497049512305,42.59537668164641,38.890633856823015,-0.006383603654654735,-0.005663361699966174,0.008533701504292557,-0.009088189180117667
8.0,743.0,42.503940632874674,38.97740191621809,42.68125636744967,38.79544535585388,42.68970422027751,38.79911463497578,-0.00844785282784244,-0.00366927912190107,0.009210310889177661,-0.008880800912300035
8.0,748.0,42.59537668164641,38.890633856823015,42.77103359512699,38.70644026490322,42.77494385939701,38.71460625210919,-0.003910264270025721,-0.008165987205970282,0.00905392255928391,-0.009437232972737575
8.0,753.0,42.68970422027751,38.79911463497578,42.86355189215364,38.612659252439634,42.871326981453095,38.616910009754186,-0.00777508929945725,-0.004250757314551379,0.008861204848199068,-0.008966663405190145
8.0,758.0,42.77494385939701,38.71460625210919,42.94707107938425,38.52614177150789,42.95926667000158,38.5257217533685,-0.01219559061733122,0.0004200181393869684,0.012202821220642028,-0.008418195957868968
8.0,763.0,42.871326981453095,38.616910009754186,43.04141634242415,38.42621216550919,43.045279229072854,38.43457210921587,-0.003862886648704489,-0.008359943706679474,0.009209264467892598,-0.009467259915909021
8.0,768.0,42.95926667000158,38.5257217533685,43.12741395093156,38.33301971186552,43.137116675277724,38.33503923630906,-0.009702724346162483,-0.0020195244435399218,0.009910667924800498,-0.008732323478044757
8.0,773.0,43.045279229072854,38.43457210921587,43.21312296419543,38.24166678123014,43.22219766891455,38.241362008905064,-0.009074704719125748,0.00030477232507308827,0.009079821138626773,-0.006426095932283271
8.0,778.0,43.137116675277724,38.33503923630906,43.31296217319601,38.14981118757898,43.311800036609974,38.1503492593464,0.001162136586039253,-0.0005380717674157154,0.001280657124878022,0.0003767939192961256
8.0,783.0,43.22219766891455,38.241362008905064,43.4084814676268,38.067322944739296,43.4076733773467,38.065701552408896,0.0008080902801026468,0.0016213923303993738,0.0018116078466032008,0.0016064368260632067
8.0,788.0,43.311800036609974,38.1503492593464,43.505260466876315,37.98650047665715,43.5079833116139,37.98590140964354,-0.00272284473758333,0.0005990670136100107,0.002787967853433904,-0.001205252536542245
8.0,793.0,43.4076733773467,38.065701552408896,43.612895115412606,37.914489023320435,43.61168875169283,37.90399973489064,0.0012063637197741173,0.010489288429795351,0.010558431947397582,0.009378145317964437
8.0,798.0,43.5079833116139,37.98590140964354,43.734709839922694,37.82240818687281,43.71793668123325,37.821792319585285,0.016773158689446177,0.0006158672875287152,0.0167844614133785,0.01232087159165296
8.0,803.0,43.61168875169283,37.90399973489064,43.869692859253185,37.71444642690167,43.83634338454456,37.732631879424964,0.03334947470862204,-0.01818545252329784,0.037985499165051666,0.008944677763245146
8.0,808.0,43.71793668123325,37.821792319585285,43.99474967787778,37.62293298429657,43.97566444493189,37.630841762254676,0.019085232945890596,-0.007908777958107294,0.02065901462774911,0.006924865130416125
8.0,813.0,43.83634338454456,37.732631879424964,44.14314799227661,37.51739119123008,44.13259033397273,37.52005182920569,0.010557658303881112,-0.0026606379756088927,0.010887751985546052,0.0052249670507520385
8.0,818.0,43.97566444493189,37.630841762254676,44.32357067475067,37.39356433462282,44.3317988209995,37.38509960097348,-0.008228146248832502,0.008464733649340417,0.011804834028755014,0.0021080512348580216
8.0,823.0,44.13259033397273,37.52005182920569,44.52939542236986,37.258348634182695,44.55551727031575,37.24078297331585,-0.026121847945887566,0.017565660866843302,0.031478617850805024,-0.0010274722783093493
8.0,828.0,44.3317988209995,37.38509960097348,44.79087769536724,37.095570147534346,44.80915518110067,37.085930186713625,-0.018277485733428023,0.009639960820720717,0.02066386530542375,-0.0016834964138923156
8.0,833.0,44.55551727031575,37.24078297331585,45.076548194876764,36.92785834345006,45.10135608342617,36.91785833494561,-0.024807888549403856,0.010000008504448488,0.026747551371456135,-0.004054134979851075
8.0,838.0,44.80915518110067,37.085930186713625,45.379874801049816,36.748297057370074,45.40224520804293,36.735943211900015,-0.022370406993111658,0.012353845470059355,0.025554893991867098,0.0003920394402032734
8.0,843.0,45.10135608342617,36.91785833494561,45.712060265667574,36.54707576630785,45.70412397767469,36.524084914862705,0.007936287992883706,0.02299085144514379,0.024322087025554783,0.022805557066735704
8.0,848.0,45.40224520804293,36.735943211900015,46.03141276798694,36.309500130826294,46.00501405188442,36.278152120553095,0.02639871610251987,0.03134801027319867,0.040982800782157526,0.034725334953325415
8.0,853.0,45.70412397767469,36.524084914862705,46.3241717285627,36.0239195186936,46.31939757754599,36.0033882686809,0.004774151016711414,0.020531250012702174,0.021079011955365688,0.013485298848542104
8.0,858.0,46.00501405188442,36.278152120553095,46.623029765377275,35.725241266985776,46.64463574223196,35.69876827760649,-0.021605976854687015,0.026472989379286105,0.0341707097163794,0.004034571419291422
8.0,863.0,46.31939757754599,36.0033882686809,46.94225724194047,35.41108132526198,46.952804884173,35.387248326303755,-0.010547642232531018,0.02383299895822688,0.026062705078489366,0.007176821684122592
8.0,868.0,46.64463574223196,35.69876827760649,47.26235234086143,35.06417415434514,47.25318064221346,35.05957009595534,0.00917169864797529,0.004604058389801935,0.010262427088460962,0.005531539142336728
8.0,873.0,46.952804884173,35.387248326303755,47.560040450265454,34.71347552321702,47.55492309777723,34.70333950802769,0.005117352488227311,0.010136015189331715,0.011354562977372994,0.006365228023419212
8.0,878.0,47.25318064221346,35.05957009595534,47.84565312675987,34.34867189146191,47.83828480145226,34.34041212093838,0.00736832530760978,0.008259770523530108,0.011068695810263266,0.0064311386237225765
8.0,883.0,47.55492309777723,34.70333950802769,48.127990469349506,33.95602830761118,48.119961523415206,33.947741489090724,0.008028945934299259,0.00828681852045321,0.011538428576146186,0.0066898413293158265
8.0,888.0,47.83828480145226,34.34041212093838,48.38886152063856,33.559658492512675,48.38121776562704,33.549839551958605,0.007643755011514486,0.0098189405540694,0.01244341529807639,0.007060450543582952
8.0,893.0,48.119961523415206,33.947741489090724,48.643994163629664,33.13451301662864,48.63268212938887,33.13122656298214,0.011312034240795299,0.003286453646495602,0.011779766391380156,0.006019623454256884
8.0,898.0,48.38121776562704,33.549839551958605,48.8853070889662,32.71268557329501,48.889382481169704,32.71427879352664,-0.004075392203503725,-0.0015932202316264465,0.004375748201032913,-0.008106330041927179
8.0,903.0,48.63268212938887,33.13122656298214,49.14391700730075,32.29057919822214,49.172565217895084,32.31844554975849,-0.028648210594333534,-0.027866351536353307,0.0399656542321642,-0.0359823137729236
8.0,908.0,48.889382481169704,32.71427879352664,49.44581008687948,31.893499028900276,49.49345977255807,31.940405090710822,-0.04764968567858574,-0.04690606181054591,0.06686307785200118,-0.05239380652421477
8.0,913.0,49.172565217895084,32.31844554975849,49.8066997115328,31.554794013797824,49.823731066427364,31.581654037183597,-0.017031354894562867,-0.026860023385772536,0.031804526499050384,-0.019506986793221937
8.0,918.0,49.49345977255807,31.940405090710822,50.17537802825916,31.212993611590797,50.18760832013596,31.2168850993045,-0.01223029187679714,-0.0038914877137017356,0.0128344737335639,-0.006606607542057996
8.0,923.0,49.823731066427364,31.581654037183597,50.5332153604075,30.87353155266831,50.55768203109226,30.87703125947373,-0.024466670684759606,-0.0034997068054174463,0.024715701934607485,-0.013380319250770434
8.0,928.0,50.18760832013596,31.2168850993045,50.93167664080068,30.538127613439073,50.94165974253325,30.553807223366157,-0.009983101732565558,-0.015679609927083504,0.018587966205807698,-0.011551835146649703
8.0,933.0,50.55768203109226,30.87703125947373,51.333659683175306,30.228811219487504,51.31857642647068,30.262614088107753,0.015083256704627956,-0.03380286862024917,0.0370153827452254,-0.008762036509175064
8.0,938.0,50.94165974253325,30.553807223366157,51.74758436636145,29.937564199648758,51.74780019609238,29.959542630738405,-0.00021582973092648672,-0.021978431089646477,0.02197949079562788,-0.010550475960531047
8.0,943.0,51.31857642647068,30.262614088107753,52.15128252761226,29.678247742839027,52.18720552918539,29.67796023183543,-0.03592300157313133,0.00028751100359514226,0.03592415210690969,-0.014295490047111947
8.0,948.0,51.74780019609238,29.959542630738405,52.60818325027906,29.41195474020015,52.629657767974294,29.42133541207322,-0.02147451769523201,-0.00938067187306757,0.023433990591296944,-0.012938398815976138
8.0,953.0,52.18720552918539,29.67796023183543,53.07043717739379,29.169389216214963,53.072956460463395,29.189308369030595,-0.002519283069602807,-0.019919152815631946,0.020077834446904013,-0.011557946002102804
8.0,958.0,52.629657767974294,29.42133541207322,53.508449297108434,28.956074567883327,53.52730199677037,28.95840618221277,-0.01885269966193448,-0.0023316143294422886,0.018996334118044068,-0.004739108026602046
8.0,963.0,53.072956460463395,29.189308369030595,53.927001385751836,28.760364078904516,53.94983730910668,28.713167956279687,-0.022835923354840304,0.04719612262482897,0.05243046238863466,0.029959713297583734
8.0,968.0,53.52730199677037,28.95840618221277,54.350797446318964,28.508849863235724,54.34335952451438,28.458335069634575,0.007437921804580583,0.050514793601148966,0.0510594462693999,0.03810111567807106
8.0,973.0,53.94983730910668,28.713167956279687,54.70548966207601,28.2198419445704,54.69376300253412,28.223506256674014,0.011726659541892559,-0.0036643121036128434,0.012285834412205928,0.00021003224034910065
8.0,978.0,54.34335952451438,28.458335069634575,55.050119903359516,27.973570394510286,55.04156003412221,27.98134984623155,0.008559869237302564,-0.007779451721262376,0.011566815916369159,-0.002956210452050523
8.0,983.0,54.69376300253412,28.223506256674014,55.350518808418926,27.758885458053967,55.33229911051692,27.771353547378485,0.01821969790200484,-0.012468089324517706,0.022077378536512704,-0.0015569492868300339
8.0,988.0,55.04156003412221,27.98134984623155,55.636095599294954,27.544440339108053,55.611645623686016,27.56302116877118,0.024449975608938246,-0.018580829663125797,0.030709095366809012,-0.00244088839599943
8.0,993.0,55.33229911051692,27.771353547378485,55.868793864437166,27.36444980156695,55.85334473045573,27.377449780467,0.015449133981434215,-0.012999978900051445,0.020190968084222417,-0.002473516160880984
8.0,998.0,55.611645623686016,27.56302116877118,56.09503534506739,27.18522919470995,56.07559926797319,27.202312822039687,0.019436077094198367,-0.017083627329736117,0.02587685095897353,-0.0030107842095894455
8.0,1003.0,55.85334473045573,27.377449780467,56.29328448662322,27.02443658702608,56.282362887167835,27.035394881780142,0.0109215994553864,-0.010958294754061626,0.01547144332571435,-0.0028031892323375773
8.0,1008.0,56.07559926797319,27.202312822039687,56.47788874520041,26.87145818516689,56.47106641109849,26.87961033528944,0.006822334101919125,-0.008152150122548107,0.010630230205351612,-0.0028218525409301476
8.0,1013.0,56.282362887167835,27.035394881780142,56.65191615877086,26.72444912780139,56.631138086077996,26.74481879789323,0.020778072692863248,-0.020369670091842096,0.029097281049616917,-0.0037153314745658195
8.0,1018.0,56.47106641109849,26.87961033528944,56.81732531521773,26.591532086347033,56.80154514292777,26.60647613262801,0.01578017228995776,-0.014944046280977119,0.02173334665321328,-0.002239612704760141
8.0,1023.0,56.631138086077996,26.74481879789323,56.96670674961266,26.48674785539976,56.97377359868987,26.486613930982216,-0.007066849077205006,0.00013392441754334072,0.007068117969417855,-0.004984043506929159
8.0,1028.0,56.80154514292777,26.60647613262801,57.129100811673695,26.378225209017735,57.12799308885191,26.389065020319705,0.0011077228217857282,-0.010839811301970315,0.010896263529863266,-0.0070793132125346325
8.0,1033.0,56.97377359868987,26.486613930982216,57.295513856375415,26.294723591422997,57.285009821861586,26.29180001141022,0.010504034513829197,0.0029235800127764833,0.010903305056670712,0.009419348175192523
8.0,1038.0,57.12799308885191,26.389065020319705,57.43684253850098,26.210896948653005,57.432789723873256,26.20313987541441,0.004052814627726775,0.007757073238593648,0.008751999293625533,0.009348639864300012
8.0,1043.0,57.285009821861586,26.29180001141022,57.58223804651144,26.125787905754713,57.57354085862344,26.121485155664548,0.008697187888003555,0.0043027500901651194,0.009703336307562038,0.009177960119953976
8.0,1048.0,57.432789723873256,26.20313987541441,57.72050309402191,26.04862478424817,57.71258395814562,26.043382303033873,0.007919135876285566,0.005242481214295935,0.00949717443818523,0.009471109797252963
8.0,1053.0,57.57354085862344,26.121485155664548,57.853059078853946,25.97690004683115,57.845732616160376,25.970897394885526,0.007326462693569624,0.006002651945625104,0.009471477497232641,0.009745607905530473
8.0,1058.0,57.71258395814562,26.043382303033873,57.98483361927466,25.90770551562562,57.97880359884351,25.900667536811692,0.00603002043114742,0.0070379788139263155,0.009267917359651573,0.00989620784609302
8.0,1063.0,57.845732616160376,25.970897394885526,58.11194981269291,25.842836100859913,58.109939266941744,25.833586891546872,0.0020105457511689906,0.009249209313040296,0.009465208245673998,0.009661891503996878
8.0,1068.0,57.97880359884351,25.900667536811692,58.23991058652486,25.77946577363295,58.23864240191442,25.769764080310278,0.0012681846104385386,0.0097016933226719,0.00978422942971646,0.009717666954654258
8.0,1073.0,58.109939266941744,25.833586891546872,58.36668377392581,25.718421623505876,58.36070077678084,25.711046496174344,0.005982997144968749,0.007375127331531672,0.0094967761894766,0.010124418919451816
8.0,1078.0,58.23864240191442,25.769764080310278,58.487193073305285,25.651913206785213,58.48043356066434,25.651170360054348,0.006759512640947207,0.000742846730865665,0.00680020826215513,0.004208917713000582
8.0,1083.0,58.36070077678084,25.711046496174344,58.5960299441837,25.575728355719765,58.60352219827805,25.57901167522527,-0.007492254094351836,-0.0032833195055061992,0.008180101367927498,-0.0062160530896384625
8.0,1088.0,58.48043356066434,25.651170360054348,58.70946136372283,25.510855255197246,58.712963800364896,25.504558938740498,-0.0035024366420657316,0.006296316456747775,0.00720490550633369,0.003851927231000918
8.0,1093.0,58.60352219827805,25.57901167522527,58.822281546063124,25.42533211945634,58.824310263398566,25.426526416562115,-0.002028717335441854,-0.001194297105776343,0.00235415369166672,-0.0026978500636730685
8.0,1098.0,58.712963800364896,25.504558938740498,58.92335409588769,25.34459250238485,58.92876081961556,25.35231923969431,-0.005406723727872986,-0.0077267373094613845,0.009430542450939251,-0.010151978254462126
8.0,1103.0,58.824310263398566,25.426526416562115,59.03210917885743,25.267108970086113,59.03685273491749,25.27364796844357,-0.004743556060056164,-0.006538998357456194,0.008078355254240206,-0.008730639480444502
8.0,1108.0,58.92876081961556,25.35231923969431,59.13331474309479,25.19194302841019,59.14203675076705,25.195211958077536,-0.008722007672254506,-0.0032689296673460433,0.009314468262059923,-0.0080822942591946
8.0,1113.0,59.03685273491749,25.27364796844357,59.23845409170189,25.11180232560682,59.243152153501946,25.118045516532174,-0.0046980618000560526,-0.0062431909253533036,0.007813399875058217,-0.008456007357839246
8.0,1118.0,59.14203675076705,25.195211958077536,59.35325381516627,25.024764744167168,59.34518260308933,25.038367654794342,0.008071212076941947,-0.013602910627174225,0.01581719450224543,-0.007356190259968143
8.0,1123.0,59.243152153501946,25.118045516532174,59.49354869642747,24.916419405079928,59.460139061723225,24.94632917298476,0.03340963470424185,-0.029909767904833018,0.04484192131467898,-0.006440054337017109
8.0,1128.0,59.34518260308933,25.038367654794342,59.6049108611831,24.824552997579694,59.589453260880205,24.83982241965701,0.015457600302895003,-0.015269422077317074,0.02172769333590931,-0.004159854102036231
8.0,1133.0,59.460139061723225,24.94632917298476,59.74010407848229,24.71004815888958,59.73612790991886,24.71503513991025,0.003976168563433191,-0.004986981020667969,0.006378079346114855,-0.0022841126255919164
8.0,1138.0,59.589453260880205,24.83982241965701,59.89835493615947,24.571498284614055,59.904194102663254,24.56676708275237,-0.005839166503783133,0.004731201861684298,0.007515326773661135,-0.00044656159945699603
8.0,1143.0,59.73612790991886,24.71503513991025,60.08001752318676,24.405914223876948,60.09055902618591,24.39544975556381,-0.010541502999146246,0.010464468313138298,0.014853564641448354,0.0008085442496137407
8.0,1148.0,59.904194102663254,24.56676708275237,60.28702450343223,24.209695046824333,60.30303404901807,24.19060182268199,-0.01600954558584533,0.019093224142341825,0.024916997371572772,0.0032328385533690884
8.0,1153.0,60.09055902618591,24.39544975556381,60.51124544459672,23.984811187675728,60.52712911229572,23.962754814638586,-0.015883667699000625,0.022056373037141697,0.027180406382646804,0.004455992014237964
8.0,1158.0,60.30303404901807,24.19060182268199,60.75366507143631,23.726771230947566,60.75825801537718,23.71397250661097,-0.004592943940870953,0.0127987243365979,0.013597885081445812,0.004143087547458846
8.0,1163.0,60.52712911229572,23.962754814638586,60.99805228291129,23.449449425609966,61.00263364379982,23.434163330582013,-0.004581360888529673,0.015286095027953195,0.015957868554245105,0.005106974908686278
8.0,1168.0,60.75825801537718,23.71397250661097,61.24123515943339,23.15445726893619,61.24439876117515,23.138462613430107,-0.003163601741761113,0.015994655506084143,0.01630452025478768,0.005767067139945348
8.0,1173.0,61.00263364379982,23.434163330582013,61.49064714413527,22.82964528235755,61.48713065984673,22.820211241279495,0.003516484288546451,0.009434041078055344,0.010068107707709016,0.0055866575009647645
8.0,1178.0,61.24439876117515,23.138462613430107,61.7309006679631,22.4923815536761,61.72746280651366,22.48097120762434,0.0034378614494414705,0.011410346051761167,0.011916999973420219,0.006261342044950657
8.0,1183.0,61.48713065984673,22.820211241279495,61.96640124574983,22.134747563848176,61.96084916298581,22.124746221107163,0.005552082764019417,0.010001342741013275,0.011439076870173589,0.006529302545732363
8.0,1188.0,61.72746280651366,22.48097120762434,62.19436616690651,21.758413432411878,62.18610444912002,21.75135099947878,0.008261717786488987,0.007062432933096829,0.010868943817964981,0.006606904122110846
8.0,1193.0,61.96084916298581,22.124746221107163,62.410969849581555,21.367710289488084,62.39950548136845,21.36522866188113,0.011464368213104592,0.002481627606954362,0.011729885511173628,0.0065310223536940715
8.0,1198.0,62.18610444912002,21.75135099947878,62.617713630193066,20.96356953565734,62.61658755814817,20.963474943775367,0.0011260720448973416,9.45918819716951e-05,0.001130037996898435,-0.0033919271601261514
8.0,1203.0,62.39950548136845,21.36522866188113,62.81406961148154,20.55225123402955,62.83021713124838,20.566682184088098,-0.01614751976683948,-0.014430950058546443,0.021656285789874805,-0.019219299426959546
8.0,1208.0,62.61658755814817,20.963474943775367,63.05276700371092,20.145553759370195,63.04573411755276,20.143495569822466,0.0070328861581572255,0.0020581895477285173,0.007327866806102471,0.0047984028988310445
8.0,1213.0,62.83021713124838,20.566682184088098,63.253900353301916,19.73042947105102,63.24776278645475,19.725543012993217,0.006137566847165488,0.004886458057804077,0.00784520230166841,0.004807954230601208
8.0,1218.0,63.04573411755276,20.143495569822466,63.454730372546486,19.28855643169441,63.44755162027369,19.290147996208265,0.007178752272793076,-0.001591564513855559,0.007353064789317175,0.0031149016974543198
8.0,1223.0,63.24776278645475,19.725543012993217,63.643211698115195,18.854795223158103,63.63015703547679,18.870194424268146,0.013054662638403158,-0.015399201110042782,0.02018810569196779,0.0025498633526046532
8.0,1228.0,63.44755162027369,19.290147996208265,63.82801696761377,18.404490122859738,63.812791363589945,18.426099203104464,0.015225604023825667,-0.021609080244726186,0.026434283930406588,0.002342773698517542
8.0,1233.0,63.63015703547679,18.870194424268146,63.99547418655372,17.971385408387683,63.99077374670874,17.966324505462318,0.004700439844981474,0.005060902925364985,0.0069070162267260765,0.0035871444320756396
8.0,1238.0,63.812791363589945,18.426099203104464,64.16147999256317,17.514274572017754,64.15391815243086,17.51747777117076,0.007561840132311204,-0.003203199153006153,0.008212302417742035,0.0031098380671641386
8.0,1243.0,63.99077374670874,17.966324505462318,64.32185166045818,17.04218356205656,64.30531059168757,17.073206784412175,0.016541068770607126,-0.031023222355614166,0.035157464092278226,0.001822870925494602
8.0,1248.0,64.15391815243086,17.51747777117076,64.4673746453879,16.582297417289706,64.4652319888439,16.568936190040432,0.002142656544009469,0.013361227249273355,0.013531938910308138,0.0037498569408056515
8.0,1253.0,64.30531059168757,17.073206784412175,64.60097707052829,16.127930737359517,64.59901709133182,16.113324019017032,0.00195997919647084,0.014606718342484726,0.014737630039707137,0.0037015894777645553
13.0,3.0,43.46298505443551,-73.28713521404188,43.46964174232785,-73.28284735380613,43.463564564714545,-73.28654455546682,0.006077177613306617,0.003697201660685323,0.007113465250034571,0.0020196361053104184
13.0,8.0,43.46327771427655,-73.28683692355446,43.46993239914307,-73.28255067995997,43.463840034312646,-73.28626378836702,0.006092364830422525,0.003713108407055188,0.007134709753697988,0.002019247117253098
13.0,13.0,43.463564564714545,-73.28654455546682,43.47021746691917,-73.28226042550374,43.464137616191465,-73.28596048507593,0.006079850727708447,0.0037000595721963236,0.007117234414364793,0.002019508677800985
13.0,18.0,43.463840034312646,-73.28626378836702,43.47049117978344,-73.28198154443919,43.464424604105936,-73.28566798075214,0.006066575677500907,0.0036864363129467392,0.0070988135022874025,0.0020196081434686874
13.0,23.0,43.464137616191465,-73.28596048507593,43.47078675069598,-73.28167988214226,43.464697932546855,-73.28538939956961,0.006088818149123654,0.0037095174273531484,0.007129812479787551,0.002019216031342363
13.0,28.0,43.464424604105936,-73.28566798075214,43.4710719701415,-73.28138947598367,43.46498599515747,-73.28509580242472,0.00608597498403185,0.003706326441047736,0.007125724327664596,0.0020194546794543022
13.0,33.0,43.464697932546855,-73.28538939956961,43.47134356085021,-73.28111271361907,43.46525076061039,-73.28482595115193,0.006092800239819951,0.0037132375328639,0.00713514875372751,0.002019469556595155
13.0,38.0,43.46498599515747,-73.28509580242472,43.471629790893864,-73.28082098426525,43.46555542713332,-73.28451543370296,0.00607436376054693,0.0036944494377166848,0.007109630914702322,0.002019503560357183
13.0,43.0,43.46525076061039,-73.28482595115193,43.47189288591508,-73.28055288471398,43.465832794944916,-73.28423274045791,0.006060090970166243,0.0036798557439254864,0.007089854784323289,0.002019568882080769
13.0,48.0,43.46555542713332,-73.28451543370296,43.47219555323669,-73.28024411642178,43.46611782835157,-73.28394223578597,0.006077724885116709,0.0036981193641878463,0.00711440978654927,0.002019284078052408
13.0,53.0,43.465832794944916,-73.28423274045791,43.46662973457823,-73.28482231382281,43.465474542082326,-73.28455275473402,0.001155192495900792,-0.00026955908879244816,0.0011862258659024918,0.0011591075286725427
13.0,58.0,43.46611782835157,-73.28394223578597,43.42591633090087,-73.32009817648068,43.459444234211546,-73.29019162080688,-0.03352790331067723,-0.02990655567380429,0.04492796871304641,-0.003349969592598701
13.0,63.0,43.465474542082326,-73.28455275473402,43.4019905111452,-73.34207290821679,43.44053437092992,-73.30803239974809,-0.03854385978471697,-0.03404050846870632,0.05142358742748301,-0.0040444992261012835
13.0,68.0,43.459444234211546,-73.29019162080688,43.38047720446127,-73.36223230369644,43.40536065122812,-73.34118112405444,-0.02488344676685017,-0.02105117964200076,0.032593528304227105,-0.0032689982211739905
13.0,73.0,43.44053437092992,-73.30803239974809,43.334118837429116,-73.40594545280644,43.35011557840579,-73.39294539628939,-0.015996740976675028,-0.01300005651704339,0.020613034500557074,-0.0024584525838302618
13.0,78.0,43.40536065122812,-73.34118112405444,43.26365796526547,-73.47172388607017,43.26944797862737,-73.46793083269388,-0.005790013361895774,-0.0037930533762846608,0.006921813970793789,-0.001603474154611817
13.0,83.0,43.35011557840579,-73.39294539628939,43.1662321496018,-73.5617269007546,43.16642412463258,-73.56267812038523,-0.00019197503078061118,0.0009512196306218357,0.0009703984738876903,-0.0009943793518178978
13.0,88.0,43.26944797862737,-73.46793083269388,43.03591758947598,-73.68052319081644,43.021467508084704,-73.69410076036533,0.014450081391274239,0.013577569548886004,0.019828142804339657,0.00018827606401838892
13.0,93.0,43.16642412463258,-73.56267812038523,42.87943824623706,-73.8208049723203,42.84664576932609,-73.84970605883898,0.03279247691096998,0.028901086518672514,0.04371063193224611,0.0015859145249366158
13.0,98.0,43.021467508084704,-73.69410076036533,42.669802593107704,-74.00482501293332,42.64295754467758,-74.02711863548016,0.026845048430125473,0.022293622546840197,0.03489501728723979,0.0016623140058746875
13.0,103.0,42.84664576932609,-73.84970605883898,42.43209561130816,-74.2081579929939,42.41881554837393,-74.2176484327553,0.01328006293423556,0.009490439761393077,0.016322638218189113,0.001300937473216024
13.0,108.0,42.64295754467758,-74.02711863548016,42.17272677087549,-74.42372287802498,42.15151140550564,-74.43864803598126,0.02121536536985502,0.014925157956284352,0.02593939220175526,0.002071157362993681
13.0,113.0,42.41881554837393,-74.2176484327553,41.901284587895994,-74.6454644554528,41.892793476788,-74.653871385591,0.008491111107993277,0.008406930138207258,0.011948867820717758,-0.001995152610240414
13.0,118.0,42.15151140550564,-74.43864803598126,41.592877670227566,-74.89862005865565,41.60050748147296,-74.92689069131593,-0.00762981124539408,0.028270632660280626,0.029282122372752756,-0.024856495731985898
13.0,123.0,41.892793476788,-74.653871385591,41.323796046938945,-75.16340401505107,41.323257856652695,-75.20030841946573,0.0005381902862495735,0.036904404414656256,0.036908328517892997,-0.021960992362569876
13.0,128.0,41.60050748147296,-74.92689069131593,41.03237675856863,-75.49226441834978,41.032495245531074,-75.49514744326451,-0.00011848696244243229,0.0028830249147375753,0.0028854586843804295,-0.0006882770029315033
13.0,133.0,41.323257856652695,-75.20030841946573,40.74011072861767,-75.79526390439804,40.738867550194826,-75.80367565282181,0.0012431784228468246,0.008411748423768017,0.008503117318712922,-0.0033425592768892005
13.0,138.0,41.032495245531074,-75.49514744326451,40.44019312145566,-76.11976279400825,40.43489188993672,-76.1354028558545,0.005301231518934912,0.015640061846241338,0.016514072488989593,-0.004976199319175034
13.0,143.0,40.738867550194826,-75.80367565282181,40.142256336309416,-76.45670563209335,40.133580714117095,-76.47735771386485,0.008675622192320986,0.020652081771501685,0.02240033262968844,-0.005504453103723162
13.0,148.0,40.43489188993672,-76.1354028558545,39.83723117479739,-76.81573221301139,39.845816050759524,-76.81696146531281,-0.00858487596213564,0.0012292523014281187,0.008672436595664489,-0.004677811987003899
13.0,153.0,40.133580714117095,-76.47735771386485,39.5378689793948,-77.18300068086577,39.551812025745484,-77.17804432228372,-0.013943046350682664,-0.004956358582049347,0.01479777118119953,-0.004600254050873609
13.0,158.0,39.845816050759524,-76.81696146531281,39.25443357353336,-77.54542582494682,39.25567534439233,-77.55721211805954,-0.0012417708589680387,0.011786293112720614,0.011851527336387812,-0.00572894188136841
13.0,163.0,39.551812025745484,-77.17804432228372,38.967087707620585,-77.92864245429588,38.97225282872035,-77.93587535493891,-0.005165121099764747,0.007232900643032281,0.008887819062470374,-0.005672591431843178
13.0,168.0,39.25567534439233,-77.55721211805954,38.67973995965995,-78.32905202722809,38.69023931960837,-78.32926432283237,-0.010499359948418885,0.00021229560428537297,0.010501506022950304,-0.005471559566241346
13.0,173.0,38.97225282872035,-77.93587535493891,38.40377283557911,-78.72509008618671,38.40071826213268,-78.73455739790647,0.0030545734464340057,0.009467311719760119,0.009947884706748816,-0.00016621361867708018
13.0,178.0,38.69023931960837,-78.32926432283237,38.12156114126656,-79.1279115667576,38.080577746376726,-79.11969713376281,0.04098339488983527,-0.008214432994790855,0.04179851152998255,0.034716893677749106
13.0,183.0,38.40071826213268,-78.73455739790647,37.78529095569137,-79.51112743045819,37.73527724198858,-79.47531084133844,0.05001371370279628,-0.03581658911974728,0.0615158484824689,0.04784997054268958
13.0,188.0,38.080577746376726,-79.11969713376281,37.385441818882086,-79.8333806669299,37.37649295935168,-79.81703655721435,0.008948859530406139,-0.016344109715547006,0.01863362576872195,0.00995838991699749
13.0,193.0,37.73527724198858,-79.47531084133844,37.00168933183947,-80.15845209792077,37.00596437661456,-80.1421477113377,-0.00427504477508478,-0.016304386583072983,0.01685553409652954,0.003572328641821443
13.0,198.0,37.37649295935168,-79.81703655721435,36.61316466037538,-80.47552152448165,36.61117335152043,-80.45946964533411,0.0019913088549543545,-0.016051879147539694,0.016174923032986566,0.007342065409984499
13.0,203.0,37.00596437661456,-80.1421477113377,36.21182110011583,-80.770484813161,36.19771632340334,-80.762902766411,0.014104776712486,-0.0075820467500022914,0.01601349927493387,0.008879725123470461
13.0,208.0,36.61117335152043,-80.45946964533411,35.787010332944455,-81.05470377558069,35.77549831790376,-81.04510236682061,0.011512015040693768,-0.009601408760076424,0.014990448308013734,0.008611244771566717
13.0,213.0,36.19771632340334,-80.762902766411,35.347122088596265,-81.32100085652758,35.37977901530388,-81.28628103246966,-0.03265692670761666,-0.03471982405791607,0.04766488271882449,0.003629070920152966
13.0,218.0,35.77549831790376,-81.04510236682061,34.91968841874701,-81.55105277536725,34.90492154968042,-81.54809120532066,0.01476686906659097,-0.00296157004659392,0.015060920263075681,0.005151888770785096
14.0,3.0,-0.810587212308334,-95.4262025891078,-0.889418287965602,-95.4354006836591,-0.8331459867299099,-95.42929625345195,-0.056272301235692046,-0.006104430207145128,0.056602437708232804,-0.004287273415147119
14.0,8.0,-0.8149995747138242,-95.4267967735362,-0.9115628230414914,-95.43838840570993,-0.8707479925017667,-95.4345238495069,-0.04081483053972468,-0.0038645562030268366,0.040997380241093395,-0.0036648357950594956
14.0,13.0,-0.8331459867299099,-95.42929625345195,-0.9617841386093157,-95.44537977620188,-0.9353360467209269,-95.443344711661,-0.026448091888388814,-0.002035064540876874,0.02652627098222049,-0.002818754827258463
14.0,18.0,-0.8707479925017667,-95.4345238495069,-1.0423573358505558,-95.45629102664547,-1.0288936551306493,-95.45579083533319,-0.013463680719906446,-0.0005001913122839596,0.0134729688590327,-0.001986734070601681
14.0,23.0,-0.9353360467209269,-95.443344711661,-1.1607709480795187,-95.47171642735097,-1.1583439735256884,-95.47238194716658,-0.002426974553830341,0.0006655198156124698,0.0025165695122354235,-0.001234198619731952
14.0,28.0,-1.0288936551306493,-95.45579083533319,-1.315629185748569,-95.4909593208274,-1.329885147596496,-95.49324532475698,0.01425596184792699,0.0022860039295835577,0.014438083743198799,-0.0001882482358412929
14.0,33.0,-1.1583439735256884,-95.47238194716658,-1.514546437963181,-95.51412764895298,-1.5513694328019565,-95.5182927452097,0.03682299483877549,0.004165096256727452,0.03705780586764807,0.0011530803598773787
14.0,38.0,-1.329885147596496,-95.49324532475698,-1.7637082098569596,-95.54070927660707,-1.8027204395757013,-95.54414553383226,0.03901222971874163,0.0034362572251893653,0.03916327273537713,0.0016613404156786693
14.0,43.0,-1.5513694328019565,-95.5182927452097,-2.0683024908225702,-95.56952974118688,-2.095336537116156,-95.57079885115147,0.027034046293585856,0.0012691099645820714,0.02706381900445583,0.0015998143608539905
14.0,48.0,-1.8027204395757013,-95.54414553383226,-2.3895224231449426,-95.59548901594819,-2.3982743775428057,-95.5944910304308,0.008751954397863138,-0.0009979855173867236,0.00880867077799991,0.0011907706226623738
14.0,53.0,-2.095336537116156,-95.57079885115147,-2.743990654628511,-95.61932753877024,-2.7529997522849503,-95.61893107532515,0.009009097656439202,-0.00039646344508526,0.009017817022236987,0.00020515916711660864
14.0,58.0,-2.3982743775428057,-95.5944910304308,-3.0968633904685556,-95.6437772360742,-3.118933468437486,-95.66150927557709,0.022070077968930235,0.017732039502888597,0.02831101493211894,-0.01603530269437492
14.0,63.0,-2.7529997522849503,-95.61893107532515,-3.4964799908107054,-95.68775323038865,-3.515878863058323,-95.72377290022798,0.019398872247617494,0.0360196698393338,0.04091128034923861,-0.028480587778808353
14.0,68.0,-3.118933468437486,-95.66150927557709,-3.8929120830960873,-95.7838244451083,-3.8910435543270334,-95.7873607093435,-0.0018685287690538566,0.003536264235208364,0.003999570539694945,-0.0018068086851328324
14.0,73.0,-3.515878863058323,-95.72377290022798,-4.320876140956776,-95.86379134152894,-4.300746784038681,-95.86334550956217,-0.02012935691809492,-0.0004458319667719479,0.020134293533140207,-0.0010695456660592129
14.0,78.0,-3.8910435543270334,-95.7873607093435,-4.7205854126374955,-95.94267846319521,-4.74680965424694,-95.95461869571778,0.026224241609444476,0.011940232522576366,0.02881457965481554,-0.005304678610478231
14.0,83.0,-4.300746784038681,-95.86334550956217,-5.151369928587297,-96.03807787458047,-5.1856492840906565,-96.05313238893513,0.03427935550335981,0.015054514354659432,0.0374394526693483,-0.006098842688216255
14.0,88.0,-4.74680965424694,-95.95461869571778,-5.615598068130926,-96.15062223714732,-5.612653830749566,-96.15739823279527,-0.002944237381360182,0.006775995647956279,0.007388007226507097,-0.004785485686925828
14.0,93.0,-5.1856492840906565,-96.05313238893513,-6.06842720994903,-96.26996604055718,-6.055161768525201,-96.27434460457886,-0.013265441423829571,0.004378564021678244,0.013969386495511844,-0.004633677406098435
14.0,98.0,-5.612653830749566,-96.15739823279527,-6.505942615459445,-96.39447057898231,-6.510008679910945,-96.40412714495608,0.00406606445150004,0.009656565973770626,0.010477697577690287,-0.005639377082816921
14.0,103.0,-6.055161768525201,-96.27434460457886,-6.956608313232519,-96.53234042189595,-6.94775757378081,-96.53836500575159,-0.008850739451709444,0.006024583855634091,0.010706596073244425,-0.0052918271261845895
14.0,108.0,-6.510008679910945,-96.40412714495608,-7.417356428932841,-96.68355697156147,-7.426141140186079,-96.69575614672564,0.008784711253237987,0.012199175164170128,0.015032997920869658,-0.006270470884791823
14.0,113.0,-6.94775757378081,-96.53836500575159,-7.858894927941614,-96.83770682277047,-7.866470998407967,-96.84872690737063,0.007576070466353002,0.011020084600161795,0.01337307400360401,-0.005126591692087957
14.0,118.0,-7.426141140186079,-96.69575614672564,-8.342259217781264,-97.0075347383712,-8.340265436113889,-96.98951051633277,-0.001993781667374961,-0.018024222038434345,0.01813415962839036,0.017287933516897173
14.0,123.0,-7.866470998407967,-96.84872690737063,-8.797503418068747,-97.14430064765949,-8.806476834874259,-97.08490325128376,0.008973416805512002,-0.05939739637572927,0.06007139839708197,0.04908471184017804
14.0,128.0,-8.340265436113889,-96.98951051633277,-9.30301154339371,-97.2027987935666,-9.311140818346962,-97.16305490984996,0.008129274953251553,-0.03974388371663906,0.04056675244762995,0.02817824029755167
14.0,133.0,-8.806476834874259,-97.08490325128376,-9.787762695424933,-97.2257738237605,-9.78615215453424,-97.21769531051613,-0.001610540890693457,-0.00807851324437081,0.008237488585732321,0.0029076661440332607
14.0,138.0,-9.311140818346962,-97.16305490984996,-10.303934882842382,-97.26779528052398,-10.301389426804493,-97.25474882593215,-0.002545456037889693,-0.01304645459183007,0.013292453643233554,0.007037201772593705
14.0,143.0,-9.78615215453424,-97.21769531051613,-10.787521124809265,-97.28272422078331,-10.787205879505997,-97.26862518507991,-0.00031524530326798583,-0.014099035703395657,0.014102559603379026,0.008113765803757556
14.0,148.0,-10.301389426804493,-97.25474882593215,-11.309320976606479,-97.27486936468196,-11.293578235380036,-97.26154398632515,-0.015742741226443258,-0.013325378356810802,0.020625217809150963,0.006642701621576208
14.0,153.0,-10.787205879505997,-97.26862518507991,-11.798346595283522,-97.24678321401679,-11.803707548119315,-97.23208504485324,0.005360952835792077,-0.014698169163551711,0.015645318535203095,0.008711056501095271
14.0,158.0,-11.293578235380036,-97.26154398632515,-12.291303466731758,-97.19473201365126,-12.287660132747847,-97.18325904861074,-0.0036433339839110346,-0.011472965040525196,0.012037558279793886,0.005782418100982678
14.0,163.0,-11.803707548119315,-97.23208504485324,-12.748095252734965,-97.12474535761655,-12.777179699076928,-97.11300539257029,0.0290844463419635,-0.011739965046260181,0.03136449901251357,0.0051200365109349555
14.0,168.0,-12.287660132747847,-97.18325904861074,-13.211978698743831,-97.03922515535706,-13.246618280956861,-97.02569558511067,0.034639582213030096,-0.013529570246390676,0.03718803472819303,0.0052339004639772035
14.0,173.0,-12.777179699076928,-97.11300539257029,-13.665627182833292,-96.93614567004283,-13.643742661477443,-96.93638104858017,-0.021884521355849174,0.00023537853734012515,0.021885787123849556,-0.0005521596335738012
14.0,178.0,-13.246618280956861,-97.02569558511067,-14.087936775372984,-96.83373242251247,-14.05800893874004,-96.84560096219991,-0.02992783663294496,0.01186853968744117,0.032195304624131275,-0.008928518248276784
14.0,183.0,-13.643742661477443,-96.93638104858017,-14.437396761676832,-96.76300992267062,-14.451249373971383,-96.78618375036415,0.013852612294551037,0.02317382769352605,0.026998539911491162,-0.02507823680047894
14.0,188.0,-14.05800893874004,-96.84560096219991,-14.799400864228172,-96.72106204025614,-14.792199310689266,-96.76097332133077,-0.007201553538905614,0.03991128107462316,0.04055579774078297,-0.033215407202744185
14.0,193.0,-14.451249373971383,-96.78618375036415,-15.125392363771365,-96.73291901967,-15.091941937357273,-96.74674655710896,-0.033450426414091794,0.013827537438956483,0.03619574310482261,-0.005665265925085094
14.0,198.0,-14.792199310689266,-96.76097332133077,-15.407366989095046,-96.74285787077706,-15.371068128537512,-96.73967987349897,-0.036298860557533175,-0.003177997278086764,0.03643771321686865,0.007952590781312718
14.0,203.0,-15.091941937357273,-96.74674655710896,-15.657807655185286,-96.74166113779856,-15.644456408480611,-96.73927764438501,-0.01335124670467458,-0.002383493413546489,0.013562331267945909,0.004571646548262809
14.0,208.0,-15.371068128537512,-96.73967987349897,-15.892907092276312,-96.74776083971415,-15.886443424969455,-96.74432153754901,-0.0064636673068569905,-0.003439302165133995,0.007321734387208218,0.004807608537375163
14.0,213.0,-15.644456408480611,-96.73927764438501,-16.12554821986277,-96.75872968491367,-16.103739163845148,-96.75315204177468,-0.021809056017623618,-0.0055776431389915615,0.022510997920256324,0.007218402470000829
14.0,218.0,-15.886443424969455,-96.74432153754901,-16.333712808288578,-96.7723350854763,-16.316873554898148,-96.7657787543731,-0.016839253390429576,-0.0065563311031979765,0.018070581957475948,0.007628193380880166
14.0,223.0,-16.103739163845148,-96.75315204177468,-16.522600394492358,-96.78784291480179,-16.51741361049055,-96.78126012578194,-0.0051867840018076095,-0.006582789019844881,0.008380682523589453,0.00731862804336192
34.0,3.0,-30.91530832776672,257.04797913444514,-30.851992661836167,257.001865693677,-30.89472255391995,257.0336430668729,0.04272989208378419,-0.03177737319589369,0.05325077581334328,-0.0041623601077790395
34.0,8.0,-30.911668859256896,257.04542399248953,-30.831671804635704,256.9876611391264,-30.86078555336352,257.01005760348505,0.029113748727816358,-0.02239646435867826,0.036731620992762816,-0.0034737603356844726
34.0,13.0,-30.89472255391995,257.0336430668729,-30.78502935663826,256.95526701389747,-30.80656072402565,256.9721668962654,0.02153136738739292,-0.016899882367908958,0.027371624095403026,-0.002808626995069674
34.0,18.0,-30.86078555336352,257.01005760348505,-30.713604671289257,256.90519586943674,-30.71883086427401,256.91037590852704,0.005226192984753908,-0.0051800390903053994,0.007358389639790961,-0.0016823181138917453
34.0,23.0,-30.80656072402565,256.9721668962654,-30.61548638182782,256.8356852353939,-30.60872955286395,256.83197481546244,-0.006756828963872863,0.00371041993145127,0.007708563660938532,-0.0007641952572627897
34.0,28.0,-30.71883086427401,256.91037590852704,-30.472786787348802,256.73322668678173,-30.46131367968852,256.7254925909175,-0.011473107660282977,0.007734095864236679,0.013836489374897334,-0.00012595676514259857
34.0,33.0,-30.60872955286395,256.83197481546244,-30.307044818674832,256.61213613245036,-30.281836615835978,256.5934804192827,-0.025208202838854277,0.018655713167675003,0.031360630162026136,0.0010025320784690095
34.0,38.0,-30.46131367968852,256.7254925909175,-30.097609394616466,256.4558783456724,-30.068891504087325,256.4333943112619,-0.028717890529140533,0.022484034410467757,0.036472579286565374,0.001656460770011359
34.0,43.0,-30.281836615835978,256.5934804192827,-29.85821156601481,256.27268978348053,-29.83805286991843,256.2555026144572,-0.020158696096377327,0.017187169023316073,0.026490975960544262,0.0016665897050668343
34.0,48.0,-30.068891504087325,256.4333943112619,-29.594795305915593,256.0652308490952,-29.58592183693337,256.05587042572364,-0.008873468982223187,0.009360423371560955,0.012897905933652237,0.0014611733265349478
34.0,53.0,-29.83805286991843,256.2555026144572,-29.32309773496023,255.8461847112462,-29.30876142578413,255.83525699933986,-0.014336309176098183,0.01092771190633357,0.018026221132020473,-0.001105919780207354
34.0,58.0,-29.58592183693337,256.05587042572364,-29.03316787514402,255.61352439988374,-28.997492639424365,255.61535627784258,-0.03567523571965481,-0.0018318779588355483,0.035722237059134486,-0.022461042658545982
34.0,63.0,-29.30876142578413,255.83525699933986,-28.705578367578067,255.38701082411617,-28.6684369242836,255.39810808624765,-0.037141443294466114,-0.011097262131471552,0.03876384961288848,-0.025448786943242933
34.0,68.0,-28.997492639424365,255.61535627784258,-28.33901929070368,255.1839279533165,-28.33857570446166,255.18677188433793,-0.0004435862420173464,-0.00284393102143099,0.002878317635141157,-0.0009745824016825777
34.0,73.0,-28.6684369242836,255.39810808624765,-27.97749887428813,254.95910383448225,-27.982645903335257,254.9674424281142,0.0051470290471264946,-0.008338593631947333,0.009799186281049897,-0.002405458219169821
34.0,78.0,-28.33857570446166,255.18677188433793,-27.618915609943308,254.74536872786328,-27.59926247425542,254.74118291755659,-0.01965313568788929,0.004185810306694293,0.020093948101112827,-0.004963163878124011
34.0,83.0,-27.982645903335257,254.9674424281142,-27.235198357957078,254.5280398621676,-27.22214797006958,254.52831224533148,-0.013050387887496129,-0.0002723831638888896,0.013053230121394312,-0.004812788747321384
34.0,88.0,-27.59926247425542,254.74118291755659,-26.825476160876875,254.3065763018439,-26.863726702129302,254.33458924239537,0.03825054125242744,-0.02801294055146286,0.04741127233520997,-0.0025001571857603544
34.0,93.0,-27.22214797006958,254.52831224533148,-26.425372743639603,254.10056133078658,-26.422185167472385,254.10706860745998,-0.003187576167217543,-0.006507276673403339,0.007246053513881368,-0.004755013731837288
34.0,98.0,-26.863726702129302,254.33458924239537,-26.047315337671897,253.91494698759237,-25.9944758148673,253.89754289253406,-0.052839522804596584,0.01740409505831053,0.05563198446052586,-0.006900328512162934
34.0,103.0,-26.422185167472385,254.10706860745998,-25.58411305614343,253.69867331540814,-25.569684545963963,253.69973935111614,-0.014428510179467224,-0.0010660357079927962,0.014467838059976515,-0.004971727480165722
34.0,108.0,-25.9944758148673,253.89754289253406,-25.137941496774026,253.49904802325787,-25.156518911488355,253.51721505037565,0.018577414714329166,-0.01816702711778362,0.025983864450201767,-0.00524354429689461
34.0,113.0,-25.569684545963963,253.69973935111614,-24.696048626993758,253.31299771678056,-24.693972335373964,253.31822099597787,-0.0020762916197938353,-0.005223279197309694,0.005620821333530742,-0.002474869696585502
34.0,118.0,-25.156518911488355,253.51721505037565,-24.272755265153066,253.1326924294919,-24.26219900473101,253.0980989940268,-0.010556260422056596,0.034593435465097855,0.036168223779668364,0.026451864322246724
34.0,123.0,-24.693972335373964,253.31822099597787,-23.81669301192507,252.89645084899942,-23.849452372979048,252.84451153514982,0.03275936105397648,0.051939313849601376,0.061407394178813544,0.04849070676221606
34.0,128.0,-24.26219900473101,253.0980989940268,-23.424373834971874,252.58970068112845,-23.46309490663594,252.58506718527343,0.03872107166406735,0.0046334958550176,0.03899731624935625,0.01411890048180775
34.0,133.0,-23.849452372979048,252.84451153514982,-23.036947231979244,252.28485479955583,-23.052847658285728,252.28531711648728,0.015900426306483695,-0.0004623169314470488,0.015907145993955714,0.0033275426734585833
34.0,138.0,-23.46309490663594,252.58506718527343,-22.665940516812547,251.99318331696185,-22.65724309460587,251.96878662018838,-0.008697422206676464,0.02439669677346501,0.025900655715591196,0.009497326111370219
34.0,143.0,-23.052847658285728,252.28531711648728,-22.277860408741507,251.65592781981144,-22.296346848585618,251.65390326478524,0.01848643984411069,0.00202455502619614,0.01859696967691294,0.007015187789694343
34.0,148.0,-22.65724309460587,251.96878662018838,-21.907198958744207,251.30288156691893,-21.924364258103957,251.30026352582507,0.017165299359749753,0.0026180410938536625,0.01736380261575591,0.007160625971311174
34.0,153.0,-22.296346848585618,251.65390326478524,-21.572734538425564,250.95539857309882,-21.583750165130937,250.9471739229959,0.011015626705372483,0.008224650102931719,0.01374732341322376,0.00760659570787947
34.0,158.0,-21.924364258103957,251.30026352582507,-21.24580793220648,250.58100236750587,-21.246101419802443,250.56564085430384,0.0002934875959645922,0.015361513202037713,0.015364316542735118,0.005708008264010744
34.0,163.0,-21.583750165130937,250.9471739229959,-20.966962400590067,250.23299731714553,-20.942991461812912,250.19241532766225,-0.02397093877715406,0.04058198948328595,0.04713283119312482,0.005946411696997167
34.0,168.0,-21.246101419802443,250.56564085430384,-20.672516948317778,249.84037562920022,-20.667964870004045,249.82449113896553,-0.004552078313732721,0.01588449023469707,0.016523875059759507,0.0029550349797603515
34.0,173.0,-20.942991461812912,250.19241532766225,-20.416358280278807,249.4724106833965,-20.42284208328785,249.47203044282853,0.006483803009043498,0.0003802405679778076,0.006494942982784191,0.0018603656050836246
34.0,178.0,-20.667964870004045,249.82449113896553,-20.180934186595636,249.13128340686544,-20.185474785788653,249.14848474657737,0.004540599193017414,-0.017201339711931496,0.017790534812559794,-0.009501779803238408
34.0,183.0,-20.42284208328785,249.47203044282853,-19.960860913832555,248.8283926716856,-19.950510374280384,248.87133282089536,-0.010350539552170801,-0.04294014920975542,0.044170013393445,-0.03165290350388261
34.0,188.0,-20.185474785788653,249.14848474657737,-19.722962209755302,248.58587563341837,-19.723339800875625,248.63622663069538,0.0003775911203227622,-0.050350997277007536,0.0503524130687236,-0.0264115626917254
34.0,193.0,-19.950510374280384,248.87133282089536,-19.490628914361068,248.40145838268313,-19.50400434127075,248.4192661792241,0.01337542690968263,-0.017807796540978416,0.022271498886719435,0.0010077783176277721
34.0,198.0,-19.723339800875625,248.63622663069538,-19.28907687986434,248.22139637665728,-19.300841898352683,248.22750768997483,0.01176501848834377,-0.006111313317546774,0.013257594446063557,0.005729467475200867
34.0,203.0,-19.50400434127075,248.4192661792241,-19.098308649965393,248.04868392062235,-19.11239202845209,248.05770638426625,0.014083378486695608,-0.009022463643901801,0.01672562105887403,0.005066794326262114
34.0,208.0,-19.300841898352683,248.22750768997483,-18.919108730046446,247.8959764628469,-18.933511307874944,247.90324653706688,0.014402577828498409,-0.007270074219974276,0.016133450569233123,0.0060313087621811645
34.0,213.0,-19.11239202845209,248.05770638426625,-18.751655795077312,247.7587924483734,-18.76410073670718,247.7626769175863,0.012444941629869533,-0.0038844692128918723,0.013037088372668358,0.006693255388220298
34.0,218.0,-18.933511307874944,247.90324653706688,-18.59147796156798,247.6321282953949,-18.60401003282357,247.63471284031044,0.012532071255591859,-0.0025845449155497136,0.01279580721860585,0.007422715421040227
34.0,223.0,-18.76410073670718,247.7626769175863,-18.43848326215458,247.51522076701454,-18.454603391849055,247.51938818132425,0.016120129694474628,-0.004167414309705464,0.016650102804349903,0.008430694418748996
34.0,228.0,-18.60401003282357,247.63471284031044,-18.292638224135526,247.40735770460532,-18.304412002807297,247.40728455044388,0.01177377867177043,7.315416144137998e-05,0.011774005934395159,0.008496852238170762
34.0,233.0,-18.454603391849055,247.51938818132425,-18.15687962268507,247.30705045962964,-18.159050194073725,247.30143545292367,0.0021705713886532862,0.005615006705966152,0.006019940237351623,0.006157177120084345
34.0,238.0,-18.304412002807297,247.40728455044388,-18.02709600352962,247.1992979089513,-18.028881795175533,247.1980845421725,0.0017857916459114165,0.0012133667788134517,0.0021590068880240143,0.002511186365359075
34.0,243.0,-18.159050194073725,247.30143545292367,-17.90273705321129,247.08936853509917,-17.922313120976387,247.10106109482876,0.01957606776509735,-0.011692559729596042,0.022802157401742813,0.003765698323058953
34.0,248.0,-18.028881795175533,247.1980845421725,-17.793758080954582,246.97953316616048,-17.79882769454574,246.9764800353487,0.005069613591157207,0.0030531308117929257,0.005917988654734411,0.005277055219709447
34.0,253.0,-17.922313120976387,247.10106109482876,-17.70761531967535,246.87594520375202,-17.698720442841662,246.8740076308488,-0.008894876833689835,0.001937572903216278,0.009103462123927911,-0.0051600634237704
34.0,258.0,-17.79882769454574,246.9764800353487,-17.595251040683046,246.7534709041603,-17.59141242505301,246.76173136730014,-0.00383861563003407,-0.008260463139833973,0.0091087991107334,-0.009360968688083005
34.0,263.0,-17.698720442841662,246.8740076308488,-17.501675103896783,246.6544729786194,-17.490983593582463,246.65380433202074,-0.01069151031432014,0.0006686465986547319,0.010712398474436361,-0.0073533152104044985
34.0,268.0,-17.59141242505301,246.76173136730014,-17.401966058785735,246.5445498377575,-17.401221188783918,246.5549554934015,-0.0007448700018173326,-0.010405655644007084,0.010432281663244327,-0.008743035553401723
34.0,273.0,-17.490983593582463,246.65380433202074,-17.30813715165905,246.43842415958719,-17.305756665361514,246.44729988827066,-0.0023804862975360663,-0.008875728683477746,0.009189411008082432,-0.00869054114621992
34.0,278.0,-17.401221188783918,246.5549554934015,-17.2238598683442,246.3409029384989,-17.21541190783443,246.34288927766494,-0.008447960509769814,-0.001986339166023754,0.008678339706252008,-0.007978988465524028
34.0,283.0,-17.305756665361514,246.44729988827066,-17.13388259313581,246.23436032419025,-17.127767178238813,246.23916103168239,-0.006115414896996185,-0.004800707492137235,0.007774644158253511,-0.008370092467931634
34.0,288.0,-17.21541190783443,246.34288927766494,-17.04843591395018,246.13073514676853,-17.039857226362294,246.13260183212714,-0.00857868758788527,-0.001866685358606901,0.008779430218332746,-0.008108067062555957
34.0,293.0,-17.127767178238813,246.23916103168239,-16.964975993930167,246.02782540075611,-16.955740895219396,246.02908657959892,-0.009235098710771439,-0.0012611788428102955,0.009320816502391012,-0.008243094680265295
34.0,298.0,-17.039857226362294,246.13260183212714,-16.876859333714467,245.92549559750714,-16.87463717767805,245.93712984757252,-0.0022221560364172888,-0.011634250065384322,0.011844566350613301,-0.010262489127398688
34.0,303.0,-16.955740895219396,246.02908657959892,-16.78635332480516,245.83114339098847,-16.77946188203026,245.83541344614207,-0.006891442774897172,-0.004270055153597241,0.008107117523167206,-0.00829003986282173
34.0,308.0,-16.87463717767805,245.93712984757252,-16.69901647511589,245.74898108830902,-16.69360258058726,245.74262811901679,-0.005413894528629726,0.006352969292237276,0.008346884017119005,0.00045349596691879324
34.0,313.0,-16.77946188203026,245.83541344614207,-16.604652385423293,245.64809313352896,-16.605834100036628,245.64763141673086,0.0011817146133346057,0.0004617167980995873,0.001268712666057958,0.001245853787524287
34.0,318.0,-16.69360258058726,245.74262811901679,-16.5194667286996,245.55566673776855,-16.517023987557295,245.55150831275282,-0.0024427411423069145,0.004158425015731382,0.004822808611149672,0.0010805005605634133
34.0,323.0,-16.605834100036628,245.64763141673086,-16.43266057475027,245.46163073475068,-16.4304417710565,245.45779652487974,-0.0022188036937684785,0.00383420987094496,0.004429927219033334,0.0010252573163220813
34.0,328.0,-16.517023987557295,245.55150831275282,-16.34458231388869,245.36637204936,-16.34541612026945,245.36576947736165,0.0008338063807613594,0.0006025719983426825,0.00102874977219198,0.0010752920714048875
34.0,333.0,-16.4304417710565,245.45779652487974,-16.2586169507119,245.2733853217314,-16.255983155498896,245.26897229148042,-0.0026337952130042197,0.004413030250987049,0.0051392327462541285,0.0011149713155095275
34.0,338.0,-16.34541612026945,245.36576947736165,-16.174212020340097,245.18194244882417,-16.171036087065374,245.1770306658676,-0.003175933274722098,0.004911782956583011,0.005849116512608239,0.0010550892243149645
34.0,343.0,-16.255983155498896,245.26897229148042,-16.085233010824957,245.0857070258668,-16.085372948394713,245.08431312180159,0.00013993756975594351,0.0013939040652246604,0.0014009107989015695,0.001104155994172018
34.0,348.0,-16.171036087065374,245.1770306658676,-16.000700796129856,244.99421208910914,-15.999115393074764,244.9909522473774,-0.0015854030550919163,0.003259841731733104,0.0036249235803039303,0.001103395676563812
34.0,353.0,-16.085372948394713,245.08431312180159,-15.914522957729261,244.90269375892365,-15.913791305463606,244.89927059249953,-0.0007316522656548585,0.003423166424113333,0.0035004833102037143,0.0019334189633717358
34.0,358.0,-15.999115393074764,244.9909522473774,-15.8232657787977,244.8142992855656,-15.823253550774862,244.81179579309347,-1.2228022837845742e-05,0.0025034924721296647,0.002503522335141515,0.0017597691765109946
34.0,363.0,-15.913791305463606,244.89927059249953,-15.73063616647095,244.7309859406601,-15.72726917370553,244.7259451153026,-0.0033669927654198517,0.0050408253574971695,0.006061894140215258,0.0014034745225097736
34.0,368.0,-15.823253550774862,244.81179579309347,-15.63077849773813,244.6542485623594,-15.635575447523712,244.64492348412713,0.004796949785582427,0.009325078232279793,0.010486553832577112,0.010791459699630359
34.0,373.0,-15.72726917370553,244.7259451153026,-15.533360316534694,244.57065433345272,-15.537911792610217,244.5603296069519,0.0045514760755231976,0.010324726500812176,0.011283435282866353,0.011314095590698736
34.0,378.0,-15.635575447523712,244.64492348412713,-15.440896505150464,244.49157286179815,-15.450389812271183,244.4861425235141,0.009493307120719052,0.005430338284043046,0.010936702152268692,0.011362054321215176
34.0,383.0,-15.537911792610217,244.5603296069519,-15.34197573334663,244.40958284409123,-15.350304752902636,244.40311273766704,0.0083290195560064,0.006470106424188771,0.01054679306256958,0.011263351229477192
34.0,388.0,-15.450389812271183,244.4861425235141,-15.253319776467896,244.3376572336025,-15.251099766541717,244.32264863555406,-0.0022200099261784345,0.015008598048439126,0.015171897028781259,0.010134667451055514
34.0,393.0,-15.350304752902636,244.40311273766704,-15.151937715750462,244.2571307431773,-15.158303251854036,244.24900133452465,0.006365536103574598,0.008129408652649772,0.010325082804882906,0.011101912624655097
34.0,398.0,-15.251099766541717,244.32264863555406,-15.051437800585408,244.17909662227248,-15.05418946953633,244.16818546299413,0.0027516689509230474,0.010911159278350624,0.011252780936862269,0.010727663570434198
34.0,403.0,-15.158303251854036,244.24900133452465,-14.957427251111014,244.10768276201276,-14.958971526193439,244.0959136525207,0.0015442750824252727,0.011769109492064445,0.011869992576509936,0.010616854557526145
34.0,408.0,-15.05418946953633,244.16818546299413,-14.851953860065802,244.0293336930838,-14.855976779009486,244.0194569217847,0.004022918943684672,0.009876771299104803,0.010664637271012896,0.010902681713509388
34.0,413.0,-14.958971526193439,244.0959136525207,-14.755927006572035,243.95880065167682,-14.758036317662347,243.9478082826152,0.0021093110903116497,0.010992369061625595,0.011192916101834023,0.010510631127325754
34.0,418.0,-14.855976779009486,244.0194569217847,-14.657394556033937,243.8779388765672,-14.659382143564637,243.868995064818,0.001987587530699386,0.008943811749219321,0.009162001571581684,0.008720773290206709
34.0,423.0,-14.758036317662347,243.9478082826152,-14.568129229835495,243.79442060741135,-14.567460564731622,243.78614359259777,-0.0006686651038734226,0.008277014813586447,0.008303980205026235,0.006348907143967852
34.0,428.0,-14.659382143564637,243.868995064818,-14.47680067398002,243.7053175025186,-14.480611625997447,243.70611289330458,0.003810952017428093,-0.0007953907859814535,0.0038930709962141006,0.001660201107094528
34.0,433.0,-14.567460564731622,243.78614359259777,-14.390914093099514,243.61699279467237,-14.386227009373881,243.61896158461434,-0.004687083725633201,-0.001968789941969362,0.005083786746776002,-0.0049131816365425305
34.0,438.0,-14.480611625997447,243.70611289330458,-14.303947601154029,243.53697359921853,-14.296860512907697,243.53556159917562,-0.007087088246331419,0.0014120000429045376,0.007226379725177148,-0.003871952347520469
34.0,443.0,-14.386227009373881,243.61896158461434,-14.210033695587551,243.44877264967076,-14.205017521638787,243.44890858328918,-0.005016173948764191,-0.00013593361842367813,0.0050180154476524175,-0.0037078999040915943
34.0,448.0,-14.296860512907697,243.53556159917562,-14.121451302885964,243.36426993114628,-14.115584879522478,243.36362586827784,-0.005866423363485751,0.0006440628684458716,0.005901672649187025,-0.0037045979705701004
34.0,453.0,-14.205017521638787,243.44890858328918,-14.030429520268015,243.27656645700912,-14.028070194327862,243.2792941068117,-0.0023593259401533118,-0.00272764980257989,0.00360645148829073,-0.0039201108293210885
34.0,458.0,-14.115584879522478,243.36362586827784,-13.941833879279397,243.19029694106248,-13.936258870612798,243.18987625846216,-0.0055750086665984355,0.0004206826003212427,0.005590858206291831,-0.003727117042697681
34.0,463.0,-14.028070194327862,243.2792941068117,-13.855181236623832,243.10502859728695,-13.847888723318485,243.10287900318033,-0.007292513305346304,0.002149594106612085,0.007602730110416539,-0.0036244936023467345
34.0,468.0,-13.936258870612798,243.18987625846216,-13.764315824766665,243.01465933633375,-13.761950016908443,243.0173869257808,-0.0023658078582222686,-0.0027275894470619733,0.0036106496664381716,-0.003922380486028998
34.0,473.0,-13.847888723318485,243.10287900318033,-13.677305024266621,242.92633756281387,-13.6750776442015,242.92942273920147,-0.00222738006512202,-0.003085176387600086,0.003805198456993812,-0.004104503830586026
34.0,478.0,-13.761950016908443,243.0173869257808,-13.594831259779314,242.83755648421948,-13.591358385571942,242.83686072509698,-0.0034728742073717456,0.0006957591224932003,0.0035418831173205643,-0.0020836652788023273
34.0,483.0,-13.6750776442015,242.92942273920147,-13.51432343792936,242.74339635049043,-13.50979677512597,242.7443507626302,-0.004526662803389314,-0.0009544121397766503,0.004626184028780248,-0.004433090735000644
34.0,488.0,-13.591358385571942,242.83686072509698,-13.436228361326446,242.6458456610447,-13.427550498839087,242.64960544298165,-0.008677862487358468,-0.003759781936963691,0.009457338820356482,-0.009484964170370036
34.0,493.0,-13.50979677512597,242.7443507626302,-13.355646506390721,242.5521755967209,-13.348172320626333,242.556158677173,-0.007474185764388963,-0.003983080452087506,0.008469261049725427,-0.008783870400252303
34.0,498.0,-13.427550498839087,242.64960544298165,-13.275317007738767,242.4557785415291,-13.26642145057504,242.45777608377102,-0.008895557163727474,-0.001997542241923611,0.009117078055024668,-0.008435493405954064
34.0,503.0,-13.348172320626333,242.556158677173,-13.198013339538688,242.36070069777128,-13.18896980292811,242.36250231864386,-0.009043536610578329,-0.0018016208725839533,0.00922124678096193,-0.008458980804836314
34.0,508.0,-13.26642145057504,242.45777608377102,-13.118449701156532,242.26071958994723,-13.111765595537966,242.26545666747705,-0.0066841056185662495,-0.004737077529824774,0.00819250703043456,-0.00879570552866138
34.0,513.0,-13.18896980292811,242.36250231864386,-13.043149331804791,242.1639863224039,-13.034757188437704,242.16650184278038,-0.008392143367087712,-0.002515520376476843,0.008761045203525917,-0.00856455030202663
34.0,518.0,-13.111765595537966,242.26545666747705,-12.968171415122258,242.06553889988245,-12.960529130012404,242.0690045193805,-0.007642285109854541,-0.0034656194980584587,0.008391367004584377,-0.008680367578626669
34.0,523.0,-13.034757188437704,242.16650184278038,-12.893465270840425,241.96524287431942,-12.885622157055073,241.96840213520647,-0.007843113785352074,-0.003159260887059645,0.008455493078613726,-0.00865388281096624
34.0,528.0,-12.960529130012404,242.0690045193805,-12.821535291134042,241.86651074633562,-12.812323820589423,241.86769481856857,-0.009211470544618905,-0.0011840722329452547,0.00928726098735325,-0.008435004633686294
34.0,533.0,-12.885622157055073,241.96840213520647,-12.747647479335658,241.76563710735107,-12.741556206309571,241.76896360766122,-0.0060912730260866965,-0.003326500310151914,0.006940404267171485,-0.007312543857037057
34.0,538.0,-12.812323820589423,241.86769481856857,-12.667957901733708,241.6691132997676,-12.666589866802225,241.67292477434353,-0.0013680349314828533,-0.0038114745759401103,0.0040495503474824385,-0.003815163992894166
34.0,543.0,-12.741556206309571,241.76896360766122,-12.587829967383035,241.5772216065408,-12.583809594738703,241.5796438102966,-0.004020372644331971,-0.002422203755799046,0.004693662454192872,-0.005017377107664478
34.0,548.0,-12.666589866802225,241.67292477434353,-12.50469562360132,241.4903350163866,-12.500396056880813,241.48759165428584,-0.004299566720506576,0.0027433621007730835,0.0051002264263506755,-0.0012917513422741056
34.0,553.0,-12.583809594738703,241.5796438102966,-12.41552359730092,241.40697606752016,-12.419498653987956,241.39839710876365,0.003975056687036016,0.008578958756515931,0.009455136646878833,0.009078914476891353
34.0,558.0,-12.500396056880813,241.48759165428584,-12.33410124390643,241.31408410006085,-12.339211347580376,241.3108233577854,0.005110103673946043,0.0032607422754438176,0.006061814888739458,0.006443809930875788
34.0,563.0,-12.419498653987956,241.39839710876365,-12.253108894290627,241.2264387529213,-12.258599026407326,241.2238301132277,0.005490132116699797,0.0026086396935909306,0.006078367520132093,0.006305142313638545
34.0,568.0,-12.339211347580376,241.3108233577854,-12.172718350398497,241.14076643315232,-12.173475189164366,241.13292820975403,0.0007568387658682951,0.007838223398294986,0.00787467783208304,0.006134542295625822
34.0,573.0,-12.258599026407326,241.2238301132277,-12.092073567782126,241.0555549291955,-12.093625417276531,241.04854498376562,0.001551849494404678,0.007009945429871323,0.007179663765320622,0.006219564333343031
34.0,578.0,-12.173475189164366,241.13292820975403,-12.006806488915826,240.9663668093587,-12.01010904824529,240.96118685552742,0.0033025593294642164,0.005179953831287776,0.006143192966113309,0.006347674907272838
34.0,583.0,-12.093625417276531,241.04854498376562,-11.926723034236616,240.8834625848755,-11.931894923641732,240.88019841946425,0.005171889405115593,0.0032641654112524066,0.0061158168588311655,0.006479318397948353
34.0,588.0,-12.01010904824529,240.96118685552742,-11.842875526013401,240.79753734310617,-11.847262364428149,240.79344831865862,0.004386838414747629,0.004089024447551992,0.0059970386200009895,0.006444708244548236
34.0,593.0,-11.931894923641732,240.88019841946425,-11.764282763272396,240.71780023935878,-11.766223975655091,240.71122839397145,0.0019412123826949568,0.0065718453873273575,0.006852551153378141,0.006305821590177674
34.0,598.0,-11.847262364428149,240.79344831865862,-11.679176997124074,240.63232007846622,-11.679665276836047,240.62430671427938,0.00048827971197340503,0.00801336418683718,0.008028226620369502,0.006228511707430551
34.0,603.0,-11.766223975655091,240.71122839397145,-11.59763330055957,240.55124660083408,-11.601588650550257,240.54668885901887,0.003955349990686585,0.004557741815204963,0.006034716563592047,0.006449744131772461
34.0,608.0,-11.679665276836047,240.62430671427938,-11.510487666008741,240.465485930059,-11.515886476825887,240.46233573418476,0.005398810817146327,0.003150195874241035,0.006250671346777195,0.006545781589548216
34.0,613.0,-11.601588650550257,240.54668885901887,-11.43184651311218,240.3888674430926,-11.431884742066611,240.3805013462509,3.822895443050811e-05,0.008366096841712078,0.008366184185030932,0.006229116031060022
34.0,618.0,-11.515886476825887,240.46233573418476,-11.345492886588596,240.30556712842593,-11.34466279722799,240.2964028726173,-0.0008300893606065785,0.009164255808627786,0.009201773354770282,0.006184865159732823
34.0,623.0,-11.431884742066611,240.3805013462509,-11.260826008844829,240.2247267682974,-11.260780503472537,240.21635077099359,-4.55053722916432e-05,0.008375997303801341,0.008376120914372879,0.006238832885660961
34.0,628.0,-11.34466279722799,240.2964028726173,-11.172890739713013,240.14162705286859,-11.175558359918828,240.13583757446088,0.0026676202058144582,0.005789478407706383,0.006374500591871337,0.00640641435534106
34.0,633.0,-11.260780503472537,240.21635077099359,-11.088304912918579,240.062508548942,-11.090025480678849,240.0558469629062,0.0017205677602696312,0.006661586035789924,0.006880194904936238,0.006355326308536412
34.0,638.0,-11.175558359918828,240.13583757446088,-11.002354071467439,239.9829212147771,-11.004493944919975,239.9766651215315,0.0021398734525366336,0.006256093245582406,0.006611940796036581,0.006384761880853906
34.0,643.0,-11.090025480678849,240.0558469629062,-10.916078869855017,239.90384062506982,-10.918397194617901,239.8977619407903,0.002318324762883961,0.006078684279515301,0.006505769153315189,0.006399439132392382
34.0,648.0,-11.004493944919975,239.9766651215315,-10.829796702183387,239.82555267186868,-10.832643433091906,239.81996392273805,0.0028467309085193904,0.0055887491306236825,0.006272000774120376,0.006434051990397594
34.0,653.0,-10.918397194617901,239.8977619407903,-10.742997146144731,239.74749570700914,-10.744929261636399,239.7408978355659,0.0019321154916678296,0.006597871443233316,0.006874952934717189,0.006551552072318612
34.0,658.0,-10.832643433091906,239.81996392273805,-10.659757602360989,239.66722434001505,-10.665350660993736,239.66306952757114,0.005593058632747727,0.0041548124439145795,0.0069674077900939105,0.007369507019564402
34.0,663.0,-10.744929261636399,239.7408978355659,-10.580689237045132,239.57757411045068,-10.584153343711842,239.57633105535598,0.003464106666710265,0.0012430550947044594,0.0036803832635769356,0.0034642595018893334
34.0,668.0,-10.665350660993736,239.66306952757114,-10.509655889312063,239.49364149686815,-10.505554796197064,239.4928038802932,-0.004101093114998733,0.0008376165749552911,0.004185757549659302,-0.002652634528529596
34.0,673.0,-10.584153343711842,239.57633105535598,-10.428995619535115,239.40396222117784,-10.422045136309801,239.40348841319442,-0.006950483225313775,0.0004738079834112341,0.006966614031975103,-0.00490529649828686
34.0,678.0,-10.505554796197064,239.4928038802932,-10.34878726260454,239.31820316120607,-10.3402034507972,239.31497773417126,-0.008583811807341135,0.0032254270348062164,0.009169798509275321,-0.004098462775997236
34.0,683.0,-10.422045136309801,239.40348841319442,-10.264663659833039,239.22633796834435,-10.26048024162652,239.2278600301438,-0.004183418206517686,-0.001522061799448693,0.004451703046246981,-0.0043639906397473505
34.0,688.0,-10.3402034507972,239.31497773417126,-10.182494332307735,239.13559940271813,-10.17776035572512,239.13652529518194,-0.00473397658261554,-0.000925892463811806,0.004823671956020206,-0.004348683040156454
34.0,693.0,-10.26048024162652,239.2278600301438,-10.102616201699675,239.04650537680126,-10.093836180869227,239.0428589217808,-0.008780020830448265,0.003646455020458461,0.009507123644895556,-0.004078352716180289
34.0,698.0,-10.17776035572512,239.13652529518194,-10.01991309006683,238.9532790919763,-10.012749572250023,238.95138834518622,-0.007163517816806575,0.001890746790081721,0.0074088400533355815,-0.004173692445912924
34.0,703.0,-10.093836180869227,239.0428589217808,-9.936166260447663,238.85783878863532,-9.933366653821889,238.86089356537354,-0.002799606625774942,-0.0030547767382245183,0.004143604491198524,-0.004451774043380152
34.0,708.0,-10.012749572250023,238.95138834518622,-9.855382082783128,238.76477421256465,-9.84964447931238,238.76442201924533,-0.005737603470748809,0.0003521933193155746,0.005748402710468299,-0.0042552567523243
34.0,713.0,-9.933366653821889,238.86089356537354,-9.776435363074542,238.67280063421947,-9.76876718495988,238.66991690020038,-0.0076681781146614725,0.0028837340190932537,0.008192489090078112,-0.003939867804248709
34.0,718.0,-9.84964447931238,238.76442201924533,-9.695009304188352,238.57333504878372,-9.691674113492965,238.57205369956924,-0.0033351906953864585,0.0012813492144800875,0.0035728633872625392,-0.001743594329321252
34.0,723.0,-9.76876718495988,238.66991690020038,-9.621065730599756,238.47175075391442,-9.616144472791518,238.47271163664067,-0.004921257808238266,-0.0009608827262468367,0.0050141872749973814,-0.004853433464581114
34.0,728.0,-9.691674113492965,238.57205369956924,-9.549681824066166,238.36912369924906,-9.541352900103616,238.37274302199387,-0.008328923962549695,-0.0036193227448109155,0.009081325426667636,-0.00935726354546973
34.0,733.0,-9.616144472791518,238.47271163664067,-9.475597230201329,238.26882199137313,-9.469556762215223,238.2746180880606,-0.006040467986105469,-0.005796096687475938,0.008371498689107859,-0.009038020606313424
34.0,738.0,-9.541352900103616,238.37274302199387,-9.403238518088266,238.1677295841404,-9.399549089213474,238.17679812034274,-0.0036894288747912896,-0.009068536202335054,0.009790313287898667,-0.009349778553322863
34.0,743.0,-9.469556762215223,238.2746180880606,-9.333583114472239,238.06765066292857,-9.328623043818522,238.07546400202756,-0.004960070653716286,-0.007813339098987626,0.00925475924946869,-0.009480592152546373
34.0,748.0,-9.399549089213474,238.17679812034274,-9.265413377559403,237.96770051168772,-9.253393833530913,237.96541531663797,-0.012019544028490259,0.0022851950497511098,0.012234850022301982,-0.008583708467982622
34.0,753.0,-9.328623043818522,238.07546400202756,-9.196435434783723,237.86454836531422,-9.182503047878834,237.85916960943197,-0.013932386904889071,0.005378755882247788,0.014934604772418305,-0.008265302598103763
34.0,758.0,-9.253393833530913,237.96541531663797,-9.123417294752569,237.7526739319225,-9.114179531335871,237.75432965933604,-0.009237763416697575,-0.0016557274135493572,0.009384972360686786,-0.00899605843021023
34.0,763.0,-9.182503047878834,237.85916960943197,-9.05472634980997,237.64478854662224,-9.0473977160715,237.64940759519766,-0.007328633738470813,-0.004619048575420948,0.008662821839028606,-0.009305618953314165
34.0,768.0,-9.114179531335871,237.75432965933604,-8.988630950317141,237.53844902540857,-8.983601855006153,237.54680948372402,-0.005029095310987941,-0.00836045831545107,0.009756488245849314,-0.009690898045082164
34.0,773.0,-9.0473977160715,237.64940759519766,-8.923997510294916,237.43219282405593,-8.915704170532111,237.43521057332782,-0.008293339762804663,-0.0030177492718905796,0.008825321245672197,-0.009167208302886642
34.0,778.0,-8.983601855006153,237.54680948372402,-8.854650223916748,237.33354093656428,-8.845460358984727,237.32820758917612,-0.009189864932020342,0.005333347388159382,0.010625357021369387,-0.004725860955500871
34.0,783.0,-8.915704170532111,237.43521057332782,-8.768238768170765,237.23682171269164,-8.771032461768405,237.22970998620767,0.0027936935976402566,0.00711172648396996,0.007640770739938209,0.006324499479154921
34.0,788.0,-8.845460358984727,237.32820758917612,-8.691177498950275,237.13520020443627,-8.693498934056182,237.13839467911208,0.0023214351059070992,-0.0031944746758085785,0.003948889642079179,0.0002315713658911367
34.0,793.0,-8.771032461768405,237.22970998620767,-8.604785664194708,237.0459227406612,-8.608220946626888,237.03926067725507,0.0034352824321803865,0.006662063406139396,0.007495615666259099,0.007525608471622425
34.0,798.0,-8.693498934056182,237.13839467911208,-8.510322577863356,236.94461630529472,-8.522731826151624,236.941681109624,0.01240924828826806,0.0029351956707159843,0.01275165937065736,0.01236598034901637
34.0,803.0,-8.608220946626888,237.03926067725507,-8.396232813087463,236.80953384283688,-8.429746015293267,236.83818731613258,0.03351320220580334,-0.0286534732956909,0.04409258729076729,0.009687524538188663
34.0,808.0,-8.522731826151624,236.941681109624,-8.295784816687062,236.7006291558052,-8.315106955806835,236.71412276459645,0.01932213911977243,-0.013493608791264933,0.023567404150129527,0.007312708546706848
34.0,813.0,-8.429746015293267,236.83818731613258,-8.178701159408542,236.5770849782293,-8.186802392221404,236.57964177006053,0.008101232812862236,-0.0025567918312390248,0.008495125517406225,0.005174433156264313
34.0,818.0,-8.315106955806835,236.71412276459645,-8.029081605497597,236.42418537062213,-8.025901098077066,236.41715876344242,-0.003180507420530887,0.007026607179710709,0.007712900615852256,0.0027029001722601587
34.0,823.0,-8.186802392221404,236.57964177006053,-7.858932500377643,236.2570709868685,-7.837831101362513,236.23538196485194,-0.021101399015130085,0.021689022016573745,0.030260249774764804,-0.0006740632192450136
34.0,828.0,-8.025901098077066,236.41715876344242,-7.644970265740996,236.05657633687875,-7.628140263912458,236.04229119512092,-0.01683000182853789,0.014285141757824249,0.022075195052133123,-0.001497417734391715
34.0,833.0,-7.837831101362513,236.23538196485194,-7.400252911918525,235.83854851032913,-7.37937325514614,235.82457387818644,-0.02087965677238479,0.013974632142691235,0.025124697221183247,-0.0035891987312952622
34.0,838.0,-7.628140263912458,236.04229119512092,-7.147637609862844,235.61100426336583,-7.123800958338636,235.5911078638997,-0.023836651524208108,0.019896399466119874,0.031049197535555538,-0.00031690123234306977
34.0,843.0,-7.37937325514614,235.82457387818644,-6.866220758988733,235.3518422050914,-6.873525228432223,235.33068147194467,0.007304469443489836,0.02116073314672917,0.02238597554626466,0.0199452850167825
34.0,848.0,-7.123800958338636,235.5911078638997,-6.602452525177226,235.06335248080683,-6.62656901941336,235.03118298349062,0.024116494236134045,0.03216949731620389,0.04020549529378709,0.03432711580271397
34.0,853.0,-6.873525228432223,235.33068147194467,-6.376331158200305,234.73778832003748,-6.388968310977854,234.7242623806901,0.01263715277754951,0.01352593934737456,0.018510771608768302,0.012835278448351084
34.0,858.0,-6.62656901941336,235.03118298349062,-6.138765413931101,234.38662701101106,-6.142046999071053,234.38306018680328,0.0032815851399519147,0.003566824207780428,0.004846755199095752,0.0019512657281302026
34.0,863.0,-6.388968310977854,234.7242623806901,-5.903245030848355,234.04134418628175,-5.902997336123968,234.02587743797503,-0.0002476947243872374,0.015466748306721456,0.015468731553038224,0.00577499904651213
34.0,868.0,-6.142046999071053,234.38306018680328,-5.667186802682466,233.66106714411342,-5.6750648048170165,233.65639094261115,0.007878002134550144,0.004676201502263666,0.009161319671409223,0.005295711558458095
34.0,873.0,-5.902997336123968,234.02587743797503,-5.444115255142001,233.2675559798055,-5.454475023839557,233.2665073312718,0.010359768697556504,0.0010486485336969054,0.01041270719909555,0.005185481063347042
34.0,878.0,-5.6750648048170165,233.65639094261115,-5.236016118910155,232.86490643291927,-5.240120662848887,232.85030780610563,0.004104543938732164,0.014598626813636884,0.01516466899700817,0.006768883487463962
34.0,883.0,-5.454475023839557,233.2665073312718,-5.039234934637296,232.4442056182915,-5.049555763547372,232.4414658310969,0.010320828910075797,0.00273978719459933,0.010678293087509203,0.005889448815098674
34.0,888.0,-5.240120662848887,232.85030780610563,-4.852805696292392,231.99930676300343,-4.864702137230224,231.99977164147077,0.011896440937832153,-0.00046487846734066807,0.011905520525232225,0.005804420030619761
34.0,893.0,-5.049555763547372,232.4414658310969,-4.691476344687921,231.5661788463051,-4.703153238634603,231.56674765233385,0.011676893946682476,-0.0005688060287525332,0.011690739606218893,0.00563057766359587
34.0,898.0,-4.864702137230224,231.99977164147077,-4.530208346317058,231.1061699912992,-4.528342051970109,231.1115609335033,-0.001866294346948294,-0.005390942204115845,0.005704849904911484,-0.00744689835818102
34.0,903.0,-4.703153238634603,231.56674765233385,-4.36378391973988,230.67069540249153,-4.329584236604348,230.68079865367656,-0.034199683135531345,-0.010103251185029194,0.035660818990574814,-0.033012749935779295
34.0,908.0,-4.528342051970109,231.1115609335033,-4.144050934355487,230.22869922186237,-4.092895774048624,230.2636074900633,-0.0511551603068634,-0.03490826820092252,0.06193091001114412,-0.049365382311483026
34.0,913.0,-4.329584236604348,230.68079865367656,-3.865162735973734,229.8395159492106,-3.8355325544268544,229.8505965592831,-0.029630181546879797,-0.011080610072497166,0.03163427852946518,-0.021298841085990228
34.0,918.0,-4.092895774048624,230.2636074900633,-3.5750943616390924,229.44541745019876,-3.5655744992946112,229.45140114554704,-0.009519862344481211,-0.0059836953482772515,0.011244215805420408,-0.006128068654967622
34.0,923.0,-3.8355325544268544,229.8505965592831,-3.2849270260798837,229.04575332852397,-3.278781016024725,229.0632181129041,-0.0061460100551586905,-0.0174647843801381,0.018514646446606196,-0.008968019794130422
34.0,928.0,-3.5655744992946112,229.45140114554704,-2.979421207948876,228.66341139222135,-2.9895439105754886,228.7032823794832,0.010122702626612412,-0.03987098726184968,0.041135929960332794,-0.008258258853490075
34.0,933.0,-3.278781016024725,229.0632181129041,-2.656046987486146,228.29599155132095,-2.63858568093852,228.30269140589513,-0.0174613065476259,-0.006699854574179653,0.018702547357654763,-0.011627576220009315
34.0,938.0,-2.9895439105754886,228.7032823794832,-2.3333835229948985,227.95751750180534,-2.305026963824965,227.9538465555418,-0.028356559169933515,0.0036709462635542423,0.028593186153834684,-0.01303640681366125
34.0,943.0,-2.63858568093852,228.30269140589513,-1.9454323042942492,227.58401514762232,-1.9466578366172271,227.6092250775492,0.0012255323229779513,-0.025209929926887753,0.025239700798409922,-0.00968174756123974
34.0,948.0,-2.305026963824965,227.9538465555418,-1.5798094049731783,227.2617678258,-1.556382578714348,227.26540517477616,-0.023426826258830413,-0.003637348976155863,0.023707519822532434,-0.012649467631479783
34.0,953.0,-1.9466578366172271,227.6092250775492,-1.1909103743733975,226.94685410470137,-1.1737791313600388,226.95617029354642,-0.017131243013358777,-0.009316188845048146,0.019500534910082683,-0.01186706042814889
34.0,958.0,-1.556382578714348,227.26540517477616,-0.7909448978898768,226.64190350538863,-0.7830110486095173,226.63328060537378,-0.00793384928035945,0.008622900014842116,0.011717524016165888,0.0063955509713272685
34.0,963.0,-1.1737791313600388,226.95617029354642,-0.4364052591684114,226.36942355423417,-0.45273793525682166,226.3236498326003,0.01633267608841027,0.045773721633878495,0.04860030761656478,0.04055418812025547
34.0,968.0,-0.7830110486095173,226.63328060537378,-0.0943709081874184,226.01565838900217,-0.1068440835074492,225.97533241149384,0.012473175320030797,0.040325977508331334,0.04221095313501781,0.029223821854383103
34.0,973.0,-0.45273793525682166,226.3236498326003,0.1678482076005927,225.68341110052657,0.17993362877155422,225.67711836923198,-0.012085421170961508,0.006292731294593068,0.01362555951238244,-0.004789451493170339
34.0,978.0,-0.1068440835074492,225.97533241149384,0.47362257637915817,225.36050168016854,0.46142940213493333,225.3736332081184,0.012193174244224836,-0.013131527949866495,0.017919557038279514,-0.001935132744436907
34.0,983.0,0.17993362877155422,225.67711836923198,0.7152748498468344,225.0912754987986,0.7019216378327662,225.1052294520665,0.01335321201406825,-0.013953953267900943,0.019313753723588276,-0.0013706988737428596
34.0,988.0,0.46142940213493333,225.3736332081184,0.9428674172351263,224.82747798388888,0.9213991411500094,224.85275417009325,0.021468276085116922,-0.02527618620436556,0.033162817538691776,-0.0026131260509995036
34.0,993.0,0.7019216378327662,225.1052294520665,1.1326487207746345,224.6013468478804,1.1170286155154847,224.6214156296832,0.015620105259149808,-0.020068781802820013,0.025431155918599516,-0.0027668609188333804
34.0,998.0,0.9213991411500094,224.85275417009325,1.3080723931653688,224.38744432907274,1.293310095239242,224.40761874022655,0.014762297926126822,-0.020174411153817573,0.024998646072597757,-0.0030226843414100646
34.0,1003.0,1.1170286155154847,224.6214156296832,1.466514875532345,224.18976675501398,1.456559571897836,224.20491359415647,0.009955303634509027,-0.015146839142488489,0.018125529136102207,-0.002966484381168866
34.0,1008.0,1.293310095239242,224.40761874022655,1.611184478596429,224.00537782903692,1.6047495113443662,224.01680773459782,0.00643496725206294,-0.011429905560902398,0.01311684202337857,-0.0029752772228727182
34.0,1013.0,1.456559571897836,224.20491359415647,1.7470479120840654,223.82889708348688,1.7416351000567312,223.84004407351472,0.005412812027334235,-0.011146990027839365,0.012391687565622546,-0.0034334085183110874
34.0,1018.0,1.6047495113443662,224.01680773459782,1.8776406740456828,223.66792282551035,1.8741928446480123,223.68179115862785,0.003447829397670521,-0.013868333117500242,0.014290493029052396,-0.006550155367210041
34.0,1023.0,1.7416351000567312,223.84004407351472,2.0126143441897244,223.5268984518036,2.0148785994075444,223.53658813696032,-0.0022642552178200326,-0.00968968515672941,0.009950721085829284,-0.00811295216853336
34.0,1028.0,1.8741928446480123,223.68179115862785,2.146120969924259,223.40105782053413,2.1421703805357897,223.4124652303003,0.003950589388469261,-0.011407409766178489,0.01207212301502061,-0.0034134202015798643
34.0,1033.0,2.0148785994075444,223.53658813696032,2.2863700271184126,223.28769353426725,2.2735379802473243,223.2869077028766,0.012832046871088298,0.0007858313906581316,0.012856086413693348,0.01082976259839108
34.0,1038.0,2.1421703805357897,223.4124652303003,2.403730238802802,223.17754299367485,2.396911877223304,223.1724296968418,0.006818361579497889,0.005113296833059167,0.008522667371882222,0.009152359619224448
34.0,1043.0,2.2735379802473243,223.2869077028766,2.526894764315933,223.06629744612738,2.5180304123854036,223.06326461642342,0.00886435193052959,0.003032829703954576,0.009368820158455006,0.009207438943925061
34.0,1048.0,2.396911877223304,223.1724296968418,2.6438458819310555,222.96434996317058,2.6391476865837284,222.95712646254407,0.004698195347327072,0.007223500626508894,0.008616960068540421,0.009100073500755035
34.0,1053.0,2.5180304123854036,223.06326461642342,2.759419397597926,222.86614308766642,2.75513856662242,222.85821803593555,0.0042808309755058005,0.007925051730865107,0.009007328059848713,0.009336167815513385
34.0,1058.0,2.6391476865837284,222.95712646254407,2.8757517796008005,222.76980743850052,2.8674868433471943,222.76487923820414,0.008264936253606248,0.004928200296376417,0.009622698656685634,0.010015728425592285
34.0,1063.0,2.75513856662242,222.85821803593555,2.987845575224485,222.67932819326063,2.9817170463039164,222.6723889666124,0.006128528920568588,0.006939226648228214,0.009258063145481681,0.009976799475789555
34.0,1068.0,2.8674868433471943,222.76487923820414,3.097011533119323,222.59335555749925,3.087624962586353,222.58874449427353,0.009386570532969873,0.00461106322572391,0.010457992658347093,0.010503439199790465
34.0,1073.0,2.9817170463039164,222.6723889666124,3.208443374640581,222.50755411263592,3.2030109244929514,222.49956742703768,0.005432450147629719,0.007986685598240229,0.009659123223751731,0.010324963299436331
34.0,1078.0,3.087624962586353,222.58874449427353,3.3060457731584973,222.42257647991306,3.3017438493270723,222.41780616668368,0.004301923831425025,0.004770313229386147,0.006423584432218437,0.006820041124900311
34.0,1083.0,3.2030109244929514,222.49956742703768,3.4033889240847572,222.31696100335577,3.4035267804360343,222.32118035202274,-0.00013785635127705476,-0.004219348666964606,0.00422160011689921,-0.0029856969787918075
34.0,1088.0,3.3017438493270723,222.41780616668368,3.4931789231934656,222.23003700987945,3.4868744697696386,222.2325005456178,0.006304453423827017,-0.0024635357383431256,0.006768688300350223,0.0022821072896449524
