group,start_index,start_x,start_y,predicted_x,predicted_y,true_x,true_y,error_x,error_y,position_error,yaw_error
1.0,3.0,80.1409453306529,-171.4835698419849,80.17066520111337,-171.4734979003686,80.14551226690631,-171.48105158675799,0.025152934207056887,0.0075536863893717054,0.02626267841050322,0.006467034887633004
1.0,8.0,80.14210867299539,-171.48292835749936,80.17175249877579,-171.47289793189051,80.14660697927378,-171.48044796040108,0.025145519502004277,0.0075500285105647436,0.026254524972583633,0.006466373821128801
1.0,13.0,80.14329948065486,-171.4822717321367,80.17286573521385,-171.4722834380697,80.14774840809734,-171.4798185785285,0.025117327116504384,0.0075351404587991055,0.026223242805025422,0.006465483403883088
1.0,18.0,80.144442882317,-171.48164125083133,80.173934853539,-171.47169389193465,80.14879629479192,-171.47924077937563,0.025138558747073603,0.007546887440980754,0.02624695498390059,0.0064652189104199564
1.0,23.0,80.14551226690631,-171.48105158675799,80.17493502596604,-171.47114182303247,80.14982290454576,-171.47867471577925,0.0251121214202783,0.007532892746780817,0.026217610786669773,0.006464429258588478
1.0,28.0,80.14660697927378,-171.48044796040108,80.17595910481582,-171.47057673471124,80.15084174928208,-171.478112937357,0.025117355533737395,0.00753620264575261,0.026223575258267462,0.006463784911645121
1.0,33.0,80.14774840809734,-171.4798185785285,80.17702712406113,-171.46998763855265,80.15184691262992,-171.4775587062586,0.025180211431205635,0.007571067705953283,0.02629380371738459,0.006463327780229734
1.0,38.0,80.14879629479192,-171.47924077937563,80.17788417002608,-171.46953595216783,80.15285992372233,-171.4770011295435,0.02502424630374378,0.007465177375678422,0.026114014940655433,0.006482408324933964
1.0,43.0,80.14982290454576,-171.47867471577925,80.16707244010239,-171.47426351857095,80.15185046568631,-171.47749983184133,0.015221974416078865,0.0032363132703778774,0.015562205136412493,0.005216253372986479
1.0,48.0,80.15084174928208,-171.478112937357,80.12309349122394,-171.49529717802446,80.14138562037405,-171.48270762883269,-0.01829212915011169,-0.01258954919177313,0.022205826660956385,0.0023868519925978045
1.0,53.0,80.15184691262992,-171.4775587062586,80.04640533118456,-171.53163299217027,80.11636802414682,-171.4952722812435,-0.06996269296226387,-0.036360710926771844,0.07884719212268926,-0.002158723390560891
1.0,58.0,80.15285992372233,-171.4770011295435,79.915248586674,-171.58784098230717,80.0680761329928,-171.5194414503463,-0.1528275463188038,-0.06839953196086412,0.16743582318694944,-0.013533688414656188
1.0,63.0,80.15185046568631,-171.47749983184133,79.8772481469724,-171.60765681339043,79.99192466175323,-171.55725319479944,-0.1146765147808253,-0.05040361859099107,0.12526463111885552,-0.010633484638006507
1.0,68.0,80.14138562037405,-171.48270762883269,79.8210847668466,-171.6353175737239,79.8818012551185,-171.61132763708224,-0.060716488271907565,-0.023989936641669374,0.06528406396774024,-0.007677636795170972
1.0,73.0,80.11636802414682,-171.4952722812435,79.73192215173654,-171.6791087163044,79.73611204690415,-171.6817754529146,-0.004189895167613145,0.0026667366101946754,0.004966558734550571,-0.004243495185466628
1.0,78.0,80.0680761329928,-171.5194414503463,79.5958366513314,-171.74476121848286,79.55313504561103,-171.76850902481044,0.0427016057203673,0.023747806327577337,0.048860878384141104,-0.001193397953293207
1.0,83.0,79.99192466175323,-171.55725319479944,79.41391207833195,-171.8308320496814,79.32859054019379,-171.87232079821445,0.08532153813816024,0.041488748533055286,0.09487402766353197,0.001803659489624021
1.0,88.0,79.8818012551185,-171.61132763708224,79.18032291131823,-171.93859090837717,79.06550723338074,-171.99032121229638,0.11481567793748582,0.05173030391921429,0.12593118852698382,0.0043483198706031345
1.0,93.0,79.73611204690415,-171.6817754529146,78.89840948133809,-172.0645400065566,78.77046672834443,-172.11806494238434,0.1279427529936612,0.05352493582773832,0.13868765914442607,0.006225174761749663
1.0,98.0,79.55313504561103,-171.76850902481044,78.56929497475006,-172.2060958432956,78.45205446383046,-172.25058523001363,0.11724051091960064,0.044489386718026935,0.12539793830536108,0.0071532688996796
1.0,103.0,79.32859054019379,-171.87232079821445,78.20725019699289,-172.36015886261015,78.1051481092452,-172.40279853220812,0.10210208774768148,0.042639669597974716,0.1106479902477207,-0.00021399040444958217
1.0,108.0,79.06550723338074,-171.99032121229638,77.82420537155937,-172.5227536951038,77.75893858245341,-172.58026875269437,0.06526678910596218,0.057515057590563856,0.08699273308643671,-0.025691220674493476
1.0,113.0,78.77046672834443,-172.11806494238434,77.42672377883298,-172.6916427154158,77.38259831798,-172.78148503942109,0.044125460852981746,0.08984232400527503,0.1000934537227927,-0.04821070306969677
1.0,118.0,78.45205446383046,-172.25058523001363,77.02930007201678,-172.87048165762454,77.00033423342363,-172.9936534243256,0.028965838593151716,0.12317176670106278,0.12653182966220616,-0.061795777241079104
1.0,123.0,78.1051481092452,-172.40279853220812,76.64978837400581,-173.1442534762089,76.62046545524586,-173.21397622224316,0.029322918759945082,0.06972274603427309,0.0756379195851002,-0.027451391841656125
1.0,128.0,77.75893858245341,-172.58026875269437,76.27362893278074,-173.41018390006764,76.22092280873899,-173.4562530658621,0.052706124041748126,0.04606916579444942,0.07000216816999748,-0.00995455584544569
1.0,133.0,77.38259831798,-172.78148503942109,75.85129166049279,-173.6612434822989,75.82817253303251,-173.70529598049518,0.023119127460276445,0.044052498196293755,0.04975054423681185,-0.016268651382449928
1.0,138.0,77.00033423342363,-172.9936534243256,75.43916597206199,-173.92930022248825,75.41715918233865,-173.97793707880476,0.02200678972333492,0.04863685631650583,0.05338391692522675,-0.018166266792153607
1.0,143.0,76.62046545524586,-173.21397622224316,75.0392729143047,-174.20359734641917,75.01914443401944,-174.25415519442447,0.020128480285265482,0.0505578480052975,0.054417384295104496,-0.019033819868426782
1.0,148.0,76.22092280873899,-173.4562530658621,74.62630579640314,-174.49991202377015,74.62913776472129,-174.53698377333117,-0.002831968318147915,0.037071749561022216,0.037179761431054725,-0.018856246281916622
1.0,153.0,75.82817253303251,-173.70529598049518,74.22695681523653,-174.7999985376284,74.21502411817514,-174.85109471301627,0.01193269706139688,0.051096175387868925,0.05247102436990279,-0.0205535852306995
1.0,158.0,75.41715918233865,-173.97793707880476,73.81501766280265,-175.12411560798736,73.82439202969731,-175.16105646698801,-0.009374366894661534,0.03694085900065147,0.03811175433356143,-0.02029017274513567
1.0,163.0,75.01914443401944,-174.25415519442447,73.41658658678269,-175.44224932451,73.41849225525193,-175.47421198969892,-0.001905668469248667,0.031962665188927986,0.03201942439042584,-0.01119446294918669
1.0,168.0,74.62913776472129,-174.53698377333117,73.02291469465332,-175.75454094589514,72.99258992804252,-175.7512768604493,0.030324766610803522,-0.0032640854458350077,0.03049992989823774,0.027883228107621342
1.0,173.0,74.21502411817514,-174.85109471301627,72.60021097898783,-176.08822733000116,72.53197271439086,-176.00851080818413,0.06823826459697102,-0.07971652181703348,0.10493419178614663,0.07756146671617703
1.0,178.0,73.82439202969731,-175.16105646698801,72.17954433527805,-176.39189337441246,72.08060323698187,-176.23669000010455,0.09894109829618003,-0.15520337430791642,0.18405821994308638,0.10792140767669878
1.0,183.0,73.41849225525193,-175.47421198969892,71.67555865870202,-176.5963515547538,71.59453207126539,-176.45627744835107,0.08102658743662516,-0.14007410640272155,0.16182108378127377,0.08342505969233784
1.0,188.0,72.99258992804252,-175.7512768604493,71.13898858003256,-176.6957441189324,71.13637980329062,-176.63929917619978,0.0026087767419369357,-0.056444942732611025,0.05650519689530344,0.025029638829071832
1.0,193.0,72.53197271439086,-176.00851080818413,70.62510855710066,-176.869000464689,70.62732580364934,-176.81677871092623,-0.0022172465486818282,-0.0522217537627796,0.05226880282078428,0.023673235507033485
1.0,198.0,72.08060323698187,-176.23669000010455,70.1307205002761,-177.02337783093088,70.10206609058743,-176.97291548676134,0.028654409688670057,-0.05046234416954576,0.05803036596207056,0.03002287320907726
1.0,203.0,71.59453207126539,-176.45627744835107,69.61081206136522,-177.1509828267607,69.62600142299921,-177.09153532285706,-0.01518936163398621,-0.059447503903641064,0.06135733393182458,0.024847066097068105
1.0,208.0,71.13637980329062,-176.63929917619978,69.15329468659228,-177.23738385156747,69.08819221444557,-177.20030098268964,0.06510247214670528,-0.03708286887783174,0.07492310086897766,0.02766093272324044
1.0,213.0,70.62732580364934,-176.81677871092623,68.67376575444531,-177.3033922726646,68.58916260901442,-177.27811558744997,0.08460314543088998,-0.02527668521463511,0.08829837502604493,0.02293473535433943
1.0,218.0,70.10206609058743,-176.97291548676134,68.22583783187198,-177.34325525120622,68.10984453661013,-177.33231243822303,0.11599329526185898,-0.010942812983188333,0.11650832460253571,0.018586874727157365
1.0,223.0,69.62600142299921,-177.09153532285706,67.76780589216646,-177.3861285208845,67.6755089978106,-177.37903534383307,0.09229689435586863,-0.0070931770514448544,0.09256905459397066,0.008522791362485016
1.0,228.0,69.08819221444557,-177.20030098268964,67.2668762033144,-177.4263117168469,67.25161273488095,-177.45123126565235,0.015263468433445837,0.02491954880545677,0.029222549192127974,-0.02794290303401104
1.0,233.0,68.58916260901442,-177.27811558744997,66.8346579657416,-177.46280229569848,66.89315888043551,-177.5424181396505,-0.05850091469390861,0.07961584395201271,0.09879797380622343,-0.07227356610640889
1.0,238.0,68.10984453661013,-177.33231243822303,66.46145756143035,-177.53535863021713,66.5861220404615,-177.631621804462,-0.12466447903115352,0.09626317424485364,0.15750501911940448,-0.08156971234239485
1.0,243.0,67.6755089978106,-177.37903534383307,66.13833779545459,-177.64097038628904,66.26733897305849,-177.73274261667456,-0.12900117760389662,0.09177223038551574,0.158314390038064,-0.0708839044364531
1.0,248.0,67.25161273488095,-177.45123126565235,65.88196562191764,-177.8232782197311,65.98884053902609,-177.82945592974804,-0.10687491710844199,0.006177710016942228,0.1070533138580482,-0.014057973760738474
1.0,253.0,66.89315888043551,-177.5424181396505,65.66794368769767,-177.96032752846043,65.7426019045282,-177.92170810176094,-0.07465821683052809,-0.03861942669948348,0.08405539518026743,0.016096677173204288
1.0,258.0,66.5861220404615,-177.631621804462,65.46187050884481,-178.04139841323692,65.5087566787223,-178.01528998630133,-0.04688616987749583,-0.026108426935593343,0.05366528564009152,0.011890231680749874
1.0,263.0,66.26733897305849,-177.73274261667456,65.24687753029646,-178.1380139356447,65.29420937480091,-178.10640393075755,-0.04733184450445549,-0.03161000488714194,0.05691656975924578,0.01509669292145377
1.0,268.0,65.98884053902609,-177.82945592974804,65.05533638118844,-178.22965323323825,65.09938399675356,-178.19360164991596,-0.04404761556511971,-0.036051583322290526,0.05692019937611457,0.01846146633834822
1.0,273.0,65.7426019045282,-177.92170810176094,64.88224995955147,-178.31551452345593,64.91416248456474,-178.28054267979536,-0.03191252501326858,-0.03497184366057127,0.04734383911072201,0.020279963073360108
1.0,278.0,65.5087566787223,-178.01528998630133,64.7143791847174,-178.40180741348036,64.73838540840147,-178.3667837363181,-0.024006223684068573,-0.03502367716225763,0.04246123805938283,0.022192844399228306
1.0,283.0,65.29420937480091,-178.10640393075755,64.55433547316298,-178.47921925496678,64.57662551521001,-178.44472599113536,-0.022290042047032443,-0.03449326383142193,0.0410686160492724,0.02135905676613703
1.0,288.0,65.09938399675356,-178.19360164991596,64.40110539841444,-178.54158988945073,64.41026890601219,-178.51226667657988,-0.009163507597747866,-0.029323212870849602,0.03072166474270466,0.021556733138449413
1.0,293.0,64.91416248456474,-178.28054267979536,64.2474666032144,-178.59355448298183,64.25866785102802,-178.5617102921972,-0.011201247813616533,-0.03184419078462497,0.03375678360433119,0.02329925884214079
1.0,298.0,64.73838540840147,-178.3667837363181,64.09624500477227,-178.63383292145673,64.10050493281602,-178.60970686499337,-0.004259928043751415,-0.02412605646335919,0.024499256874671433,0.01894302092676181
1.0,303.0,64.57662551521001,-178.44472599113536,63.938921661647434,-178.67019877553545,63.95086098310393,-178.6538097781216,-0.011939321456495122,-0.016388997413855577,0.02027675104825449,0.007283901063980913
1.0,308.0,64.41026890601219,-178.51226667657988,63.78416366606042,-178.6897557319207,63.801490555262674,-178.69567012293118,-0.017326889202252005,0.00591439101046376,0.01830849831230764,-0.013020280423058583
1.0,313.0,64.25866785102802,-178.5617102921972,63.647177885247736,-178.706258361127,63.66118435700415,-178.7330089345745,-0.014006471756417227,0.02675057344751508,0.03019560283939058,-0.02804211503405396
1.0,318.0,64.10050493281602,-178.60970686499337,63.5077019945713,-178.74470595136745,63.52701357914566,-178.7669664183044,-0.019311584574360552,0.022260466936955936,0.029469741889334367,-0.0259881308353056
1.0,323.0,63.95086098310393,-178.6538097781216,63.373448638939614,-178.77718761460932,63.38712656605379,-178.800570460854,-0.013677927114173372,0.02338284624468656,0.0270895402073068,-0.025362337169345217
1.0,328.0,63.801490555262674,-178.69567012293118,63.23763582912753,-178.80745296297846,63.25292893179692,-178.8310901884855,-0.015293102669396319,0.023637225507030735,0.028153106736680433,-0.026059239233798603
1.0,333.0,63.66118435700415,-178.7330089345745,63.10866724626207,-178.8347938743786,63.131671629118074,-178.85723441596343,-0.02300438285600137,0.022440541584842322,0.03213688748473516,-0.027104475718711996
1.0,338.0,63.52701357914566,-178.7669664183044,62.9841332537187,-178.859799711834,62.98860935128532,-178.88634161780803,-0.004476097566616488,0.026541905974028168,0.0269166904013109,-0.025775458655651118
1.0,343.0,63.38712656605379,-178.800570460854,62.85363332711242,-178.88672574358057,62.861431481814535,-178.91360454344718,-0.007798154702115312,0.02687879986660846,0.027987159538390354,-0.027114207189001593
1.0,348.0,63.25292893179692,-178.8310901884855,62.7284792400455,-178.91724814583625,62.73705704178123,-178.94689466536988,-0.008577801735725643,0.02964651953362818,0.03086251452936418,-0.029989382118247754
1.0,353.0,63.131671629118074,-178.85723441596343,62.615820885039916,-178.94972068814687,62.60852669608176,-178.98182041659277,0.007294188958155701,0.0320997284458997,0.032918046097206055,-0.02767011377656514
1.0,358.0,62.98860935128532,-178.88634161780803,62.487664083560574,-178.99434161575888,62.485742973738446,-179.0147490455791,0.0019211098221276757,0.020407429820210155,0.02049765486136105,-0.017404669872413514
1.0,363.0,62.861431481814535,-178.91360454344718,62.368702831383885,-179.0405186779534,62.36438972125748,-179.04729547133334,0.004313110126403785,0.006776793379941637,0.008032922723200296,-0.004340212010895961
1.0,368.0,62.73705704178123,-178.94689466536988,62.25530861732868,-179.0824578479855,62.244421831817874,-179.07947044479505,0.010886785510805908,-0.002987403190445548,0.011289228343008112,0.0053462995339939035
1.0,373.0,62.60852669608176,-178.98182041659277,62.13114583172438,-179.1136275219383,62.12997173017409,-179.1101654547441,0.0011741015502906293,-0.0034620671941922865,0.0036557384626771795,0.0034985550873138926
1.0,378.0,62.485742973738446,-179.0147490455791,62.0122723571007,-179.14550032000665,62.01070285525118,-179.14215284600354,0.0015695018495165414,-0.003347474003106754,0.0036971500182047526,0.003498210490658238
1.0,383.0,62.36438972125748,-179.04729547133334,61.894270179328174,-179.17718705796335,61.88683824291721,-179.1753727268217,0.007431936410966955,-0.001814331141645198,0.007650194527474445,0.003536719497768015
1.0,388.0,62.244421831817874,-179.07947044479505,61.77717664598327,-179.20859266326133,61.76913617439124,-179.20693976093145,0.008040471592025256,-0.0016529023298801349,0.008208609476293066,0.003543038106234686
1.0,393.0,62.12997173017409,-179.1101654547441,61.66511042211259,-179.23860869933688,61.65046362950821,-179.23876704375004,0.014646792604381176,0.00015834441316542325,0.014647648498954903,0.0035138086173769345
1.0,398.0,62.01070285525118,-179.14215284600354,61.54797006377619,-179.27007207630754,61.53654427140571,-179.2693195082083,0.011425792370481247,-0.0007525680992443995,0.01145054977009173,0.003557035768210426
1.0,403.0,61.88683824291721,-179.1753727268217,61.426558830512796,-179.3049277609391,61.41642489369826,-179.30360281020657,0.010133936814533229,-0.0013249507325383547,0.010220184431046525,0.0038036870038613557
1.0,408.0,61.76913617439124,-179.20693976093145,61.31226953790765,-179.34392558789455,61.3029587677494,-179.34398967784256,0.009310770158251103,6.408994801176959e-05,0.00931099073467563,0.0022148640721662
1.0,413.0,61.65046362950821,-179.23876704375004,61.19822841112071,-179.388274284568,61.190632807167155,-179.38625121440586,0.007595603953554075,-0.0020230701621528624,0.007860407896555975,0.004334491927505901
1.0,418.0,61.53654427140571,-179.2693195082083,61.09041329361074,-179.43592297217322,61.080951492672376,-179.42819703772153,0.00946180093836091,-0.0077259344516846795,0.012215389480032786,0.010934530635777762
1.0,423.0,61.41642489369826,-179.30360281020657,60.98326901522474,-179.49468889835612,60.96616697563223,-179.47345487297332,0.01710203959251544,-0.021234025382796062,0.027264694976859603,0.025722683406052216
1.0,428.0,61.3029587677494,-179.34398967784256,60.87878857231566,-179.55064315734705,60.8601650783294,-179.5165297213602,0.018623493986261508,-0.03411343598685335,0.03886593679670489,0.037212903715458705
1.0,433.0,61.190632807167155,-179.38625121440586,60.76824778831923,-179.59470808527846,60.74714378067526,-179.56380672650943,0.021104007643970135,-0.030901358769028775,0.03742022330784494,0.03514614038322916
1.0,438.0,61.080951492672376,-179.42819703772153,60.66122792725991,-179.64019801398018,60.637648203225076,-179.61095208892485,0.023579724034831884,-0.029245925055334965,0.03756763923779478,0.03453455011961726
1.0,443.0,60.96616697563223,-179.47345487297332,60.54948820229115,-179.6897156795107,60.526401513318206,-179.6602263463156,0.023086688972945524,-0.029489333195101608,0.0374515150564733,0.034736170267351874
1.0,448.0,60.8601650783294,-179.5165297213602,60.44617367099565,-179.73666964249796,60.41654890754404,-179.71025814774254,0.029624763451607805,-0.026411494755421927,0.03968870953784461,0.03417834244021822
1.0,453.0,60.74714378067526,-179.56380672650943,60.33594950443022,-179.78809896562274,60.313969385834014,-179.75823298825225,0.02198011859620408,-0.029865977370491237,0.03708237071436899,0.03494940257475543
1.0,458.0,60.637648203225076,-179.61095208892485,60.22912433985015,-179.8392977827561,60.202718978381384,-179.81164901793733,0.026405361468768263,-0.027648764818763993,0.03823215021810352,0.0345704301589107
1.0,463.0,60.526401513318206,-179.6602263463156,60.119251139868865,-179.88973309906908,60.09571680647374,-179.86295903366636,0.02353433339512634,-0.026774065402719316,0.03564709562561935,0.03261463736763349
1.0,468.0,60.41654890754404,-179.71025814774254,60.00748482254441,-179.93270207995673,59.984702569738324,-179.90867127878474,0.022782252806088366,-0.02403080117198897,0.0331135991382421,0.029826729692004502
1.0,473.0,60.313969385834014,-179.75823298825225,59.89975302637482,-179.9662140847664,59.87528363104645,-179.94716202282797,0.024469395328367227,-0.01905206193842446,0.031011810199365688,0.026016036265541498
1.0,478.0,60.202718978381384,-179.81164901793733,59.7805021036876,-179.99898438421667,59.76079312192792,-179.98739791131922,0.01970898175968472,-0.01158647289744863,0.022862421486073967,0.017169235563883056
1.0,483.0,60.09571680647374,-179.86295903366636,59.65986896198985,-180.03048042856577,59.64896866623986,-180.02645705951343,0.010900295749991074,-0.004023369052333692,0.011619119844831188,0.00627924445915573
1.0,488.0,59.984702569738324,-179.90867127878474,59.53874707685169,-180.05461570975214,59.53250288045302,-180.0664191739572,0.006244196398668578,0.011803464205058845,0.013353342499361388,-0.009092456864802312
1.0,493.0,59.87528363104645,-179.94716202282797,59.426256457108686,-180.0866948649419,59.41937948167008,-180.10456524274028,0.006876975438608213,0.017870377798374193,0.019147929231116505,-0.013790243822513927
1.0,498.0,59.76079312192792,-179.98739791131922,59.311051278239916,-180.1273341509661,59.304971654388545,-180.1424928151471,0.006079623851370286,0.015158664181001313,0.016332388861600215,-0.011810832876530064
1.0,503.0,59.64896866623986,-180.02645705951343,59.197931096285664,-180.16435939617267,59.19036886311965,-180.17982842924144,0.007562233166012788,0.015469033068768567,0.017218546818468718,-0.01165983324266806
1.0,508.0,59.53250288045302,-180.0664191739572,59.08014075027622,-180.20203053494862,59.073029267077395,-180.21737898650858,0.007111483198826818,0.015348451559958676,0.01691591435824839,-0.011756867081097688
1.0,513.0,59.41937948167008,-180.10456524274028,58.96582598413781,-180.23802335829896,58.962464482150594,-180.25213657650414,0.0033615019872144103,0.014113218205181965,0.014508019289935002,-0.011922890653193187
1.0,518.0,59.304971654388545,-180.1424928151471,58.85027380230167,-180.27375293070378,58.84283626993044,-180.28906770998032,0.0074375323712345676,0.015314779276536683,0.01702525629945698,-0.011736553419809947
1.0,523.0,59.19036886311965,-180.17982842924144,58.73424113371267,-180.3078331683232,58.72965722111631,-180.32214588568425,0.004583912596359596,0.014312717361036675,0.015028843366938946,-0.011778297015892392
1.0,528.0,59.073029267077395,-180.21737898650858,58.61474418668214,-180.33921032573184,58.60760063760242,-180.35244106607607,0.0071435490797213674,0.013230740344226888,0.015036049464894063,-0.009956827584152173
1.0,533.0,58.962464482150594,-180.25213657650414,58.50144234215115,-180.36539377311868,58.491953493457665,-180.38007680345723,0.009488848693486318,0.014683030338545677,0.017482266141737167,-0.011055084452210815
1.0,538.0,58.84283626993044,-180.28906770998032,58.37837372484724,-180.39122757522162,58.37137501177842,-180.4077725214554,0.0069987130688247134,0.016544946233779,0.017964332175129022,-0.014166602135368134
1.0,543.0,58.72965722111631,-180.32214588568425,58.25946092736868,-180.4059101165247,58.25238507806219,-180.43376198523774,0.007075849306488635,0.027851868713042904,0.02873663574980053,-0.024398654926396812
1.0,548.0,58.60760063760242,-180.35244106607607,58.13503215424641,-180.42797449243565,58.13291678134836,-180.45853783775362,0.0021153728980536357,0.030563345317972335,0.030636463234574605,-0.028037344159343114
1.0,553.0,58.491953493457665,-180.38007680345723,58.018028986378035,-180.4522293373674,58.02600637588846,-180.47960326962433,-0.007977389510422483,0.027373932256921307,0.028512644749435562,-0.02792611878487738
1.0,558.0,58.37137501177842,-180.4077725214554,57.89600645018722,-180.4750526836869,57.89326607822177,-180.50431226637735,0.0027403719654515157,0.029259582690457364,0.02938763035239052,-0.026943087013962863
1.0,563.0,58.25238507806219,-180.43376198523774,57.77570966170563,-180.4961204773726,57.77265517104258,-180.5253821924535,0.003054490663053855,0.029261715080878048,0.029420704999798507,-0.026965526162964878
1.0,568.0,58.13291678134836,-180.45853783775362,57.65504894783816,-180.5159858686641,57.656724375838955,-180.54440003214796,-0.0016754280007944544,0.028414163483859056,0.02846351604200218,-0.027389824863338852
1.0,573.0,58.02600637588846,-180.47960326962433,57.54716230135614,-180.53264297156153,57.53393497536835,-180.5632362239075,0.013227325987784866,0.030593252345965993,0.03333030515748517,-0.026102027360728645
1.0,578.0,57.89326607822177,-180.50431226637735,57.41332176423468,-180.55186057015925,57.40843681079416,-180.58110161679872,0.004884953440523532,0.029241046639469914,0.029646274280046344,-0.026844813845749105
1.0,583.0,57.77265517104258,-180.5253821924535,57.292137457790226,-180.56969978977503,57.288021088670064,-180.59826155320704,0.004116369120161778,0.028561763432009002,0.028856867901410718,-0.026384512103376334
1.0,588.0,57.656724375838955,-180.54440003214796,57.17689845042742,-180.59430401329794,57.16615887743239,-180.62255694041534,0.010739572995035473,0.0282529271173928,0.030225259615368153,-0.024706361660618903
1.0,593.0,57.53393497536835,-180.5632362239075,57.05593890200182,-180.62629210353737,57.055707021102535,-180.65058384553652,0.00023188089928538602,0.024291741999149963,0.024292848702956178,-0.022828014428575294
1.0,598.0,57.40843681079416,-180.58110161679872,56.933869256712384,-180.66447692817218,56.93000319311973,-180.68277488137102,0.0038660635926532905,0.018297953198839423,0.01870191270884765,-0.015686098068260268
1.0,603.0,57.288021088670064,-180.59826155320704,56.821258578461,-180.710331042343,56.815064007820546,-180.71245854297868,0.006194570640452923,0.002127500635680235,0.0065497300993538,0.00048572150585535207
1.0,608.0,57.16615887743239,-180.62255694041534,56.7071279938402,-180.7573470241681,56.69962436278056,-180.7429359817201,0.007503631059641691,-0.014411042447989075,0.016247542076171476,0.01584255840829041
1.0,613.0,57.055707021102535,-180.65058384553652,56.60135816998513,-180.79241435572337,56.57709792383325,-180.77599408081824,0.024260246151882825,-0.016420274905129872,0.029294794269801302,0.020680995087522636
1.0,618.0,56.93000319311973,-180.68277488137102,56.47604620428005,-180.82453397097754,56.46218489942316,-180.8076491422441,0.013861304856895629,-0.01688482873345265,0.02184566807616161,0.019095768267783253
1.0,623.0,56.815064007820546,-180.71245854297868,56.36239150148865,-180.85630566285656,56.347670191769815,-180.83982652843108,0.014721309718837006,-0.01647913442548088,0.02209703218196946,0.01897243060747078
1.0,628.0,56.69962436278056,-180.7429359817201,56.24825958822258,-180.88905187484153,56.22639801387428,-180.8745925432048,0.02186157434829994,-0.014459331636714978,0.02621069828079276,0.018745765400761005
1.0,633.0,56.57709792383325,-180.77599408081824,56.126988268053566,-180.9244465619356,56.11374965597029,-180.9075263736948,0.013238612083277701,-0.016920188240817424,0.021483799012190618,0.019147164883905443
1.0,638.0,56.46218489942316,-180.8076491422441,56.013183926200725,-180.95830837335467,55.995642101292866,-180.94272069222058,0.01754182490785894,-0.015587681134093145,0.023466815383348112,0.018963220799271596
1.0,643.0,56.347670191769815,-180.83982652843108,55.899721569363564,-180.99270265513067,55.88106424376876,-180.97751615493567,0.018657325594801932,-0.015186500195000008,0.024056716037796733,0.018923200276925733
1.0,648.0,56.22639801387428,-180.8745925432048,55.77951477240186,-181.02983065876458,55.764032436193546,-181.0137241070111,0.015482336208314962,-0.01610655175349507,0.02234107749987264,0.019075344381905612
1.0,653.0,56.11374965597029,-180.9075263736948,55.667818678566675,-181.06497032559503,55.65202971618548,-181.0490104068606,0.015788962381193983,-0.01595991873443836,0.022450174589179375,0.019068851538796228
1.0,658.0,55.995642101292866,-180.94272069222058,55.55067842423958,-181.10248835055884,55.5349551326379,-181.08656138588208,0.015723291601680955,-0.015926964676765465,0.022380574224233517,0.019078416270359
1.0,663.0,55.88106424376876,-180.97751615493567,55.43701479552903,-181.13954760919418,55.417935443843156,-181.12477884045873,0.019079351685874713,-0.014768768735450521,0.024127540088341188,0.018931910299209154
1.0,668.0,55.764032436193546,-181.0137241070111,55.32089792822783,-181.17807640803613,55.30297272988129,-181.16299444575768,0.017925198346539162,-0.01508196227845815,0.023426018055393127,0.018988819935120027
1.0,673.0,55.65202971618548,-181.0490104068606,55.20975767685907,-181.2155909604867,55.19485798812995,-181.19954184259055,0.014899688729123284,-0.01604911789615926,0.021899198831682926,0.019130131201828604
1.0,678.0,55.5349551326379,-181.08656138588208,55.09357521432424,-181.25547762857218,55.07366479909514,-181.24121610567911,0.019910415229098533,-0.014261522893065148,0.02449113451485129,0.018905613879374616
1.0,683.0,55.417935443843156,-181.12477884045873,54.97744156714134,-181.29603546599273,54.96334191346601,-181.27980390326422,0.014099653675330615,-0.016231562728506788,0.021500322378367142,0.019173448023935613
1.0,688.0,55.30297272988129,-181.16299444575768,54.863347201722874,-181.33655516577642,54.845087604821785,-181.3218591808299,0.018259596901089026,-0.014695984946513363,0.023438960142003046,0.018986102636005867
1.0,693.0,55.19485798812995,-181.19954184259055,54.756049828901965,-181.3752731445504,54.736539390138354,-181.3610978458572,0.019510438763610694,-0.014175298693203331,0.024116308046426487,0.018930811655875072
1.0,698.0,55.07366479909514,-181.24121610567911,54.63577644590517,-181.41938419245952,54.61997838588125,-181.40391438851339,0.015798060023925586,-0.015469803946132288,0.02211093699170901,0.01910299554523176
1.0,703.0,54.96334191346601,-181.27980390326422,54.52558176875583,-181.45814142329675,54.503143557019236,-181.44617748971578,0.022438211736591995,-0.011963933580972252,0.02542850865988901,0.01778516314912082
1.0,708.0,54.845087604821785,-181.3218591808299,54.405828249846515,-181.49489182502342,54.38879129390994,-181.48051221386075,0.017036955936575282,-0.01437961116266706,0.022294193970052088,0.01854674741720208
1.0,713.0,54.736539390138354,-181.3610978458572,54.29408940142085,-181.5236832953534,54.27107880117212,-181.51329456252256,0.0230106002487247,-0.010388732830847403,0.0252470492065377,0.01638448264238468
1.0,718.0,54.61997838588125,-181.40391438851339,54.172753386329624,-181.55166721128344,54.15421341491239,-181.54580055602045,0.018539971417233403,-0.005866655262991571,0.01944603260633434,0.010234606020898427
1.0,723.0,54.503143557019236,-181.44617748971578,54.04711131370901,-181.57590223593212,54.04170964462746,-181.57651448761027,0.005401669081550153,0.000612251678148823,0.00543625615510996,-0.00018698237205061474
1.0,728.0,54.38879129390994,-181.48051221386075,53.92685788331218,-181.58956474399383,53.92058818817027,-181.60888092045448,0.006269695141909892,0.01931617646064865,0.02030821878529492,-0.015875098236201257
1.0,733.0,54.27107880117212,-181.51329456252256,53.80997551919186,-181.6238770380227,53.8062779225286,-181.63878735923197,0.003697596663258196,0.01491032120927116,0.015361962753755771,-0.012818249652463365
1.0,738.0,54.15421341491239,-181.54580055602045,53.692548100014406,-181.65466702589407,53.68814137299869,-181.6690465991502,0.004406727015712875,0.014379573256121603,0.015039659903707309,-0.012222283679376833
1.0,743.0,54.04170964462746,-181.57651448761027,53.579346976277975,-181.68298590425437,53.568720432694285,-181.6989658610443,0.010626543583690307,0.015979956789919925,0.019190686479221567,-0.012037747890355277
1.0,748.0,53.92058818817027,-181.60888092045448,53.45750364832288,-181.71287984526248,53.450803101040634,-181.7278545051094,0.006700547282243008,0.014974659846927807,0.01640541896486542,-0.012232859588959142
1.0,753.0,53.8062779225286,-181.63878735923197,53.34249644604221,-181.74048309764703,53.33512228974292,-181.75556207701388,0.007374156299292167,0.015078979366847989,0.016785523520945592,-0.012202867864198552
1.0,758.0,53.68814137299869,-181.6690465991502,53.223625592274814,-181.76836242863223,53.22216781906925,-181.78201617329282,0.0014577732055656156,0.013653744660587108,0.013731345381111643,-0.012466178618637969
1.0,763.0,53.568720432694285,-181.6989658610443,53.103304347637206,-181.79529725273684,53.100934724166095,-181.80857105275393,0.0023696234711110264,0.013273800017088888,0.01348365240906592,-0.011821393657591273
1.0,768.0,53.450803101040634,-181.7278545051094,52.983915970822146,-181.81839209093326,52.977590819012796,-181.83010974313316,0.00632515180934945,0.011717652199905615,0.013315814601039979,-0.009316290288078122
1.0,773.0,53.33512228974292,-181.75556207701388,52.86629124818476,-181.83775919629252,52.85937885070411,-181.84977767061193,0.006912397480647314,0.012018474319404504,0.01386452176948938,-0.010025881560940864
1.0,778.0,53.22216781906925,-181.78201617329282,52.750895827221065,-181.85351278450918,52.73520218350971,-181.86933136229686,0.015693643711351513,0.015818577787683807,0.02228268063236213,-0.01226219360429015
1.0,783.0,53.100934724166095,-181.80857105275393,52.62483103524966,-181.8590331594684,52.61401945574232,-181.88706159274398,0.010811579507340241,0.0280284332755798,0.030041360211001903,-0.02463875043450781
1.0,788.0,52.977590819012796,-181.83010974313316,52.49934243457634,-181.87214104934273,52.49242107049005,-181.90353506437896,0.006921364086288406,0.031394015036227074,0.032147930896246096,-0.02837357588237932
1.0,793.0,52.85937885070411,-181.84977767061193,52.37971216261912,-181.8885525785922,52.371337985523915,-181.91864268294066,0.008374177095205937,0.030090104348460045,0.03123365527316785,-0.02705954348538553
1.0,798.0,52.73520218350971,-181.86933136229686,52.2541900971954,-181.90305774011654,52.248098056677854,-181.93269519414486,0.006092040517543751,0.02963745402831819,0.03025709237431893,-0.027218093304086644
1.0,803.0,52.61401945574232,-181.88706159274398,52.131825619192576,-181.91575242451495,52.12560836578058,-181.94534012671863,0.006217253411996637,0.029587702203684785,0.03023386117721184,-0.02726114444439931
1.0,808.0,52.49242107049005,-181.90353506437896,52.00916029546616,-181.9272118484797,52.00386278611326,-181.95661321123205,0.005297509352899965,0.029401362752366822,0.029874801037669284,-0.02734948589839759
1.0,813.0,52.371337985523915,-181.91864268294066,51.88712597645917,-181.93730791735476,51.89130685154652,-181.96588206128908,-0.004180875087349989,0.028574143934321228,0.028878390157266915,-0.028178078020993258
1.0,818.0,52.248098056677854,-181.93269519414486,51.76302598307741,-181.9462414205931,51.755697483405434,-181.97559334616307,0.007328499671977795,0.02935192556995503,0.03025297410348871,-0.027196907583622917
1.0,823.0,52.12560836578058,-181.94534012671863,51.64024200701408,-181.9581083107329,51.632002326399245,-181.98443102967713,0.008239680614835265,0.026322718944214785,0.02758220203773832,-0.023831386666255394
1.0,828.0,52.00386278611326,-181.95661321123205,51.518962399804415,-181.98041913706174,51.51058984753859,-181.99954232008665,0.008372552265825561,0.019123183024902346,0.02087572179465644,-0.01647368818954309
1.0,833.0,51.89130685154652,-181.96588206128908,51.40810185876366,-182.01154892779857,51.39334375036459,-182.02299868425163,0.01475810839906444,0.0114497564530609,0.01867882989785351,-0.008716293906999795
1.0,838.0,51.755697483405434,-181.97559334616307,51.27585959306572,-182.0518032399553,51.27107517434455,-182.05142826784927,0.004784418721165196,-0.0003749721060160027,0.004799090182495645,0.0009774147245664722
1.0,843.0,51.632002326399245,-181.98443102967713,51.15384914608228,-182.08997732455603,51.14957957139801,-182.0801592487013,0.00426957468427247,-0.009818075854724384,0.010706254315758725,0.010972669642530963
1.0,848.0,51.51058984753859,-181.99954232008665,51.01183453200682,-182.13413964829266,51.01885880236029,-182.11258817496062,-0.007024270353468864,-0.021551473332038995,0.022667297518235596,0.020497214402470654
1.0,853.0,51.39334375036459,-182.02299868425163,50.848043964127896,-182.19684151291963,50.87801733787923,-182.14945247798917,-0.029973373751332133,-0.047389034930461094,0.05607248670852317,0.03768139564788742
1.0,858.0,51.27107517434455,-182.05142826784927,50.62240241894993,-182.24687232587084,50.698310554719015,-182.1993508764869,-0.07590813576908317,-0.04752144938393599,0.08955631316377173,0.028726949342470665
1.0,863.0,51.14957957139801,-182.0801592487013,50.447397521053084,-182.29093862671473,50.50614201396565,-182.2562966654861,-0.05874449291256667,-0.034641961228629725,0.06819810059906713,0.019760713593366397
1.0,868.0,51.01885880236029,-182.11258817496062,50.27149492629446,-182.34542892316964,50.26575441854892,-182.33282900318827,0.0057405077455356945,-0.012599919981369112,0.01384598904786003,0.012000994798991638
1.0,873.0,50.87801733787923,-182.14945247798917,50.06583383646012,-182.41224369708476,49.99857521291211,-182.4249329810783,0.06725862354801393,0.01268928399355218,0.06844516323190758,0.0034240851573748014
1.0,878.0,50.698310554719015,-182.1993508764869,49.7946355944468,-182.50609952224468,49.701571786642404,-182.53613981813535,0.09306380780439838,0.030040295890671587,0.0977920840367619,-0.0032873106227082616
1.0,883.0,50.50614201396565,-182.2562966654861,49.502584986402255,-182.612877703465,49.38778436272457,-182.66182254353623,0.11480062367768795,0.048944840071243334,0.12479896059817851,-0.010521129120116601
1.0,888.0,50.26575441854892,-182.33282900318827,49.13912604845085,-182.74483069046235,49.03462535863528,-182.79070292699126,0.10450068981556626,0.045872236528907706,0.11412561612579906,-0.005375575023935486
1.0,893.0,49.99857521291211,-182.4249329810783,48.757691007391,-182.8834477017906,48.67009669720323,-182.89474427814753,0.08759431018777519,0.01129657635692638,0.08831973626919437,0.021186110577299466
1.0,898.0,49.701571786642404,-182.53613981813535,48.35844080535937,-183.02805297100164,48.26148492216023,-182.9815337251074,0.0969558831991435,-0.04651924589424539,0.10753828864871907,0.06156140493842832
1.0,903.0,49.38778436272457,-182.66182254353623,47.93947190518181,-183.15686873937247,47.854507276894374,-183.05480304921846,0.08496462828743745,-0.10206569015400646,0.13280208268937677,0.08221687582768444
1.0,908.0,49.03462535863528,-182.79070292699126,47.48054865353221,-183.22796734999437,47.402634122543276,-183.1194709704645,0.07791453098893442,-0.10849637952986768,0.13357446803305903,0.07317926487457838
1.0,913.0,48.67009669720323,-182.89474427814753,47.019362173913024,-183.19374454814712,46.972389870809316,-183.16428954913073,0.0469723031037077,-0.029454999016394368,0.05544361303091982,0.021207920823156368
1.0,918.0,48.26148492216023,-182.9815337251074,46.53554811566047,-183.2207801134187,46.49269095903219,-183.19584466907577,0.042857156628279824,-0.024935444342929713,0.04958338692385036,0.018130456323361077
1.0,923.0,47.854507276894374,-183.05480304921846,46.06885878208825,-183.2430561152121,46.02075354696793,-183.20790989290236,0.0481052351203175,-0.03514622230974851,0.059576594302018414,0.023116047779351057
1.0,928.0,47.402634122543276,-183.1194709704645,45.56248370879849,-183.23854951764696,45.54023537704588,-183.20057857736063,0.022248331752606987,-0.037970940286328414,0.04400886924248314,0.02188912101788087
1.0,933.0,46.972389870809316,-183.16428954913073,45.09019168412928,-183.21455885190284,45.06837468845368,-183.17409784607247,0.021816995675600026,-0.04046100583036605,0.04596818783804802,0.022895917480402872
1.0,938.0,46.49269095903219,-183.19584466907577,44.57304477346581,-183.1731438873745,44.55605515382635,-183.12364575813555,0.01698961963946033,-0.049498129238941146,0.05233270462768437,0.026908432457645404
1.0,943.0,46.02075354696793,-183.20790989290236,44.07358057030632,-183.10395077698553,44.09184266885284,-183.05891293354654,-0.018262098546522054,-0.04503784343899042,0.0485995019003065,0.02409677274517863
1.0,948.0,45.54023537704588,-183.20057857736063,43.571540951934004,-183.02624378058945,43.56300191842125,-182.99407887481763,0.008539033512754202,-0.03216490577182185,0.03327906634270436,0.009792904093595123
1.0,953.0,45.06837468845368,-183.17409784607247,43.08250969544631,-182.94701969724912,43.057368678392365,-182.96980691975176,0.025141017053947223,0.02278722250264309,0.033931228210776994,-0.034444952771431225
1.0,958.0,44.55605515382635,-183.12364575813555,42.55505746754153,-182.85566794926422,42.54434733461086,-182.98616960755606,0.010710132930668692,0.13050165829184834,0.13094040539235757,-0.09777831973805284
1.0,963.0,44.09184266885284,-183.05891293354654,42.07623168469795,-182.8047040424343,42.05765698600132,-183.02138822229202,0.018574698696632197,0.21668417985770816,0.21747885697758823,-0.13148807917870498
1.0,968.0,43.56300191842125,-182.99407887481763,41.520721091986395,-182.88252029026341,41.52152539989525,-183.08296741104718,-0.000804307908857993,0.20044712078376392,0.2004487344477712,-0.10775094633233095
1.0,973.0,43.057368678392365,-182.96980691975176,41.01456143577108,-183.0856427153165,41.01546558696009,-183.16452270503405,-0.0009041511890117704,0.07887998971753518,0.07888517140255859,-0.041265185545207306
1.0,978.0,42.54434733461086,-182.98616960755606,40.50028330938369,-183.21276918195971,40.5231652049295,-183.2661571207799,-0.022881895545808106,0.05338793882017967,0.05808487888630327,-0.03051789787970094
1.0,983.0,42.05765698600132,-183.02138822229202,40.012682052549316,-183.3237182872511,40.00218264647719,-183.39830397549153,0.010499406072128181,0.07458568824043255,0.07532106224799567,-0.04010935777363445
1.0,988.0,41.52152539989525,-183.08296741104718,39.48432182183157,-183.48126463261065,39.50266660751985,-183.54956174880186,-0.01834478568827791,0.06829711619121781,0.07071794144335335,-0.03852155543853497
1.0,993.0,41.01546558696009,-183.16452270503405,38.99141229796763,-183.65454560892942,39.00130272258644,-183.72658791890638,-0.009890424618809845,0.07204230997695049,0.07271805089491454,-0.039675910348605736
1.0,998.0,40.5231652049295,-183.2661571207799,38.51700412780732,-183.84503152408195,38.537128841953404,-183.91404947977475,-0.02012471414608541,0.06901795569280011,0.07189215762150257,-0.03927556601352533
1.0,1003.0,40.00218264647719,-183.39830397549153,38.028928958833895,-184.06652012152932,38.08670923227505,-184.11857969732614,-0.05778027344115344,0.05205957579681808,0.07777377084261189,-0.036765812417027366
1.0,1008.0,39.50266660751985,-183.54956174880186,37.58858590934176,-184.2826784334905,37.593374967938054,-184.34186590538675,-0.0047890585962946375,0.05918747189625151,0.05938090527861887,-0.02579084556532285
1.0,1013.0,39.00130272258644,-183.72658791890638,37.17029862219275,-184.5004626246656,37.1081642241552,-184.52936445924954,0.06213439803754994,0.028901834583933805,0.0685273628691909,0.01563635493454596
1.0,1018.0,38.537128841953404,-183.91404947977475,36.822939620053255,-184.69413540536956,36.67113606139848,-184.67775440923617,0.1518035586547768,-0.0163809961333925,0.15268483046647588,0.06054302973636938
1.0,1023.0,38.08670923227505,-184.11857969732614,36.40826220672348,-184.90709363135386,36.243663873787355,-184.81478815442907,0.16459833293612292,-0.09230547692479263,0.18871383700106406,0.09123908398956448
1.0,1028.0,37.593374967938054,-184.34186590538675,35.90339639263195,-185.008808187419,35.85440196787909,-184.93181860678683,0.04899442475285554,-0.07698958063215855,0.09125705004425064,0.04875931536739975
1.0,1033.0,37.1081642241552,-184.52936445924954,35.45034839764993,-185.0453402387704,35.521938899235266,-185.02586728878808,-0.07159050158533375,-0.019472949982315413,0.07419161474353711,-0.005912986342110571
1.0,1038.0,36.67113606139848,-184.67775440923617,35.0920686537917,-185.13796671289555,35.17541069504739,-185.118257110414,-0.08334204125569045,-0.019709602481555066,0.08564090302329914,-0.006625604774087357
1.0,1043.0,36.243663873787355,-184.81478815442907,34.766650327873954,-185.21910919520352,34.87535662851401,-185.1936701115799,-0.10870630064005837,-0.025439083623609804,0.11164321194974536,-0.007272671804050113
1.0,1048.0,35.85440196787909,-184.93181860678683,34.49536330393503,-185.2801006435882,34.59881903864784,-185.2594385911936,-0.10345573471281,-0.02066205239461283,0.105498859965997,-0.0083203435614978
1.0,1053.0,35.521938899235266,-185.02586728878808,34.269297892298155,-185.3284762669577,34.34784061920942,-185.31605094851082,-0.07854272691126596,-0.01242531844687278,0.07951948496540895,-0.008269744242829002
1.0,1058.0,35.17541069504739,-185.118257110414,34.029616460839755,-185.37760503694216,34.10699242746588,-185.36764676285142,-0.07737596662612845,-0.00995827409073513,0.07801414893590745,-0.009165662960138654
1.0,1063.0,34.87535662851401,-185.1936701115799,33.81831364802169,-185.41951420208204,33.886573227689034,-185.41283451428905,-0.06825957966734109,-0.006679687792995992,0.06858562856294302,-0.009180079861086377
1.0,1068.0,34.59881903864784,-185.2594385911936,33.62158235620116,-185.46572188711417,33.683141139441254,-185.46263190768306,-0.06155878324009478,-0.0030899794311096684,0.061636286121777774,-0.010581219674340225
1.0,1073.0,34.34784061920942,-185.31605094851082,33.441321027797954,-185.5166798679459,33.50109317163143,-185.5208321574665,-0.05977214383347729,0.004152289520590102,0.05991619719835947,-0.016927892939306854
1.0,1078.0,34.10699242746588,-185.36764676285142,33.267137800392014,-185.5741610792816,33.32594136362822,-185.58248844029373,-0.058803563236203615,0.00832736101213527,0.05939026848483367,-0.01924274213961707
1.0,1083.0,33.886573227689034,-185.41283451428905,33.110799590571325,-185.63817084628528,33.16349445812235,-185.64183311560873,-0.05269486755102548,0.0036622693234562576,0.052821977270996266,-0.011638228194702727
1.0,1088.0,33.683141139441254,-185.46263190768306,32.969560497277534,-185.72095449018087,33.00789183100447,-185.70118837010227,-0.03833133372693709,-0.019766120078600125,0.0431276088862745,0.010891702113963841
1.0,1093.0,33.50109317163143,-185.5208321574665,32.84701401392442,-185.79596437724186,32.86756903645867,-185.75694324491226,-0.020555022534246348,-0.039021132329594366,0.04410394222365037,0.029489922337274876
1.0,1098.0,33.32594136362822,-185.58248844029373,32.71374954132013,-185.85233274917314,32.72336091737972,-185.81645119726937,-0.0096113760595955,-0.035881551903770514,0.037146524962396454,0.029486810450196632
1.0,1103.0,33.16349445812235,-185.64183311560873,32.58522976160954,-185.9080558077608,32.59373024048615,-185.87188841103978,-0.00850047887661276,-0.036167396721026535,0.03715291007051615,0.03007801569863844
1.0,1108.0,33.00789183100447,-185.70118837010227,32.46037405612788,-185.96468697471644,32.466575463810216,-185.9280831852993,-0.0062014076823331266,-0.03660378941714271,0.03712539369403412,0.03110746250310914
1.0,1113.0,32.86756903645867,-185.75694324491226,32.345690400500665,-186.01816961062977,32.34251434056065,-185.98467167846132,0.0031760599400172396,-0.03349793216844432,0.0336481621534413,0.03126947776102451
1.0,1118.0,32.72336091737972,-185.81645119726937,32.22564663989163,-186.07562773216083,32.226717750861795,-186.03908507335981,-0.0010711109701659893,-0.03654265880101093,0.03655835323093084,0.032637123078368635
1.0,1123.0,32.59373024048615,-185.87188841103978,32.115563896921486,-186.12874841565096,32.11006596298418,-186.09530024009453,0.005497933937306243,-0.03344817555642976,0.03389701647096288,0.03198073981603855
1.0,1128.0,32.466575463810216,-185.9280831852993,32.00167915092231,-186.1727832986646,31.997571676701796,-186.1450336696857,0.004107474220511165,-0.027749628978909868,0.02805197413622289,0.025692584593928643
1.0,1133.0,32.34251434056065,-185.98467167846132,31.885069928188123,-186.20765098659263,31.87987560018023,-186.18763856282797,0.005194328007892324,-0.02001242376465484,0.020675544693905805,0.019173291481051624
1.0,1138.0,32.226717750861795,-186.03908507335981,31.770454083421342,-186.23150475511494,31.75977080442044,-186.2235509831336,0.010683279000900825,-0.007953771981334512,0.01331896913962002,0.010869208628702332
1.0,1143.0,32.11006596298418,-186.09530024009453,31.64663446166241,-186.2525159905398,31.64391216610655,-186.25750084785187,0.0027222955558592332,0.004984857312081203,0.005679761924170799,-0.0038262917703102417
1.0,1148.0,31.997571676701796,-186.1450336696857,31.529202739504797,-186.2814964620429,31.527977353232956,-186.29053337082303,0.0012253862718409891,0.00903690878013208,0.009119610288583864,-0.009210822725178593
1.0,1153.0,31.87987560018023,-186.18763856282797,31.406141144034777,-186.29848907688208,31.41177674721904,-186.32229887926437,-0.00563560318426326,0.02380980238228858,0.024467666679397797,-0.024345570545782905
1.0,1158.0,31.75977080442044,-186.2235509831336,31.28831395497924,-186.3231531421297,31.296085126724943,-186.35262931785155,-0.007771171745702077,0.02947617572183958,0.030483373262911104,-0.029581610779495726
1.0,1163.0,31.64391216610655,-186.25750084785187,31.17016261958514,-186.35601847503912,31.18167862505322,-186.38137215013435,-0.011516005468081403,0.02535367509523212,0.027846493904538038,-0.026902223868724647
1.0,1168.0,31.527977353232956,-186.29053337082303,31.026079071865755,-186.39392492878173,31.053977585108274,-186.41197319353074,-0.02789851324251913,0.018048264749012333,0.0332275021870958,-0.024328962711188673
1.0,1173.0,31.41177674721904,-186.32229887926437,30.855095419546597,-186.43830016676213,30.93092457588505,-186.43998425865203,-0.07582915633845388,0.001684091889899264,0.0758478550553363,-0.022431908844612547
1.0,1178.0,31.296085126724943,-186.35262931785155,30.641796740137845,-186.4922268073691,30.752214398506716,-186.47820817971592,-0.11041765836887052,-0.014018627653172189,0.11130400352612158,-0.017080048298935058
1.0,1183.0,31.18167862505322,-186.38137215013435,30.477551760179256,-186.52437414347312,30.56525389472096,-186.51506543865952,-0.08770213454170417,-0.009308704813605573,0.08819476395159762,-0.014156865014053555
1.0,1188.0,31.053977585108274,-186.41197319353074,30.30430202517611,-186.55562566743137,30.331743712146018,-186.55664976477763,-0.02744168696990812,0.0010240973462600778,0.02746078948480983,-0.007821334985883777
1.0,1193.0,30.93092457588505,-186.43998425865203,30.121275201885613,-186.58605218091438,30.071592971359138,-186.59717725533608,0.049682230526475024,0.011125074421698855,0.05091258499599234,0.00027613344146404373
1.0,1198.0,30.752214398506716,-186.47820817971592,29.843068617687088,-186.62818418631562,29.759321024806884,-186.6378880312631,0.08374759288020428,0.009703844947466678,0.08430791137249763,0.006301596499006301
1.0,1203.0,30.56525389472096,-186.51506543865952,29.548440318046264,-186.6647623418753,29.434370252078097,-186.67114166760717,0.11407006596816771,0.006379325731870722,0.11424830741317545,0.01160437626704569
1.0,1208.0,30.331743712146018,-186.55664976477763,29.182447730718756,-186.69984284151946,29.073089323667666,-186.6973030810732,0.10935840705109001,-0.0025397604462682466,0.10938789501529098,0.014454798456926543
1.0,1213.0,30.071592971359138,-186.59717725533608,28.796006431141844,-186.72401016702662,28.695904197133018,-186.7125681777271,0.10010223400882623,-0.011441989299527222,0.10075403898945343,0.016763275540985223
1.0,1218.0,29.759321024806884,-186.6378880312631,28.36630163057569,-186.73516439587425,28.29617688562346,-186.7153376978824,0.07012474495223131,-0.019826697991845776,0.07287371136339464,0.01712937414306337
1.0,1223.0,29.434370252078097,-186.67114166760717,27.945043580588738,-186.73009747642337,27.879804428730196,-186.70358577360602,0.06523915185854179,-0.02651170281734494,0.07042029055248986,0.01917831434073225
1.0,1228.0,29.073089323667666,-186.6973030810732,27.498485325534116,-186.70747290261576,27.45048478375659,-186.6757934929553,0.048000541777525996,-0.03167940966045535,0.05751205966900308,0.019942174426616166
1.0,1233.0,28.695904197133018,-186.7125681777271,27.050424622267627,-186.66692700615437,27.0518160647533,-186.63561296887175,-0.0013914424856729113,-0.03131403728261262,0.031344936483071524,0.017619292699919242
2.0,3.0,24.789940726639482,-186.47219694964582,24.81635356613803,-186.47943388176367,24.790730602485084,-186.4722486300152,0.02562296365294614,-0.007185251748467181,0.026611353010492524,0.006437810181696424
2.0,8.0,24.790139316656575,-186.47220994281363,24.81655171928243,-186.47944684381036,24.790934340503558,-186.47226196078367,0.025617378778871824,-0.007184883026695843,0.026605876035332765,0.006437804066878439
2.0,13.0,24.790338905153423,-186.47222300150221,24.816750917202587,-186.47945982996376,24.79113413415017,-186.47227503369103,0.02561678305241699,-0.007184796272724725,0.02660527901442038,0.006437732670243168
2.0,18.0,24.790528581569,-186.47223541179267,24.816940315455078,-186.4794720283865,24.791330505724954,-186.47228788285176,0.025609809730124056,-0.007184145534750996,0.02659838907673996,0.006437506173606167
2.0,23.0,24.790730602485084,-186.4722486300152,24.817141798600872,-186.47948538325068,24.791528863322615,-186.4723008621303,0.025612935278257254,-0.0071845211203651616,0.026601499906906904,0.0064376817974083345
2.0,28.0,24.790934340503558,-186.47226196078367,24.817345162834467,-186.4794986399509,24.791725052272433,-186.47231369969063,0.02562011056203417,-0.007184940260259509,0.026608521788223278,0.006437586205040979
2.0,33.0,24.79113413415017,-186.47227503369103,24.817544670536755,-186.47951153574925,24.79192681871875,-186.4723269024692,0.025617851818005022,-0.007184633280047592,0.026606264058263246,0.006437387894149271
2.0,38.0,24.791330505724954,-186.47228788285176,24.817587931994076,-186.47953356837078,24.792102256432013,-186.4723386770905,0.025485675562062937,-0.007194891280278171,0.026481807328612505,0.006457834853102362
2.0,43.0,24.791528863322615,-186.4723008621303,24.805034846174006,-186.4776368581242,24.789715117032227,-186.47209307557688,0.015319729141779703,-0.005543782547334786,0.016291949727077728,0.005238138072051424
2.0,48.0,24.791725052272433,-186.47231369969063,24.755758868013775,-186.4716200396584,24.776407193011675,-186.4706681667786,-0.020648324997900147,-0.000951872879795701,0.020670253680063984,0.002486809429849579
2.0,53.0,24.79192681871875,-186.4723269024692,24.670700797808166,-186.46088323754321,24.746844920010176,-186.4676055037449,-0.07614412220200961,0.006722266201677485,0.07644027870698004,-0.0019869746775849073
2.0,58.0,24.792102256432013,-186.4723386770905,24.528692972816906,-186.43753748638107,24.68687722939435,-186.46128991744345,-0.15818425657744584,0.0237524310623769,0.1599576100419489,-0.013079597950212738
2.0,63.0,24.789715117032227,-186.47209307557688,24.482618050546286,-186.43325195123975,24.598479618191007,-186.4516799409139,-0.11586156764472122,0.01842798967413728,0.1173179170481748,-0.01027380921562182
2.0,68.0,24.776407193011675,-186.4706681667786,24.417854065689532,-186.42604927989103,24.47522798439461,-186.43771553080154,-0.05737391870507835,0.011666250910508325,0.05854799704416775,-0.007324546957637512
2.0,73.0,24.746844920010176,-186.4676055037449,24.316647796966294,-186.41460311586798,24.31395660856068,-186.41844888590643,0.0026911884056133317,0.003845770038452656,0.004693872838410492,-0.003967596536687879
2.0,78.0,24.68687722939435,-186.46128991744345,24.153556632566463,-186.39494125615073,24.111624518783636,-186.39267311674328,0.041932113782827685,-0.0022681394074481886,0.04199341165787351,-0.001362953194889105
2.0,83.0,24.598479618191007,-186.4516799409139,23.948880534750053,-186.36862894038273,23.862805126995493,-186.35852090102938,0.08607540775456002,-0.010108039353355025,0.08666688110046851,0.0015951005165844023
2.0,88.0,24.47522798439461,-186.43771553080154,23.694925325157087,-186.33344117137872,23.58790285456283,-186.31761932453935,0.10702247059425574,-0.01582184683937271,0.10818567395689183,0.0037105103852619337
2.0,93.0,24.31395660856068,-186.41844888590643,23.391543700645983,-186.2876978835135,23.24929910095249,-186.26263894471484,0.14224459969349112,-0.025058938798650843,0.1444350253770742,0.006572106246812481
2.0,98.0,24.111624518783636,-186.39267311674328,23.03791519487444,-186.22931362876685,22.91089895935206,-186.2026630725017,0.12701623552237962,-0.026650556265138903,0.12978203356211498,0.007349984775603335
2.0,103.0,23.862805126995493,-186.35852090102938,22.647083422971967,-186.1631698785937,22.52859524564408,-186.14532158625593,0.11848817732788675,-0.017848292337760086,0.1198249127095817,-0.002902701738466185
2.0,108.0,23.58790285456283,-186.31761932453935,22.253199979823073,-186.0968098298983,22.140311427851124,-186.10964391450474,0.11288855197194891,0.012834084606453189,0.11361575108236098,-0.028330987817664965
2.0,113.0,23.24929910095249,-186.26263894471484,21.800772151641727,-186.01876582664846,21.72210993572089,-186.0775223921326,0.07866221592083633,0.05875656548414554,0.09818389990761704,-0.05125891592585008
2.0,118.0,22.91089895935206,-186.2026630725017,21.372094996880012,-185.96076131993254,21.283611020694128,-186.05089380158836,0.08848397618588422,0.09013248165581444,0.12630628761506632,-0.0618277017242308
2.0,123.0,22.52859524564408,-186.14532158625593,20.89648135227512,-185.99982061234343,20.827784928349555,-186.03201775613056,0.06869642392556585,0.03219714378712979,0.07586734955308617,-0.021704613412387722
2.0,128.0,22.140311427851124,-186.10964391450474,20.43686554766361,-186.01030660222375,20.381919903058588,-186.0221934814074,0.0549456446050236,0.011886879183663268,0.05621673912446867,-0.010037107437983472
2.0,133.0,21.72210993572089,-186.0775223921326,19.95530913959411,-185.99607110924404,19.903067544063845,-186.02112003156142,0.05224159553026553,0.02504892231738154,0.05793645495549476,-0.0167679819457498
2.0,138.0,21.283611020694128,-186.05089380158836,19.462058519506346,-186.0010196517379,19.446170838976364,-186.02924865568028,0.015887680529981907,0.02822900394238559,0.03239282414674564,-0.0168309461154168
2.0,143.0,20.827784928349555,-186.03201775613056,18.959279551010862,-186.01815587063015,18.94069800968319,-186.04867517542013,0.018581541327673534,0.03051930478997633,0.03573096196543709,-0.017880996561710383
2.0,148.0,20.381919903058588,-186.0221934814074,18.475441230667677,-186.044845511567,18.458148079738333,-186.07745814249446,0.017293150929344137,0.03261263092747413,0.03691391018405823,-0.01874538609119769
2.0,153.0,19.903067544063845,-186.02112003156142,17.9630304863986,-186.0843248124527,17.95105082445862,-186.11852450898866,0.011979661939982122,0.0341996965359499,0.03623715694349268,-0.019370045535904712
2.0,158.0,19.446170838976364,-186.02924865568028,17.47996421847496,-186.13216526695714,17.440103383810325,-186.17119311353463,0.03986083466463697,0.039027846577482705,0.055785831074180954,-0.021263424367300224
2.0,163.0,18.94069800968319,-186.04867517542013,16.950833894436663,-186.19086363103918,16.93751490218993,-186.22297843284494,0.013318992246734496,0.03211480180576132,0.034767169132558146,-0.015301170899614913
2.0,168.0,18.458148079738333,-186.07745814249446,16.4496517300205,-186.2452167550035,16.42406032899516,-186.2376526130435,0.025591401025337746,-0.007564141959989001,0.026685877351710286,0.0197241221044111
2.0,173.0,17.95105082445862,-186.11852450898866,15.925551593660456,-186.3001366004163,15.90162750941445,-186.2120109332098,0.02392408424600667,-0.08812566720649784,0.09131536030482731,0.0708022319243855
2.0,178.0,17.440103383810325,-186.17119311353463,15.39165925330057,-186.3279519537739,15.384129985315615,-186.16508111145254,0.007529267984955013,-0.16287084232135385,0.1630447826667771,0.10039491296149716
2.0,183.0,16.93751490218993,-186.22297843284494,14.866683139271986,-186.2804477495334,14.859783354271006,-186.0944197999659,0.00689978500098043,-0.18602794956751723,0.18615586225889985,0.09722613611179876
2.0,188.0,16.42406032899516,-186.2376526130435,14.350922102653902,-186.061773061504,14.351346682666055,-186.00237158411315,-0.000424580012152731,-0.05940147739084978,0.05940299474270937,0.029271628566129415
2.0,193.0,15.90162750941445,-186.2120109332098,13.829863187811819,-185.9289093203723,13.840805248093867,-185.88608071340528,-0.010942060282047805,-0.04282860696702073,0.04420427872900433,0.02282179263950823
2.0,198.0,15.384129985315615,-186.16508111145254,13.315701371146782,-185.79908451648558,13.338339564627077,-185.74764915439553,-0.0226381934802955,-0.05143536209004651,0.05619683511894142,0.028022854538422237
2.0,203.0,14.859783354271006,-186.0944197999659,12.812497826703938,-185.63437533106946,12.822039988780345,-185.5795926670826,-0.009542162076407124,-0.05478266398685605,0.05560749167683431,0.0281423724303691
2.0,208.0,14.351346682666055,-186.00237158411315,12.357743810372428,-185.45714082617272,12.34669383312397,-185.40088585168698,0.01104997724845802,-0.05625497448573924,0.05732995858696056,0.02542147779333215
2.0,213.0,13.840805248093867,-185.88608071340528,11.931856389200599,-185.2652714991378,11.904278264094733,-185.21291364829165,0.027578125105865325,-0.052357850846163956,0.05917683270997115,0.019981714930968675
2.0,218.0,13.338339564627077,-185.74764915439553,11.556629317460969,-185.07419922363061,11.481624555760355,-185.01274765654006,0.07500476170061354,-0.061451567090557546,0.09696395915829303,0.01677806070431798
2.0,223.0,12.822039988780345,-185.5795926670826,11.104949292292309,-184.8461298779849,11.081385612670449,-184.81369446135915,0.023563679621860345,-0.03243541662575922,0.040091186674982,0.008804745111103962
2.0,228.0,12.34669383312397,-185.40088585168698,10.69455217083888,-184.63605025463977,10.692754424660976,-184.64379544908994,0.0017977461779050685,0.007745194450166082,0.007951096049668609,-0.01569167491058865
2.0,233.0,11.904278264094733,-185.21291364829165,10.327526230593168,-184.45124829988055,10.348856519160853,-184.52539619640774,-0.021330288567684264,0.07414789652719378,0.07715498538518505,-0.05371999129784299
2.0,238.0,11.481624555760355,-185.01274765654006,9.986547304022436,-184.2939668612504,10.01013911167977,-184.42494720223033,-0.023591807657334485,0.1309803409799315,0.1330880276800276,-0.08254605740155618
2.0,243.0,11.081385612670449,-184.81369446135915,9.664565788276345,-184.20006487901074,9.713264440084293,-184.34455128172635,-0.04869865180794797,0.1444864027156143,0.15247255247293012,-0.0742399851633464
2.0,248.0,10.692754424660976,-184.64379544908994,9.361056616858454,-184.1983538514871,9.440782465130512,-184.2780440292638,-0.07972584827205864,0.07969017777671183,0.11272415587079483,-0.025875241921532677
2.0,253.0,10.348856519160853,-184.52539619640774,9.106414690909693,-184.21529094326937,9.174801559948174,-184.21984107642703,-0.06838686903848057,0.004550133157664504,0.06853807386145871,0.015221142758024442
2.0,258.0,10.01013911167977,-184.42494720223033,8.86496294546807,-184.16823837587447,8.933976760474618,-184.17274769128727,-0.06901381500654757,0.004509315412803971,0.06916097589862452,0.014456541959160685
2.0,263.0,9.713264440084293,-184.34455128172635,8.649839740277057,-184.1347784557094,8.727139016010666,-184.13649652108444,-0.0772992757336084,0.0017180653750301644,0.07731836636642872,0.01745321212145612
2.0,268.0,9.440782465130512,-184.2780440292638,8.44882219472781,-184.10871783843749,8.516718120879844,-184.10355711046944,-0.06789592615203333,-0.0051607279680467855,0.06809177557680915,0.019837825700661504
2.0,273.0,9.174801559948174,-184.21984107642703,8.249022292416146,-184.08568399810036,8.295329382791055,-184.07315674419252,-0.0463070903749081,-0.012527253907848035,0.04797164484840603,0.020784695799970443
2.0,278.0,8.933976760474618,-184.17274769128727,8.064840957744034,-184.06712883614526,8.102359393325248,-184.0501837375263,-0.03751843558121415,-0.01694509861894744,0.041167576752434314,0.022391540887979122
2.0,283.0,8.727139016010666,-184.13649652108444,7.90473758271389,-184.04874493541362,7.92072691265612,-184.02876414515717,-0.015989329942229347,-0.019980790256454384,0.02559083139083008,0.020652522098824733
2.0,288.0,8.516718120879844,-184.10355711046944,7.741453540659645,-184.01978418421436,7.748229462808303,-183.9983816126693,-0.006775922148658076,-0.021402571545053206,0.02244956992251291,0.02039579805239855
2.0,293.0,8.295329382791055,-184.07315674419252,7.567999800089843,-183.98101863230875,7.58827070816739,-183.95798428244717,-0.02027090807754739,-0.023034349861575265,0.030683725129681184,0.024394099201951125
2.0,298.0,8.102359393325248,-184.0501837375263,7.416036654777383,-183.93489614499126,7.438633981019951,-183.9156632877163,-0.022597326242568272,-0.01923285727494317,0.029673927146089026,0.020720163586387397
2.0,303.0,7.92072691265612,-184.02876414515717,7.264527522521867,-183.87872686791533,7.28779421175193,-183.8718433289489,-0.02326668923006281,-0.006883538966434344,0.024263592817856564,0.008006596659289489
2.0,308.0,7.748229462808303,-183.9983816126693,7.127946563325312,-183.8197961107892,7.1447238826072805,-183.82828786144051,-0.01677731928196824,0.008491750651302254,0.01880394297515804,-0.007284475168965798
2.0,313.0,7.58827070816739,-183.95798428244717,7.001291195927895,-183.75263270962824,7.002001242740483,-183.78277985951866,-0.0007100468125873505,0.030147149890410674,0.03015551049130082,-0.027588031362207666
2.0,318.0,7.438633981019951,-183.9156632877163,6.870162285358132,-183.7105824014965,6.865896361833541,-183.73748024326542,0.004265923524591209,0.026897841768914077,0.027234022753592598,-0.025746337869129388
2.0,323.0,7.28779421175193,-183.8718433289489,6.737755333771102,-183.66562261844268,6.733309251103184,-183.69154524433185,0.004446082667918461,0.02592262588916583,0.026301144159135273,-0.025094728833486624
2.0,328.0,7.1447238826072805,-183.82828786144051,6.610937599384072,-183.61924635959514,6.604789274270631,-183.6452958889107,0.006148325113440656,0.026049529315571363,0.02676527375655584,-0.025642157474344618
2.0,333.0,7.002001242740483,-183.78277985951866,6.4827010923400845,-183.5708465559849,6.476011864912869,-183.5972289343689,0.0066892274272154495,0.026382378383999594,0.027217194064957182,-0.026121387369683276
2.0,338.0,6.865896361833541,-183.73748024326542,6.35902155790264,-183.5225812000716,6.349561716325826,-183.54833133453127,0.00945984157681412,0.025750134459656238,0.027432791096583604,-0.02631388626303322
2.0,343.0,6.733309251103184,-183.69154524433185,6.236607292176823,-183.4755384089098,6.2337078087098705,-183.503814096854,0.0028994834669529013,0.028275687944187666,0.02842396054550127,-0.02676168876425544
2.0,348.0,6.604789274270631,-183.6452958889107,6.114624662062084,-183.43374817951332,6.101647974051571,-183.46016880737213,0.012976688010513548,0.02642062785881194,0.029435420978406877,-0.02811677401336876
2.0,353.0,6.476011864912869,-183.5972289343689,5.989690876482499,-183.39497527728946,5.978020675548884,-183.42100316254272,0.011670200933615149,0.0260278852532565,0.028524452678143346,-0.026903178943717965
2.0,358.0,6.349561716325826,-183.54833133453127,5.864641608984544,-183.35998437234562,5.858300433744774,-183.3827294523795,0.00634117523977018,0.022745080033871545,0.023612479098322068,-0.02156364755818929
2.0,363.0,6.2337078087098705,-183.503814096854,5.747406771469514,-183.33768718762803,5.741165619974242,-183.3452824957414,0.006241151495271602,0.007595308113366173,0.009830599031793381,-0.007756642788790735
2.0,368.0,6.101647974051571,-183.46016880737213,5.622082125340438,-183.31111551861963,5.617170883101568,-183.30561583280937,0.004911242238870628,-0.0054996858102640545,0.007373387575632164,0.0036310890015900372
2.0,373.0,5.978020675548884,-183.42100316254272,5.5037431043206615,-183.27262707758842,5.499130967545364,-183.26785336491312,0.004612136775297593,-0.004773712675302022,0.006637781130799031,0.00306309280803152
2.0,378.0,5.858300433744774,-183.3827294523795,5.386734920157971,-183.2353668528677,5.379097058175683,-183.22945296900699,0.007637861982288108,-0.00591388386072822,0.00965975972675634,0.00320789475752159
2.0,383.0,5.741165619974242,-183.3452824957414,5.2721794665220525,-183.19908367299558,5.26061023504232,-183.19154747079088,0.011569231479732878,-0.007536202204704523,0.01380729737138429,0.0035094840637062146
2.0,388.0,5.617170883101568,-183.30561583280937,5.1509224112286125,-183.1603053737827,5.14396345408503,-183.15423059824533,0.0069589571435821895,-0.006074775537371124,0.009237422928266098,0.0035252584080218696
2.0,393.0,5.499130967545364,-183.26785336491312,5.035155782485526,-183.12328287455998,5.028420647676931,-183.11726682747582,0.006735134808594445,-0.0060160470841594815,0.009030773134608374,0.003539801718901003
2.0,398.0,5.379097058175683,-183.22945296900699,4.917153208479306,-183.08549179198576,4.909004084360258,-183.0790637966985,0.00814912411904789,-0.006427995287253907,0.010379178547486621,0.003509671031211248
2.0,403.0,5.26061023504232,-183.19154747079088,4.79965792357884,-183.05024833862782,4.791946455318436,-183.0435620634033,0.007711468260404253,-0.006686275224524252,0.010206518461714015,0.00392804829070581
2.0,408.0,5.14396345408503,-183.15423059824533,4.681809981257574,-183.0209721485768,4.673155268769217,-183.01545592955276,0.008654712488357141,-0.005516219024030988,0.010263173026759631,0.0024989374022257316
2.0,413.0,5.028420647676931,-183.11726682747582,4.5632715754493915,-182.99706511999725,4.555107814987866,-182.98995206466412,0.008163760461525449,-0.007113055333121565,0.010827859485845545,0.004668402827457285
2.0,418.0,4.909004084360258,-183.0790637966985,4.439742687434342,-182.9765761974046,4.439017428390613,-182.96562212100042,0.0007252590437287765,-0.010954076404175339,0.010978059507445808,0.011154827268554879
2.0,423.0,4.791946455318436,-183.0435620634033,4.320731875779613,-182.96767691226444,4.317018337923039,-182.94136129066516,0.003713537856573801,-0.026315621599280803,0.026576348574789972,0.024773694918969635
2.0,428.0,4.673155268769217,-183.01545592955276,4.199626794428942,-182.95790287826787,4.201492711509952,-182.919654100167,-0.0018659170810106929,-0.03824877810086491,0.03829426422798081,0.03647738253477195
2.0,433.0,4.555107814987866,-182.98995206466412,4.082553349442899,-182.93566387021843,4.078663896853187,-182.89789981837964,0.0038894525897124055,-0.037764051838792057,0.03796381767855538,0.03473304100061547
2.0,438.0,4.439017428390613,-182.96562212100042,3.966832806630266,-182.91584978684565,3.962987731541352,-182.87864995542273,0.003845075088913852,-0.03719983142292449,0.037398022144672124,0.034390211050578934
2.0,443.0,4.317018337923039,-182.94136129066516,3.845207923698983,-182.89690788888228,3.8460115734258373,-182.86040364896462,-0.0008036497268544274,-0.03650423991766161,0.036513085118210324,0.03493666184473687
2.0,448.0,4.201492711509952,-182.919654100167,3.7299639156439235,-182.88011101971384,3.7209242329008823,-182.84223647062268,0.009039682743041233,-0.03787454909115695,0.0389383786636436,0.034153067733473375
2.0,453.0,4.078663896853187,-182.89789981837964,3.6073549260680675,-182.86351688667182,3.606476904501176,-182.82683205158358,0.0008780215668915403,-0.03668483508823783,0.03669534094845192,0.0349181225024604
2.0,458.0,3.962987731541352,-182.87864995542273,3.491831354659146,-182.84909732725933,3.4901729448042405,-182.8123569721946,0.001658409854905507,-0.03674035506472251,0.036777765205742566,0.034901501473165286
2.0,463.0,3.8460115734258373,-182.86040364896462,3.375480050936007,-182.83249092390844,3.363116704953415,-182.79672538325224,0.012363345982592033,-0.0357655406562003,0.0378421223283736,0.03171697294216802
2.0,468.0,3.7209242329008823,-182.84223647062268,3.2526983129087705,-182.80762495241203,3.244186221486245,-182.77549690361545,0.008512091422525625,-0.03212804879657938,0.033236534414117544,0.028946464420004148
2.0,473.0,3.606476904501176,-182.82683205158358,3.141817694028907,-182.77738391675175,3.1272181049854857,-182.74811660249395,0.01459958904342118,-0.02926731425779394,0.03270663058312875,0.02526473371531734
2.0,478.0,3.4901729448042405,-182.8123569721946,3.0300656188340858,-182.7409767435373,3.009466198655923,-182.7202562382896,0.02059942017816274,-0.020720505247680876,0.029217724918201095,0.015867742599545487
2.0,483.0,3.363116704953415,-182.79672538325224,2.902262788491669,-182.7024821145891,2.893297868524378,-182.69254075748697,0.008964919967290985,-0.009941357102121628,0.013386574283655873,0.006595971306031955
2.0,488.0,3.244186221486245,-182.77549690361545,2.7857429874167616,-182.65836576189554,2.780466042317423,-182.6649872712464,0.005276945099338626,0.006621509350850374,0.00846702637676492,-0.008025432135804866
2.0,493.0,3.1272181049854857,-182.74811660249395,2.67081889155144,-182.62248808623104,2.658976460346841,-182.634639018404,0.011842431204598824,0.012150932172943385,0.016967272306034537,-0.013861148309904259
2.0,498.0,3.009466198655923,-182.7202562382896,2.5522134412920083,-182.59445128137648,2.5457308509713608,-182.60572796416238,0.006482590320647574,0.011276682785904768,0.013007211535116761,-0.012134324944439001
2.0,503.0,2.893297868524378,-182.69254075748697,2.4360674081761116,-182.5643425011083,2.42230743743431,-182.57353016947562,0.013759970741801464,0.009187668367303559,0.016545393462918397,-0.011687474598552685
2.0,508.0,2.780466042317423,-182.6649872712464,2.3234149486923408,-182.53429525763468,2.3035005850620696,-182.54185577721827,0.019914363630271215,0.00756051958359194,0.021301251962561874,-0.011491142014781186
2.0,513.0,2.658976460346841,-182.634639018404,2.2021607580962397,-182.50137254479392,2.189811955124085,-182.51091684773854,0.012348802972154793,0.009544302944618721,0.015607262845987974,-0.011826837298367643
2.0,518.0,2.5457308509713608,-182.60572796416238,2.0891989774449375,-182.47007516495748,2.073815980029476,-182.478716084986,0.015382997415461563,0.0086409200285118,0.017643755507919325,-0.011688380644334195
2.0,523.0,2.42230743743431,-182.57353016947562,1.9662997200164054,-182.43470137429378,1.952266017334635,-182.4435822545579,0.01403370268177051,0.008880880264115376,0.016607674287084474,-0.011665543510178011
2.0,528.0,2.3035005850620696,-182.54185577721827,1.8489208186975254,-182.39718749675592,1.8402223213424975,-182.40579308144854,0.008698497355027923,0.008605584692617185,0.012236010139634365,-0.010110463181128626
2.0,533.0,2.189811955124085,-182.51091684773854,1.7375097840063014,-182.35801508417842,1.7255523961727932,-182.36575934093435,0.011957387833508193,0.007744256755927381,0.014246144618901516,-0.010483539993696667
2.0,538.0,2.073815980029476,-182.478716084986,1.6245576501932992,-182.31517296782653,1.6066553039685356,-182.32319628571517,0.01790234622476361,0.008023317888643078,0.019618043487909995,-0.012850482326345778
2.0,543.0,1.952266017334635,-182.4435822545579,1.5079145970767982,-182.26188630779077,1.4951452590261711,-182.281930566465,0.012769338050627077,0.02004425867423265,0.02376611663799417,-0.0228508254139026
2.0,548.0,1.8402223213424975,-182.40579308144854,1.399586117253428,-182.21331094802727,1.3764699229600699,-182.23657160123864,0.023116194293358205,0.02326065321136639,0.03279354245011869,-0.028042790737444534
2.0,553.0,1.7255523961727932,-182.36575934093435,1.2854106450737801,-182.17007518222107,1.2656790200068178,-182.19287521607404,0.019731625066962355,0.02280003385297391,0.030152588138996184,-0.026912940682624953
2.0,558.0,1.6066553039685356,-182.32319628571517,1.1680154267678782,-182.12266936334413,1.1515917513982166,-182.14650355030884,0.016423675369661606,0.02383418696470585,0.028944871409570704,-0.027057476067441133
2.0,563.0,1.4951452590261711,-182.281930566465,1.0581512884768123,-182.07667897460286,1.037371433492205,-182.09865671779752,0.020779854984607216,0.021977743194668165,0.030246050471294396,-0.026720919369822568
2.0,568.0,1.3764699229600699,-182.23657160123864,0.9413292483719341,-182.02638406235968,0.9250818563204528,-182.05021701487667,0.01624739205148129,0.02383295251698314,0.028844191341608285,-0.02716125948437531
2.0,573.0,1.2656790200068178,-182.19287521607404,0.8323869935274393,-181.9781062178356,0.8148294343244796,-182.00128287201335,0.01755755920295965,0.02317665417774606,0.02907619617557061,-0.027050553598216176
2.0,578.0,1.1515917513982166,-182.14650355030884,0.7203200668635251,-181.92703646536148,0.7006710045991621,-181.9491674942167,0.019649062264363026,0.02213102885522744,0.029595068610491927,-0.02686924966625792
2.0,583.0,1.037371433492205,-182.09865671779752,0.6075526571863351,-181.87617505820035,0.5903133780351302,-181.89803078521683,0.017239279151204934,0.021855727016486526,0.027836406899460788,-0.025728523575293316
2.0,588.0,0.9250818563204528,-182.05021701487667,0.49308641500772993,-181.83270624814827,0.47385577146902264,-181.8504218822993,0.019230643538707293,0.017715634151016957,0.026146918447218646,-0.02249709476043504
2.0,593.0,0.8148294343244796,-182.00128287201335,0.3774059111812935,-181.79606108439884,0.35716287084688847,-181.81072684845677,0.02024304033440505,0.014665764057923525,0.02499730620252973,-0.020247842757194157
2.0,598.0,0.7006710045991621,-181.9491674942167,0.2553559793002398,-181.76305999398718,0.24057880858520211,-181.7719570591578,0.014777170715037674,0.008897065170629048,0.01724884178696609,-0.012769071908815377
2.0,603.0,0.5903133780351302,-181.89803078521683,0.13811382588076623,-181.7359615037503,0.13081693214431728,-181.73560380304352,0.007296893736448956,-0.00035770070678609045,0.0073056558909288406,-0.0011066773233716634
2.0,608.0,0.47385577146902264,-181.8504218822993,0.016704374099706338,-181.7088638504201,0.01095285489736943,-181.69661660066666,0.005751519202336908,-0.012247249753443157,0.013530524736981327,0.010283735099731128
2.0,613.0,0.35716287084688847,-181.81072684845677,-0.10147546363164013,-181.68551469578625,-0.1038129653126207,-181.65998197587973,0.0023375016809805693,-0.02553271990652206,0.025639494923525595,0.022322208952674227
2.0,618.0,0.24057880858520211,-181.7719570591578,-0.21673933914902171,-181.64587095458054,-0.21796119903723632,-181.62419414025322,0.0012218598882146048,-0.02167681432732138,0.021711223387169902,0.019462057909452213
2.0,623.0,0.13081693214431728,-181.73560380304352,-0.3259212484752915,-181.61208586428936,-0.32983057640412133,-181.58974652718214,0.003909327928829809,-0.02233933710721203,0.02267881891203308,0.01925895417733603
2.0,628.0,0.01095285489736943,-181.69661660066666,-0.4452741568384947,-181.57619353577323,-0.4485642127978917,-181.55386129172817,0.0032900559593970202,-0.02233224404506018,0.022573293785003765,0.019500046465283027
2.0,633.0,-0.1038129653126207,-181.65998197587973,-0.5596338818619184,-181.54230947520952,-0.5637680945478185,-181.51970426671156,0.004134212685900085,-0.022605208497964213,0.022980147209465184,0.019537809877002044
2.0,638.0,-0.21796119903723632,-181.62419414025322,-0.6735337007277153,-181.5091354846462,-0.678755965023166,-181.48625802467114,0.005222264295450696,-0.02287745997506363,0.023465937426026207,0.01951142011161
2.0,643.0,-0.32983057640412133,-181.58974652718214,-0.7853031186721258,-181.47719852889335,-0.7926091184940941,-181.4537757377142,0.007305999821968334,-0.023422791179143587,0.024535785702120238,0.019441161028534548
2.0,648.0,-0.4485642127978917,-181.55386129172817,-0.9040653777052367,-181.44392514020456,-0.9064211433819818,-181.42193320305464,0.002355765676745114,-0.021991937149920204,0.022117751502577537,0.01968428280037715
2.0,653.0,-0.5637680945478185,-181.51970426671156,-1.0194099236789187,-181.41225813045267,-1.0243057224432965,-181.3896089233279,0.0048957987643778456,-0.02264920712477192,0.023172298740567428,0.019587818048665273
2.0,658.0,-0.678755965023166,-181.48625802467114,-1.1346325075538306,-181.38126097255483,-1.137685297450194,-181.3591503330988,0.0030527898963634836,-0.022110639456030867,0.02232039209570315,0.01968479343783125
2.0,663.0,-0.7926091184940941,-181.4537757377142,-1.2487968274149654,-181.35117366666867,-1.2525686516665306,-181.32891451618354,0.0037718242515651923,-0.02225915048512661,0.02257645761638011,0.019664869779386862
2.0,668.0,-0.9064211433819818,-181.42193320305464,-1.3629860420427509,-181.32170037459517,-1.3699058587121493,-181.29868170343923,0.006919816669398449,-0.023018671155938364,0.02403628682894497,0.019534887703125836
2.0,673.0,-1.0243057224432965,-181.3896089233279,-1.4813195062414897,-181.2918084266859,-1.4811894735071172,-181.27061348274725,-0.0001300327343725094,-0.021194943938638744,0.021195342815676456,0.01985760048259344
2.0,678.0,-1.137685297450194,-181.3591503330988,-1.5951773549603394,-181.26367201040043,-1.6034753983838657,-181.24044190883197,0.008298043423526247,-0.023230101568458394,0.024667694329621088,0.019489971576871046
2.0,683.0,-1.2525686516665306,-181.32891451618354,-1.7105834629619763,-181.2357751427522,-1.7152463895726107,-181.21348203843826,0.004662926610634388,-0.022293104313945378,0.022775543561649902,0.0196574634262916
2.0,688.0,-1.3699058587121493,-181.29868170343923,-1.828486748722568,-181.2079194399423,-1.8337150355849157,-181.185546032079,0.005228286862347664,-0.022373407863284456,0.02297616945732852,0.01963740825507898
2.0,693.0,-1.4811894735071172,-181.27061348274725,-1.940331285775312,-181.1820968497681,-1.9517365629851984,-181.1583675090498,0.011405277209886266,-0.02372934071829036,0.026327969142322084,0.0193678438513385
2.0,698.0,-1.6034753983838657,-181.24044190883197,-2.063254337326797,-181.15438522237264,-2.06550904557169,-181.1327810502326,0.0022547082448931555,-0.021604172140030187,0.021721509227621495,0.01977618971700057
2.0,703.0,-1.7152463895726107,-181.21348203843826,-2.175347249905657,-181.12850010498258,-2.18677928730004,-181.10548604694753,0.01143203739438281,-0.023014058035045082,0.0256970493681082,0.018781578289730483
2.0,708.0,-1.8337150355849157,-181.185546032079,-2.2926329161848296,-181.09619250453346,-2.3000255390225357,-181.07387934217465,0.007392622837706142,-0.022313162358813088,0.02350591599728306,0.01924584201312385
2.0,713.0,-1.9517365629851984,-181.1583675090498,-2.408101634196298,-181.05956619994757,-2.4130658723301726,-181.03840424432929,0.004964238133874588,-0.02116195561828249,0.021736421642946948,0.018527767297880082
2.0,718.0,-2.06550904557169,-181.1327810502326,-2.5181907349501107,-181.01966465989403,-2.5258389501194976,-181.00338252033728,0.007648215169386852,-0.016282139556750508,0.017988976174945,0.012634062531845291
2.0,723.0,-2.18677928730004,-181.10548604694753,-2.637186799784134,-180.97164627109328,-2.6460411273282967,-180.96548199002086,0.008854327544162821,-0.006164281072415179,0.01078876625935776,0.0022280364829909693
2.0,728.0,-2.3000255390225357,-181.07387934217465,-2.7420803260486193,-180.91853955182458,-2.762230825597818,-180.92812602857936,0.020150499549198564,0.00958647675477664,0.02231464023129489,-0.014236097756842536
2.0,733.0,-2.4130658723301726,-181.03840424432929,-2.8569165087842197,-180.88208047920077,-2.875436408575302,-180.89108059093343,0.018519899791082484,0.009000111732660798,0.020590985879071346,-0.013258998868313832
2.0,738.0,-2.5258389501194976,-181.00338252033728,-2.971770331446174,-180.84525668239237,-2.994235103603462,-180.85151504694346,0.02246477215728815,0.00625836455108697,0.023320229735857467,-0.011927249110561533
2.0,743.0,-2.6460411273282967,-180.96548199002086,-3.093130457358482,-180.80415728198855,-3.1093910327593437,-180.81248480333298,0.016260575400861565,0.008327521344426714,0.01826893330517649,-0.012258043178764666
2.0,748.0,-2.762230825597818,-180.92812602857936,-3.2101571677412903,-180.763845671927,-3.226465177642794,-180.77211488127364,0.016308009901503606,0.008269209346650541,0.018284720675095706,-0.012276228622445817
2.0,753.0,-2.875436408575302,-180.89108059093343,-3.3239810263249407,-180.7240114002807,-3.3393811925703036,-180.73251802979593,0.01540016624536289,0.008506629515238728,0.01759340405078975,-0.012301328660225597
2.0,758.0,-2.994235103603462,-180.85151504694346,-3.4432192836700817,-180.68156352907226,-3.455166639671618,-180.69123669350742,0.011947356001536402,0.009673164435156423,0.015372359142858423,-0.012448354549976948
2.0,763.0,-3.1093910327593437,-180.81248480333298,-3.5584334922413707,-180.63921214337748,-3.574455488945811,-180.64729424200434,0.016021996704440156,0.008082098626857714,0.017945046575903515,-0.012197863780770923
2.0,768.0,-3.226465177642794,-180.77211488127364,-3.6743548952443152,-180.5928114041121,-3.6889531663683024,-180.59924186063358,0.01459827112398715,0.006430456521485439,0.015951811523590407,-0.010170394390334625
2.0,773.0,-3.3393811925703036,-180.73251802979593,-3.7849816646188565,-180.54486437336504,-3.800816304353464,-180.55088098721407,0.015834639734607414,0.006016613849027408,0.016939169334212238,-0.010631549254536576
2.0,778.0,-3.455166639671618,-180.69123669350742,-3.8974705409367965,-180.4928747091368,-3.9181062535468953,-180.49904010440906,0.02063571261009889,0.006165395272262231,0.02153705490056214,-0.012964967975243713
2.0,783.0,-3.574455488945811,-180.64729424200434,-4.011034168055237,-180.4310502967263,-4.0293081575423875,-180.4484310012244,0.018273989487150644,0.0173807044980947,0.02521958724139992,-0.022569138324632476
2.0,788.0,-3.6889531663683024,-180.59924186063358,-4.1215269247689,-180.37153467846554,-4.143345449085401,-180.3950407084979,0.021818524316500998,0.023506030032365288,0.032071505284788304,-0.028728464033818568
2.0,793.0,-3.800816304353464,-180.55088098721407,-4.233186314207241,-180.31963982429767,-4.257391420155831,-180.34012979875104,0.0242051059485906,0.020489974453369086,0.03171318664344871,-0.02703252863149075
2.0,798.0,-3.9181062535468953,-180.49904010440906,-4.349052318088593,-180.26265626985276,-4.370384372713478,-180.2842028207818,0.02133205462488519,0.021546550929031127,0.03032013211475863,-0.027138515301023958
2.0,803.0,-4.0293081575423875,-180.4484310012244,-4.458593515781754,-180.2070208487444,-4.481430269692706,-180.2277392535243,0.02283675391095219,0.020718404779898947,0.030834552466561433,-0.027054342836261736
2.0,808.0,-4.143345449085401,-180.3950407084979,-4.5707923973761035,-180.148578190414,-4.595307778656079,-180.16826608947767,0.024515381279975657,0.019687899063654868,0.03144228504487616,-0.026895056200102907
2.0,813.0,-4.257391420155831,-180.34012979875104,-4.682837472000006,-180.0886529385635,-4.698123411038734,-180.1131796457956,0.015285939038728102,0.024526707232098488,0.02890016089825079,-0.027800668344538867
2.0,818.0,-4.370384372713478,-180.2842028207818,-4.793693907550447,-180.02778755778928,-4.818712051650852,-180.04686318598556,0.025018144100404704,0.019075628196276284,0.03146088246237199,-0.026853001839165277
2.0,823.0,-4.481430269692706,-180.2277392535243,-4.90357485221935,-179.9686483905563,-4.928676681317219,-179.98552793577116,0.025101829097868844,0.0168795452148629,0.03024931190488828,-0.024831948717890743
2.0,828.0,-4.595307778656079,-180.16826608947767,-5.021793122839979,-179.91654613932397,-5.042079661939379,-179.92871865872064,0.020286539099400258,0.012172519396671078,0.023658273332892003,-0.01825925338528034
2.0,833.0,-4.698123411038734,-180.1131796457956,-5.134098911391968,-179.8787061878228,-5.155447562020141,-179.8812736994053,0.02134865062817326,0.0025675115825265493,0.021502488213465214,-0.010519310194668119
2.0,838.0,-4.818712051650852,-180.04686318598556,-5.267732852123233,-179.83804798845873,-5.2729999066150555,-179.83865177618762,0.00526705449182252,0.0006037877288918025,0.005301549079409537,-0.0025661527220597335
2.0,843.0,-4.928676681317219,-179.98552793577116,-5.391481368141592,-179.8068446036741,-5.386536117338007,-179.79775800616764,-0.004945250803584322,-0.009086597506467342,0.010345132176772315,0.010621249524811027
2.0,848.0,-5.042079661939379,-179.92871865872064,-5.535311883857532,-179.76278226575715,-5.511126321465125,-179.75422903182394,-0.024185562392407434,-0.008553233933213278,0.025653444972426293,0.01827556348867976
2.0,853.0,-5.155447562020141,-179.8812736994053,-5.700899481662651,-179.72584465491934,-5.650692727911267,-179.707473996257,-0.05020675375138417,-0.01837065866234866,0.053462128857170055,0.03404801522748802
2.0,858.0,-5.2729999066150555,-179.83865177618762,-5.892817278254528,-179.6623062593699,-5.801199319290907,-179.65933016256125,-0.0916179589636208,-0.0029760968086520734,0.09166628364275588,0.033541210072523864
2.0,863.0,-5.386536117338007,-179.79775800616764,-6.082311678518952,-179.59248517075815,-6.006632672129989,-179.59734322816627,-0.07567900638896319,0.004858057408114291,0.07583477256378675,0.020874274320517916
2.0,868.0,-5.511126321465125,-179.75422903182394,-6.2460982654029165,-179.54561920345353,-6.218203279597089,-179.53794380657342,-0.027894985805827055,-0.0076753968801028805,0.028931677282424982,0.015124745857405753
2.0,873.0,-5.650692727911267,-179.707473996257,-6.450526550476831,-179.4897721493424,-6.48947699582815,-179.4682031253903,0.038950445351319196,-0.02156902395211091,0.04452370141074119,0.006533668744739706
2.0,878.0,-5.801199319290907,-179.65933016256125,-6.682822525906943,-179.43054691583973,-6.781773071088483,-179.40095102331722,0.09895054518154023,-0.02959589252250794,0.10328178564455534,-0.0020780432541784855
2.0,883.0,-6.006632672129989,-179.59734322816627,-7.005576931230101,-179.35548334141617,-7.087087055809218,-179.33868286465227,0.08151012457911744,-0.016800476763904726,0.08322353290024251,-0.005305085703713796
2.0,888.0,-6.218203279597089,-179.53794380657342,-7.33405600842725,-179.2767009976104,-7.43877355672398,-179.25895043128668,0.10471754829672975,-0.017750566323712746,0.10621133426377079,-0.006013518683564366
2.0,893.0,-6.48947699582815,-179.4682031253903,-7.735411515333171,-179.1824803196294,-7.811483970807901,-179.1458788090166,0.07607245547472985,-0.03660151061279748,0.08441971962221553,0.01961497996055339
2.0,898.0,-6.781773071088483,-179.40095102331722,-8.132872105938528,-179.08695973264992,-8.197893571671381,-178.99640983686487,0.06502146573285295,-0.09054989578504546,0.11147678965924326,0.05956900540435806
2.0,903.0,-7.087087055809218,-179.33868286465227,-8.526118571422666,-178.9763455960539,-8.56575195129835,-178.8405339841477,0.03963337987568494,-0.13581161190620605,0.14147649532318884,0.08247955178623913
2.0,908.0,-7.43877355672398,-179.25895043128668,-8.944820491641034,-178.79442905509123,-8.981307456701517,-178.64718903851497,0.0364869650604831,-0.14724001657626218,0.15169351041063975,0.07723935077790767
2.0,913.0,-7.811483970807901,-179.1458788090166,-9.33613917050086,-178.51545462881398,-9.374202637256829,-178.44563044064626,0.03806346675596828,-0.06982418816772906,0.07952512027507495,0.028661594431136805
2.0,918.0,-8.197893571671381,-178.99640983686487,-9.750521469625713,-178.26147829132617,-9.769497651492767,-178.22362369654076,0.0189761818670533,-0.037854594785414974,0.042344607975744075,0.01552232435066525
2.0,923.0,-8.56575195129835,-178.8405339841477,-10.145206195338622,-178.0336607635875,-10.174353991244155,-177.97540376277425,0.029147795905533513,-0.058257000813256354,0.06514193848747815,0.022644997155273572
2.0,928.0,-8.981307456701517,-178.64718903851497,-10.572589556768865,-177.75159550326842,-10.571962802973575,-177.70893711812835,-0.0006267537952897584,-0.04265838514007214,0.042662989148425104,0.020844530028059968
2.0,933.0,-9.374202637256829,-178.44563044064626,-10.965254059157257,-177.4677992849924,-10.959495308082197,-177.4254654880868,-0.005758751075060076,-0.04233379690560923,0.04272368867958237,0.0217072003285419
2.0,938.0,-9.769497651492767,-178.22362369654076,-11.351506195901907,-177.16610653367368,-11.340210436458044,-177.12211240984877,-0.011295759443862963,-0.04399412382491619,0.04542110866695877,0.023668437780435703
2.0,943.0,-10.174353991244155,-177.97540376277425,-11.738444743194457,-176.83854663847993,-11.709779535832213,-176.8026170320313,-0.028665207362243095,-0.03592960644863297,0.045963362939128415,0.024181208420667396
2.0,948.0,-10.571962802973575,-177.70893711812835,-12.112677000881874,-176.50027537957845,-12.091983346160362,-176.481292486176,-0.02069365472151219,-0.01898289340246606,0.0280816236649976,0.00752547321588537
2.0,953.0,-10.959495308082197,-177.4254654880868,-12.482536565257004,-176.16052179446226,-12.507515463001397,-176.1796299617747,0.024978897744393436,0.019108167312452906,0.031449441816438606,-0.037337597706616155
2.0,958.0,-11.340210436458044,-177.12211240984877,-12.853134543196996,-175.81727475639983,-12.92697288255214,-175.92249666802155,0.07383833935514517,0.1052219116217259,0.12854474335442845,-0.09597053711556613
2.0,963.0,-11.709779535832213,-176.8026170320313,-13.25394776530982,-175.51666357766425,-13.366624389281629,-175.67770082530467,0.11267662397180978,0.16103724764042227,0.1965426587723065,-0.1209453436625747
2.0,968.0,-12.091983346160362,-176.481292486176,-13.724607947303948,-175.28021994404304,-13.840472230216214,-175.4397894497216,0.11586428291226625,0.15956950567854733,0.1971977667147111,-0.10740998025441108
2.0,973.0,-12.507515463001397,-176.1796299617747,-14.26292118763857,-175.1601805725426,-14.286606490247067,-175.23981164753658,0.023685302608496883,0.07963107499398347,0.08307888819882876,-0.04223747941415601
2.0,978.0,-12.92697288255214,-175.92249666802155,-14.745245922991877,-174.99578986139008,-14.774452131951136,-175.04628000385162,0.029206208959259072,0.050490142461541154,0.05832887044644895,-0.03240683509088526
2.0,983.0,-13.366624389281629,-175.67770082530467,-15.229819838498534,-174.8168533577372,-15.281773333751929,-174.87136368656496,0.05195349525339488,0.0545103288277744,0.07530299873150216,-0.03970021937219004
2.0,988.0,-13.840472230216214,-175.4397894497216,-15.749415911244949,-174.66100608142668,-15.743307292826334,-174.734562352114,-0.006108618418615208,0.07355627068733384,0.07380948568045012,-0.03543325932382136
2.0,993.0,-14.286606490247067,-175.23981164753658,-16.233536322218765,-174.5401819082222,-16.26492420714872,-174.60456131882012,0.03138788492995559,0.06437941059792252,0.071623374880775,-0.039152273057826203
2.0,998.0,-14.774452131951136,-175.04628000385162,-16.757287940386483,-174.43366809506705,-16.794583500944114,-174.49835432161265,0.037295560557630836,0.06468622654560363,0.07466770883063886,-0.04016490218498747
2.0,1003.0,-15.281773333751929,-174.87136368656496,-17.293248050581067,-174.3494097849433,-17.292722154676603,-174.42043654408778,-0.0005258959044631695,0.07102675914447332,0.07102870603544284,-0.0370757103091921
2.0,1008.0,-15.743307292826334,-174.734562352114,-17.75049423995663,-174.28968477137784,-17.8087477305104,-174.3326763843984,0.058253490553770604,0.042991613020575414,0.07239991679421427,-0.022853710899525037
2.0,1013.0,-16.26492420714872,-174.60456131882012,-18.23636106377943,-174.23827304243383,-18.299177668049296,-174.21535638344707,0.0628166042698659,-0.022916658986758875,0.06686627723383687,0.025804815939580283
2.0,1018.0,-16.794583500944114,-174.49835432161265,-18.698688978432067,-174.19856921955042,-18.76336507909614,-174.08844422067597,0.06467610066407303,-0.11012499887445415,0.12771262026208624,0.07219358328036085
2.0,1023.0,-17.292722154676603,-174.42043654408778,-19.124224167252816,-174.13953113882775,-19.19583030158551,-173.96260465892792,0.07160613433269347,-0.17692647989983357,0.19086753983801946,0.09434606732510442
2.0,1028.0,-17.8087477305104,-174.3326763843984,-19.58528709329339,-173.92218402017406,-19.592045959303753,-173.83931503652295,0.006758866010365239,-0.08286898365111028,0.08314415626557319,0.0406742123724948
2.0,1033.0,-18.299177668049296,-174.21535638344707,-19.979544965464505,-173.69944658610376,-19.951444815688987,-173.72061655213454,-0.028100149775518446,0.021169966030782916,0.03518218127335302,-0.010101306561473233
2.0,1038.0,-18.76336507909614,-174.08844422067597,-20.353345096995508,-173.57906889851546,-20.27112053910552,-173.60954276571692,-0.08222455788998673,0.030473867201465055,0.08768999089072997,-0.006246500038324498
2.0,1043.0,-19.19583030158551,-173.96260465892792,-20.67485319229844,-173.46177895078642,-20.5648629368297,-173.50285497211192,-0.10999025546873753,0.041076021325494594,0.11740994773020995,-0.006977295335321987
2.0,1048.0,-19.592045959303753,-173.83931503652295,-20.945089450685707,-173.355556604728,-20.834994247814983,-173.40077028674568,-0.11009520287072405,0.04521368201767473,0.11901777487729004,-0.008492572511332952
2.0,1053.0,-19.951444815688987,-173.72061655213454,-21.177788381060825,-173.26110684455878,-21.08225688658352,-173.30395226426617,-0.09553149447730647,0.04284541970739042,0.1046995531364393,-0.009104884340515706
2.0,1058.0,-20.27112053910552,-173.60954276571692,-21.38948970983279,-173.17303013965795,-21.316938372289147,-173.20903273385287,-0.07255133754364351,0.03600259419491181,0.08099310691741114,-0.00904181881624222
2.0,1063.0,-20.5648629368297,-173.50285497211192,-21.58859685282115,-173.0888090922978,-21.52336028088404,-173.12360345423434,-0.06523657193710974,0.03479436193654806,0.07393549851510572,-0.009413015515307155
2.0,1068.0,-20.834994247814983,-173.40077028674568,-21.77903377141693,-173.01590816279185,-21.73090810206162,-173.04758737417365,-0.04812566935531137,0.03167921138179963,0.05761642547633009,-0.011937672325820436
2.0,1073.0,-21.08225688658352,-173.30395226426617,-21.961156849193642,-172.9550193895335,-21.91796891312579,-172.99385201026433,-0.043187936067852206,0.0388326207308296,0.058079000117300106,-0.019782832588189688
2.0,1078.0,-21.316938372289147,-173.20903273385287,-22.14144873850665,-172.9031403817514,-22.09452875472072,-172.94801770645134,-0.046919983785929986,0.044877324699939436,0.0649265673718835,-0.022116646329378487
2.0,1083.0,-21.52336028088404,-173.12360345423434,-22.306349178874033,-172.87202035230158,-22.266948418439565,-172.90530228480924,-0.03940076043446794,0.03328193250766276,0.051576224699554675,-0.012662721535861898
2.0,1088.0,-21.73090810206162,-173.04758737417365,-22.47836511333026,-172.8623203668838,-22.435528682708284,-172.86615990767203,-0.04283643062197484,0.0038395407882205745,0.04300816041050435,0.01189783213637341
2.0,1093.0,-21.91796891312579,-172.99385201026433,-22.628691434209813,-172.8562332600982,-22.58844578265894,-172.83295329838091,-0.04024565155087245,-0.023279961717292963,0.04649375319667007,0.03148494121625012
2.0,1098.0,-22.09452875472072,-172.94801770645134,-22.771417560795417,-172.82584850889882,-22.75345204561001,-172.7995249810638,-0.01796551518540568,-0.026323527835018012,0.031869858072448486,0.02837659267468906
2.0,1103.0,-22.266948418439565,-172.90530228480924,-22.914612989642254,-172.79925159057254,-22.895558840399577,-172.772713984121,-0.019054149242677454,-0.026537606451540796,0.03266963666065305,0.02898377989414902
2.0,1108.0,-22.435528682708284,-172.86615990767203,-23.056889411272227,-172.77545459307052,-23.042590620933378,-172.74688839728597,-0.014298790338848733,-0.02856619578454911,0.03194499877532546,0.029696880414352478
2.0,1113.0,-22.58844578265894,-172.83295329838091,-23.188152506257918,-172.75490620249064,-23.18267427445991,-172.72408341205448,-0.005478231798008437,-0.03082279043616154,0.03130583705803507,0.02979469921743672
2.0,1118.0,-22.75345204561001,-172.7995249810638,-23.33217930287992,-172.73401130090005,-23.31853186674385,-172.70363503815224,-0.013647436136068336,-0.030376262747807914,0.033301198951568196,0.03134606232512649
2.0,1123.0,-22.895558840399577,-172.772713984121,-23.457892137089576,-172.71638695827008,-23.446266429440982,-172.68567156929257,-0.011625707648594386,-0.030715388977512248,0.03284192744603256,0.03116332158178725
2.0,1128.0,-23.042590620933378,-172.74688839728597,-23.587559677892067,-172.68848731955921,-23.578979594387107,-172.66218353775383,-0.008580083504959646,-0.026303781805381732,0.0276677930131265,0.02581857414493527
2.0,1133.0,-23.18267427445991,-172.72408341205448,-23.710236360514426,-172.65202848266577,-23.7073251978368,-172.6298813747044,-0.0029111626776270327,-0.022147107961359325,0.022337619819213377,0.020874657181575884
2.0,1138.0,-23.31853186674385,-172.70363503815224,-23.828590208220444,-172.60715623522216,-23.82218208708211,-172.59440093536955,-0.006408121138335332,-0.012755299852614144,0.014274511930489201,0.013015756261950175
2.0,1143.0,-23.446266429440982,-172.68567156929257,-23.943741884765167,-172.55475971796332,-23.95076756904012,-172.5539744666123,0.0070256842749536474,-0.0007852513510329118,0.007069431321940257,-0.0011638514438270242
2.0,1148.0,-23.578979594387107,-172.66218353775383,-24.06798815023461,-172.5093013252592,-24.072585074173872,-172.51454029286916,0.00459692393926403,0.005238967609955125,0.006969827208872372,-0.007633990251646683
2.0,1153.0,-23.7073251978368,-172.6298813747044,-24.182730133442593,-172.45035973291698,-24.185292503938115,-172.4766768533278,0.0025623704955215487,0.026317120410823236,0.02644156896392664,-0.025904439746744057
2.0,1158.0,-23.82218208708211,-172.59440093536955,-24.289166713649582,-172.40855500801408,-24.30725812161002,-172.43424305104554,0.018091407960437067,0.025688043031465213,0.03141933476026146,-0.0284374485824479
2.0,1163.0,-23.95076756904012,-172.5539744666123,-24.414709139985415,-172.36647369865992,-24.425104926131805,-172.39178488652206,0.010395786146389696,0.025311187862143925,0.027362905558332252,-0.02633185789053405
2.0,1168.0,-24.072585074173872,-172.51454029286916,-24.555974167393487,-172.31677970668238,-24.547903925803457,-172.3459852293401,-0.00807024159002978,0.02920552265771903,0.030300022327252266,-0.02445210623691541
2.0,1173.0,-24.185292503938115,-172.4766768533278,-24.71540434350277,-172.26051652766225,-24.685371215453145,-172.29279222554715,-0.03003312804962377,0.03227569788489859,0.04408752039299041,-0.020503583299830375
2.0,1178.0,-24.30725812161002,-172.43424305104554,-24.90869573291526,-172.19096987693177,-24.839052468616458,-172.23087003077387,-0.06964326429880074,0.03990015384209755,0.08026335738564433,-0.016082058450091363
2.0,1183.0,-24.425104926131805,-172.39178488652206,-25.09963542382433,-172.11312602761527,-25.02205731233978,-172.15378992912233,-0.07757811148455218,0.04066390150705956,0.08758947577925927,-0.013695834701428655
2.0,1188.0,-24.547903925803457,-172.3459852293401,-25.254837619598202,-172.04474111580083,-25.229011283437803,-172.06215844443435,-0.02582633616039942,0.017417328633513307,0.031150649691423088,-0.007848821390324279
2.0,1193.0,-24.685371215453145,-172.29279222554715,-25.447832867105905,-171.95643638489182,-25.468344667234756,-171.95004846428998,0.02051180012885112,-0.006387920601838459,0.021483469788219245,-0.0017735520105941482
2.0,1198.0,-24.839052468616458,-172.23087003077387,-25.674105707456455,-171.8476562451221,-25.735224368359273,-171.8170412375917,0.06111866090281737,-0.030615007530400362,0.06835765792243066,0.00429627708048308
2.0,1203.0,-25.02205731233978,-172.15378992912233,-25.946403380856538,-171.71060838518196,-26.0127398433013,-171.66945449268857,0.0663364624447631,-0.04115389249338364,0.07806515943135224,0.008602772769539245
2.0,1208.0,-25.229011283437803,-172.06215844443435,-26.25082807094508,-171.54555150103639,-26.330069243483404,-171.48855502111127,0.07924117253832463,-0.05699647992511814,0.09761025637248849,0.013394704867489171
2.0,1213.0,-25.468344667234756,-171.95004846428998,-26.586218064853686,-171.3493630275286,-26.634926883963246,-171.30195601439382,0.04870881910956015,-0.047407013134773024,0.06797039026964899,0.013848210090842361
2.0,1218.0,-25.735224368359273,-171.8170412375917,-26.930238654411138,-171.13136105402336,-26.97392615704308,-171.0787886875679,0.04368750263194343,-0.05257236645545049,0.0683553333759864,0.016545360733930536
2.0,1223.0,-26.0127398433013,-171.66945449268857,-27.265015395457507,-170.9017425331804,-27.309817184079197,-170.8402645069975,0.044801788621690264,-0.06147802618289688,0.07607067744569894,0.0194502112049717
2.0,1228.0,-26.330069243483404,-171.48855502111127,-27.627176315379582,-170.63245004737024,-27.646533393711533,-170.58242535158644,0.019357078331950106,-0.05002469578380442,0.05363922696880923,0.019359287203300823
2.0,1233.0,-26.634926883963246,-171.30195601439382,-27.959273533010244,-170.36486894750695,-27.98260106851779,-170.30469837217356,0.023327535507547736,-0.06017057533338743,0.06453427034380069,0.022006758606322396
2.0,1238.0,-26.97392615704308,-171.0787886875679,-28.313989524655508,-170.05512413305667,-28.308228438898272,-170.01433485729902,-0.005761085757235662,-0.04078927575764624,0.041194115185734126,0.020762479055983718
2.0,1243.0,-27.309817184079197,-170.8402645069975,-28.652813459160264,-169.7337449314924,-28.63901624346916,-169.69610307474764,-0.013797215691102593,-0.03764185674475584,0.04009080368388152,0.021226270756043334
2.0,1248.0,-27.646533393711533,-170.58242535158644,-28.983224646684626,-169.3971946489461,-28.96060941980924,-169.38561635291126,-0.02261522687538431,-0.011578296034855384,0.025406798808505028,0.006898409803933968
2.0,1253.0,-27.98260106851779,-170.30469837217356,-29.306136466506672,-169.0457580516126,-29.314681562980137,-169.03793117064123,0.008545096473465463,-0.007826880971379069,0.011587870360034568,-0.008777663117793377
2.0,1258.0,-28.308228438898272,-170.01433485729902,-29.614054733026272,-168.68900395411376,-29.645390904262573,-168.69740129242612,0.03133617123630117,0.008397338312363445,0.032441808187631524,-0.020798860175072598
2.0,1263.0,-28.63901624346916,-169.69610307474764,-29.937649940623462,-168.32370711828713,-29.967620539213044,-168.35162540264224,0.029970598589581954,0.02791828435510979,0.04095933814346393,-0.021604479268339638
2.0,1268.0,-28.96060941980924,-169.38561635291126,-30.30301426308668,-168.01890086523937,-30.2830373577928,-167.999113082808,-0.01997690529388052,-0.01978778243136503,0.028118198353943486,0.015055679768378738
2.0,1273.0,-29.314681562980137,-169.03793117064123,-30.63783617558055,-167.6208791355767,-30.619498155486262,-167.60672351962594,-0.01833802009428709,-0.014155615950755873,0.023166019164365965,0.011745694265004936
2.0,1278.0,-29.645390904262573,-168.69740129242612,-30.94957089014342,-167.23703548561144,-30.927972697335022,-167.2308815504106,-0.021598192808397698,-0.0061539352008423975,0.022457801563040166,0.01010739827698437
2.0,1283.0,-29.967620539213044,-168.35162540264224,-31.252423070022697,-166.8525921958669,-31.23825523449555,-166.83608735569044,-0.014167835527146622,-0.016504840176452262,0.021751719765906112,0.01095577839443429
2.0,1288.0,-30.2830373577928,-167.999113082808,-31.545829293240672,-166.4633136097116,-31.528914067315082,-166.44975032198178,-0.01691522592559025,-0.013563287729823514,0.021681504610052818,0.010972844856561803
2.0,1293.0,-30.619498155486262,-167.60672351962594,-31.855722865465044,-166.03279698881434,-31.83119379850535,-166.02950274308802,-0.024529066959694035,-0.0032942457263231972,0.024749286470897545,0.010553788124769259
2.0,1298.0,-30.927972697335022,-167.2308815504106,-32.13718456900255,-165.62298038123348,-32.111794577697516,-165.62099850894165,-0.025389991305033277,-0.0019818722918216736,0.025467223567769533,0.010594353097938214
2.0,1303.0,-31.23825523449555,-166.83608735569044,-32.41758894726,-165.19476026898295,-32.370189516293166,-165.22616260587034,-0.04739943096683419,0.03140233688739613,0.056857829873898626,0.009606200625278394
2.0,1308.0,-31.528914067315082,-166.44975032198178,-32.675155986150926,-164.77587287570353,-32.63382948884358,-164.76074122579402,-0.04132649730734528,-0.015131649909505995,0.04400961495716441,0.02937364206981918
2.0,1313.0,-31.83119379850535,-166.02950274308802,-32.93703909769426,-164.32018597728867,-32.86013187880453,-164.30664339476257,-0.07690721888972973,-0.013542582526099523,0.07809047226665376,0.046658144018074665
2.0,1318.0,-32.111794577697516,-165.62099850894165,-33.1730181741297,-163.87649329721188,-33.07367630244992,-163.82861855800905,-0.09934187167978337,-0.04787473920282537,0.11027600882595039,0.06266150398374305
2.0,1323.0,-32.370189516293166,-165.22616260587034,-33.35737352715178,-163.43171389177428,-33.258132945854356,-163.36147147736523,-0.09924058129742264,-0.07024241440905143,0.12158408513561002,0.06171885828899759
2.0,1328.0,-32.63382948884358,-164.76074122579402,-33.46527422889902,-162.89081862252212,-33.424133118543345,-162.88167423545585,-0.04114111035567447,-0.00914438706627152,0.04214511568516071,0.020645402980238314
2.0,1333.0,-32.86013187880453,-164.30664339476257,-33.611838449535725,-162.41332761688693,-33.563085340896365,-162.41915453797836,-0.04875310863936022,0.005826921091426129,0.049100087692456995,0.02087403982775915
2.0,1338.0,-33.07367630244992,-163.82861855800905,-33.732811530228034,-161.92188762067047,-33.68536097446537,-161.9420476451161,-0.04745055576266566,0.020160024445630143,0.05155561878044185,0.017710934012363122
2.0,1343.0,-33.258132945854356,-163.36147147736523,-33.82519004046183,-161.45814308241455,-33.7800808614004,-161.49888871309201,-0.045109179061427085,0.040745630677463396,0.06078687732479879,0.014084346369393375
2.0,1348.0,-33.424133118543345,-162.88167423545585,-33.90443339379276,-160.98399438420924,-33.85845930530889,-161.0459180955436,-0.04597408848386664,0.06192371133437291,0.0771243336265873,0.012557635437127734
2.0,1353.0,-33.563085340896365,-162.41915453797836,-33.959677263707206,-160.55019815268346,-33.92004332043259,-160.5807128761541,-0.039633943274616,0.030514723470645322,0.050019974090211514,0.015462181201287395
2.0,1358.0,-33.68536097446537,-161.9420476451161,-33.997679525202116,-160.10351166109575,-33.96087922092603,-160.14069820980296,-0.03680030427608472,0.037186548707211386,0.05231731835220746,0.01406915775761375
2.0,1363.0,-33.7800808614004,-161.49888871309201,-34.01743237177016,-159.68784487329515,-33.98439465646962,-159.7175717635363,-0.033037715300544335,0.029726890241164483,0.0444429818496696,0.013805239565810591
2.0,1368.0,-33.85845930530889,-161.0459180955436,-34.027724668643586,-159.26238817710197,-34.00764111846229,-159.2927863227884,-0.020083550181297483,0.03039814568643351,0.03643344959042898,0.0030976738305195095
2.0,1373.0,-33.92004332043259,-160.5807128761541,-34.03011529416864,-158.82432567334428,-34.048924077358954,-158.85995240419322,0.018808783190316092,0.03562673084894641,0.040286899559082316,-0.026840082364857798
2.0,1378.0,-33.96087922092603,-160.14069820980296,-34.02684642087871,-158.40892559326943,-34.087141432121335,-158.4611231107663,0.06029501124262282,0.05219751749686452,0.07975004209142143,-0.049520273263044645
2.0,1383.0,-33.98439465646962,-159.7175717635363,-34.03183027442044,-158.01160579430663,-34.12732924726131,-158.03277621981877,0.09549897284086484,0.02117042551213899,0.0978173846002093,-0.05957989380916317
2.0,1388.0,-34.00764111846229,-159.2927863227884,-34.13218228449371,-157.6081686222644,-34.16470244598614,-157.63443346105302,0.0325201614924282,0.02626483878862018,0.0418019456495247,-0.019053170704743216
2.0,1393.0,-34.048924077358954,-158.85995240419322,-34.20934198090903,-157.19747429768265,-34.20193581575082,-157.23757932118752,-0.0074061651582084664,0.040105023504878545,0.04078313613097357,0.0015976925760439187
2.0,1398.0,-34.087141432121335,-158.4611231107663,-34.23689914578949,-156.81444904426252,-34.239505777222696,-156.83713781746258,0.0026066314332098273,0.02268877320005913,0.022838015604520437,-0.003261335255807518
2.0,1403.0,-34.12732924726131,-158.03277621981877,-34.275739497138915,-156.4012319958703,-34.27775994699698,-156.42940101077716,0.0020204498580653762,0.028169014906865186,0.02824138131275008,-0.0032098232972435077
2.0,1408.0,-34.16470244598614,-157.63443346105302,-34.312126936057474,-156.0152897806476,-34.31577480370787,-156.02421287732514,0.003647867650393266,0.008923096677534659,0.009639947754599905,-0.003102216518932499
2.0,1413.0,-34.20193581575082,-157.23757932118752,-34.348337671082405,-155.62938159275805,-34.35240690120564,-155.63376006499803,0.004069230123235457,0.004378472239977782,0.0059774286237564474,-0.003090616964304793
2.0,1418.0,-34.239505777222696,-156.83713781746258,-34.385105022247046,-155.2386694602741,-34.38637567518119,-155.27169224764882,0.001270652934145744,0.033022787374704876,0.0330472244655133,-0.0030215897640599727
2.0,1423.0,-34.27775994699698,-156.42940101077716,-34.42280657005345,-154.8396151572123,-34.42589216193142,-154.85100120734631,0.003085591877969307,0.011386050134007064,0.01179673746811009,-0.0029035994329091874
2.0,1428.0,-34.31577480370787,-156.02421287732514,-34.462615106117354,-154.44226165285406,-34.47168878092718,-154.48212170198346,0.00907367480982657,0.03986004912940189,0.04087976383435714,-0.011440623200548172
2.0,1433.0,-34.35240690120564,-155.63376006499803,-34.50507350688515,-154.05867694055755,-34.53394591224446,-154.08671287343907,0.028872405359315678,0.028035932881522285,0.04024461856906912,-0.025324412373349814
2.0,1438.0,-34.38637567518119,-155.27169224764882,-34.549149172625974,-153.7028050218588,-34.59894918187952,-153.7077079765431,0.049800009253544886,0.004902954684297356,0.05004078223099065,-0.034570871143531745
2.0,1443.0,-34.42589216193142,-154.85100120734631,-34.61097684207897,-153.29171243682106,-34.671395519358164,-153.32247729794133,0.06041867727919481,0.0307648611202751,0.06780039265312042,-0.03751506975601227
2.0,1448.0,-34.47168878092718,-154.48212170198346,-34.73880524341475,-152.9430547701348,-34.746875693787615,-152.95456365720977,0.008070450372862581,0.011508887074967333,0.014056551886049009,-0.005081048157026035
2.0,1453.0,-34.53394591224446,-154.08671287343907,-34.823699142796755,-152.55603261983723,-34.834323739979034,-152.56149237594883,0.010624597182278706,0.005459756111605429,0.01194533390424468,-0.006608816432403852
2.0,1458.0,-34.59894918187952,-153.7077079765431,-34.90998093095231,-152.1850801444206,-34.91720351265311,-152.21528790201788,0.007222581700801811,0.03020775759728167,0.031059206452852036,-0.007129123463075704
2.0,1463.0,-34.671395519358164,-153.32247729794133,-35.00713355553613,-151.80910325938473,-35.01898191780946,-151.81855452291123,0.011848362273333635,0.009451263526500497,0.015156189191466118,-0.0077687474878607166
2.0,1468.0,-34.746875693787615,-152.95456365720977,-35.10598991159524,-151.45029165772027,-35.11997830482156,-151.4500608151525,0.013988393226320284,-0.000230842567759737,0.013990297829040422,-0.007842541339964539
2.0,1473.0,-34.834323739979034,-152.56149237594883,-35.21807792155396,-151.06740939129477,-35.225997102664884,-151.08421284134468,0.007919181110921159,0.016803450049906132,0.018576042717631247,-0.006312248749724247
2.0,1478.0,-34.91720351265311,-152.21528790201788,-35.32238135189599,-150.7307903384245,-35.3393182163877,-150.71505665989343,0.01693686449171139,-0.015733678531063333,0.02311722342603967,-0.007100798837533118
2.0,1483.0,-35.01898191780946,-151.81855452291123,-35.44822688483726,-150.3460674353452,-35.452843933003095,-150.36426219139736,0.004617048165833637,0.018194756052167804,0.018771421937709584,-0.004928574863248602
2.0,1488.0,-35.11997830482156,-151.4500608151525,-35.57125444924641,-149.98769836667307,-35.58448689066462,-150.00545269250404,0.013232441418210783,0.017754325830964035,0.02214302580042793,-0.013018029865641045
2.0,1493.0,-35.225997102664884,-151.08421284134468,-35.706830646911,-149.63189728288853,-35.73778362152933,-149.64856682857777,0.03095297461833013,0.01666954568923984,0.03515622834162738,-0.026615246912895074
2.0,1498.0,-35.3393182163877,-150.71505665989343,-35.84661682980597,-149.2705502871243,-35.89932558649124,-149.30170002829672,0.052708756685269975,0.031149741172413314,0.061225153380088264,-0.04016606031298098
2.0,1503.0,-35.452843933003095,-150.36426219139736,-36.00160500799039,-148.93581756273386,-36.068877987999116,-148.96576958564407,0.06727298000872395,0.029952022910208598,0.07363951056102853,-0.044101868918105414
2.0,1508.0,-35.58448689066462,-150.00545269250404,-36.23326978690516,-148.62534131485742,-36.25527358652593,-148.62472119271655,0.02200379962076937,-0.0006201221408730362,0.02201253618328818,-0.010881049389075415
2.0,1513.0,-35.73778362152933,-149.64856682857777,-36.43112503017113,-148.28700637624954,-36.4331176361693,-148.322396040099,0.0019926059981685285,0.03538966384945752,0.03544571604639322,-0.008662529726810142
8.0,3.0,17.43755701009452,53.69799566742051,17.70312506248599,53.57077662109861,17.577371822245027,53.63457342428753,0.12575324024096446,-0.06379680318892156,0.14101031709852904,-0.01133476025968655
8.0,8.0,17.444273832046132,53.694930163274805,17.748595201999727,53.549785185237525,17.669532783251498,53.59219515281155,0.07906241874822939,-0.04240996757402371,0.08971884644794603,-0.008905909089893582
8.0,13.0,17.4640117287252,53.68602538198206,17.826245993052073,53.51409821684525,17.798740763921028,53.53196796743349,0.027505229131044473,-0.017869750588239697,0.03280039047994933,-0.005760889543297898
8.0,18.0,17.507417783217154,53.66641795389322,17.954281754373365,53.45421382223433,17.97738911461264,53.44711522834221,-0.023107360239276176,0.007098593892116867,0.024173128313747076,-0.002500246200470735
8.0,23.0,17.577371822245027,53.63457342428753,18.124245040866462,53.3731748642929,18.18522500933152,53.34606263807303,-0.06097996846505893,0.027112226219870195,0.0667355180140006,0.0003002127632756313
8.0,28.0,17.669532783251498,53.59219515281155,18.320817639251924,53.2773768620476,18.4275747420507,53.22500708584235,-0.10675710279877748,0.052369776205253515,0.11891035471218257,0.003584262872843025
8.0,33.0,17.798740763921028,53.53196796743349,18.57023765990015,53.15252764155794,18.70102005711647,53.084174721708756,-0.13078239721631846,0.06835291984918257,0.14756746617583322,0.006036923861532594
8.0,38.0,17.97738911461264,53.44711522834221,18.887208631642707,52.988476690339226,19.001004892346383,52.924391881449466,-0.11379626070367621,0.06408480888975987,0.1306003509971397,0.006753721870028262
8.0,43.0,18.18522500933152,53.34606263807303,19.222021006501613,52.81238624357195,19.29941495614997,52.76676719854363,-0.07739394964835711,0.04561904502831737,0.08983830314219031,0.00375856212716269
8.0,48.0,18.4275747420507,53.22500708584235,19.574806612030297,52.62706657387695,19.66686653783445,52.600067190142504,-0.09205992580415412,0.026999383734448656,0.09593746224028636,-0.018787331660268747
8.0,53.0,18.70102005711647,53.084174721708756,19.94544807247976,52.432624692486556,20.025431378033304,52.44737018972996,-0.07998330555354372,-0.01474549724340335,0.08133116780316604,-0.03948987306227825
8.0,58.0,19.001004892346383,52.924391881449466,20.33403008588382,52.2368362126199,20.405444857242003,52.29160376807168,-0.07141477135818164,-0.05476755545178236,0.08999752606769487,-0.053080568270963024
8.0,63.0,19.29941495614997,52.76676719854363,20.72469976186343,52.09805895167262,20.805806442966123,52.13552004213676,-0.08110668110269259,-0.03746109046414148,0.08933995197142465,-0.038965428852521355
8.0,68.0,19.66686653783445,52.600067190142504,21.19095796254548,51.9848588431426,21.23601570862549,51.97701075814154,-0.045057746080011896,0.007848085001057825,0.04573612270399248,-0.006571601524985149
8.0,73.0,20.025431378033304,52.44737018972996,21.611092965080612,51.82527688254065,21.661385247953223,51.82945140440826,-0.05029228287261134,-0.004174521867611247,0.05046523902016041,-0.013821439637163091
8.0,78.0,20.405444857242003,52.29160376807168,22.04983221918323,51.67662953183789,22.10275484698604,51.685781236437364,-0.052922627802811206,-0.009151704599474897,0.053708083475683024,-0.01640580997153779
8.0,83.0,20.805806442966123,52.13552004213676,22.50399384930248,51.535770403530826,22.528435155348532,51.55617961568875,-0.024441306046053768,-0.02040921215792224,0.031842006565917694,-0.016092692251210405
8.0,88.0,21.23601570862549,51.97701075814154,22.98399512744608,51.39770852754417,22.99942459612691,51.42287873615529,-0.01542946868083206,-0.02517020861112229,0.029523006372999892,-0.01665910655378716
8.0,93.0,21.661385247953223,51.82945140440826,23.452011974356946,51.27372582544026,23.455254407421958,51.303796516937325,-0.0032424330650115962,-0.030070691497066093,0.030244997260585153,-0.01696992909405154
8.0,98.0,22.10275484698604,51.685781236437364,23.93194223592982,51.1573660980958,23.949686913037482,51.18551665354183,-0.017744677107661033,-0.0281505554460324,0.033276528328166896,-0.018335824598247952
8.0,103.0,22.528435155348532,51.55617961568875,24.388682863465466,51.050963741825555,24.407924283284952,51.07777578628647,-0.019241419819486794,-0.026812044460918116,0.03300178729772054,-0.01654187072687216
8.0,108.0,22.99942459612691,51.42287873615529,24.88638192027406,50.93413223467056,24.90191744879187,50.92531903704274,-0.015535528517808928,0.008813197627816294,0.017861273715908427,0.014917172977861215
8.0,113.0,23.455254407421958,51.303796516937325,25.36092278656686,50.818096526657335,25.323920887608054,50.75862216374538,0.03700189895880612,0.05947436291195629,0.07004527371879404,0.056747498215972074
8.0,118.0,23.949686913037482,51.18551665354183,25.867838621293167,50.682409511355345,25.819153613245934,50.539165945145584,0.04868500804723297,0.14324356620976175,0.1512909424554211,0.0959155179832915
8.0,123.0,24.407924283284952,51.07777578628647,26.3209809176198,50.48480983615289,26.250179164929342,50.3260763184316,0.07080175269045696,0.15873351772128785,0.17380799127835014,0.0931170756852165
8.0,128.0,24.90191744879187,50.92531903704274,26.750274178131832,50.12549572296068,26.69823551314665,50.08021796150063,0.05203866498518295,0.04527776146004925,0.06897897024654127,0.030329372253347142
8.0,133.0,25.323920887608054,50.75862216374538,27.135286148933773,49.86251727521322,27.139539614693344,49.81203246680404,-0.00425346575957164,0.05048480840918046,0.0506636738805972,0.023600935376420884
8.0,138.0,25.819153613245934,50.539165945145584,27.601191070901884,49.5652063540771,27.56074732327733,49.52997628753668,0.04044374762455405,0.03523006654042149,0.05363631521983167,0.02596230159891999
8.0,143.0,26.250179164929342,50.3260763184316,27.993718920061248,49.27699803642162,27.96132291419959,49.235932771908914,0.03239600586165636,0.04106526451270298,0.05230542175804279,0.026720205407419484
8.0,148.0,26.69823551314665,50.08021796150063,28.37577250350365,48.964615231882185,28.34226960969867,48.93074948786678,0.03350289380498239,0.033865744015407984,0.0476375115956435,0.022831544597554432
8.0,153.0,27.139539614693344,49.81203246680404,28.72417955438289,48.648728790447606,28.721664941622784,48.59971884035575,0.00251461276010545,0.04900995009185749,0.04907441782985965,0.0198277770817199
8.0,158.0,27.56074732327733,49.52997628753668,29.03026785880785,48.341182264133906,29.046497588567096,48.292318035511805,-0.01622972975924597,0.048864228622100825,0.051488998503477344,0.013145671962724093
8.0,163.0,27.96132291419959,49.235932771908914,29.320941742680187,48.04395592659542,29.351089568519928,47.992174685978895,-0.03014782583974096,0.05178124061652767,0.059918179901012406,0.008319167633500046
8.0,168.0,28.34226960969867,48.93074948786678,29.638459033558597,47.72276058304533,29.664458756954783,47.712573182972704,-0.02599972339618617,0.010187400072624087,0.02792433950728095,-0.01686703367156317
8.0,173.0,28.721664941622784,48.59971884035575,29.94701102067469,47.410603593774155,29.956279860564248,47.49224786691493,-0.009268839889557512,-0.08164427314077471,0.08216872111444647,-0.05879990780445876
8.0,178.0,29.046497588567096,48.292318035511805,30.215905176921925,47.172988054205234,30.235681097480143,47.300305719879795,-0.019775920558217308,-0.1273176656745605,0.1288443829848398,-0.08060979089263232
8.0,183.0,29.351089568519928,47.992174685978895,30.48973945729515,46.98252529564325,30.489517821041918,47.13427769688779,0.00022163625323301517,-0.15175240124454348,0.15175256309569757,-0.07505012184118687
8.0,188.0,29.664458756954783,47.712573182972704,30.782951703958535,46.88402541421237,30.72981072509241,46.98552724846618,0.05314097886612501,-0.10150183425380988,0.11457131400022362,-0.025755960166648273
8.0,193.0,29.956279860564248,47.49224786691493,31.0274200887563,46.82427739443287,30.937892021646412,46.863193309925315,0.08952806710988881,-0.03891591549244566,0.09762030157220333,0.018731227946788165
8.0,198.0,30.235681097480143,47.300305719879795,31.230347160952558,46.711188029595405,31.15795785413187,46.740051393478446,0.07238930682068911,-0.02886336388304045,0.07793141546657978,0.016117556118793286
8.0,203.0,30.489517821041918,47.13427769688779,31.419517140876337,46.61463600295672,31.35904007424826,46.63293792977286,0.060477066628077836,-0.01830192681613596,0.0631857271313717,0.01688123620820936
8.0,208.0,30.72981072509241,46.98552724846618,31.6024383393142,46.52741472672467,31.55135296417311,46.5351716513787,0.051085375141092015,-0.007756924654024999,0.05167093412542803,0.019117609912870148
8.0,213.0,30.937892021646412,46.863193309925315,31.76345021966169,46.45320717721181,31.731333923237926,46.447699997455146,0.032116296423762236,0.005507179756662595,0.03258505063447282,0.019748523610124413
8.0,218.0,31.15795785413187,46.740051393478446,31.936791290665617,46.37609892111964,31.90265085047615,46.367955549911656,0.034140440189467824,0.008143371207985695,0.03509820723287274,0.02231092060237316
8.0,223.0,31.35904007424826,46.63293792977286,32.09506094769366,46.3008797629951,32.06587049849823,46.29143754946676,0.029190449195432677,0.009442213528345178,0.030679597789834225,0.02021984685260797
8.0,228.0,31.55135296417311,46.5351716513787,32.243292080780094,46.219098509073845,32.21427444820127,46.210997271740595,0.02901763257882095,0.008101237333249856,0.03012728077356289,0.01895013588988448
8.0,233.0,31.731333923237926,46.447699997455146,32.379104560822945,46.13241934819324,32.35702930328607,46.1198631570887,0.022075257536876336,0.012556191104536651,0.025396356635806264,0.020258743626417774
8.0,238.0,31.90265085047615,46.367955549911656,32.501987353053124,46.01628393235161,32.48799340161284,46.03117018416422,0.013993951440284036,-0.014886251812605167,0.020431132370510408,-0.0034671447265497424
8.0,243.0,32.06587049849823,46.29143754946676,32.63518687513664,45.944750616638295,32.61981861167891,45.940491573488394,0.01536826345773079,0.004259043149900776,0.01594750670979449,0.007926570050757253
8.0,248.0,32.21427444820127,46.210997271740595,32.74572423343353,45.84436851355289,32.73864761063618,45.85647955276885,0.00707662279734933,-0.012111039215966457,0.01402696906343782,-0.008952835887182542
8.0,253.0,32.35702930328607,46.1198631570887,32.851298282581745,45.73819151907903,32.86490014959351,45.764695404784725,-0.013601867011765023,-0.02650388570569362,0.029790380053067667,-0.027912895130832616
8.0,258.0,32.48799340161284,46.03117018416422,32.96660147667048,45.65557127642564,32.980561928029815,45.67830154906001,-0.013960451359331216,-0.02273027263436944,0.026675072562019717,-0.02530756488312469
8.0,263.0,32.61981861167891,45.940491573488394,33.081806601233176,45.56813258030546,33.09499684318459,45.590590916518885,-0.013190241951413384,-0.02245833621342541,0.026045332560980686,-0.02488734457491848
8.0,268.0,32.73864761063618,45.85647955276885,33.186110890941094,45.485603163274334,33.20505255979727,45.504079838760575,-0.0189416688561721,-0.01847667548624088,0.026460807925698996,-0.024760114848742742
8.0,273.0,32.86490014959351,45.764695404784725,33.298216803587394,45.39492905493108,33.31141563774916,45.418405788977296,-0.013198834161762818,-0.023476734046212755,0.026932624541739753,-0.025768738511883882
8.0,278.0,32.980561928029815,45.67830154906001,33.40191419090717,45.30905899183764,33.421651481962066,45.32740422185909,-0.019737291054894968,-0.018345230021452608,0.02694639350127662,-0.02531852383276101
8.0,283.0,33.09499684318459,45.590590916518885,33.50741712129249,45.2240471809914,33.5240039441882,45.24393998490652,-0.016586822895710895,-0.019892803915119828,0.025900701561523114,-0.02474396474607121
8.0,288.0,33.20505255979727,45.504079838760575,33.613529558843474,45.14423603342441,33.634909668185436,45.16240026347484,-0.021380109341961884,-0.01816423005042367,0.0280543816328031,-0.026353807165386267
8.0,293.0,33.31141563774916,45.418405788977296,33.72020529009911,45.06903659562258,33.73638124343743,45.088798222385535,-0.016175953338319005,-0.019761626762957007,0.025537880858087898,-0.024231988280063343
8.0,298.0,33.421651481962066,45.32740422185909,33.83525877883531,44.99112737561895,33.84956656184531,45.00628998184447,-0.01430778300999691,-0.015162606225516129,0.020847476638941626,-0.01903435800121156
8.0,303.0,33.5240039441882,45.24393998490652,33.943494099538505,44.92798849586431,33.95073567433223,44.932527192889616,-0.007241574793724226,-0.0045386970253034065,0.008546354555048605,-0.006551316382484629
8.0,308.0,33.634909668185436,45.16240026347484,34.052960800496535,44.86292485006032,34.060278050807,44.852639299433605,-0.007317250310464374,0.010285550626711881,0.01262278510474785,0.003826757360673616
8.0,313.0,33.73638124343743,45.088798222385535,34.151337896026654,44.79003380681824,34.16065079421053,44.77943868087324,-0.009312898183878815,0.010595125945002337,0.014106266918421576,0.002984257368979004
8.0,318.0,33.84956656184531,45.00628998184447,34.26310846437258,44.70888984341099,34.26973101941626,44.699887693867645,-0.006622555043684031,0.009002149543341886,0.011175729582775136,0.0032406348128413143
8.0,323.0,33.95073567433223,44.932527192889616,34.36232447378265,44.63671342679932,34.37434366808538,44.62359485327991,-0.012019194302730796,0.013118573519406596,0.017792076969001466,0.00336737214513938
8.0,328.0,34.060278050807,44.852639299433605,34.4697979965623,44.558384018649335,34.47670679293345,44.548942387794014,-0.006908796371149606,0.009441630855320682,0.011699395732521978,0.0034063426170604094
8.0,333.0,34.16065079421053,44.77943868087324,34.568455732795506,44.486383276599426,34.57985942466504,44.47371424296356,-0.01140369186953194,0.012669033635866356,0.01704548625067475,0.0033743033755118113
8.0,338.0,34.26973101941626,44.699887693867645,34.67602765986581,44.40802543701207,34.68012398585199,44.40059215958463,-0.004096325986182592,0.007433277427438156,0.008487255145118262,0.003442612503402831
8.0,343.0,34.37434366808538,44.62359485327991,34.781350888477874,44.33540134929029,34.78490426944969,44.326853801000446,-0.0035533809718160114,0.008547548289840279,0.009256732582181229,0.004782500722589567
8.0,348.0,34.47670679293345,44.548942387794014,34.88817802413362,44.26881400161383,34.89495967252501,44.259285746214935,-0.006781648391388728,0.009528255398898011,0.011695230046948817,0.003582525683910265
8.0,353.0,34.57985942466504,44.47371424296356,34.99883664926755,44.20585440435644,35.00494899166183,44.19450244585758,-0.006112342394274606,0.011351958498856618,0.012892931835102891,0.0059089642282297294
8.0,358.0,34.68012398585199,44.40059215958463,35.111460411480046,44.15896988506621,35.1125331771239,44.13215510589315,-0.0010727656438547228,0.026814779173065517,0.026836229396599357,0.020907064637325723
8.0,363.0,34.78490426944969,44.326853801000446,35.22322791017487,44.09821124432478,35.22096948990223,44.070848008014345,0.0022584202726392277,0.027363236310435468,0.027456277306084336,0.024309701853943877
8.0,368.0,34.89495967252501,44.259285746214935,35.34114027963127,44.0473882875546,35.33099120118859,44.01021844527413,0.010149078442680093,0.03716984228046982,0.03853051996003526,0.03552662524978656
8.0,373.0,35.00494899166183,44.19450244585758,35.451269217291475,43.986370021293766,35.44305411897743,43.950044618911555,0.008215098314046543,0.036325402382210825,0.03724275363797605,0.03402924231361415
8.0,378.0,35.1125331771239,44.13215510589315,35.55992801709022,43.9289932574505,35.55172766138329,43.89318626111919,0.008200355706932783,0.035806996331309904,0.03673400087100051,0.033775709025749
8.0,383.0,35.22096948990223,44.070848008014345,35.669606522099855,43.8731010911824,35.662492533134596,43.83672631344955,0.0071139889652585,0.03637477773284559,0.037063908241195216,0.033818352913334904
8.0,388.0,35.33099120118859,44.01021844527413,35.7809116319419,43.817786453130935,35.77655237934453,43.780133846751546,0.004359252597367913,0.03765260637938894,0.03790411389768741,0.033637781531532795
8.0,393.0,35.44305411897743,43.950044618911555,35.89432601963141,43.76292259495208,35.89102072706689,43.7248924606797,0.003305292564519391,0.038030134272382554,0.038173499600017195,0.033605111129663134
8.0,398.0,35.55172766138329,43.89318626111919,36.00434142669817,43.71114547944698,36.00324213036275,43.6722229900198,0.0010992963354183871,0.03892248942717913,0.038938010165414656,0.03346013930529812
8.0,403.0,35.662492533134596,43.83672631344955,36.11415447286894,43.655341101843874,36.112300067527634,43.62022922018176,0.0018544053413052097,0.03511188166211099,0.03516081701303238,0.030370943318494156
8.0,408.0,35.77655237934453,43.780133846751546,36.22305548812554,43.59195556391706,36.2256633710757,43.557395197624174,-0.0026078829501585687,0.03456036629288661,0.034658620454083584,0.02797055231415868
8.0,413.0,35.89102072706689,43.7248924606797,36.32885984518962,43.5229785126836,36.33213117788388,43.492080333901946,-0.0032713326942612753,0.030898178781654906,0.03107087172287981,0.02458645589782321
8.0,418.0,36.00324213036275,43.6722229900198,36.42717291908586,43.44510087189332,36.439888782074185,43.42609458283484,-0.012715862988322613,0.019006289058474124,0.022867710758011306,0.010285418639534916
8.0,423.0,36.112300067527634,43.62022922018176,36.53307820746423,43.37682638606164,36.54287276070713,43.36255390087605,-0.009794553242898019,0.014272485185585992,0.01731002907567563,0.006024022536396889
8.0,428.0,36.2256633710757,43.557395197624174,36.63443824252019,43.29156309652182,36.651945065467665,43.294399581697334,-0.017506822947474632,-0.0028364851755142695,0.017735120463789826,-0.011127710488098908
8.0,433.0,36.33213117788388,43.492080333901946,36.73892910140011,43.22275359393906,36.75413271303351,43.22977857882086,-0.015203611633403114,-0.007024984881802254,0.01674814077110951,-0.013229077673578171
8.0,438.0,36.439888782074185,43.42609458283484,36.84699127517856,43.15576803388276,36.86358800011787,43.159739150149285,-0.01659672493931197,-0.0039711162665270194,0.017065199767757055,-0.011534827123875211
8.0,443.0,36.54287276070713,43.36255390087605,36.94895422219217,43.08980944941666,36.968490568646736,43.09180361252782,-0.019536346454565034,-0.0019941631111564107,0.019637859336157106,-0.011399403380649376
8.0,448.0,36.651945065467665,43.294399581697334,37.056830437568046,43.01913700710705,37.071668801336315,43.02420516420042,-0.014838363768269858,-0.005068157093369052,0.01568002728449701,-0.011698686085735875
8.0,453.0,36.75413271303351,43.22977857882086,37.157864155537666,42.95225054225299,37.1699609627544,42.95908028523184,-0.012096807216735783,-0.006829742978851527,0.013891656992455674,-0.011835688996949312
8.0,458.0,36.86358800011787,43.159739150149285,37.26600336865716,42.87981858222052,37.28305725601848,42.883260873493235,-0.017053887361321074,-0.003442291272712339,0.017397828696099356,-0.011578685322596982
8.0,463.0,36.968490568646736,43.09180361252782,37.36864793496138,42.80821859196978,37.384292295477785,42.81196178619846,-0.015644360516404276,-0.0037431942286758613,0.016085941657261515,-0.01110186196842744
8.0,468.0,37.071668801336315,43.02420516420042,37.46780111123545,42.73469370097896,37.48415419957023,42.736000896404526,-0.016353088334774668,-0.0013071954255678975,0.016405250926626175,-0.009540851672873107
8.0,473.0,37.1699609627544,42.95908028523184,37.56057403988931,42.66164981028603,37.58562791369813,42.65773789779344,-0.025053873808822402,0.003911912492590375,0.02535743780783228,-0.010391803405686906
8.0,478.0,37.28305725601848,42.883260873493235,37.66529121928687,42.570190091413735,37.681096900006544,42.58264031667786,-0.01580568071967292,-0.012450225264124981,0.020120329324832046,-0.019152470104494834
8.0,483.0,37.384292295477785,42.81196178619846,37.75537460014969,42.48705294958545,37.77441310078305,42.50762381686563,-0.019038500633357103,-0.020570867280184757,0.02802900438876334,-0.02716703125983522
8.0,488.0,37.48415419957023,42.736000896404526,37.852042132253416,42.40607271483379,37.87850309433175,42.42204840654999,-0.026460962078331818,-0.015975691716199947,0.030909630213284245,-0.027409154307976743
8.0,493.0,37.58562791369813,42.65773789779344,37.95115448708878,42.32431654870258,37.97476489095263,42.341088080038574,-0.023610403863848717,-0.01677153133599063,0.028960929438955476,-0.026658723236000274
8.0,498.0,37.681096900006544,42.58264031667786,38.043386343549884,42.24513998197787,38.0720551880478,42.257431880047065,-0.028668844497914847,-0.012291898069193508,0.031192842175554722,-0.02611369100384453
8.0,503.0,37.77441310078305,42.50762381686563,38.13340641812314,42.16618643304879,38.16440805260791,42.176271775496275,-0.031001634484773888,-0.010085342447482049,0.03260085080194234,-0.025892764408534275
8.0,508.0,37.87850309433175,42.42204840654999,38.23370591210309,42.07631521743874,38.26124292584744,42.089287814959356,-0.027537013744350247,-0.012972597520615636,0.03043970125327148,-0.02630181550315014
8.0,513.0,37.97476489095263,42.341088080038574,38.32632333214386,41.99143419063397,38.35319659352465,42.00485067746849,-0.026873261380792712,-0.013416486834522345,0.03003621640988286,-0.02639279391117
8.0,518.0,38.0720551880478,42.257431880047065,38.41979828242223,41.9038648717868,38.4450263389327,41.91868624209999,-0.02522805651047122,-0.014821370313185867,0.029259662562239448,-0.026605394182724562
8.0,523.0,38.16440805260791,42.176271775496275,38.51175994933748,41.822804763567945,38.53822177395374,41.8324619825849,-0.02646182461625557,-0.009657219016958152,0.028168955272834795,-0.023193579365169747
8.0,528.0,38.26124292584744,42.089287814959356,38.61399499119594,41.742008757017146,38.63116904955413,41.75545616050639,-0.017174058358193633,-0.013447403489244891,0.021812403377280465,-0.02030670200744156
8.0,533.0,38.35319659352465,42.00485067746849,38.71660581480891,41.669868114514045,38.72879698485925,41.68221938878773,-0.012191170050343203,-0.012351274273683543,0.01735449807341434,-0.016570976505661306
8.0,538.0,38.4450263389327,41.91868624209999,38.8258512769545,41.603024709617536,38.827918425765695,41.607814757931976,-0.002067148811192965,-0.004790048314440298,0.0052170554014969815,-0.004939252181674569
8.0,543.0,38.53822177395374,41.8324619825849,38.92760993790056,41.535109191569255,38.92286028909734,41.537020233968136,0.004749648803219486,-0.0019110423988806247,0.00511969206146656,0.0026552026301249754
8.0,548.0,38.63116904955413,41.75545616050639,39.02676038487229,41.47958430675553,39.02696267592808,41.46031231443598,-0.00020229105579261386,0.01927199231954546,0.019273053977921426,0.015104746461623186
8.0,553.0,38.72879698485925,41.68221938878773,39.12412812311952,41.41499904518971,39.12418631681358,41.38948969985477,-5.8193694059127665e-05,0.02550934533493887,0.025509411712605127,0.019406088828238355
8.0,558.0,38.827918425765695,41.607814757931976,39.22329863216562,41.342744608379824,39.219919784374085,41.32050158624519,0.0033788477915379644,0.022243022134631474,0.022498192062476635,0.019077432658306415
8.0,563.0,38.92286028909734,41.537020233968136,39.318781239694076,41.27470089168175,39.320666366943634,41.2486969498768,-0.0018851272495581384,0.02600394180495158,0.02607218238165603,0.01888213241652181
8.0,568.0,39.02696267592808,41.46031231443598,39.42322265706279,41.2012498057895,39.41682388269831,41.180916845691776,0.006398774364477333,0.02033296009772556,0.021316040432106338,0.01950911859657689
8.0,573.0,39.12418631681358,41.38948969985477,39.520761655050556,41.13323130305619,39.51318859975718,41.11372184378762,0.007573055293377706,0.019509459268569174,0.02092773679661792,0.019606973623199964
8.0,578.0,39.219919784374085,41.32050158624519,39.61694917350818,41.06687325111785,39.617014811085575,41.042130368999594,-6.563757739286302e-05,0.024742882118253817,0.02474296917933194,0.019235329699551662
8.0,583.0,39.320666366943634,41.2486969498768,39.71831268188083,40.997716260253206,39.7146804039409,40.97554623101718,0.0036322779399284855,0.02217002923602962,0.022465610148831906,0.019458405325638584
8.0,588.0,39.41682388269831,41.180916845691776,39.81517144838715,40.93236189980624,39.812870096038544,40.909336926392264,0.0023013523486028475,0.023024973413974692,0.023139697996012423,0.019413331159489067
8.0,593.0,39.51318859975718,41.11372184378762,39.91233234887043,40.8675134058279,39.91346308568933,40.84226158097967,-0.001130736818900857,0.025251824848233184,0.02527712847456105,0.01925659008664027
8.0,598.0,39.617014811085575,41.042130368999594,40.0171043419163,40.79837018015815,40.01001130231086,40.778592760324905,0.007093039605443607,0.019777419833246768,0.021010891130670638,0.019701887452844624
8.0,603.0,39.7146804039409,40.97554623101718,40.11572991389696,40.73402449682575,40.11427724107974,40.710608591567734,0.0014526728172228331,0.023415905258012515,0.02346092234687537,0.019426763406134806
8.0,608.0,39.812870096038544,40.909336926392264,40.21494174282919,40.67001255521083,40.21426373623866,40.64616111131876,0.0006780065905331867,0.02385144389207028,0.02386107853122702,0.019401274334010284
8.0,613.0,39.91346308568933,40.84226158097967,40.31663107477733,40.60514163039263,40.31658301184266,40.580959378189704,4.806293466685929e-05,0.02418225220292669,0.024182299966124844,0.01938191293019531
8.0,618.0,40.01001130231086,40.778592760324905,40.414269916975904,40.543551156318074,40.414771276293855,40.51909503105606,-0.0005013593179512554,0.024456125262013018,0.02446126374488791,0.019364810393379006
8.0,623.0,40.11427724107974,40.710608591567734,40.51974789644299,40.477776849147915,40.51593380864477,40.456073515602,0.003814087798225785,0.021703333545914916,0.022035924140770918,0.019594506500339448
8.0,628.0,40.21426373623866,40.64616111131876,40.62092324617921,40.415420332500126,40.62182481359176,40.39087523181305,-0.0009015674125478768,0.024545100687078047,0.024561652866575724,0.0193637097439594
8.0,633.0,40.31658301184266,40.580959378189704,40.724480055704625,40.35233458523095,40.72417606246787,40.32859917780503,0.000303993236755673,0.023735407425917288,0.02373735405562892,0.019432543703213567
8.0,638.0,40.414771276293855,40.51909503105606,40.82387097892956,40.2924820533568,40.826417227231815,40.2671112949656,-0.002546248302252252,0.025370758391197512,0.025498210952167633,0.019295708059305472
8.0,643.0,40.51593380864477,40.456073515602,40.925654913152414,40.23049532238226,40.92938990811658,40.20533826458847,-0.0037349949641694025,0.025157057793791182,0.025432808421849924,0.018461943799978786
8.0,648.0,40.62182481359176,40.39087523181305,41.0290056635647,40.16160971191248,41.02943487562819,40.138545543347405,-0.0004292120634872276,0.02306416856507809,0.02306816192490809,0.018628868322760894
8.0,653.0,40.72417606246787,40.32859917780503,41.125877251408376,40.09119146631592,41.12767341647078,40.068295255107365,-0.0017961650624016556,0.022896211208554007,0.022966556046523527,0.0175899619515566
8.0,658.0,40.826417227231815,40.2671112949656,41.22008412436695,40.017361987239624,41.22424183972001,39.999228569191885,-0.004157715353059643,0.01813341804773927,0.018603963208175405,0.011875021576730151
8.0,663.0,40.92938990811658,40.20533826458847,41.31500569852887,39.93781251602098,41.320839646078205,39.929551076650604,-0.005833947549334084,0.008261439370379264,0.010113670178468037,0.002358364478091235
8.0,668.0,41.02943487562819,40.138545543347405,41.40306555116483,39.8511053244653,41.426133810734,39.85270053225773,-0.0230682595691718,-0.0015952077924268337,0.02312334939950754,-0.013752884827806677
8.0,673.0,41.12767341647078,40.068295255107365,41.50460818340216,39.777499782416264,41.52569715477549,39.77919334798397,-0.021088971373330878,-0.0016935655677059458,0.021156863612484922,-0.012820777391929663
8.0,678.0,41.22424183972001,39.999228569191885,41.60278564103004,39.70527107068144,41.62546078283276,39.70471454776726,-0.02267514180272201,0.0005565229141808459,0.02268197023028554,-0.012010435476162097
8.0,683.0,41.320839646078205,39.929551076650604,41.700136926581564,39.63184845865216,41.72584712328604,39.62892811471796,-0.025710196704473276,0.0029203439341998205,0.025875521700571107,-0.011884816576014257
8.0,688.0,41.426133810734,39.85270053225773,41.805873127407686,39.551222039265134,41.82005730426274,39.55702608608185,-0.014184176855053465,-0.005804046816713537,0.015325724534456337,-0.012522356107233734
8.0,693.0,41.52569715477549,39.77919334798397,41.90557416020494,39.474370463400675,41.92240122252737,39.478050528874334,-0.016827062322427366,-0.0036800654736595106,0.01722477600125109,-0.012357839249686475
8.0,698.0,41.62546078283276,39.70471454776726,42.00520664400574,39.396701384889646,42.02276471485,39.399718631321775,-0.017558070844259532,-0.003017246432129639,0.01781543229349868,-0.012301817460190767
8.0,703.0,41.72584712328604,39.62892811471796,42.10508988097899,39.317679540560285,42.12418457599284,39.31906017933364,-0.0190946950138553,-0.0013806387733552583,0.019144543376498752,-0.011906987748829811
8.0,708.0,41.82005730426274,39.55702608608185,42.19691141439457,39.240691363647024,42.21883741698677,39.23668693537022,-0.021926002592202565,0.004004428276800809,0.022288675050287657,-0.00921347730351485
8.0,713.0,41.92240122252737,39.478050528874334,42.29487785354258,39.15449663181668,42.31308505331168,39.15253902132679,-0.018207199769101123,0.0019576104898888502,0.018312137020623204,-0.009204483935927765
8.0,718.0,42.02276471485,39.399718631321775,42.38910390268191,39.067138374889275,42.41004570405163,39.06455179585331,-0.020941801369723123,0.0025865790359631546,0.021100934474999476,-0.011161479280586972
8.0,723.0,42.12418457599284,39.31906017933364,42.479140886283815,38.97069706619044,42.503940632874674,38.97740191621809,-0.024799746590858263,-0.006704850027652753,0.02569012348868921,-0.02074699085080212
8.0,728.0,42.21883741698677,39.23668693537022,42.56504858432069,38.877261935627146,42.59537668164641,38.890633856823015,-0.03032809732571451,-0.013371921195869163,0.03314516199789264,-0.028422496386773632
8.0,733.0,42.31308505331168,39.15253902132679,42.65798489334197,38.78957057431944,42.68970422027751,38.79911463497578,-0.031719326935544245,-0.009544060656338615,0.0331240817994373,-0.026655620180590756
8.0,738.0,42.41004570405163,39.06455179585331,42.751901333437004,38.69699272210185,42.77494385939701,38.71460625210919,-0.02304252596000822,-0.017613530007345446,0.029003352253443238,-0.027464750226277364
8.0,743.0,42.503940632874674,38.97740191621809,42.84238720328878,38.605316463932624,42.871326981453095,38.616910009754186,-0.02893977816431459,-0.01159354582156169,0.031175648588544075,-0.026808927447215632
8.0,748.0,42.59537668164641,38.890633856823015,42.93036660070836,38.514282469755805,42.95926667000158,38.5257217533685,-0.028900069293221975,-0.011439283612695306,0.03108168616283085,-0.026814344465489914
8.0,753.0,42.68970422027751,38.79911463497578,43.020941370888,38.418453041007396,43.045279229072854,38.43457210921587,-0.024337858184850347,-0.016119068208475085,0.029191706029887313,-0.027387339065063968
8.0,758.0,42.77494385939701,38.71460625210919,43.10262675206903,38.330119217805645,43.137116675277724,38.33503923630906,-0.03448992320869593,-0.004920018503412393,0.034839078418001566,-0.02610088410074618
8.0,763.0,42.871326981453095,38.616910009754186,43.19651448185712,38.22987128096851,43.22219766891455,38.241362008905064,-0.025683187057431667,-0.011490727936553924,0.028136505219001993,-0.024843409318647817
8.0,768.0,42.95926667000158,38.5257217533685,43.29080046277474,38.14439331835854,43.311800036609974,38.1503492593464,-0.02099957383523332,-0.005955940987860231,0.021827856841941433,-0.01730395914400873
8.0,773.0,43.045279229072854,38.43457210921587,43.3908949696134,38.06640108776495,43.4076733773467,38.065701552408896,-0.016778407733298195,0.0006995353560554918,0.016792984123709886,-0.01014947259475596
8.0,778.0,43.137116675277724,38.33503923630906,43.50319192618916,37.9872815550383,43.5079833116139,37.98590140964354,-0.004791385424738337,0.0013801453947621667,0.0049861985118001655,-0.0022652029177819832
8.0,783.0,43.22219766891455,38.241362008905064,43.60940464311901,37.91647245664827,43.61168875169283,37.90399973489064,-0.0022841085738249944,0.012472721757632144,0.012680139589938714,0.007889887708197318
8.0,788.0,43.311800036609974,38.1503492593464,43.7310476096941,37.827694802867704,43.71793668123325,37.821792319585285,0.013110928460854154,0.0059024832824192686,0.014378308454226262,0.014227792698662034
8.0,793.0,43.4076733773467,38.065701552408896,43.88458929494571,37.73611075342871,43.83634338454456,37.732631879424964,0.04824591040114967,0.0034788740037470234,0.048371173593057565,0.03220596129204511
8.0,798.0,43.5079833116139,37.98590140964354,44.049114275418034,37.61454632175191,43.97566444493189,37.630841762254676,0.0734498304861475,-0.016295440502766212,0.07523575599156956,0.031607549679558145
8.0,803.0,43.61168875169283,37.90399973489064,44.21670577138684,37.48101181159543,44.13259033397273,37.52005182920569,0.08411543741411265,-0.03904001761026166,0.09273364969835407,0.021726255231893532
8.0,808.0,43.71793668123325,37.821792319585285,44.359273442236464,37.38342941514388,44.3317988209995,37.38509960097348,0.027474621236962093,-0.0016701858296030991,0.02752533983114351,0.014252556033193198
8.0,813.0,43.83634338454456,37.732631879424964,44.53524348596905,37.266270675363565,44.55551727031575,37.24078297331585,-0.02027378434669913,0.025487702047712446,0.032567611017841454,0.00687437465813534
8.0,818.0,43.97566444493189,37.630841762254676,44.75329784561857,37.12670003490695,44.80915518110067,37.085930186713625,-0.055857335482102144,0.04076984819332807,0.0691536148647858,3.6135502700096467e-06
8.0,823.0,44.13259033397273,37.52005182920569,45.00331872087472,36.973673332807785,45.10135608342617,36.91785833494561,-0.09803736255145168,0.05581499786217137,0.11281240376128404,-0.008188960347935481
8.0,828.0,44.3317988209995,37.38509960097348,45.314464940217995,36.7815112586167,45.40224520804293,36.735943211900015,-0.08778026782493242,0.04556804671668857,0.09890309550762896,-0.006054509211862902
8.0,833.0,44.55551727031575,37.24078297331585,45.64276419881575,36.57780951585126,45.70412397767469,36.524084914862705,-0.06135977885894306,0.05372460098855214,0.081555841072222,0.01589554669944837
8.0,838.0,44.80915518110067,37.085930186713625,45.982354133025744,36.365109029044,46.00501405188442,36.278152120553095,-0.022659918858678907,0.08695690849090454,0.08986086944258585,0.05267261765449449
8.0,843.0,45.10135608342617,36.91785833494561,46.34669763755022,36.12471995673604,46.31939757754599,36.0033882686809,0.027300060004229465,0.12133168805513606,0.12436507468957421,0.07981430199240724
8.0,848.0,45.40224520804293,36.735943211900015,46.67553378897025,35.828449440442235,46.64463574223196,35.69876827760649,0.030898046738286666,0.1296811628357446,0.1333112646653397,0.07402025605723406
8.0,853.0,45.70412397767469,36.524084914862705,46.94615618732802,35.46407294904755,46.952804884173,35.387248326303755,-0.006648696844976598,0.07682462274379276,0.07711178787618975,0.030925029391286274
8.0,858.0,46.00501405188442,36.278152120553095,47.233782923297724,35.112130380089354,47.25318064221346,35.05957009595534,-0.01939771891573372,0.052560284134017365,0.05602548498123378,0.015663619990819114
8.0,863.0,46.31939757754599,36.0033882686809,47.5519039211281,34.760167743992014,47.55492309777723,34.70333950802769,-0.0030191766491256544,0.05682823596432485,0.05690838102121347,0.022483091012073353
8.0,868.0,46.64463574223196,35.69876827760649,47.860484143786906,34.372253237240805,47.83828480145226,34.34041212093838,0.02219934233464471,0.0318411163024237,0.03881581491448068,0.0211537934692273
8.0,873.0,46.952804884173,35.387248326303755,48.1420565731953,33.98382611580991,48.119961523415206,33.947741489090724,0.022095049780091358,0.03608462671918744,0.04231183652653015,0.022407640816047514
8.0,878.0,47.25318064221346,35.05957009595534,48.407823139349865,33.58358975624594,48.38121776562704,33.549839551958605,0.026605373722823344,0.03375020428733677,0.04297583274781379,0.02302698109873857
8.0,883.0,47.55492309777723,34.70333950802769,48.66610558132541,33.15655373447874,48.63268212938887,33.13122656298214,0.03342345193654239,0.02532717149659902,0.041935578634048884,0.022406123814656346
8.0,888.0,47.83828480145226,34.34041212093838,48.90915435236448,32.73456427613681,48.889382481169704,32.71427879352664,0.01977187119477719,0.020285482610169936,0.0283271547330537,0.008774232735427545
8.0,893.0,48.119961523415206,33.947741489090724,49.15718183668355,32.29262271945487,49.172565217895084,32.31844554975849,-0.015383381211535152,-0.025822830303624755,0.030057727498751696,-0.03396280513545458
8.0,898.0,48.38121776562704,33.549839551958605,49.398264096441075,31.860378790446596,49.49345977255807,31.940405090710822,-0.09519567611699387,-0.08002630026422608,0.12436408438673792,-0.09394038028474638
8.0,903.0,48.63268212938887,33.13122656298214,49.68094371375187,31.448934766992537,49.823731066427364,31.581654037183597,-0.1427873526754908,-0.13271927019106045,0.19494263967670772,-0.12001019035399929
8.0,908.0,48.889382481169704,32.71427879352664,50.03956044258939,31.083608864572682,50.18760832013596,31.2168850993045,-0.148047877546567,-0.1332762347318166,0.1992002228671785,-0.10837436271808164
8.0,913.0,49.172565217895084,32.31844554975849,50.488792607807305,30.819850165471482,50.55768203109226,30.87703125947373,-0.06888942328495773,-0.057181094002245914,0.08952893471849065,-0.04658033184287114
8.0,918.0,49.49345977255807,31.940405090710822,50.90504890625887,30.520427256672445,50.94165974253325,30.553807223366157,-0.036610836274377334,-0.03337996669371179,0.04954367274620011,-0.027894138133589652
8.0,923.0,49.823731066427364,31.581654037183597,51.287740827037666,30.200488503648323,51.31857642647068,30.262614088107753,-0.030835599433011396,-0.06212558445943017,0.06935720897512329,-0.03616992668559038
8.0,928.0,50.18760832013596,31.2168850993045,51.71906684245699,29.89734731777218,51.74780019609238,29.959542630738405,-0.028733353635388426,-0.06219531296622449,0.06851176954438486,-0.03589565893007707
8.0,933.0,50.55768203109226,30.87703125947373,52.15112088966474,29.621121408589865,52.18720552918539,29.67796023183543,-0.03608463952065222,-0.05683882324556677,0.06732572344413537,-0.036731235512656335
8.0,938.0,50.94165974253325,30.553807223366157,52.593013860997615,29.36410830369468,52.629657767974294,29.42133541207322,-0.03664390697667841,-0.057227108378537395,0.06795379203461957,-0.03723819721526744
8.0,943.0,51.31857642647068,30.262614088107753,53.018906539525915,29.13969138963132,53.072956460463395,29.189308369030595,-0.05404992093748007,-0.049616979399274896,0.07337055675171011,-0.039677511870869986
8.0,948.0,51.74780019609238,29.959542630738405,53.47386050372871,28.917541610660383,53.52730199677037,28.95840618221277,-0.05344149304166024,-0.040864571552386764,0.06727485701717958,-0.031550070468259084
8.0,953.0,52.18720552918539,29.67796023183543,53.90366435164491,28.72012357854131,53.94983730910668,28.713167956279687,-0.04617295746176353,0.006955622261621386,0.046693925534401014,0.005914404490857339
8.0,958.0,52.629657767974294,29.42133541207322,54.30205024309083,28.545021035198214,54.34335952451438,28.458335069634575,-0.04130928142355117,0.08668596556363894,0.09602558699341832,0.051453369092111345
8.0,963.0,53.072956460463395,29.189308369030595,54.69034151513709,28.371607257495764,54.69376300253412,28.223506256674014,-0.0034214873970270787,0.14810100082175026,0.148140517821466,0.08293763193083498
8.0,968.0,53.52730199677037,28.95840618221277,55.08209244999956,28.088105535675677,55.04156003412221,27.98134984623155,0.04053241587734391,0.10675568944412817,0.11419130424662421,0.06248539997309721
8.0,973.0,53.94983730910668,28.713167956279687,55.36907436465515,27.748443630119535,55.33229911051692,27.771353547378485,0.03677525413822735,-0.022909917258949974,0.043327631203922766,-0.0029913715563819614
8.0,978.0,54.34335952451438,28.458335069634575,55.671648799817554,27.511778234402957,55.611645623686016,27.56302116877118,0.06000317613153783,-0.05124293436822214,0.07890639687970977,-0.00795669588590886
8.0,983.0,54.69376300253412,28.223506256674014,55.92973258942713,27.317289354094303,55.85334473045573,27.377449780467,0.0763878589714011,-0.06016042637269692,0.0972336459235143,-0.006386350507128102
8.0,988.0,55.04156003412221,27.98134984623155,56.1621981393903,27.129395748277076,56.07559926797319,27.202312822039687,0.08659887141710954,-0.07291707376261058,0.11320894035728389,-0.008538428929089625
8.0,993.0,55.33229911051692,27.771353547378485,56.34540356361737,26.977672798821995,56.282362887167835,27.035394881780142,0.06304067644953193,-0.05772208295814707,0.085474942224267,-0.008603952684381966
8.0,998.0,55.611645623686016,27.56302116877118,56.52628629171464,26.825589898448094,56.47106641109849,26.87961033528944,0.05521988061614991,-0.05402043684134483,0.07724922531515493,-0.009170927679707397
8.0,1003.0,55.85334473045573,27.377449780467,56.68742242670263,26.68775702666675,56.631138086077996,26.74481879789323,0.05628434062463583,-0.057061771226482705,0.08014968955057455,-0.009972121127403533
8.0,1008.0,56.07559926797319,27.202312822039687,56.84441728720849,26.560718509979107,56.80154514292777,26.60647613262801,0.042872144280721614,-0.04575762264890315,0.0627039136394725,-0.008605279506692654
8.0,1013.0,56.282362887167835,27.035394881780142,57.00107754110439,26.44429666610011,56.97377359868987,26.486613930982216,0.02730394241451961,-0.04231726488210441,0.050361256720594154,-0.015526184039478473
8.0,1018.0,56.47106641109849,26.87961033528944,57.15426629739746,26.341061740622635,57.12799308885191,26.389065020319705,0.026273208545553928,-0.04800327969707041,0.05472290515819989,-0.019462373878960326
8.0,1023.0,56.631138086077996,26.74481879789323,57.295909087287434,26.268835228782297,57.285009821861586,26.29180001141022,0.010899265425848625,-0.02296478262792334,0.02541997694670215,-0.009192981713140536
8.0,1028.0,56.80154514292777,26.60647613262801,57.4497667114824,26.186769201835375,57.432789723873256,26.20313987541441,0.016976987609140792,-0.01637067357903632,0.023584254529500775,0.001031931855723589
8.0,1033.0,56.97377359868987,26.486613930982216,57.608704394361816,26.13565308667446,57.57354085862344,26.121485155664548,0.03516353573837705,0.014167931009911428,0.03791048027558777,0.0296312790126213
8.0,1038.0,57.12799308885191,26.389065020319705,57.73861492979039,26.06380885971961,57.71258395814562,26.043382303033873,0.02603097164476509,0.020426556685738007,0.033088603820745174,0.0293333184740171
8.0,1043.0,57.285009821861586,26.29180001141022,57.873724560441474,25.989378753876174,57.845732616160376,25.970897394885526,0.027991944281097858,0.01848135899064829,0.03354265306706229,0.02908307653817499
8.0,1048.0,57.432789723873256,26.20313987541441,58.00342644978077,25.92236953026796,57.97880359884351,25.900667536811692,0.02462285093725569,0.021701993456268553,0.03282165913317358,0.029883676918585733
8.0,1053.0,57.57354085862344,26.121485155664548,58.12861093566081,25.8594614484897,58.109939266941744,25.833586891546872,0.018671668719065337,0.02587455694282781,0.0319080539949111,0.030256744491714668
8.0,1058.0,57.71258395814562,26.043382303033873,58.25384609210028,25.798221063030283,58.23864240191442,25.769764080310278,0.01520369018586365,0.028456982720005186,0.032263788692501696,0.03072810246838142
8.0,1063.0,57.845732616160376,25.970897394885526,58.375441194954924,25.74009301746293,58.36070077678084,25.711046496174344,0.014740418174085335,0.02904652128858487,0.032572692963817394,0.031097615554839086
8.0,1068.0,57.97880359884351,25.900667536811692,58.49427848224871,25.67465807327689,58.48043356066434,25.651170360054348,0.013844921584372116,0.023487713222543505,0.027264528715931585,0.025405310045888974
8.0,1073.0,58.109939266941744,25.833586891546872,58.60710144853854,25.601373566647638,58.60352219827805,25.57901167522527,0.0035792502604934384,0.02236189142236711,0.02264652777829259,0.019695761459185834
8.0,1078.0,58.23864240191442,25.769764080310278,58.71399024051626,25.52095534079517,58.712963800364896,25.504558938740498,0.0010264401513637722,0.016396402054670745,0.016428499010035662,0.014085746550360323
8.0,1083.0,58.36070077678084,25.711046496174344,58.811314742542905,25.424410319306887,58.824310263398566,25.426526416562115,-0.012995520855660914,-0.002116097255228766,0.013166678772701357,-0.006966953090058015
8.0,1088.0,58.48043356066434,25.651170360054348,58.91992979994323,25.35619541600348,58.92876081961556,25.35231923969431,-0.008831019672328466,0.003876176309169921,0.009644254830354833,-0.002693182461141031
8.0,1093.0,58.60352219827805,25.57901167522527,59.02427657708741,25.260534429494196,59.03685273491749,25.27364796844357,-0.012576157830075374,-0.013113538949372838,0.018169332666437825,-0.018347145089139483
8.0,1098.0,58.712963800364896,25.504558938740498,59.11794739395847,25.174946528866734,59.14203675076705,25.195211958077536,-0.02408935680858093,-0.02026542921080221,0.0314799099831807,-0.028805843442229473
8.0,1103.0,58.824310263398566,25.426526416562115,59.22445384301081,25.0974744518955,59.243152153501946,25.118045516532174,-0.018698310491139125,-0.020571064636673242,0.02779919990771734,-0.02654968175331296
8.0,1108.0,58.92876081961556,25.35231923969431,59.33510278250571,25.013903742722043,59.34518260308933,25.038367654794342,-0.010079820583619892,-0.024463912072299365,0.02645913409163576,-0.024727339603820783
8.0,1113.0,59.03685273491749,25.27364796844357,59.47253618788227,24.90907031179633,59.460139061723225,24.94632917298476,0.012397126159044092,-0.03725886118843036,0.03926718062277934,-0.022046060627003428
8.0,1118.0,59.14203675076705,25.195211958077536,59.62915104964803,24.788716790315405,59.589453260880205,24.83982241965701,0.039697788767824704,-0.05110562934160612,0.06471243917096975,-0.0175310819664376
8.0,1123.0,59.243152153501946,25.118045516532174,59.81259405936694,24.640579433113963,59.73612790991886,24.71503513991025,0.0764661494480805,-0.07445570679628588,0.10672733617003037,-0.014956461176013569
8.0,1128.0,59.34518260308933,25.038367654794342,59.93056240159571,24.536455513548816,59.904194102663254,24.56676708275237,0.026368298932453627,-0.03031156920355471,0.04017559478306602,-0.008394426864988258
8.0,1133.0,59.460139061723225,24.94632917298476,60.081223403160806,24.40004212468055,60.09055902618591,24.39544975556381,-0.009335623025101825,0.0045923691167395475,0.010404023806739127,-0.002669859867129753
8.0,1138.0,59.589453260880205,24.83982241965701,60.26179968677946,24.23053390511634,60.30303404901807,24.19060182268199,-0.041234362238611766,0.03993208243434765,0.057400730280795106,0.003396019121715277
8.0,1143.0,59.73612790991886,24.71503513991025,60.470214415752,24.02563970620519,60.52712911229572,23.962754814638586,-0.05691469654372128,0.06288489156660404,0.08481622645465563,0.008030918922550478
8.0,1148.0,59.904194102663254,24.56676708275237,60.706594389414974,23.783270226975418,60.75825801537718,23.71397250661097,-0.05166362596220608,0.06929772036444959,0.08643670687429146,0.01196333805396399
8.0,1153.0,60.09055902618591,24.39544975556381,60.958288468597836,23.506815454698962,61.00263364379982,23.434163330582013,-0.044345175201982556,0.07265212411694932,0.08511654188463684,0.014889587186639908
8.0,1158.0,60.30303404901807,24.19060182268199,61.220645373324814,23.197474771279015,61.24439876117515,23.138462613430107,-0.023753387850334207,0.05901215784890823,0.06361334929362598,0.015699382189800826
8.0,1163.0,60.52712911229572,23.962754814638586,61.47634903176882,22.87245561334079,61.48713065984673,22.820211241279495,-0.010781628077907612,0.05224437206129551,0.05334527079403948,0.016994006587326416
8.0,1168.0,60.75825801537718,23.71397250661097,61.72352188539723,22.53302098813942,61.72746280651366,22.48097120762434,-0.003940921116424079,0.05204978051508036,0.05219875966834764,0.018740393101129182
8.0,1173.0,61.00263364379982,23.434163330582013,61.970426674476045,22.165100409874448,61.96084916298581,22.124746221107163,0.009577511490235224,0.04035418876728514,0.04147516458570442,0.01914894299755543
8.0,1178.0,61.24439876117515,23.138462613430107,62.20247495451314,21.788233216636858,62.18610444912002,21.75135099947878,0.016370505393119572,0.03688221715807671,0.04035209275021167,0.020215761779583064
8.0,1183.0,61.48713065984673,22.820211241279495,62.42467252762617,21.39332241841413,62.39950548136845,21.36522866188113,0.025167046257720926,0.028093756532999947,0.03771789195426677,0.020665876988341436
8.0,1188.0,61.72746280651366,22.48097120762434,62.636969596077115,20.98345653124485,62.61658755814817,20.963474943775367,0.020382037928946772,0.019981587469484197,0.028542797829534384,0.011042243094330884
8.0,1193.0,61.96084916298581,22.124746221107163,62.8376375740083,20.563633240005053,62.83021713124838,20.566682184088098,0.007420442759915602,-0.003048944083044347,0.008022408040901124,-0.005966504622865854
8.0,1198.0,62.18610444912002,21.75135099947878,63.027086943302436,20.133467950046867,63.04573411755276,20.143495569822466,-0.018647174250325804,-0.01002761977559885,0.021172393957368044,-0.018189807774843914
8.0,1203.0,62.39950548136845,21.36522866188113,63.20688175955913,19.70110284047524,63.24776278645475,19.725543012993217,-0.04088102689561879,-0.024440172517977032,0.04762961676046519,-0.026482476998980653
8.0,1208.0,62.61658755814817,20.963474943775367,63.47344799463399,19.294323401404526,63.44755162027369,19.290147996208265,0.025896374360300456,0.004175405196260584,0.026230825636296442,0.013506004544780348
8.0,1213.0,62.83021713124838,20.566682184088098,63.65962462910344,18.861765522747543,63.63015703547679,18.870194424268146,0.029467593626648636,-0.008428901520602494,0.03064939567086631,0.01145649519038483
8.0,1218.0,63.04573411755276,20.143495569822466,63.843514955396046,18.402327842105723,63.812791363589945,18.426099203104464,0.03072359180610107,-0.02377136099874022,0.03884606411466094,0.008620762063418441
8.0,1223.0,63.24776278645475,19.725543012993217,64.0169675555922,17.95398513631834,63.99077374670874,17.966324505462318,0.026193808883462566,-0.012339369143976597,0.0289547173133271,0.00938747898697567
8.0,1228.0,63.44755162027369,19.290147996208265,64.1854129173368,17.489950528831805,64.15391815243086,17.51747777117076,0.031494764905943384,-0.027527242338955205,0.04182904836675359,0.008888491999780035
8.0,1233.0,63.63015703547679,18.870194424268146,64.33651908725567,17.044763907065104,64.30531059168757,17.073206784412175,0.031208495568094463,-0.028442877347071516,0.04222519943593311,0.008941253872758681
8.0,1238.0,63.812791363589945,18.426099203104464,64.48468848038318,16.575727311527977,64.4652319888439,16.568936190040432,0.019456491539287413,0.0067911214875451265,0.020607629511347484,0.010431023677277107
8.0,1243.0,63.99077374670874,17.966324505462318,64.62630350364495,16.092404639219627,64.59901709133182,16.113324019017032,0.027286412313131336,-0.020919379797405213,0.03438268093139758,0.009170365828475857
13.0,3.0,43.46298505443551,-73.28713521404188,43.48622749994479,-73.27131091956274,43.464137616191465,-73.28596048507593,0.022089883753324102,0.01464956551319574,0.026506088620556333,0.006443304270051353
13.0,8.0,43.46327771427655,-73.28683692355446,43.48651648463102,-73.27101574871978,43.464424604105936,-73.28566798075214,0.02209188052508182,0.014652232032361212,0.026509226481824046,0.00644274697152003
13.0,13.0,43.463564564714545,-73.28654455546682,43.48679994699459,-73.27072728058091,43.464697932546855,-73.28538939956961,0.022102014447732188,0.014662118988695738,0.026523136614782845,0.00644305924091082
13.0,18.0,43.463840034312646,-73.28626378836702,43.48707211198529,-73.27045002905209,43.46498599515747,-73.28509580242472,0.02208611682782191,0.014645773372635063,0.026500853462007302,0.00644318432989488
13.0,23.0,43.464137616191465,-73.28596048507593,43.48736600118419,-73.27014988780189,43.46525076061039,-73.28482595115193,0.022115240573803874,0.014676063350037793,0.02654186694811696,0.006442584761294334
13.0,28.0,43.464424604105936,-73.28566798075214,43.48764962785648,-73.26986125481177,43.46555542713332,-73.28451543370296,0.02209420072315993,0.014654178891191805,0.02651223612919763,0.00644296727697391
13.0,33.0,43.464697932546855,-73.28538939956961,43.48791969569682,-73.26958607338787,43.465832794944916,-73.28423274045791,0.02208690075190134,0.014646667070039143,0.026502000699662447,0.006443014782332668
13.0,38.0,43.46498599515747,-73.28509580242472,43.488204328631504,-73.26929597785761,43.46611782835157,-73.28394223578597,0.022086500279932864,0.01464625792836216,0.02650144082723779,0.006442986441172138
13.0,43.0,43.46525076061039,-73.28482595115193,43.48264520099521,-73.27391329504363,43.465474542082326,-73.28455275473402,0.01717065891288172,0.01063945969039537,0.020199743315351123,0.005582974561264109
13.0,48.0,43.46555542713332,-73.28451543370296,43.451621823006455,-73.30212096073848,43.459444234211546,-73.29019162080688,-0.007822411205090418,-0.011929339931597838,0.01426531697037044,0.0030631211304137373
13.0,53.0,43.465832794944916,-73.28423274045791,43.393404128912,-73.35478038726714,43.44053437092992,-73.30803239974809,-0.04713024201791427,-0.046747987519054846,0.0663824830037931,-0.0010877222019809452
13.0,58.0,43.46611782835157,-73.28394223578597,43.288992003084594,-73.44491377956125,43.40536065122812,-73.34118112405444,-0.11636864814352776,-0.10373265550680344,0.15589139196647556,-0.010343096182330314
13.0,63.0,43.465474542082326,-73.28455275473402,43.24237881002002,-73.48578170689018,43.35011557840579,-73.39294539628939,-0.10773676838577018,-0.0928363106007879,0.14221741042564043,-0.011332425334698026
13.0,68.0,43.459444234211546,-73.29019162080688,43.20713906581991,-73.51840316434021,43.26944797862737,-73.46793083269388,-0.06230891280745965,-0.05047233164633269,0.08018638835279343,-0.008487718952209011
13.0,73.0,43.44053437092992,-73.30803239974809,43.13635720992526,-73.58421976325357,43.16642412463258,-73.56267812038523,-0.03006691470731937,-0.021541642868342592,0.03698731860360296,-0.005847520924755489
13.0,78.0,43.40536065122812,-73.34118112405444,43.034377518339895,-73.67772702938315,43.021467508084704,-73.69410076036533,0.01291001025519023,0.0163737309821812,0.020851077455756508,-0.0025913951591753914
13.0,83.0,43.35011557840579,-73.39294539628939,42.89910220712126,-73.80000276850203,42.84664576932609,-73.84970605883898,0.05245643779517195,0.04970329033695009,0.07226406393552677,0.0005505609146925217
13.0,88.0,43.26944797862737,-73.46793083269388,42.72402730766937,-73.95547654721157,42.64295754467758,-74.02711863548016,0.08106976299178825,0.07164208826858953,0.10818916435128378,0.003199417522936621
13.0,93.0,43.16642412463258,-73.56267812038523,42.51913233133973,-74.1335243425816,42.41881554837393,-74.2176484327553,0.10031678296580537,0.08412409017370237,0.130921042969271,0.0053564805181216535
13.0,98.0,43.021467508084704,-73.69410076036533,42.25065009100127,-74.36067017778208,42.15151140550564,-74.43864803598126,0.09913868549563176,0.07797785819917635,0.1261309848178973,0.006562204229994428
13.0,103.0,42.84664576932609,-73.84970605883898,41.95690937764259,-74.60418805451002,41.892793476788,-74.653871385591,0.0641159008545884,0.04968333108098477,0.08111277414623518,0.00220656133401187
13.0,108.0,42.64295754467758,-74.02711863548016,41.652141398007416,-74.85704882498217,41.60050748147296,-74.92689069131593,0.05163391653445615,0.06984186633376055,0.08685590152470965,-0.0201363628577198
13.0,113.0,42.41881554837393,-74.2176484327553,41.344955823590304,-75.11313788426278,41.323257856652695,-75.20030841946573,0.021697966937608726,0.08717053520294371,0.08983041788165748,-0.041635791826438506
13.0,118.0,42.15151140550564,-74.43864803598126,41.00418766459297,-75.3980657376593,41.032495245531074,-75.49514744326451,-0.028307580938104593,0.09708170560521978,0.1011245603292588,-0.059872896376376605
13.0,123.0,41.892793476788,-74.653871385591,40.734946327694004,-75.71308158899791,40.738867550194826,-75.80367565282181,-0.003921222500821386,0.09059406382390023,0.0906788861093356,-0.040208080804567725
13.0,128.0,41.60050748147296,-74.92689069131593,40.45380914246438,-76.09771836751398,40.43489188993672,-76.1354028558545,0.018917252527657524,0.037684488340516964,0.04216613694283274,-0.00832540000833637
13.0,133.0,41.323257856652695,-75.20030841946573,40.149920574324426,-76.42782571898938,40.133580714117095,-76.47735771386485,0.01633986020733147,0.04953199487546556,0.05215754545545909,-0.01407990564232886
13.0,138.0,41.032495245531074,-75.49514744326451,39.844357114993066,-76.77995906200186,39.845816050759524,-76.81696146531281,-0.0014589357664576141,0.03700240331095017,0.037031153700051875,-0.015758826784145974
13.0,143.0,40.738867550194826,-75.80367565282181,39.54539840631641,-77.14360647071284,39.551812025745484,-77.17804432228372,-0.006413619429075368,0.034437851570885414,0.03502998908077689,-0.01644429794693325
13.0,148.0,40.43489188993672,-76.1354028558545,39.24226958758766,-77.52831582699332,39.25567534439233,-77.55721211805954,-0.01340575680467282,0.028896291066217827,0.03185451228459811,-0.016983305095487285
13.0,153.0,40.133580714117095,-76.47735771386485,38.94741139221596,-77.91942859862017,38.97225282872035,-77.93587535493891,-0.024841436504388525,0.016446756318742928,0.029792495045055847,-0.01708293666545302
13.0,158.0,39.845816050759524,-76.81696146531281,38.67046915406713,-78.30337655921801,38.69023931960837,-78.32926432283237,-0.019770165541238782,0.025887763614363735,0.03257354372003698,-0.01822070099256079
13.0,163.0,39.551812025745484,-77.17804432228372,38.388997029661276,-78.70537611972016,38.40071826213268,-78.73455739790647,-0.011721232471401777,0.02918127818631433,0.031447325597508416,-0.01302750028979105
13.0,168.0,39.25567534439233,-77.55721211805954,38.10026532841818,-79.11655067378848,38.080577746376726,-79.11969713376281,0.019687582041456153,0.0031464599743316057,0.019937429548694027,0.021910307976736654
13.0,173.0,38.97225282872035,-77.93587535493891,37.8156099071619,-79.51584528545803,37.73527724198858,-79.47531084133844,0.08033266517332294,-0.04053444411958651,0.0899798769388639,0.07019748980308904
13.0,178.0,38.69023931960837,-78.32926432283237,37.522231013746826,-79.91969778611345,37.37649295935168,-79.81703655721435,0.14573805439514587,-0.10266122889909468,0.17826639733262914,0.1098099687154015
13.0,183.0,38.40071826213268,-78.73455739790647,37.123997703702784,-80.26861890136186,37.00596437661456,-80.1421477113377,0.11803332708822722,-0.12647119002416218,0.17299372303538696,0.09174411793341264
13.0,188.0,38.080577746376726,-79.11969713376281,36.63392190015374,-80.51018029299824,36.61117335152043,-80.45946964533411,0.02274854863330944,-0.05071064766413258,0.0555793689370241,0.025519392790305687
13.0,193.0,37.73527724198858,-79.47531084133844,36.213507620381854,-80.80071905912241,36.19771632340334,-80.762902766411,0.015791296978513003,-0.03781629271141185,0.04098093525895639,0.02023941741402613
13.0,198.0,37.37649295935168,-79.81703655721435,35.797863456588985,-81.09122623295008,35.77549831790376,-81.04510236682061,0.02236513868522394,-0.046123866129462954,0.05126022293297133,0.026052812978347717
13.0,203.0,37.00596437661456,-80.1421477113377,35.369663096269115,-81.35110282118846,35.37977901530388,-81.28628103246966,-0.010115919034767273,-0.06482178871880251,0.06560637248486643,0.022648936199773928
13.0,208.0,36.61117335152043,-80.45946964533411,34.937752361804115,-81.58328078962874,34.90492154968042,-81.54809120532066,0.03283081212369865,-0.035189584308085387,0.04812659419154287,0.02386508253436359
14.0,3.0,-0.810587212308334,-95.4262025891078,-1.097322256316451,-95.45927749426492,-0.9353360467209269,-95.443344711661,-0.16198620959552423,-0.015932782603925943,0.16276788891126245,-0.012299321119281892
14.0,8.0,-0.8149995747138242,-95.4267967735362,-1.1349833880271334,-95.46413385201656,-1.0288936551306493,-95.45579083533319,-0.10608973289648405,-0.008343016683369342,0.10641727939308684,-0.009765598473746806
14.0,13.0,-0.8331459867299099,-95.42929625345195,-1.2132835663757646,-95.4745201879611,-1.1583439735256884,-95.47238194716658,-0.05493959285007621,-0.002138240794522517,0.054981187111843126,-0.006908785701424058
14.0,18.0,-0.8707479925017667,-95.4345238495069,-1.3314914367136816,-95.48953786465836,-1.329885147596496,-95.49324532475698,-0.001606289117185744,0.0037074600986244377,0.004040473377078691,-0.0038401780466883473
14.0,23.0,-0.9353360467209269,-95.443344711661,-1.4970697433420432,-95.50940693600067,-1.5513694328019565,-95.5182927452097,0.05429968945991326,0.008885809209033368,0.05502193999435459,-0.0005620263517567281
14.0,28.0,-1.0288936551306493,-95.45579083533319,-1.7056654376805855,-95.5327594245281,-1.8027204395757013,-95.54414553383226,0.09705500189511573,0.011386109304169167,0.09772060620947562,0.002293168891002839
14.0,33.0,-1.1583439735256884,-95.47238194716658,-1.9654963054770993,-95.55921072969042,-2.095336537116156,-95.57079885115147,0.12984023163905678,0.011588121461045375,0.1303563205643664,0.004860690664511225
14.0,38.0,-1.329885147596496,-95.49324532475698,-2.2827256684890656,-95.58756068002731,-2.3982743775428057,-95.5944910304308,0.11554870905374015,0.006930350403493435,0.11575635585444584,0.005548356586277948
14.0,43.0,-1.5513694328019565,-95.5182927452097,-2.660151562277859,-95.61606517395296,-2.7529997522849503,-95.61893107532515,0.09284819000709144,0.002865901372189228,0.09289240969136321,0.004651640773615018
14.0,48.0,-1.8027204395757013,-95.54414553383226,-3.0421379616687982,-95.64454200612073,-3.118933468437486,-95.66150927557709,0.07679550676868763,0.016967269456358736,0.07864755617731697,-0.011939954485702843
14.0,53.0,-2.095336537116156,-95.57079885115147,-3.4501067786749173,-95.67483194152139,-3.515878863058323,-95.72377290022798,0.06577208438340554,0.048940958706594984,0.08198283066141625,-0.03648961100257653
14.0,58.0,-2.3982743775428057,-95.5944910304308,-3.8461879966552197,-95.70640058718777,-3.8910435543270334,-95.7873607093435,0.044855557671813706,0.08096012215573012,0.09255572609795759,-0.053296441167977264
14.0,63.0,-2.7529997522849503,-95.61893107532515,-4.282565291180229,-95.77554567346255,-4.300746784038681,-95.86334550956217,0.018181492858452053,0.08779983609962017,0.08966257804503563,-0.05050280375718774
14.0,68.0,-3.118933468437486,-95.66150927557709,-4.70131199696147,-95.93211588060547,-4.74680965424694,-95.95461869571778,0.04549765728546973,0.02250281511231833,0.05075838360749128,-0.008872202048555877
14.0,73.0,-3.515878863058323,-95.72377290022798,-5.155655760393058,-96.03013902060042,-5.1856492840906565,-96.05313238893513,0.029993523697598334,0.022993368334709885,0.0377929418168794,-0.010775928634949583
14.0,78.0,-3.8910435543270334,-95.7873607093435,-5.576198152977942,-96.1244193283159,-5.612653830749566,-96.15739823279527,0.03645567777162384,0.03297890447937846,0.04915917597405836,-0.01535552430611542
14.0,83.0,-4.300746784038681,-95.86334550956217,-6.024355427320507,-96.23974861593143,-6.055161768525201,-96.27434460457886,0.030806341204693943,0.03459598864742475,0.04632400121872857,-0.016303868757769457
14.0,88.0,-4.74680965424694,-95.95461869571778,-6.503264653950424,-96.374017340343,-6.510008679910945,-96.40412714495608,0.0067440259605211494,0.030109804613076108,0.03085582959496961,-0.0162121962992674
14.0,93.0,-5.1856492840906565,-96.05313238893513,-6.967116181969227,-96.51451694236148,-6.94775757378081,-96.53836500575159,-0.019358608188417392,0.023848063390104812,0.030716214585315007,-0.015957270643714768
14.0,98.0,-5.612653830749566,-96.15739823279527,-7.412604564383578,-96.65949929252187,-7.426141140186079,-96.69575614672564,0.013536575802501005,0.03625685420377067,0.03870139999031481,-0.018162680989321615
14.0,103.0,-6.055161768525201,-96.27434460457886,-7.869267053332814,-96.81783797669591,-7.866470998407967,-96.84872690737063,-0.0027960549248478017,0.030888930674720427,0.03101522144641966,-0.01684305189497559
14.0,108.0,-6.510008679910945,-96.40412714495608,-8.336728352534681,-96.98066826741906,-8.340265436113889,-96.98951051633277,0.003537083579207234,0.008842248913708772,0.00952346187571943,0.004425938502097271
14.0,113.0,-6.94775757378081,-96.53836500575159,-8.786647998447625,-97.13402040029223,-8.806476834874259,-97.08490325128376,0.019828836426633245,-0.049117149008466754,0.05296864242883807,0.049201669653560653
14.0,118.0,-7.426141140186079,-96.69575614672564,-9.279215232831717,-97.30011792803458,-9.311140818346962,-97.16305490984996,0.03192558551524449,-0.13706301818461952,0.14073206445003403,0.0942034256990607
14.0,123.0,-7.866470998407967,-96.84872690737063,-9.754790329940876,-97.40608215524861,-9.78615215453424,-97.21769531051613,0.0313618245933629,-0.18838684473247724,0.1909794944754105,0.10642186158948876
14.0,128.0,-8.340265436113889,-96.98951051633277,-10.292533212908246,-97.36186541559861,-10.301389426804493,-97.25474882593215,0.008856213896246246,-0.10711658966646098,0.10748207434893058,0.054057145050337325
14.0,133.0,-8.806476834874259,-97.08490325128376,-10.791928423394898,-97.30227115027787,-10.787205879505997,-97.26862518507991,-0.004722543888901143,-0.03364596519796237,0.03397577658987492,0.01693335674424823
14.0,138.0,-9.311140818346962,-97.16305490984996,-11.316221013651866,-97.3086828203426,-11.293578235380036,-97.26154398632515,-0.022642778271830366,-0.047138834017445674,0.05229498140731639,0.02327918425326958
14.0,143.0,-9.78615215453424,-97.21769531051613,-11.804719168753294,-97.28270063084062,-11.803707548119315,-97.23208504485324,-0.0010116206339798595,-0.050615585987387135,0.05062569427823855,0.026474784867408285
14.0,148.0,-10.301389426804493,-97.25474882593215,-12.314935404162485,-97.22757072197533,-12.287660132747847,-97.18325904861074,-0.027275271414637814,-0.04431167336458941,0.0520333049797168,0.0218109905980719
14.0,153.0,-10.787205879505997,-97.26862518507991,-12.761699415383717,-97.15709955090387,-12.777179699076928,-97.11300539257029,0.015480283693211305,-0.04409415833357855,0.046732579453407,0.021182924136486037
14.0,158.0,-11.293578235380036,-97.26154398632515,-13.197481866715933,-97.06568893981904,-13.246618280956861,-97.02569558511067,0.049136414240928517,-0.03999335470837195,0.06335499684544053,0.01723915629706152
14.0,163.0,-11.803707548119315,-97.23208504485324,-13.590583271242544,-96.96657151973436,-13.643742661477443,-96.93638104858017,0.05315939023489946,-0.03019047115418516,0.06113415836222831,0.011237976344784961
14.0,168.0,-12.287660132747847,-97.18325904861074,-14.036557843199615,-96.85987794600007,-14.05800893874004,-96.84560096219991,0.021451095540424348,-0.014276983800158405,0.02576784364890471,0.0005387513869337113
14.0,173.0,-12.777179699076928,-97.11300539257029,-14.463040147493052,-96.75465568306605,-14.451249373971383,-96.78618375036415,-0.011790773521669351,0.03152806729809754,0.03366067984745208,-0.03131699639711227
14.0,178.0,-13.246618280956861,-97.02569558511067,-14.849679446487897,-96.66369922096095,-14.792199310689266,-96.76097332133077,-0.05748013579863098,0.0972741003698161,0.11298768346234078,-0.0695073774497117
14.0,183.0,-13.643742661477443,-96.93638104858017,-15.159206364890354,-96.62865787245451,-15.091941937357273,-96.74674655710896,-0.0672644275330807,0.11808868465445244,0.13590232027000781,-0.07527042046188637
14.0,188.0,-14.05800893874004,-96.84560096219991,-15.47530722039899,-96.63950859997132,-15.371068128537512,-96.73967987349897,-0.10423909186147817,0.10017127352764987,0.14456857304496343,-0.053190579050312436
14.0,193.0,-14.451249373971383,-96.78618375036415,-15.738723327407953,-96.72045998525117,-15.644456408480611,-96.73927764438501,-0.0942669189273424,0.0188176591338447,0.09612677202180313,-0.0008508571783356622
14.0,198.0,-14.792199310689266,-96.76097332133077,-15.967240040429655,-96.7602882574495,-15.886443424969455,-96.74432153754901,-0.08079661546019956,-0.015966719900490034,0.08235914772630946,0.01919818529639228
14.0,203.0,-15.091941937357273,-96.74674655710896,-16.174446503309014,-96.76833174843998,-16.103739163845148,-96.75315204177468,-0.07070733946386554,-0.015179706665293224,0.07231840255773536,0.01747024275002973
14.0,208.0,-15.371068128537512,-96.73967987349897,-16.370644553352307,-96.78458918133472,-16.316873554898148,-96.7657787543731,-0.05377099845415856,-0.01881042696162183,0.0569662394514122,0.01897307981721763
14.0,213.0,-15.644456408480611,-96.73927764438501,-16.567268809063428,-96.80442999554562,-16.51741361049055,-96.78126012578194,-0.04985519857287812,-0.023169869763677298,0.054976210215027334,0.021832979624256236
34.0,3.0,-30.91530832776672,257.04797913444514,-30.6837558593706,256.8789347475192,-30.80656072402565,256.9721668962654,0.12280486465505192,-0.0932321487461536,0.15418582406554285,-0.011958371338678277
34.0,8.0,-30.911668859256896,257.04542399248953,-30.64901163278586,256.8543487609032,-30.71883086427401,256.91037590852704,0.06981923148815028,-0.0560271476238654,0.08951964229409276,-0.009001638158526726
34.0,13.0,-30.89472255391995,257.0336430668729,-30.57678096439084,256.8034664295515,-30.60872955286395,256.83197481546244,0.03194858847311011,-0.02850838591092497,0.04281869186080268,-0.0062684448871535015
34.0,18.0,-30.86078555336352,257.01005760348505,-30.47316296144476,256.7295029955435,-30.46131367968852,256.7254925909175,-0.011849281756241226,0.004010404626001218,0.012509549288565241,-0.0031444118478091143
34.0,23.0,-30.80656072402565,256.9721668962654,-30.337510636963064,256.63127644294605,-30.281836615835978,256.5934804192827,-0.05567402112708564,0.03779602366336121,0.06729142614940285,0.00011080223854009752
34.0,28.0,-30.71883086427401,256.91037590852704,-30.148049563250968,256.4916174932849,-30.068891504087325,256.4333943112619,-0.07915805916364249,0.05822318202297083,0.0982646287095958,0.0026013854068472897
34.0,33.0,-30.60872955286395,256.83197481546244,-29.93526390982749,256.33119813509455,-29.83805286991843,256.2555026144572,-0.09721103990905888,0.07569552063733909,0.12320632339599484,0.0048632739114481405
34.0,38.0,-30.46131367968852,256.7254925909175,-29.673760093954375,256.1287798234116,-29.58592183693337,256.05587042572364,-0.087838257021005,0.07290939768796534,0.11415489331478533,0.005840280996798785
34.0,43.0,-30.281836615835978,256.5934804192827,-29.383798087366152,255.8987843904462,-29.30876142578413,255.83525699933986,-0.07503666158202194,0.06352739110633365,0.09831698735290847,0.0034123983448964834
34.0,48.0,-30.068891504087325,256.4333943112619,-29.074010640716487,255.65284571949016,-28.997492639424365,255.61535627784258,-0.07651800129212205,0.037489441647579724,0.08520834910258782,-0.018052551507223624
34.0,53.0,-29.83805286991843,256.2555026144572,-28.760726334331114,255.40494038733493,-28.6684369242836,255.39810808624765,-0.09228941004751334,0.006832301087285941,0.09254196639938762,-0.04147686291115393
34.0,58.0,-29.58592183693337,256.05587042572364,-28.434363927366483,255.14789110833206,-28.33857570446166,255.18677188433793,-0.09578822290482236,-0.038880776005868256,0.10337842323271543,-0.05973744475456755
34.0,63.0,-29.30876142578413,255.83525699933986,-28.058089073264313,254.925804188793,-27.982645903335257,254.9674424281142,-0.07544316992905564,-0.04163823932120181,0.08617084694207225,-0.045680361026196104
34.0,68.0,-28.997492639424365,255.61535627784258,-27.637839863568914,254.7493000479381,-27.59926247425542,254.74118291755659,-0.0385773893134953,0.008117130381521065,0.039422110190546554,-0.0088689723865778
34.0,73.0,-28.6684369242836,255.39810808624765,-27.246890370989497,254.51988776363777,-27.22214797006958,254.52831224533148,-0.024742400919915752,-0.008424481693708685,0.026137297011923032,-0.012483073834432257
34.0,78.0,-28.33857570446166,255.18677188433793,-26.86207439485872,254.30656432360504,-26.863726702129302,254.33458924239537,0.0016523072705822983,-0.028024918790322317,0.02807358531646038,-0.01361758684288672
34.0,83.0,-27.982645903335257,254.9674424281142,-26.452807964248553,254.09404886158703,-26.422185167472385,254.10706860745998,-0.03062279677616786,-0.013019745872952626,0.03327565874615773,-0.015886270691447213
34.0,88.0,-27.59926247425542,254.74118291755659,-26.018858749848714,253.8799085787139,-25.9944758148673,253.89754289253406,-0.024382934981414195,-0.017634313820167336,0.030091469592162103,-0.015908274730632943
34.0,93.0,-27.22214797006958,254.52831224533148,-25.597598130362755,253.6828561926405,-25.569684545963963,253.69973935111614,-0.027913584398792324,-0.01688315847565036,0.032622219944424796,-0.016209448252875566
34.0,98.0,-26.863726702129302,254.33458924239537,-25.20146084772499,253.50708234610605,-25.156518911488355,253.51721505037565,-0.04494193623663634,-0.010132704269608439,0.04607004806284911,-0.017153561864184264
34.0,103.0,-26.422185167472385,254.10706860745998,-24.71913717633396,253.3021330110777,-24.693972335373964,253.31822099597787,-0.02516484095999516,-0.016087984900167385,0.02986791721379085,-0.01328804002293843
34.0,108.0,-25.9944758148673,253.89754289253406,-24.261721053605644,253.10206977344848,-24.26219900473101,253.0980989940268,0.0004779511253651947,0.003970779421678117,0.003999440772640627,0.01422725523203311
34.0,113.0,-25.569684545963963,253.69973935111614,-23.81343196768436,252.9092284737903,-23.849452372979048,252.84451153514982,0.036020405294689084,0.06471693864048689,0.07406586085768672,0.061712179790313515
34.0,118.0,-25.156518911488355,253.51721505037565,-23.386856514702718,252.7175589200548,-23.46309490663594,252.58506718527343,0.07623839193322368,0.13249173478138232,0.1528605645349512,0.09866869885296115
34.0,123.0,-24.693972335373964,253.31822099597787,-22.944516061505887,252.428075767484,-23.052847658285728,252.28531711648728,0.10833159677984128,0.14275865099671137,0.17920872549982314,0.096354407700529
34.0,128.0,-24.26219900473101,253.0980989940268,-22.6057485005835,252.0204802998119,-22.65724309460587,251.96878662018838,0.05149459402237255,0.05169367962352567,0.07296526383525712,0.03576229806311071
34.0,133.0,-23.849452372979048,252.84451153514982,-22.249963445223152,251.66317237132185,-22.296346848585618,251.65390326478524,0.046383403362465714,0.009269106536606841,0.047300490943246704,0.017574448925612773
34.0,138.0,-23.46309490663594,252.58506718527343,-21.89667568868208,251.34125390243705,-21.924364258103957,251.30026352582507,0.027688569421876252,0.04099037661197258,0.04946582508582475,0.026318385957820656
34.0,143.0,-23.052847658285728,252.28531711648728,-21.53512902679129,250.96829226185034,-21.583750165130937,250.9471739229959,0.048621138339647985,0.021118338854449803,0.05300942679764187,0.02447914490276881
34.0,148.0,-22.65724309460587,251.96878662018838,-21.208678881686964,250.5930685940897,-21.246101419802443,250.56564085430384,0.03742253811547869,0.02742773978584978,0.0463974920525317,0.022692731785593053
34.0,153.0,-22.296346848585618,251.65390326478524,-20.93729002226348,250.24673772383923,-20.942991461812912,250.19241532766225,0.0057014395494334735,0.05432239617698542,0.05462077571167591,0.02088017633882855
34.0,158.0,-21.924364258103957,251.30026352582507,-20.678525489206855,249.8815518036329,-20.667964870004045,249.82449113896553,-0.010560619202809818,0.05706066466737525,0.05802970041478245,0.014551745320896313
34.0,163.0,-21.583750165130937,250.9471739229959,-20.45678905467003,249.55171749703305,-20.42284208328785,249.47203044282853,-0.033946971382178504,0.07968705420452693,0.0866165311809337,0.013630068986056563
34.0,168.0,-21.246101419802443,250.56564085430384,-20.187783772926604,249.16124754443047,-20.185474785788653,249.14848474657737,-0.002308987137951135,0.012762797853099528,0.012969981906013043,-0.0030032470897985997
34.0,173.0,-20.942991461812912,250.19241532766225,-19.949300379663715,248.8156649470877,-19.950510374280384,248.87133282089536,0.0012099946166692632,-0.05566787380766414,0.05568102245144559,-0.03430667177444035
34.0,178.0,-20.667964870004045,249.82449113896553,-19.73162136171448,248.51019276686245,-19.723339800875625,248.63622663069538,-0.00828156083885645,-0.12603386383293014,0.12630565736571445,-0.0672934580915977
34.0,183.0,-20.42284208328785,249.47203044282853,-19.523139833156012,248.26094201937866,-19.50400434127075,248.4192661792241,-0.019135491885261757,-0.15832415984544923,0.15947635135172322,-0.07720307436912077
34.0,188.0,-20.185474785788653,249.14848474657737,-19.278770442147007,248.09765295775566,-19.300841898352683,248.22750768997483,0.0220714562056763,-0.12985473221917232,0.1317171236352815,-0.04071444375003818
34.0,193.0,-19.950510374280384,248.87133282089536,-19.048352871269312,248.00079550312708,-19.11239202845209,248.05770638426625,0.06403915718277631,-0.05691088113917431,0.0856729948391998,0.010882269625382857
34.0,198.0,-19.723339800875625,248.63622663069538,-18.871207702283424,247.86796600520208,-18.933511307874944,247.90324653706688,0.06230360559152004,-0.035280531864799514,0.07159926814127934,0.0182687879939929
34.0,203.0,-19.50400434127075,248.4192661792241,-18.706917886617784,247.7325893998085,-18.76410073670718,247.7626769175863,0.057182850089397164,-0.030087517777815265,0.06461530059031545,0.017735725280925707
34.0,208.0,-19.300841898352683,248.22750768997483,-18.549831771680907,247.61336184086758,-18.60401003282357,247.63471284031044,0.05417826114266333,-0.02135099944285912,0.058233574144573974,0.02033194284005546
34.0,213.0,-19.11239202845209,248.05770638426625,-18.40162473942046,247.50423522461747,-18.454603391849055,247.51938818132425,0.05297865242859601,-0.015152956706771192,0.05510308258262203,0.0227951228395763
34.0,218.0,-18.933511307874944,247.90324653706688,-18.258491974642155,247.40155677126114,-18.304412002807297,247.40728455044388,0.04592002816514196,-0.005727779182734594,0.046275873206819106,0.024221631682485364
34.0,223.0,-18.76410073670718,247.7626769175863,-18.121895461197173,247.3032507730188,-18.159050194073725,247.30143545292367,0.03715473287655158,0.0018153200951189774,0.037199053243001295,0.023405638666992523
34.0,228.0,-18.60401003282357,247.63471284031044,-17.99818303771468,247.20176039010488,-18.028881795175533,247.1980845421725,0.030698757460854154,0.003675847932385068,0.030918045987131337,0.02032331575275303
34.0,233.0,-18.454603391849055,247.51938818132425,-17.88827738950028,247.09812574539956,-17.922313120976387,247.10106109482876,0.034035731476105724,-0.002935349429208145,0.03416207390345508,0.01792418820374353
34.0,238.0,-18.304412002807297,247.40728455044388,-17.781982036107813,246.98617732471237,-17.79882769454574,246.9764800353487,0.016845658437926403,0.009697289363685968,0.019437428564764887,0.01731117473808108
34.0,243.0,-18.159050194073725,247.30143545292367,-17.675903059413947,246.86896693154026,-17.698720442841662,246.8740076308488,0.022817383427714333,-0.005040699308551666,0.02336753380240555,0.0086540454916052
34.0,248.0,-18.028881795175533,247.1980845421725,-17.584509008991255,246.75473091257103,-17.59141242505301,246.76173136730014,0.0069034160617569285,-0.007000454729109151,0.00983176076478828,-0.0032614129076944387
34.0,253.0,-17.922313120976387,247.10106109482876,-17.51579760516657,246.64672498338123,-17.490983593582463,246.65380433202074,-0.024814011584105344,-0.007079348639507543,0.025804114944245067,-0.021487640987651102
34.0,258.0,-17.79882769454574,246.9764800353487,-17.41342216173281,246.526332836782,-17.401221188783918,246.5549554934015,-0.012200972948892996,-0.02862265661951824,0.031114630206037643,-0.027733166398395848
34.0,263.0,-17.698720442841662,246.8740076308488,-17.325826853317466,246.43035945486108,-17.305756665361514,246.44729988827066,-0.020070187955951724,-0.016940433409587285,0.026263867359775688,-0.025003999307377622
34.0,268.0,-17.59141242505301,246.76173136730014,-17.233010372769375,246.32259448123304,-17.21541190783443,246.34288927766494,-0.017598464934945213,-0.02029479643189802,0.02686232920427186,-0.025751065232864523
34.0,273.0,-17.490983593582463,246.65380433202074,-17.145210558855627,246.2181207150528,-17.127767178238813,246.23916103168239,-0.017443380616814608,-0.021040316629580502,0.027330686987634713,-0.026178984108433667
34.0,278.0,-17.401221188783918,246.5549554934015,-17.06598064762326,246.12181406592052,-17.039857226362294,246.13260183212714,-0.026123421260965785,-0.010787766206618699,0.028263209975276052,-0.025268337974413524
34.0,283.0,-17.305756665361514,246.44729988827066,-16.98075374270123,246.01656983151824,-16.955740895219396,246.02908657959892,-0.025012847481832523,-0.012516748080685147,0.02796983234960036,-0.025834282122166763
34.0,288.0,-17.21541190783443,246.34288927766494,-16.89528405181655,245.91748781677163,-16.87463717767805,245.93712984757252,-0.020646874138499527,-0.019642030800895327,0.028497417175497874,-0.02763911943560249
34.0,293.0,-17.127767178238813,246.23916103168239,-16.80752005849173,245.82190115306543,-16.77946188203026,245.83541344614207,-0.028058176461467355,-0.013512293076644255,0.031142307726499157,-0.028668423477941962
34.0,298.0,-17.039857226362294,246.13260183212714,-16.715263803871373,245.72644952303114,-16.69360258058726,245.74262811901679,-0.021661223284112907,-0.01617859598565019,0.027036189861574276,-0.024937298022093102
34.0,303.0,-16.955740895219396,246.02908657959892,-16.619194360324343,245.64171052658028,-16.605834100036628,245.64763141673086,-0.01336026028771542,-0.005920890150576952,0.014613469647236582,-0.01202096170099187
34.0,308.0,-16.87463717767805,245.93712984757252,-16.527659892511583,245.56746831670569,-16.517023987557295,245.55150831275282,-0.010635904954288122,0.015960003952869783,0.0191792648548444,0.0030878910524219094
34.0,313.0,-16.77946188203026,245.83541344614207,-16.43394682163013,245.46734153811536,-16.4304417710565,245.45779652487974,-0.0035050505736293758,0.0095450132356234,0.01016821799490577,0.0037218016232464235
34.0,318.0,-16.69360258058726,245.74262811901679,-16.349314513769095,245.3752452455065,-16.34541612026945,245.36576947736165,-0.003898393499643049,0.009475768144852736,0.010246348316013128,0.0034157044680853677
34.0,323.0,-16.605834100036628,245.64763141673086,-16.26333748676051,245.2820549190069,-16.255983155498896,245.26897229148042,-0.007354331261613112,0.013082627526472379,0.015008042220821232,0.003341389354111657
34.0,328.0,-16.517023987557295,245.55150831275282,-16.17589872245479,245.18755166057747,-16.171036087065374,245.1770306658676,-0.004862635389415004,0.01052099470987855,0.011590364645501179,0.0034240893168029363
34.0,333.0,-16.4304417710565,245.45779652487974,-16.090472185704325,245.09519865653726,-16.085372948394713,245.08431312180159,-0.005099237309611482,0.010885534735677993,0.01202069414058048,0.0034908592610326523
34.0,338.0,-16.34541612026945,245.36576947736165,-16.00659956737595,245.00427150596647,-15.999115393074764,244.9909522473774,-0.007484174301186641,0.01331925858906402,0.015277942084354759,0.0034065893082155796
34.0,343.0,-16.255983155498896,245.26897229148042,-15.917142537555891,244.90934690903117,-15.913791305463606,244.89927059249953,-0.0033512320922852723,0.010076316531637985,0.010618988246632714,0.0043242811749855115
34.0,348.0,-16.171036087065374,245.1770306658676,-15.827703228370618,244.82287401629515,-15.823253550774862,244.81179579309347,-0.00444967759575654,0.011078223201678838,0.011938452999128197,0.004131263669094332
34.0,353.0,-16.085372948394713,245.08431312180159,-15.733549207835345,244.73909464813283,-15.72726917370553,244.7259451153026,-0.006280034129815704,0.013149532830226462,0.01457220101168158,0.00442923145269114
34.0,358.0,-15.999115393074764,244.9909522473774,-15.635277922963633,244.658278714632,-15.635575447523712,244.64492348412713,0.0002975245600786991,0.013355230504856763,0.013358544183469493,0.009897723772344325
34.0,363.0,-15.913791305463606,244.89927059249953,-15.537039039345776,244.58424922969533,-15.537911792610217,244.5603296069519,0.0008727532644403624,0.023919622743420632,0.0239355394852123,0.018214225647608884
34.0,368.0,-15.823253550774862,244.81179579309347,-15.430922356538613,244.5169422923068,-15.450389812271183,244.4861425235141,0.01946745573257047,0.030799768792689974,0.036436349849878626,0.03474101159476739
34.0,373.0,-15.72726917370553,244.7259451153026,-15.332207743398362,244.43569841600493,-15.350304752902636,244.40311273766704,0.018097009504273842,0.03258567833788106,0.037273692944724816,0.034970949968789466
34.0,378.0,-15.635575447523712,244.64492348412713,-15.23898011408015,244.35865102435739,-15.251099766541717,244.32264863555406,0.012119652461567654,0.0360023888033254,0.03798760291641199,0.03353332501812156
34.0,383.0,-15.537911792610217,244.5603296069519,-15.138987473721393,244.27927608224192,-15.158303251854036,244.24900133452465,0.019315778132643402,0.030274747717271566,0.03591183139598905,0.0344433900885851
34.0,388.0,-15.450389812271183,244.4861425235141,-15.04936322153456,244.2096308430318,-15.05418946953633,244.16818546299413,0.00482624800177156,0.04144538003765774,0.04172543823904649,0.0329640768148759
34.0,393.0,-15.350304752902636,244.40311273766704,-14.94687209309523,244.1316385381019,-14.958971526193439,244.0959136525207,0.012099433098208934,0.035724885581203125,0.03771821484492723,0.03382616249569259
34.0,398.0,-15.251099766541717,244.32264863555406,-14.845268027801588,244.05606922864143,-14.855976779009486,244.0194569217847,0.010708751207898715,0.036612306856738996,0.03814627591003727,0.03374566952064895
34.0,403.0,-15.158303251854036,244.24900133452465,-14.750642687283248,243.9864283733589,-14.758036317662347,243.9478082826152,0.007393630379098681,0.03862009074370576,0.03932145952574495,0.03324915055804678
34.0,408.0,-15.05418946953633,244.16818546299413,-14.649647975508376,243.90368850876152,-14.659382143564637,243.868995064818,0.009734168056260373,0.03469344394352447,0.03603316639444825,0.03175064797564375
34.0,413.0,-14.958971526193439,244.0959136525207,-14.562904060569531,243.82294188690273,-14.567460564731622,243.78614359259777,0.0045565041620907465,0.03679829430495829,0.03707932299723764,0.030113939963446027
34.0,418.0,-14.855976779009486,244.0194569217847,-14.472767708196857,243.73232435752112,-14.480611625997447,243.70611289330458,0.00784391780059046,0.0262114642165443,0.027359968984587722,0.02368934836004477
34.0,423.0,-14.758036317662347,243.9478082826152,-14.3905569362001,243.63571726218643,-14.386227009373881,243.61896158461434,-0.004329926826219577,0.01675567757209251,0.017306097111143802,0.008621240333545055
34.0,428.0,-14.659382143564637,243.868995064818,-14.30439007222812,243.53872478616952,-14.296860512907697,243.53556159917562,-0.007529559320422763,0.0031631869939019452,0.00816700774568971,-0.0034659610843098543
34.0,433.0,-14.567460564731622,243.78614359259777,-14.223327796974202,243.44614058580197,-14.205017521638787,243.44890858328918,-0.018310275335414516,-0.00276799748721146,0.01851831506773492,-0.013653004549971759
34.0,438.0,-14.480611625997447,243.70611289330458,-14.13650940627632,243.365929578253,-14.115584879522478,243.36362586827784,-0.020924526753841377,0.002303709975166157,0.021050959586724396,-0.011775094434401279
34.0,443.0,-14.386227009373881,243.61896158461434,-14.043159497441735,243.27671449031723,-14.028070194327862,243.2792941068117,-0.015089303113873243,-0.0025796164944722477,0.015308216412139527,-0.011697302554302014
34.0,448.0,-14.296860512907697,243.53556159917562,-13.955380992461514,243.19118444777257,-13.936258870612798,243.18987625846216,-0.019122121848715423,0.001308189310407215,0.01916681776584166,-0.011540493371051008
34.0,453.0,-14.205017521638787,243.44890858328918,-13.865204855322645,243.10249292239237,-13.847888723318485,243.10287900318033,-0.017316132004159712,-0.0003860807879618733,0.017320435501462356,-0.011658556319451561
34.0,458.0,-14.115584879522478,243.36362586827784,-13.77746630935572,243.0152930842366,-13.761950016908443,243.0173869257808,-0.015516292447276925,-0.002093841544223096,0.015656931491251323,-0.011765167783842845
34.0,463.0,-14.028070194327862,243.2792941068117,-13.692103829914808,242.92870573465152,-13.6750776442015,242.92942273920147,-0.01702618571330916,-0.000717004549954936,0.01704127622769929,-0.011848257177858756
34.0,468.0,-13.936258870612798,243.18987625846216,-13.604717112993985,242.835005702489,-13.591358385571942,242.83686072509698,-0.013358727422042804,-0.0018550226079696586,0.013486908734492013,-0.010129254509186114
34.0,473.0,-13.847888723318485,243.10287900318033,-13.522722964971225,242.74206027733197,-13.50979677512597,242.7443507626302,-0.012926189845254399,-0.00229048529823217,0.013127555249054398,-0.010551601458840931
34.0,478.0,-13.761950016908443,243.0173869257808,-13.444961950994713,242.64899537219418,-13.427550498839087,242.64960544298165,-0.017411452155625895,-0.00061007078747366,0.017422136853250187,-0.013007817466902272
34.0,483.0,-13.6750776442015,242.92942273920147,-13.37010278456057,242.54906437552847,-13.348172320626333,242.556158677173,-0.02193046393423792,-0.007094301644514189,0.023049389670754122,-0.020782522176401863
34.0,488.0,-13.591358385571942,242.83686072509698,-13.296948266752755,242.4476045427196,-13.26642145057504,242.45777608377102,-0.030526816177715688,-0.010171541051420263,0.03217680458511646,-0.028103990640270915
34.0,493.0,-13.50979677512597,242.7443507626302,-13.21765621626602,242.35275311251576,-13.18896980292811,242.36250231864386,-0.02868641333791011,-0.009749206128105925,0.03029781065228518,-0.026765876729324845
34.0,498.0,-13.427550498839087,242.64960544298165,-13.139350652773244,242.2548657329511,-13.111765595537966,242.26545666747705,-0.027585057235278043,-0.010590934525964713,0.02954832104886565,-0.026702709868300478
34.0,503.0,-13.348172320626333,242.556158677173,-13.064188636516336,242.15833793719588,-13.034757188437704,242.16650184278038,-0.029431448078632627,-0.008163905584495978,0.03054274857307071,-0.026532029450985317
34.0,508.0,-13.26642145057504,242.45777608377102,-12.986882038840708,242.0569339957585,-12.960529130012404,242.0690045193805,-0.026352908828304322,-0.012070523622014662,0.028985743810061762,-0.026996736227955065
34.0,513.0,-13.18896980292811,242.36250231864386,-12.913792319214153,241.95890466712837,-12.885622157055073,241.96840213520647,-0.028170162159080192,-0.00949746807810925,0.029728100106861485,-0.02675173670152109
34.0,518.0,-13.111765595537966,242.26545666747705,-12.841092414349697,241.85921610017832,-12.812323820589423,241.86769481856857,-0.028768593760274186,-0.008478718390250606,0.029992009810695594,-0.02666369669076274
34.0,523.0,-13.034757188437704,242.16650184278038,-12.767320149266997,241.7588535197424,-12.741556206309571,241.76896360766122,-0.025763942957425456,-0.010110087918832278,0.027676608073244652,-0.025376267368717342
34.0,528.0,-12.960529130012404,242.0690045193805,-12.689215253568895,241.66520830422823,-12.666589866802225,241.67292477434353,-0.02262538676666992,-0.00771647011529808,0.02390506300727297,-0.02133513315074087
34.0,533.0,-12.885622157055073,241.96840213520647,-12.60420494338481,241.5727891340969,-12.583809594738703,241.5796438102966,-0.02039534864610637,-0.006854676199708365,0.02151643167904663,-0.01938045830942292
34.0,538.0,-12.812323820589423,241.86769481856857,-12.514331873091773,241.48367946801403,-12.500396056880813,241.48759165428584,-0.013935816210960184,-0.003912186271804785,0.014474535394649405,-0.012484669995839526
34.0,543.0,-12.741556206309571,241.76896360766122,-12.426288089297016,241.4000450639838,-12.419498653987956,241.39839710876365,-0.0067894353090593995,0.0016479552201644765,0.0069865719937298185,-0.002879590878905214
34.0,548.0,-12.666589866802225,241.67292477434353,-12.337708237178074,241.3206598022452,-12.339211347580376,241.3108233577854,0.0015031104023019992,0.009836444459779159,0.009950627140629307,0.008499252205123707
34.0,553.0,-12.583809594738703,241.5796438102966,-12.244271659698406,241.24581404813236,-12.258599026407326,241.2238301132277,0.014327366708920763,0.02198393490465378,0.0262405569815876,0.02408849178940886
34.0,558.0,-12.500396056880813,241.48759165428584,-12.164043902756267,241.1524253521028,-12.173475189164366,241.13292820975403,0.009431286408098316,0.019497142348768648,0.02165843307074009,0.01935157616919725
34.0,563.0,-12.419498653987956,241.39839710876365,-12.082903532994548,241.0662575240669,-12.093625417276531,241.04854498376562,0.010721884281982952,0.017712540301289437,0.020704900059672723,0.01924538987538882
34.0,568.0,-12.339211347580376,241.3108233577854,-12.002396133998637,240.98236018830534,-12.01010904824529,240.96118685552742,0.007712914246653213,0.021173332777919995,0.022534397420405264,0.019295065587089818
34.0,573.0,-12.258599026407326,241.2238301132277,-11.92167922168652,240.89882358990494,-11.931894923641732,240.88019841946425,0.010215701955210932,0.01862517044068568,0.021242823267689538,0.019531256851367806
34.0,578.0,-12.173475189164366,241.13292820975403,-11.836239056433556,240.81125894882265,-11.847262364428149,240.79344831865862,0.011023307994593168,0.0178106301640355,0.020945927193220953,0.01963554643962306
34.0,583.0,-12.093625417276531,241.04854498376562,-11.755906920423227,240.7297659592606,-11.766223975655091,240.71122839397145,0.010317055231864103,0.018537565289136637,0.02121515862552854,0.019637387452792417
34.0,588.0,-12.01010904824529,240.96118685552742,-11.671723886280521,240.64521775082173,-11.679665276836047,240.62430671427938,0.00794139055552634,0.020911036542344164,0.02236821703289415,0.019533699279591366
34.0,593.0,-11.931894923641732,240.88019841946425,-11.592757398281604,240.5666915600543,-11.601588650550257,240.54668885901887,0.00883125226865289,0.020002701035423343,0.021865476563411847,0.019622369665381226
34.0,598.0,-11.847262364428149,240.79344831865862,-11.507192243862544,240.48244857682215,-11.515886476825887,240.46233573418476,0.00869423296334304,0.02011284263738844,0.021911552336090455,0.01964633134697724
34.0,603.0,-11.766223975655091,240.71122839397145,-11.425163589149843,240.40249920076553,-11.431884742066611,240.3805013462509,0.006721152916767892,0.021997854514637538,0.0230017281911107,0.01955438519964292
34.0,608.0,-11.679665276836047,240.62430671427938,-11.337459333120556,240.31788385503236,-11.34466279722799,240.2964028726173,0.007203464107433888,0.02148098241505636,0.022656621563310112,0.01960909135321354
34.0,613.0,-11.601588650550257,240.54668885901887,-11.258284207072927,240.24225670338066,-11.260780503472537,240.21635077099359,0.0024962963996095766,0.025905932387075836,0.026025926084549778,0.019348498144358683
34.0,618.0,-11.515886476825887,240.46233573418476,-11.171317343534334,240.16000596439883,-11.175558359918828,240.13583757446088,0.004241016384494145,0.024168389937955226,0.02453767087900975,0.01947314459844596
34.0,623.0,-11.431884742066611,240.3805013462509,-11.086026838667571,240.08016119493345,-11.090025480678849,240.0558469629062,0.003998642011277198,0.024314232027251137,0.024640840428227197,0.019476652772698944
34.0,628.0,-11.34466279722799,240.2964028726173,-10.997424966794918,239.99806596706205,-11.004493944919975,239.9766651215315,0.007068978125056802,0.021400845530536117,0.022538115297300248,0.019673786384214357
34.0,633.0,-11.260780503472537,240.21635077099359,-10.91218348620907,239.91988982395057,-10.918397194617901,239.8977619407903,0.0062137084088309535,0.022127883160266038,0.02298376351567258,0.019637055143606696
34.0,638.0,-11.175558359918828,240.13583757446088,-10.825555096277304,239.84123993283217,-10.832643433091906,239.81996392273805,0.007088336814602414,0.021276010094112507,0.02242572461085762,0.019700404244447415
34.0,643.0,-11.090025480678849,240.0558469629062,-10.738649384170428,239.76304239378828,-10.744929261636399,239.7408978355659,0.00627987746597114,0.022144558222379374,0.02301778268756489,0.019831558101703558
34.0,648.0,-11.004493944919975,239.9766651215315,-10.654903290690882,239.68228050012434,-10.665350660993736,239.66306952757114,0.010447370302854253,0.01921097255319637,0.021867990595494255,0.02068284203429671
34.0,653.0,-10.918397194617901,239.8977619407903,-10.57449122646922,239.59797473337068,-10.584153343711842,239.57633105535598,0.009662117242621449,0.021643678014697798,0.023702432525250977,0.021695818525991114
34.0,658.0,-10.832643433091906,239.81996392273805,-10.49785765393813,239.5110704284969,-10.505554796197064,239.4928038802932,0.007697142258933809,0.01826654820371232,0.019822027702352005,0.01714083931515853
34.0,663.0,-10.744929261636399,239.7408978355659,-10.426366324822245,239.41013256951564,-10.422045136309801,239.40348841319442,-0.0043211885124438965,0.006644156321215178,0.007925748127515831,0.0007252543019529155
34.0,668.0,-10.665350660993736,239.66306952757114,-10.36181738069343,239.321747079094,-10.3402034507972,239.31497773417126,-0.021613929896231454,0.006769344922730625,0.022649194163195007,-0.010610608273452726
34.0,673.0,-10.584153343711842,239.57633105535598,-10.281714640206935,239.2294837759865,-10.26048024162652,239.2278600301438,-0.02123439858041465,0.0016237458426928697,0.02129639015499054,-0.013514893346580513
34.0,678.0,-10.505554796197064,239.4928038802932,-10.200335588186803,239.1416141526065,-10.17776035572512,239.13652529518194,-0.02257523246168347,0.00508885742456755,0.023141685128499682,-0.012216775834033687
34.0,683.0,-10.422045136309801,239.40348841319442,-10.11582376846273,239.0474425804519,-10.093836180869227,239.0428589217808,-0.021987587593503832,0.004583658671094781,0.022460274597500048,-0.01224402014092052
34.0,688.0,-10.3402034507972,239.31497773417126,-10.033513469065134,238.954682241184,-10.012749572250023,238.95138834518622,-0.020763896815111593,0.003293895997785512,0.021023538279576745,-0.012336401161315513
34.0,693.0,-10.26048024162652,239.2278600301438,-9.953643046039689,238.86378826811935,-9.933366653821889,238.86089356537354,-0.02027639221780042,0.0028947027458059438,0.020481977086127548,-0.01233600532919521
34.0,698.0,-10.17776035572512,239.13652529518194,-9.871101077073202,238.7688364800769,-9.84964447931238,238.76442201924533,-0.02145659776082276,0.004414460831583256,0.021906004927949026,-0.012232056161185058
34.0,703.0,-10.093836180869227,239.0428589217808,-9.787687191952806,238.67175734769455,-9.76876718495988,238.66991690020038,-0.018920006992924954,0.0018404474941746685,0.019009311181395896,-0.012193989687962703
34.0,708.0,-10.012749572250023,238.95138834518622,-9.709084270015364,238.5757026322414,-9.691674113492965,238.57205369956924,-0.017410156522398523,0.0036489326721493853,0.017788430503568747,-0.009797896635196146
34.0,713.0,-9.933366653821889,238.86089356537354,-9.634565008775256,238.47919403938133,-9.616144472791518,238.47271163664067,-0.018420535983738162,0.006482402740658699,0.019527869602706076,-0.00909763439362632
34.0,718.0,-9.84964447931238,238.76442201924533,-9.557933897908583,238.37510981885293,-9.541352900103616,238.37274302199387,-0.016580997804966913,0.0023667968590643795,0.016749066110693895,-0.011249230962325107
34.0,723.0,-9.76876718495988,238.66991690020038,-9.490622820573464,238.26657594391912,-9.469556762215223,238.2746180880606,-0.02106605835824027,-0.008042144141484187,0.02254894447962461,-0.02128321029457214
34.0,728.0,-9.691674113492965,238.57205369956924,-9.424204337152666,238.1602455373121,-9.399549089213474,238.17679812034274,-0.024655247939191938,-0.016552583030630785,0.029696283537320872,-0.028696032276233074
34.0,733.0,-9.616144472791518,238.47271163664067,-9.351810062882516,238.0589928350507,-9.328623043818522,238.07546400202756,-0.02318701906399312,-0.016471166976856466,0.028441821226030294,-0.027644181559950742
34.0,738.0,-9.541352900103616,238.37274302199387,-9.281907600345574,237.95691460955211,-9.253393833530913,237.96541531663797,-0.02851376681466178,-0.00850070708585804,0.029753939552947677,-0.026806992475285285
34.0,743.0,-9.469556762215223,238.2746180880606,-9.214441748941324,237.85514520300683,-9.182503047878834,237.85916960943197,-0.03193870106249008,-0.004024406425145344,0.03219124838576249,-0.02676554897909833
34.0,748.0,-9.399549089213474,238.17679812034274,-9.148212655523345,237.753335888649,-9.114179531335871,237.75432965933604,-0.03403312418747362,-0.0009937706870459806,0.03404763019856791,-0.026691065995025798
34.0,753.0,-9.328623043818522,238.07546400202756,-9.081286834760174,237.64858897922005,-9.0473977160715,237.64940759519766,-0.03388911868867517,-0.0008186159776073509,0.03389900437496515,-0.026679391123787588
34.0,758.0,-9.253393833530913,237.96541531663797,-9.010573632834964,237.53511970652227,-8.983601855006153,237.54680948372402,-0.026971777828810772,-0.01168977720175235,0.029396048888810505,-0.02780009086445201
34.0,763.0,-9.182503047878834,237.85916960943197,-8.944027248983176,237.42586066845578,-8.915704170532111,237.43521057332782,-0.02832307845106463,-0.009349904872038906,0.02982645627729413,-0.027592751986866282
34.0,768.0,-9.114179531335871,237.75432965933604,-8.872315106993344,237.32327812385702,-8.845460358984727,237.32820758917612,-0.02685474800861698,-0.004929465319094106,0.027303426871703652,-0.023544842859016035
34.0,773.0,-9.0473977160715,237.64940759519766,-8.792682748063905,237.226427604862,-8.771032461768405,237.22970998620767,-0.021650286295500365,-0.003282381345655949,0.02189769220661029,-0.018296097615954857
34.0,778.0,-8.983601855006153,237.54680948372402,-8.70759123081987,237.13809101976352,-8.693498934056182,237.13839467911208,-0.01409229676368895,-0.0003036593485603589,0.01409556799408403,-0.010764908421574293
34.0,783.0,-8.915704170532111,237.43521057332782,-8.603216437322942,237.05877938882193,-8.608220946626888,237.03926067725507,0.005004509303946136,0.019518711566860247,0.020150067359777424,0.014702898665894248
34.0,788.0,-8.845460358984727,237.32820758917612,-8.50829670517055,236.94616985356788,-8.522731826151624,236.941681109624,0.01443512098107469,0.004488743943880991,0.015116928918665689,0.0151098572521402
34.0,793.0,-8.771032461768405,237.22970998620767,-8.38346592795959,236.82959393857018,-8.429746015293267,236.83818731613258,0.0462800873336775,-0.008593377562391424,0.047071144255718164,0.030056422057645582
34.0,798.0,-8.693498934056182,237.13839467911208,-8.251133829372144,236.6921451390989,-8.315106955806835,236.71412276459645,0.063973126434691,-0.021977625497555664,0.06764301093490567,0.03282664988458894
34.0,803.0,-8.608220946626888,237.03926067725507,-8.104824432542552,236.51877274253658,-8.186802392221404,236.57964177006053,0.08197795967885213,-0.060869027523949626,0.10210496748356,0.023063920218909684
34.0,808.0,-8.522731826151624,236.941681109624,-7.9899372783978935,236.40166684049484,-8.025901098077066,236.41715876344242,0.03596381967917228,-0.015491922947575176,0.0391586006201655,0.015818369741797067
34.0,813.0,-8.429746015293267,236.83818731613258,-7.8500822527383365,236.26280456144278,-7.837831101362513,236.23538196485194,-0.012251151375823888,0.027422596590838566,0.030034805040439705,0.007761550539654771
34.0,818.0,-8.315106955806835,236.71412276459645,-7.667613188033737,236.08772124846473,-7.628140263912458,236.04229119512092,-0.03947292412127901,0.04543005334380723,0.060183066434882,0.0015022417575946134
34.0,823.0,-8.186802392221404,236.57964177006053,-7.4588879503773615,235.89512464945892,-7.37937325514614,235.82457387818644,-0.07951469523122157,0.07055077127247955,0.10630144911926542,-0.006780550902996341
34.0,828.0,-8.025901098077066,236.41715876344242,-7.204389786266459,235.65712566656396,-7.123800958338636,235.5911078638997,-0.08058882792782285,0.06601780266424839,0.10417729817669433,-0.006033197859367178
34.0,833.0,-7.837831101362513,236.23538196485194,-6.924426881585551,235.3944958982548,-6.873525228432223,235.33068147194467,-0.05090165315332751,0.06381442631013101,0.0816287896457665,0.014213900540533175
34.0,838.0,-7.628140263912458,236.04229119512092,-6.643540378199979,235.1269864042779,-6.62656901941336,235.03118298349062,-0.01697135878661893,0.0958034207872629,0.0972950278976552,0.05006663051190763
34.0,843.0,-7.37937325514614,235.82457387818644,-6.3382256224519695,234.82230091779178,-6.388968310977854,234.7242623806901,0.050742688525884816,0.09803853710167232,0.11039191635201802,0.07372962406325934
34.0,848.0,-7.123800958338636,235.5911078638997,-6.074891200631863,234.47802326929954,-6.142046999071053,234.38306018680328,0.06715579843918995,0.09496308249626395,0.11630945060998844,0.0693454230338022
34.0,853.0,-6.873525228432223,235.33068147194467,-5.885352840146885,234.08495698848827,-5.902997336123968,234.02587743797503,0.017644495977083174,0.059079550513246204,0.06165810187747037,0.02855908560367204
34.0,858.0,-6.62656901941336,235.03118298349062,-5.666245568684465,233.68353631535282,-5.6750648048170165,233.65639094261115,0.008819236132551644,0.02714537274167128,0.028542077486510588,0.013426488041025973
34.0,863.0,-6.388968310977854,234.7242623806901,-5.438453071530431,233.3023009464942,-5.454475023839557,233.2665073312718,0.016021952309126064,0.03579361522238855,0.03921588767941273,0.019329050664363967
34.0,868.0,-6.142046999071053,234.38306018680328,-5.219159209404683,232.8852687820344,-5.240120662848887,232.85030780610563,0.020961453444203748,0.03496097592875458,0.0407633704247389,0.020689884631332145
34.0,873.0,-5.902997336123968,234.02587743797503,-5.017396743512936,232.4578408433116,-5.049555763547372,232.4414658310969,0.03215902003443549,0.01637501221469506,0.03608799793015174,0.019807038110048362
34.0,878.0,-5.6750648048170165,233.65639094261115,-4.833823191363816,232.02453236483578,-4.864702137230224,231.99977164147077,0.030878945866407825,0.024760723365005788,0.0395803324819144,0.021463792932301384
34.0,883.0,-5.454475023839557,233.2665073312718,-4.66494578977667,231.5756734295356,-4.703153238634603,231.56674765233385,0.038207448857932924,0.00892577720176746,0.03923619052465659,0.02045077101442616
34.0,888.0,-5.240120662848887,232.85030780610563,-4.500508352647243,231.10882550427309,-4.528342051970109,231.1115609335033,0.0278336993228665,-0.002735429230227737,0.027967792030643455,0.007261123649460411
34.0,893.0,-5.049555763547372,232.4414658310969,-4.346321707132569,230.66291913244083,-4.329584236604348,230.68079865367656,-0.016737470528220832,-0.017879521235727225,0.024491226986451328,-0.029847405881967326
34.0,898.0,-4.864702137230224,231.99977164147077,-4.187005438406939,230.19397927317462,-4.092895774048624,230.2636074900633,-0.09410966435831547,-0.06962821688867393,0.11706714958830686,-0.08785216424650377
34.0,903.0,-4.703153238634603,231.56674765233385,-3.9976357851307145,229.7660597668232,-3.8355325544268544,229.8505965592831,-0.16210323070386012,-0.08453679245991452,0.18282211760079675,-0.11584349372050284
34.0,908.0,-4.528342051970109,231.1115609335033,-3.720294069518595,229.34594023959983,-3.5655744992946112,229.45140114554704,-0.15471957022398364,-0.10546090594721136,0.18724355287566183,-0.10328592229838818
34.0,913.0,-4.329584236604348,230.68079865367656,-3.348571978469373,229.01233840352245,-3.278781016024725,229.0632181129041,-0.06979096244464777,-0.05087970938166109,0.08636853168667699,-0.044940565188476
34.0,918.0,-4.092895774048624,230.2636074900633,-3.0038795045375024,228.6478706485872,-2.9895439105754886,228.7032823794832,-0.014335593962013782,-0.05541173089599738,0.05723608280738783,-0.023048244159281524
34.0,923.0,-3.8355325544268544,229.8505965592831,-2.682987061860599,228.2631314664425,-2.63858568093852,228.30269140589513,-0.044401380922078904,-0.03955993945263003,0.05946823889508841,-0.03310951786643168
34.0,928.0,-3.5655744992946112,229.45140114554704,-2.3431813714240226,227.9004716157085,-2.305026963824965,227.9538465555418,-0.03815440759905764,-0.0533749398332759,0.06560977839804712,-0.03454422705548265
34.0,933.0,-3.278781016024725,229.0632181129041,-1.9843384588485014,227.55700781824189,-1.9466578366172271,227.6092250775492,-0.03768062223127422,-0.05221725930732646,0.06439310103811254,-0.03440369637397578
34.0,938.0,-2.9895439105754886,228.7032823794832,-1.6295458073101352,227.24273159209218,-1.556382578714348,227.26540517477616,-0.07316322859578728,-0.022673582683978566,0.07659601406265627,-0.038872400398785034
34.0,943.0,-2.63858568093852,228.30269140589513,-1.207231260407442,226.89970219707027,-1.1737791313600388,226.95617029354642,-0.033452129047403245,-0.05646809647615214,0.06563300128322754,-0.03483023637255722
34.0,948.0,-2.305026963824965,227.9538465555418,-0.8325965426543926,226.6134013524367,-0.7830110486095173,226.63328060537378,-0.04958549404487533,-0.01987925293707349,0.05342196099929796,-0.01963726744861438
34.0,953.0,-1.9466578366172271,227.6092250775492,-0.46461896783245116,226.3440661532264,-0.45273793525682166,226.3236498326003,-0.011881032575629502,0.02041632062611143,0.02362170787583642,0.022726186818053492
34.0,958.0,-1.556382578714348,227.26540517477616,-0.09524896545312724,226.08445560468817,-0.1068440835074492,225.97533241149384,0.011595118054321965,0.1091231931943355,0.10973749612425977,0.06949469419499808
34.0,963.0,-1.1737791313600388,226.95617029354642,0.22058318154616458,225.8374200285962,0.17993362877155422,225.67711836923198,0.040649552774610354,0.16030165936422236,0.1653753552851785,0.08985727961278112
34.0,968.0,-0.7830110486095173,226.63328060537378,0.5096026241245265,225.44222894460077,0.46142940213493333,225.3736332081184,0.048173221989593173,0.06859573648236506,0.08382144344030763,0.044257597179588104
34.0,973.0,-0.45273793525682166,226.3236498326003,0.7038628728380367,225.08327747346135,0.7019216378327662,225.1052294520665,0.0019412350052705474,-0.021951978605159184,0.02203764411245118,-0.010642352070502905
34.0,978.0,-0.1068440835074492,225.97533241149384,0.9773551740879992,224.78576496036757,0.9213991411500094,224.85275417009325,0.055956032937989786,-0.06698920972567635,0.08728477439867763,-0.0062495573927919814
34.0,983.0,0.17993362877155422,225.67711836923198,1.1810819957096648,224.54377492554872,1.1170286155154847,224.6214156296832,0.06405338019418005,-0.07764070413449531,0.1006524438491208,-0.0065419854329418214
34.0,988.0,0.46142940213493333,225.3736332081184,1.3632293299121097,224.3165945252543,1.293310095239242,224.40761874022655,0.06991923467286765,-0.09102421497226487,0.11477851318324622,-0.008803105069109418
34.0,993.0,0.7019216378327662,225.1052294520665,1.510333137287781,224.12913953279076,1.456559571897836,224.20491359415647,0.053773565389945155,-0.0757740613657063,0.0929155784064251,-0.009121403335808687
34.0,998.0,0.9213991411500094,224.85275417009325,1.6485843457688818,223.95031348592383,1.6047495113443662,224.01680773459782,0.043834834424515634,-0.06649424867399034,0.07964281396173271,-0.009426471548787618
34.0,1003.0,1.1170286155154847,224.6214156296832,1.7756359092046226,223.78313314124327,1.7416351000567312,223.84004407351472,0.034000809147891387,-0.05691093227144961,0.06629411161420642,-0.009922591347930498
34.0,1008.0,1.293310095239242,224.40761874022655,1.899219412676286,223.62972169191954,1.8741928446480123,223.68179115862785,0.025026568028273743,-0.05206946670830348,0.057771606092966964,-0.013138427936948527
34.0,1013.0,1.456559571897836,224.20491359415647,2.024875745165237,223.4866276539183,2.0148785994075444,223.53658813696032,0.009997145757692394,-0.04996048304201395,0.05095088604815338,-0.022555369248238977
34.0,1018.0,1.6047495113443662,224.01680773459782,2.150009918344812,223.35706188342454,2.1421703805357897,223.4124652303003,0.007839537809022357,-0.05540334687577797,0.055955242811526314,-0.025361305190278904
34.0,1023.0,1.7416351000567312,223.84004407351472,2.2858719468835034,223.25325868598273,2.2735379802473243,223.2869077028766,0.012333966636179028,-0.03364901689386102,0.035838290568967174,-0.008604992088150909
34.0,1028.0,1.8741928446480123,223.68179115862785,2.4185138015355423,223.15662116747092,2.396911877223304,223.1724296968418,0.021601924312238285,-0.015808529370872293,0.026768502663791327,0.008389841905998008
34.0,1033.0,2.0148785994075444,223.53658813696032,2.556583371624984,223.07192604612598,2.5180304123854036,223.06326461642342,0.03855295923958035,0.008661429702556234,0.039513934638568546,0.03143462982999201
34.0,1038.0,2.1421703805357897,223.4124652303003,2.6652715895761183,222.9739707910631,2.6391476865837284,222.95712646254407,0.02612390299238987,0.01684432851902784,0.031083592308688048,0.02851037276821866
34.0,1043.0,2.2735379802473243,223.2869077028766,2.7810908680737683,222.87534453323875,2.75513856662242,222.85821803593555,0.02595230145134808,0.017126497303195265,0.031094032554462896,0.02878009950011695
34.0,1048.0,2.396911877223304,223.1724296968418,2.8922210877802956,222.78451433635232,2.8674868433471943,222.76487923820414,0.02473424443310135,0.019635098148171437,0.03158037249566146,0.029693243604245634
34.0,1053.0,2.5180304123854036,223.06326461642342,3.0027837678736886,222.69607932250412,2.9817170463039164,222.6723889666124,0.021066721569772184,0.023690355891716308,0.03170236142583833,0.030121683318678705
34.0,1058.0,2.6391476865837284,222.95712646254407,3.1147940300555415,222.6085342646705,3.087624962586353,222.58874449427353,0.027169067469188235,0.01978977039698293,0.03361239711045025,0.03150657282622338
34.0,1063.0,2.75513856662242,222.85821803593555,3.2232512819052475,222.52557223206293,3.2030109244929514,222.49956742703768,0.020240357412296017,0.026004805025252153,0.0329533299163964,0.031461297718043846
34.0,1068.0,2.8674868433471943,222.76487923820414,3.323414244673389,222.4391142857836,3.3017438493270723,222.41780616668368,0.021670395346316873,0.02130811909992758,0.030391478641921495,0.028613674351403717
34.0,1073.0,2.9817170463039164,222.6723889666124,3.4188685307671487,222.34411937171535,3.4035267804360343,222.32118035202274,0.015341750331114401,0.022939019692614693,0.027596520209628123,0.025694183908430365
34.0,1078.0,3.087624962586353,222.58874449427353,3.5004911414889164,222.2479999213449,3.4868744697696386,222.2325005456178,0.013616671719277829,0.015499375727102915,0.02063115112252556,0.01925468294131827
