group,start_index,start_x,start_y,predicted_x,predicted_y,true_x,true_y,error_x,error_y,position_error,yaw_error
1.0,3.0,80.1409453306529,-171.4835698419849,79.8745141983813,-171.63042966266343,80.14551226690631,-171.48105158675799,-0.2709980685250031,-0.14937807590544594,0.30944104883724693,-0.0017682071557230117
1.0,8.0,80.14210867299539,-171.48292835749936,79.87565073671634,-171.6298024352804,80.14660697927378,-171.48044796040108,-0.2709562425574461,-0.14935447487931697,0.3093930260159819,-0.0017685177750568215
1.0,13.0,80.14329948065486,-171.4822717321367,79.87681443468763,-171.62916014830228,80.14774840809734,-171.4798185785285,-0.27093397340971137,-0.14934156977378166,0.3093672936980758,-0.0017688806838700444
1.0,18.0,80.144442882317,-171.48164125083133,79.87793114682856,-171.62854402693827,80.14879629479192,-171.47924077937563,-0.27086514796336303,-0.14930324756264213,0.30928851920814354,-0.001769070019039365
1.0,23.0,80.14551226690631,-171.48105158675799,79.87897637189073,-171.62796713893655,80.14982290454576,-171.47867471577925,-0.2708465326550282,-0.14929242315730562,0.3092669912283419,-0.001769387846296322
1.0,28.0,80.14660697927378,-171.48044796040108,79.88004636872057,-171.6273766443454,80.15084174928208,-171.478112937357,-0.2707953805615091,-0.14926370698839264,0.30920833164287354,-0.001769678135178143
1.0,33.0,80.14774840809734,-171.4798185785285,79.88116141539655,-171.6267613774328,80.15184691262992,-171.4775587062586,-0.270685497233373,-0.1492026711742085,0.30908263538736264,-0.0017699392440033712
1.0,38.0,80.14879629479192,-171.47924077937563,79.88234857628629,-171.6255736343485,80.15285992372233,-171.4770011295435,-0.27051134743604166,-0.14857250480500284,0.30862627606167214,-0.002368865510697038
1.0,43.0,80.14982290454576,-171.47867471577925,79.93031787692075,-171.5969586130904,80.15185046568631,-171.47749983184133,-0.22153258876555526,-0.1194587812490795,0.2516884747116642,-0.0036501828403352476
1.0,48.0,80.15084174928208,-171.478112937357,79.97311242633319,-171.57113491539022,80.14138562037405,-171.48270762883269,-0.16827319404086438,-0.08842728655753263,0.19009274799592538,-0.004489263285154088
1.0,53.0,80.15184691262992,-171.4775587062586,79.99884911528964,-171.55448696861242,80.11636802414682,-171.4952722812435,-0.11751890885717842,-0.05921468736892166,0.13159435071149878,-0.004771514218984585
1.0,58.0,80.15285992372233,-171.4770011295435,79.97148591797578,-171.56717210115272,80.0680761329928,-171.5194414503463,-0.09659021501701659,-0.04773065080641459,0.10773989355590333,-0.0038828705121320972
1.0,63.0,80.15185046568631,-171.47749983184133,79.9439983424481,-171.58181771628108,79.99192466175323,-171.55725319479944,-0.0479263193051338,-0.024564521481636348,0.053854877195658096,-0.0011068481521712137
1.0,68.0,80.14138562037405,-171.48270762883269,79.92256570924873,-171.5918436624119,79.8818012551185,-171.61132763708224,0.04076445413022611,0.01948397467035079,0.04518147838982452,0.0026184384352916368
1.0,73.0,80.11636802414682,-171.4952722812435,79.88007690051418,-171.61198034032805,79.73611204690415,-171.6817754529146,0.1439648536100293,0.06979511258654725,0.15999136481674872,0.006843263749998218
1.0,78.0,80.0680761329928,-171.5194414503463,79.80240207512207,-171.64847535544968,79.55313504561103,-171.76850902481044,0.24926702951104573,0.12003366936076532,0.2766624907382099,0.010582451745942302
1.0,83.0,79.99192466175323,-171.55725319479944,79.67890905437137,-171.705577593236,79.32859054019379,-171.87232079821445,0.3503185141775873,0.1667432049784452,0.38797726451697684,0.013239847253450066
1.0,88.0,79.8818012551185,-171.61132763708224,79.48405276646176,-171.7930558186735,79.06550723338074,-171.99032121229638,0.4185455330810157,0.197265393622871,0.46270292713927996,0.012527389891116679
1.0,93.0,79.73611204690415,-171.6817754529146,79.15230216397724,-171.9338178676177,78.77046672834443,-172.11806494238434,0.38183543563280864,0.18424707476663116,0.4239637773029169,0.002212663426365502
1.0,98.0,79.55313504561103,-171.76850902481044,78.49339336616882,-172.1894974716196,78.45205446383046,-172.25058523001363,0.04133890233835302,0.061087758394023695,0.07376055227658278,-0.02908069953370962
1.0,103.0,79.32859054019379,-171.87232079821445,77.92868408713571,-172.41192246383423,78.1051481092452,-172.40279853220812,-0.1764640221094993,-0.009123931626106696,0.1766997374853164,-0.04410077119142919
1.0,108.0,79.06550723338074,-171.99032121229638,77.54502554121129,-172.5860335598676,77.75893858245341,-172.58026875269437,-0.2139130412421224,-0.005764807173221698,0.21399070590845387,-0.05594577070653228
1.0,113.0,78.77046672834443,-172.11806494238434,77.22715976315769,-172.75942075145286,77.38259831798,-172.78148503942109,-0.15543855482231095,0.022064287968220242,0.15699674241458997,-0.052398421875749175
1.0,118.0,78.45205446383046,-172.25058523001363,77.05845434659628,-172.91571799472615,77.00033423342363,-172.9936534243256,0.05812011317264876,0.07793542959944944,0.09722077320229582,-0.02113376905615061
1.0,123.0,78.1051481092452,-172.40279853220812,76.57600549769775,-173.2794987846792,76.62046545524586,-173.21397622224316,-0.04445995754811349,-0.06552256243602983,0.07918266232808469,0.030236268050813475
1.0,128.0,77.75893858245341,-172.58026875269437,76.20823017718621,-173.53703402493238,76.22092280873899,-173.4562530658621,-0.012692631552781108,-0.08078095907029592,0.0817720382774667,0.041822410962451866
1.0,133.0,77.38259831798,-172.78148503942109,75.81026713355911,-173.781384387472,75.82817253303251,-173.70529598049518,-0.01790539947340619,-0.0760884069768224,0.07816680245841459,0.03772886937794073
1.0,138.0,77.00033423342363,-172.9936534243256,75.42017800194327,-174.03814544293334,75.41715918233865,-173.97793707880476,0.0030188196046196936,-0.060208364128584435,0.060283997734435706,0.035202579863250705
1.0,143.0,76.62046545524586,-173.21397622224316,75.04084624323917,-174.30047774271281,75.01914443401944,-174.25415519442447,0.02170180921973497,-0.04632254828834448,0.05115414942441893,0.033508764545558734
1.0,148.0,76.22092280873899,-173.4562530658621,74.64739570092753,-174.58459056054025,74.62913776472129,-174.53698377333117,0.018257936206239833,-0.04760678720907663,0.050987826222358465,0.032980193785817395
1.0,153.0,75.82817253303251,-173.70529598049518,74.26506905719766,-174.87312623916645,74.21502411817514,-174.85109471301627,0.050044939022527046,-0.022031526150186664,0.054679832354121286,0.030668678391791993
1.0,158.0,75.41715918233865,-173.97793707880476,73.87157257000524,-175.18256632673388,73.82439202969731,-175.16105646698801,0.04718054030793439,-0.02150985974586206,0.05185245847628904,0.02968641578181641
1.0,163.0,75.01914443401944,-174.25415519442447,73.57824243626033,-175.39874477463056,73.41849225525193,-175.47421198969892,0.15975018100839122,0.07546721506835752,0.17667886371150196,0.024441869183326137
1.0,168.0,74.62913776472129,-174.53698377333117,73.34802904635666,-175.54151495404307,72.99258992804252,-175.7512768604493,0.35543911831413766,0.20976190640624282,0.41271906208353515,0.03675387754833581
1.0,173.0,74.21502411817514,-174.85109471301627,73.04728471266502,-175.71789251277818,72.53197271439086,-176.00851080818413,0.5153119982741572,0.29061829540594886,0.5916125836981193,0.05164059216562222
1.0,178.0,73.82439202969731,-175.16105646698801,72.55900615676461,-175.98486741629569,72.08060323698187,-176.23669000010455,0.47840291978273797,0.2518225838088597,0.5406329321941266,0.04247387398912217
1.0,183.0,73.41849225525193,-175.47421198969892,71.79616866363311,-176.40904853174064,71.59453207126539,-176.45627744835107,0.2016365923677199,0.047228916610436045,0.20709390610508452,0.0325776659396988
1.0,188.0,72.99258992804252,-175.7512768604493,71.31688975964722,-176.60462284800852,71.13637980329062,-176.63929917619978,0.18050995635660172,0.0346763281912672,0.18381047870208794,0.02732590411474112
1.0,193.0,72.53197271439086,-176.00851080818413,70.81500187242096,-176.78011600912515,70.62732580364934,-176.81677871092623,0.1876760687716228,0.036662701801077446,0.19122358770017261,0.024874248044750136
1.0,198.0,72.08060323698187,-176.23669000010455,70.33028101465129,-176.93398554743817,70.10206609058743,-176.97291548676134,0.22821492406386312,0.03892993932316813,0.23151153695049487,0.02875273737041617
1.0,203.0,71.59453207126539,-176.45627744835107,69.80845260446401,-177.07854719095994,69.62600142299921,-177.09153532285706,0.1824511814647991,0.012988131897117228,0.1829128896171015,0.029107918868912726
1.0,208.0,71.13637980329062,-176.63929917619978,69.35146118832516,-177.18434291257992,69.08819221444557,-177.20030098268964,0.26326897387959036,0.015958070109718392,0.2637521802928634,0.038769087210746456
1.0,213.0,70.62732580364934,-176.81677871092623,68.86527228455971,-177.2741117651556,68.58916260901442,-177.27811558744997,0.2761096755452854,0.004003822294379233,0.27613870341313573,0.040192561975366914
1.0,218.0,70.10206609058743,-176.97291548676134,68.4020019505587,-177.3295642933996,68.10984453661013,-177.33231243822303,0.29215741394857275,0.0027481448234141226,0.2921703387154284,0.03564437685587141
1.0,223.0,69.62600142299921,-177.09153532285706,67.96050313567325,-177.37503690303438,67.6755089978106,-177.37903534383307,0.28499413786265393,0.003998440798682168,0.28502218535562795,0.02912789125890836
1.0,228.0,69.08819221444557,-177.20030098268964,67.45160054255943,-177.4340024920693,67.25161273488095,-177.45123126565235,0.19998780767848245,0.01722877358304231,0.20072855765740316,0.0004499657286176628
1.0,233.0,68.58916260901442,-177.27811558744997,67.01963378407913,-177.48495755412688,66.89315888043551,-177.5424181396505,0.12647490364362568,0.05746058552361433,0.13891587432824587,-0.038746191697903054
1.0,238.0,68.10984453661013,-177.33231243822303,66.74753461913267,-177.5315589851519,66.5861220404615,-177.631621804462,0.1614125786711611,0.10006281931009653,0.189912054281867,-0.058248109790706604
1.0,243.0,67.6755089978106,-177.37903534383307,66.30120404612298,-177.6161647043171,66.26733897305849,-177.73274261667456,0.03386507306449005,0.11657791235745663,0.12139708737562893,-0.06909148252897301
1.0,248.0,67.25161273488095,-177.45123126565235,65.99760372484236,-177.79390940954417,65.98884053902609,-177.82945592974804,0.008763185816277996,0.03554652020386584,0.03661077060448821,-0.017755581032405043
1.0,253.0,66.89315888043551,-177.5424181396505,65.6967431382782,-177.92996306446514,65.7426019045282,-177.92170810176094,-0.04585876625000651,-0.008254962704199897,0.04659582439683267,2.914546893295622e-05
1.0,258.0,66.5861220404615,-177.631621804462,65.44269346897904,-178.03624763241228,65.5087566787223,-178.01528998630133,-0.06606320974326252,-0.02095764611095774,0.06930779618552618,0.0036563719755404733
1.0,263.0,66.26733897305849,-177.73274261667456,65.18316507418734,-178.1518559181829,65.29420937480091,-178.10640393075755,-0.11104430061357107,-0.04545198742533785,0.11998633197022988,0.009696093299839337
1.0,268.0,65.98884053902609,-177.82945592974804,64.95996508222757,-178.25776987841041,65.09938399675356,-178.19360164991596,-0.1394189145259901,-0.06416822849445225,0.1534770187217668,0.014211950709810848
1.0,273.0,65.7426019045282,-177.92170810176094,64.76601356799495,-178.3542741992249,64.91416248456474,-178.28054267979536,-0.14814891656979512,-0.07373151942954337,0.16548244148003513,0.01651592397487578
1.0,278.0,65.5087566787223,-178.01528998630133,64.58422675242566,-178.44853189470624,64.73838540840147,-178.3667837363181,-0.1541586559758059,-0.08174815838813743,0.17449255746913359,0.01831852118980892
1.0,283.0,65.29420937480091,-178.10640393075755,64.43459545992657,-178.51921679964664,64.57662551521001,-178.44472599113536,-0.14203005528344192,-0.07449080851128542,0.16037897978376892,0.013664067739347807
1.0,288.0,65.09938399675356,-178.19360164991596,64.31601553147631,-178.5624377661622,64.41026890601219,-178.51226667657988,-0.09425337453588156,-0.05017108958230665,0.10677470131673049,0.009706054254536411
1.0,293.0,64.91416248456474,-178.28054267979536,64.20980554042194,-178.5938358339024,64.25866785102802,-178.5617102921972,-0.048862310606082815,-0.03212554170519866,0.05847713935905014,0.011953838476605139
1.0,298.0,64.73838540840147,-178.3667837363181,64.11288506211437,-178.61600550271513,64.10050493281602,-178.60970686499337,0.012380129298350084,-0.00629863772175554,0.013890300162119895,0.012412460014409543
1.0,303.0,64.57662551521001,-178.44472599113536,63.97059293276425,-178.67179463881078,63.95086098310393,-178.6538097781216,0.01973194966031855,-0.01798486068918237,0.02669840915497855,0.02089678283211871
1.0,308.0,64.41026890601219,-178.51226667657988,63.83133214243475,-178.68946637453786,63.801490555262674,-178.69567012293118,0.029841587172079187,0.006203748393318165,0.030479613171370778,0.003162904352263407
1.0,313.0,64.25866785102802,-178.5617102921972,63.679788448150894,-178.70932373732367,63.66118435700415,-178.7330089345745,0.018604091146741553,0.02368519725084184,0.03011811375580405,-0.01436205932136936
1.0,318.0,64.10050493281602,-178.60970686499337,63.5381464923986,-178.75136682416957,63.52701357914566,-178.7669664183044,0.01113291325294341,0.0155995941348408,0.01916478788479858,-0.010045084245454916
1.0,323.0,63.95086098310393,-178.6538097781216,63.397615688428004,-178.78728017223418,63.38712656605379,-178.800570460854,0.010489122374217175,0.013290288619828061,0.016930843445606438,-0.008458514170301521
1.0,328.0,63.801490555262674,-178.69567012293118,63.25537878645771,-178.8205191607837,63.25292893179692,-178.8310901884855,0.0024498546607887306,0.010571027701786306,0.010851194152300556,-0.00849760577639369
1.0,333.0,63.66118435700415,-178.7330089345745,63.12059531176154,-178.85032451212265,63.131671629118074,-178.85723441596343,-0.011076317356533139,0.006909903840778497,0.013054944552599321,-0.009014862919904942
1.0,338.0,63.52701357914566,-178.7669664183044,62.990782959272494,-178.8773706412794,62.98860935128532,-178.88634161780803,0.002173607987174364,0.008970976528615893,0.009230546655474174,-0.007267320449280579
1.0,343.0,63.38712656605379,-178.800570460854,62.844659284714986,-178.9074436797736,62.861431481814535,-178.91360454344718,-0.01677219709954869,0.006160863673585482,0.017867927600889108,-0.01016108143446326
1.0,348.0,63.25292893179692,-178.8310901884855,62.75786257458202,-178.92255996473367,62.73705704178123,-178.94689466536988,0.020805532800793003,0.02433470063621712,0.03201636847269189,-0.01891207651588367
1.0,353.0,63.131671629118074,-178.85723441596343,62.75608440990316,-178.91938361716828,62.60852669608176,-178.98182041659277,0.14755771382139926,0.06243679942448921,0.16022369622053992,-0.023974135101693772
1.0,358.0,62.98860935128532,-178.88634161780803,62.83224145875646,-178.89751866695337,62.485742973738446,-179.0147490455791,0.34649848501801017,0.11723037862572028,0.36579251194154583,-0.026639976123193687
1.0,363.0,62.861431481814535,-178.91360454344718,62.78315786601467,-178.9281345572469,62.36438972125748,-179.04729547133334,0.4187681447571876,0.11916091408645002,0.43539187235098353,-0.0075085833429482385
1.0,368.0,62.73705704178123,-178.94689466536988,62.58858789704813,-178.99308194983394,62.244421831817874,-179.07947044479505,0.3441660652302545,0.08638849496111334,0.3548425742744549,0.005827471042153753
1.0,373.0,62.60852669608176,-178.98182041659277,62.487155805626784,-179.01718241699635,62.12997173017409,-179.1101654547441,0.35718407545269315,0.09298303774775718,0.36908848406011807,0.0027603467134422743
1.0,378.0,62.485742973738446,-179.0147490455791,62.36757021119372,-179.04919408588077,62.01070285525118,-179.14215284600354,0.3568673559425406,0.09295876012276949,0.36877586800248,0.0027109920424801537
1.0,383.0,62.36438972125748,-179.04729547133334,62.248688110485375,-179.0810666867727,61.88683824291721,-179.1753727268217,0.36184986756816784,0.09430604004901966,0.3739371014606974,0.0027100214078465967
1.0,388.0,62.244421831817874,-179.07947044479505,62.1309028781133,-179.11263135226417,61.76913617439124,-179.20693976093145,0.3617667037220542,0.09430840866727408,0.3738572239067665,0.0026936793352678734
1.0,393.0,62.12997173017409,-179.1101654547441,62.01835438369087,-179.14277607220993,61.65046362950821,-179.23876704375004,0.3678907541826604,0.09599097154011815,0.3802076717141599,0.002660164747300353
1.0,398.0,62.01070285525118,-179.14215284600354,61.90054568183855,-179.17437785614635,61.53654427140571,-179.2693195082083,0.3640014104328415,0.09494165206194793,0.3761794041323235,0.0026727760231222138
1.0,403.0,61.88683824291721,-179.1753727268217,61.74568772201941,-179.21654124932053,61.41642489369826,-179.30360281020657,0.3292628283211485,0.08706156088604189,0.3405785159077949,0.0009035896837255032
1.0,408.0,61.76913617439124,-179.20693976093145,61.5417527408989,-179.27513599593613,61.3029587677494,-179.34398967784256,0.23879397314949813,0.06885368190643248,0.24852241573869235,-0.00525183559342457
1.0,413.0,61.65046362950821,-179.23876704375004,61.29639499645077,-179.34930780903312,61.190632807167155,-179.38625121440586,0.10576218928361669,0.03694340537273888,0.11202881719717511,-0.008290129981046057
1.0,418.0,61.53654427140571,-179.2693195082083,61.01268654747046,-179.44157922966355,61.080951492672376,-179.42819703772153,-0.06826494520191773,-0.013382191942014288,0.0695642566595356,-0.004590853760674918
1.0,423.0,61.41642489369826,-179.30360281020657,60.87959223072347,-179.50334812384529,60.96616697563223,-179.47345487297332,-0.08657474490875927,-0.029893250871964483,0.09159035376998466,0.004768266931453269
1.0,428.0,61.3029587677494,-179.34398967784256,60.72543451056403,-179.57860868851014,60.8601650783294,-179.5165297213602,-0.13473056776537362,-0.062078967149943765,0.14834461248317624,0.01750727484445891
1.0,433.0,61.190632807167155,-179.38625121440586,60.62792752768897,-179.6194139016178,60.74714378067526,-179.56380672650943,-0.11921625298629124,-0.05560717510837776,0.13154722687926637,0.015034508623940734
1.0,438.0,61.080951492672376,-179.42819703772153,60.52306937459151,-179.66551727490108,60.637648203225076,-179.61095208892485,-0.11457882863356872,-0.05456518597623017,0.1269081064852096,0.014328178480143006
1.0,443.0,60.96616697563223,-179.47345487297332,60.41103771746875,-179.71667796754264,60.526401513318206,-179.6602263463156,-0.11536379584945422,-0.056451621227040505,0.12843516236590274,0.014502503506856002
1.0,448.0,60.8601650783294,-179.5165297213602,60.30794179655284,-179.7649785775174,60.41654890754404,-179.71025814774254,-0.10860711099120124,-0.0547204297748749,0.12161344494998126,0.01391350315620299
1.0,453.0,60.74714378067526,-179.56380672650943,60.198034275834736,-179.81782680959628,60.313969385834014,-179.75823298825225,-0.11593510999927759,-0.05959382134403768,0.13035479765980873,0.014656342656448551
1.0,458.0,60.637648203225076,-179.61095208892485,60.091511946867584,-179.8704183016633,60.202718978381384,-179.81164901793733,-0.11120703151379985,-0.05876928372597945,0.12578089110741722,0.014256266564067309
1.0,463.0,60.526401513318206,-179.6602263463156,59.99469394049539,-179.9173555632557,60.09571680647374,-179.86295903366636,-0.10102286597835075,-0.05439652958935426,0.11473709897781671,0.012979054440577453
1.0,468.0,60.41654890754404,-179.71025814774254,59.90293788274867,-179.9567637892634,59.984702569738324,-179.90867127878474,-0.08176468698965778,-0.048092510478653594,0.09485965213227443,0.013821810436813742
1.0,473.0,60.313969385834014,-179.75823298825225,59.83295698797981,-179.9833744005218,59.87528363104645,-179.94716202282797,-0.04232664306663736,-0.03621237769382901,0.05570350986725204,0.017766131825065035
1.0,478.0,60.202718978381384,-179.81164901793733,59.775488253470066,-180.00419093363405,59.76079312192792,-179.98739791131922,0.014695131542147521,-0.01679302231482893,0.022314849080990025,0.020693916266539603
1.0,483.0,60.09571680647374,-179.86295903366636,59.70859322736281,-180.02696709366725,59.64896866623986,-180.02645705951343,0.059624561122952,-0.0005100341538195607,0.059626742523323395,0.02121223721132104
1.0,488.0,59.984702569738324,-179.90867127878474,59.73162818103574,-179.9910516700779,59.53250288045302,-180.0664191739572,0.19912530058271471,0.07536750387930624,0.21291112223919567,0.00294621474381751
1.0,493.0,59.87528363104645,-179.94716202282797,59.64049893409412,-180.01585103977598,59.41937948167008,-180.10456524274028,0.22111945242404119,0.08871420296429733,0.23825201373314425,-0.0025357344839203044
1.0,498.0,59.76079312192792,-179.98739791131922,59.512563550063994,-180.06291270270026,59.304971654388545,-180.1424928151471,0.20759189567544922,0.07958011244684826,0.22232271464512934,-3.6786317137327273e-05
1.0,503.0,59.64896866623986,-180.02645705951343,59.40000774581697,-180.1008472023306,59.19036886311965,-180.17982842924144,0.20963888269731967,0.07898122691082676,0.22402342587979515,9.993851465850412e-05
1.0,508.0,59.53250288045302,-180.0664191739572,59.28340906072831,-180.1392462307797,59.073029267077395,-180.21737898650858,0.2103797936509153,0.07813275572888756,0.22442010848939478,-3.324007340044233e-05
1.0,513.0,59.41937948167008,-180.10456524274028,59.16968324443438,-180.1761743569542,58.962464482150594,-180.25213657650414,0.20721876228378733,0.0759622195499503,0.22070313600259428,-0.0002121587238410605
1.0,518.0,59.304971654388545,-180.1424928151471,59.054700533960826,-180.21286014463263,58.84283626993044,-180.28906770998032,0.21186426403038894,0.07620756534768702,0.22515341300846484,-3.790048467511298e-05
1.0,523.0,59.19036886311965,-180.17982842924144,58.926666931900186,-180.25247465281495,58.72965722111631,-180.32214588568425,0.19700971078387397,0.06967123286929677,0.208966281568758,0.00036293355499372737
1.0,528.0,59.073029267077395,-180.21737898650858,58.753850468578314,-180.30423444400694,58.60760063760242,-180.35244106607607,0.14624983097589705,0.048206622069130844,0.15398990704521667,0.0033494084290661696
1.0,533.0,58.962464482150594,-180.25213657650414,58.570462586274964,-180.35669636776393,58.491953493457665,-180.38007680345723,0.07850909281729912,0.02338043569329784,0.08191655771700691,0.0040550590224213146
1.0,538.0,58.84283626993044,-180.28906770998032,58.37586261888645,-180.40922759041078,58.37137501177842,-180.4077725214554,0.004487607108032421,-0.0014550689553800567,0.0047176099055532255,0.003119283499916303
1.0,543.0,58.72965722111631,-180.32214588568425,58.22568438724027,-180.43785704562214,58.25238507806219,-180.43376198523774,-0.026700690821918727,-0.004095060384400995,0.027012893401477472,-0.003866148902080368
1.0,548.0,58.60760063760242,-180.35244106607607,58.10444107041212,-180.45844681847402,58.13291678134836,-180.45853783775362,-0.028475710936234577,9.101927960841749e-05,0.028475856402104045,-0.00746696039782213
1.0,553.0,58.491953493457665,-180.38007680345723,57.9863009254278,-180.48263434419673,58.02600637588846,-180.47960326962433,-0.03970545046065865,-0.003031074572390935,0.03982097700141489,-0.007374046081195295
1.0,558.0,58.37137501177842,-180.4077725214554,57.8643621601489,-180.504992690697,57.89326607822177,-180.50431226637735,-0.028903918072870738,-0.0006804243196540938,0.02891192586490911,-0.006407781937160628
1.0,563.0,58.25238507806219,-180.43376198523774,57.744176772657916,-180.5256022801339,57.77265517104258,-180.5253821924535,-0.028478398384663706,-0.0002200876804181462,0.028479248816334467,-0.006443490882911629
1.0,568.0,58.13291678134836,-180.45853783775362,57.62354497893087,-180.54503864983528,57.656724375838955,-180.54440003214796,-0.033179396908082026,-0.0006386176873149907,0.03318554220944107,-0.00688008812655072
1.0,573.0,58.02600637588846,-180.47960326962433,57.5156612560873,-180.5613233833487,57.53393497536835,-180.5632362239075,-0.018273719281054923,0.0019128405587878206,0.018373561858446016,-0.0056023647917213815
1.0,578.0,57.89326607822177,-180.50431226637735,57.38179972680669,-180.58009116093726,57.40843681079416,-180.58110161679872,-0.02663708398746678,0.0010104558614614234,0.026656242503461006,-0.006356522765460948
1.0,583.0,57.77265517104258,-180.5253821924535,57.23837461396216,-180.6013375326767,57.288021088670064,-180.59826155320704,-0.04964647470790595,-0.0030759794696564313,0.04974167368133578,-0.0071194645188361605
1.0,588.0,57.656724375838955,-180.54440003214796,57.1046716122263,-180.6247513304188,57.16615887743239,-180.62255694041534,-0.0614872652060896,-0.002194390003467106,0.06152641002050513,-0.010302834228925306
1.0,593.0,57.53393497536835,-180.5632362239075,57.019720627548466,-180.64136622289345,57.055707021102535,-180.65058384553652,-0.03598639355406874,0.009217622643063805,0.03714815053563559,-0.016713739650625836
1.0,598.0,57.40843681079416,-180.58110161679872,56.988335482636195,-180.65000889053354,56.93000319311973,-180.68277488137102,0.058332289516464186,0.032765990837475556,0.06690490382471326,-0.020561615932194414
1.0,603.0,57.288021088670064,-180.59826155320704,57.15840117722395,-180.62363285602245,56.815064007820546,-180.71245854297868,0.3433371694034051,0.08882568695622695,0.35464124768163685,-0.017220933628243174
1.0,608.0,57.16615887743239,-180.62255694041534,56.94263920913156,-180.69288494326946,56.69962436278056,-180.7429359817201,0.24301484635100223,0.050051038450646956,0.2481155416272616,0.002337080706197092
1.0,613.0,57.055707021102535,-180.65058384553652,56.79029281687895,-180.73907605518934,56.57709792383325,-180.77599408081824,0.21319489304570283,0.03691802562889279,0.21636774953098775,0.009654288471921735
1.0,618.0,56.93000319311973,-180.68277488137102,56.6918454113982,-180.76234114960099,56.46218489942316,-180.8076491422441,0.229660511975041,0.045307992643103034,0.2340870884051178,0.006479974392875842
1.0,623.0,56.815064007820546,-180.71245854297868,56.57847696011216,-180.7928237609425,56.347670191769815,-180.83982652843108,0.23080676834234737,0.047002767488578456,0.23554410301305226,0.006291782648277344
1.0,628.0,56.69962436278056,-180.7429359817201,56.46327005217826,-180.82465222637293,56.22639801387428,-180.8745925432048,0.23687203830397863,0.04994031683187927,0.24207932124729284,0.006077983465815784
1.0,633.0,56.57709792383325,-180.77599408081824,56.341779898282674,-180.85880968800322,56.11374965597029,-180.9075263736948,0.22803024231238567,0.0487166856915735,0.23317612843903404,0.006446401458878093
1.0,638.0,56.46218489942316,-180.8076491422441,56.22774964173804,-180.8915189677696,55.995642101292866,-180.94272069222058,0.23210754044517756,0.05120172445097637,0.23768787709570602,0.00623683489253013
1.0,643.0,56.347670191769815,-180.83982652843108,56.11400698972172,-180.92478216782752,55.88106424376876,-180.97751615493567,0.23294274595296116,0.052733987108155134,0.23883717526471646,0.006177703952039871
1.0,648.0,56.22639801387428,-180.8745925432048,55.99348144056462,-180.96071973888678,55.764032436193546,-181.0137241070111,0.22944900437107663,0.053004368124305756,0.23549163179853175,0.006313935783519131
1.0,653.0,56.11374965597029,-180.9075263736948,55.88147129847564,-180.99475956956738,55.65202971618548,-181.0490104068606,0.229441582290157,0.05425083729321045,0.23576809162994317,0.006296098099726866
1.0,658.0,55.995642101292866,-180.94272069222058,55.7639836771748,-181.0311302765967,55.5349551326379,-181.08656138588208,0.22902854453690225,0.05543110928536521,0.23564100256385329,0.0062968909273766185
1.0,663.0,55.88106424376876,-180.97751615493567,55.64996702315081,-181.06708152453126,55.417935443843156,-181.12477884045873,0.23203157930765173,0.05769731592747007,0.2390975408933295,0.00614450900213015
1.0,668.0,55.764032436193546,-181.0137241070111,55.53347515057735,-181.10448290739185,55.30297272988129,-181.16299444575768,0.23050242069606242,0.05851153836582057,0.23781288036748438,0.006197667357421555
1.0,673.0,55.65202971618548,-181.0490104068606,55.421963195104574,-181.1409221994595,55.19485798812995,-181.19954184259055,0.22710520697462755,0.0586196431310384,0.23454858259174946,0.0063372307372309145
1.0,678.0,55.5349551326379,-181.08656138588208,55.30537979082704,-181.1796883323565,55.07366479909514,-181.24121610567911,0.23171499173189858,0.06152777332260939,0.23974466476514597,0.006112511876996684
1.0,683.0,55.417935443843156,-181.12477884045873,55.18883407307817,-181.2191290697896,54.96334191346601,-181.27980390326422,0.22549215961215907,0.06067483347462144,0.23351263234293873,0.006381521094831921
1.0,688.0,55.30297272988129,-181.16299444575768,55.0743243272748,-181.25855388102724,54.845087604821785,-181.3218591808299,0.22923672245301674,0.0633052998026642,0.23781723214289294,0.006196467024524032
1.0,693.0,55.19485798812995,-181.19954184259055,54.96662794230659,-181.2962439897542,54.736539390138354,-181.3610978458572,0.2300885521682332,0.06485385610298522,0.2390538945307114,0.006144127508219465
1.0,698.0,55.07366479909514,-181.24121610567911,54.845897161438764,-181.33920501528405,54.61997838588125,-181.40391438851339,0.22591877555751694,0.06470937322933423,0.2350033960034216,0.0063204487704831
1.0,703.0,54.96334191346601,-181.27980390326422,54.73098130453677,-181.3794746648678,54.503143557019236,-181.44617748971578,0.22783774751753327,0.06670282484799372,0.2374011500321036,0.006637031608928812
1.0,708.0,54.845087604821785,-181.3218591808299,54.57720890930907,-181.43104059143042,54.38879129390994,-181.48051221386075,0.18841761539913193,0.04947162243033176,0.1948041047272477,0.012017358530776345
1.0,713.0,54.736539390138354,-181.3610978458572,54.42384243280714,-181.48054631811868,54.27107880117212,-181.51329456252256,0.15276363163501827,0.03274824440387647,0.15623435813500045,0.016946897079044287
1.0,718.0,54.61997838588125,-181.40391438851339,54.26951562713639,-181.52847093182154,54.15421341491239,-181.54580055602045,0.11530221222400172,0.017329624198907823,0.11659723846911686,0.019140441384066786
1.0,723.0,54.503143557019236,-181.44617748971578,54.171710401307124,-181.55001126513983,54.04170964462746,-181.57651448761027,0.1300007566796637,0.02650322247043846,0.13267485646723978,0.014052848206858037
1.0,728.0,54.38879129390994,-181.48051221386075,54.161311478413,-181.52700722423512,53.92058818817027,-181.60888092045448,0.24072329024272676,0.08187369621936114,0.2542656181985765,-0.00544443826900487
1.0,733.0,54.27107880117212,-181.51329456252256,54.02301107003496,-181.56984920706572,53.8062779225286,-181.63878735923197,0.21673314750636052,0.06893815216625399,0.2274329045061673,-0.0014177822975218748
1.0,738.0,54.15421341491239,-181.54580055602045,53.90259848280766,-181.60279245374713,53.68814137299869,-181.6690465991502,0.21445710980896848,0.06625414540306451,0.22445815585695786,-0.0006990301223170903
1.0,743.0,54.04170964462746,-181.57651448761027,53.79040522212976,-181.63191857569907,53.568720432694285,-181.6989658610443,0.22168478943547854,0.0670472853452111,0.23160199554238434,-0.0005447927161603694
1.0,748.0,53.92058818817027,-181.60888092045448,53.66902477057263,-181.66288952030573,53.450803101040634,-181.7278545051094,0.2182216695319994,0.06496498480368018,0.2276865088314974,-0.0007472424949668266
1.0,753.0,53.8062779225286,-181.63878735923197,53.55434862484137,-181.6915410995962,53.33512228974292,-181.75556207701388,0.21922633509844758,0.06402097741766966,0.22838316827255592,-0.0007205957794944595
1.0,758.0,53.68814137299869,-181.6690465991502,53.435854920974585,-181.72049187280498,53.22216781906925,-181.78201617329282,0.2136871019053359,0.061524300487832306,0.2223677518688771,-0.000989135582726508
1.0,763.0,53.568720432694285,-181.6989658610443,53.309699100118934,-181.7502839524307,53.100934724166095,-181.80857105275393,0.20876437595283903,0.05828710032324125,0.21674858876373312,-3.869697373337644e-05
1.0,768.0,53.450803101040634,-181.7278545051094,53.14161535770232,-181.7883183442547,52.977590819012796,-181.83010974313316,0.1640245386895245,0.041791398878473274,0.16926479348207935,0.003514434758971063
1.0,773.0,53.33512228974292,-181.75556207701388,52.9535808922248,-181.82863403864292,52.85937885070411,-181.84977767061193,0.09420204152068834,0.021143631969010812,0.09654572905885825,0.004546279591370439
1.0,778.0,53.22216781906925,-181.78201617329282,52.763392842978774,-181.8665111191149,52.73520218350971,-181.86933136229686,0.028190659469061075,0.0028202431819579488,0.02833137929762586,0.004515536154444888
1.0,783.0,53.100934724166095,-181.80857105275393,52.59042892565934,-181.88812372643025,52.61401945574232,-181.88706159274398,-0.023590530082984174,-0.0010621336862755015,0.023614428588549473,-0.0041622009880479816
1.0,788.0,52.977590819012796,-181.83010974313316,52.46833731141909,-181.89993345681137,52.49242107049005,-181.90353506437896,-0.02408375907096172,0.0036016075675888715,0.02435157136734803,-0.007896867509941341
1.0,793.0,52.85937885070411,-181.84977767061193,52.3476196081386,-181.9162133850387,52.371337985523915,-181.91864268294066,-0.023718377385314682,0.0024292979019548966,0.02384246031953602,-0.00659757201965272
1.0,798.0,52.73520218350971,-181.86933136229686,52.22236881052971,-181.93023837654144,52.248098056677854,-181.93269519414486,-0.025729246148145535,0.002456817603416539,0.025846277489965923,-0.006777143780312579
1.0,803.0,52.61401945574232,-181.88706159274398,52.10028382017712,-181.94247219579074,52.12560836578058,-181.94534012671863,-0.025324545603460535,0.0028679309278913934,0.025486420655496295,-0.00683803881327405
1.0,808.0,52.49242107049005,-181.90353506437896,51.97780812642454,-181.95349857873916,52.00386278611326,-181.95661321123205,-0.026054659688718118,0.0031146324928954527,0.026240164387074882,-0.006942839370430054
1.0,813.0,52.371337985523915,-181.91864268294066,51.85593388962617,-181.96317774217366,51.89130685154652,-181.96588206128908,-0.03537296192034489,0.002704319115423459,0.035476186053410734,-0.007786627688281644
1.0,818.0,52.248098056677854,-181.93269519414486,51.731971208294155,-181.97169966837637,51.755697483405434,-181.97559334616307,-0.02372627511127945,0.003893677786692251,0.024043644843548564,-0.006819782504214
1.0,823.0,52.12560836578058,-181.94534012671863,51.556123523523155,-181.98934114956302,51.632002326399245,-181.98443102967713,-0.07587880287609039,-0.0049101198858920725,0.07603750392538157,-0.004607016065496072
1.0,828.0,52.00386278611326,-181.95661321123205,51.355378895602016,-182.0183571718561,51.51058984753859,-181.99954232008665,-0.1552109519365743,-0.018814851769462848,0.15634717217834304,-0.0007291293120186283
1.0,833.0,51.89130685154652,-181.96588206128908,51.17517019188947,-182.0524640385216,51.39334375036459,-182.02299868425163,-0.21817355847512232,-0.02946535426997343,0.22015428390097852,0.0001970470924188561
1.0,838.0,51.755697483405434,-181.97559334616307,50.98430563983058,-182.09121948332103,51.27107517434455,-182.05142826784927,-0.28676953451397225,-0.039791215471751684,0.2895170232543843,0.00020179866903857757
1.0,843.0,51.632002326399245,-181.98443102967713,51.113916460868396,-182.07371566928364,51.14957957139801,-182.0801592487013,-0.035663110529611686,0.006443579417663159,0.036240545916956496,-0.00868065883377156
1.0,848.0,51.51058984753859,-181.99954232008665,51.02611491119534,-182.10556227918124,51.01885880236029,-182.11258817496062,0.007256108835051123,0.007025895779378288,0.01010021420212426,-0.0020266041244991766
1.0,853.0,51.39334375036459,-182.02299868425163,50.86799530758791,-182.1648681908076,50.87801733787923,-182.14945247798917,-0.010022030291317208,-0.015415712818423799,0.01838709582452312,0.014842415883221438
1.0,858.0,51.27107517434455,-182.05142826784927,50.747747508201996,-182.20343345677574,50.698310554719015,-182.1993508764869,0.049436953482981494,-0.004082580288837789,0.04960523996004135,0.013915915773026644
1.0,863.0,51.14957957139801,-182.0801592487013,50.44947191497989,-182.28627466405595,50.50614201396565,-182.2562966654861,-0.05667009898576225,-0.02997799856984784,0.06411068957131791,0.018454403260025565
1.0,868.0,51.01885880236029,-182.11258817496062,50.25990724411635,-182.34667512060332,50.26575441854892,-182.33282900318827,-0.00584717443257432,-0.01384611741505637,0.015030116976140874,0.012915745965040859
1.0,873.0,50.87801733787923,-182.14945247798917,50.023636636344136,-182.42638348909878,49.99857521291211,-182.4249329810783,0.025061423432028107,-0.0014505080204685328,0.025103364674020315,0.008289550816153568
1.0,878.0,50.698310554719015,-182.1993508764869,49.69587844560087,-182.54488815353167,49.701571786642404,-182.53613981813535,-0.005693341041535405,-0.008748335396319362,0.01043779212389889,0.007693839960093651
1.0,883.0,50.50614201396565,-182.2562966654861,49.381431737327986,-182.66394936610436,49.38778436272457,-182.66182254353623,-0.006352625396580436,-0.0021268225681296826,0.0066991957476688554,0.0023802626538391713
1.0,888.0,50.26575441854892,-182.33282900318827,49.14868773544984,-182.74156082358041,49.03462535863528,-182.79070292699126,0.11406237681455877,0.04914210341084413,0.12419811646006751,-0.006508602230611338
1.0,893.0,49.99857521291211,-182.4249329810783,48.99834240649317,-182.77873308564,48.67009669720323,-182.89474427814753,0.3282457092899449,0.11601119250752845,0.3481434222476103,-0.0002637264682743279
1.0,898.0,49.701571786642404,-182.53613981813535,48.85481141645977,-182.8074144972099,48.26148492216023,-182.9815337251074,0.5933264942995393,0.17411922789750633,0.618347664636493,0.020997580745725664
1.0,903.0,49.38778436272457,-182.66182254353623,48.53516512009811,-182.8986654718713,47.854507276894374,-183.05480304921846,0.6806578432037327,0.1561375773471525,0.6983366255428647,0.04184173263358604
1.0,908.0,49.03462535863528,-182.79070292699126,47.47031260225899,-183.13411677250573,47.402634122543276,-183.1194709704645,0.06767847971571683,-0.014645802041229672,0.06924504411191881,0.01465345269682894
1.0,913.0,48.67009669720323,-182.89474427814753,46.890943902335174,-183.195607862143,46.972389870809316,-183.16428954913073,-0.0814459684741422,-0.03131831301226384,0.0872598562377059,0.0013594384596862243
1.0,918.0,48.26148492216023,-182.9815337251074,46.45535882479356,-183.21387451446256,46.49269095903219,-183.19584466907577,-0.03733213423863191,-0.018029845386791976,0.04145797355736115,0.0017413626127118498
1.0,923.0,47.854507276894374,-183.05480304921846,46.03048582739519,-183.2244923753677,46.02075354696793,-183.20790989290236,0.009732280427257933,-0.016582482465338444,0.01922748051690717,0.005766277713095569
1.0,928.0,47.402634122543276,-183.1194709704645,45.56302831670059,-183.2183744203315,45.54023537704588,-183.20057857736063,0.022792939654706856,-0.017795842970855347,0.028917298026379473,0.007104324126180561
1.0,933.0,46.972389870809316,-183.16428954913073,45.122778568377946,-183.1950990995817,45.06837468845368,-183.17409784607247,0.05440387992426565,-0.021001253509240314,0.05831667685811061,0.009959757700632288
1.0,938.0,46.49269095903219,-183.19584466907577,44.63671099011097,-183.15219624943617,44.55605515382635,-183.12364575813555,0.08065583628462036,-0.028550491300620706,0.08555988826709804,0.013250417529381053
1.0,943.0,46.02075354696793,-183.20790989290236,44.15606908602647,-183.0925002954406,44.09184266885284,-183.05891293354654,0.06422641717362865,-0.03358736189406386,0.07247857298515055,0.01606940840864235
1.0,948.0,45.54023537704588,-183.20057857736063,43.72254258203648,-183.04497813378606,43.56300191842125,-182.99407887481763,0.1595406636152319,-0.050899258968428285,0.1674633031751246,0.02214202367284468
1.0,953.0,45.06837468845368,-183.17409784607247,43.32801322025571,-183.0155318290947,43.057368678392365,-182.96980691975176,0.27064454186334785,-0.045724909342936826,0.2744799361972406,0.005110011093329092
1.0,958.0,44.55605515382635,-183.12364575813555,42.894338738642325,-182.9895036838328,42.54434733461086,-182.98616960755606,0.34999140403146356,-0.0033340762767295473,0.35000728415353616,-0.028417913118194527
1.0,963.0,44.09184266885284,-183.05891293354654,42.515963330587326,-182.97804942348952,42.05765698600132,-183.02138822229202,0.4583063445860063,0.043338798802494694,0.4603509063414888,-0.05074719620041135
1.0,968.0,43.56300191842125,-182.99407887481763,41.807657935004734,-182.9691021368759,41.52152539989525,-183.08296741104718,0.28613253510948056,0.11386527417127468,0.3079563740374238,-0.06436847785409716
1.0,973.0,43.057368678392365,-182.96980691975176,41.2448557739322,-183.07489193486646,41.01546558696009,-183.16452270503405,0.2293901869721111,0.08963077016758803,0.2462793796482667,-0.04315295168315503
1.0,978.0,42.54434733461086,-182.98616960755606,40.738601714816554,-183.1816099368618,40.5231652049295,-183.2661571207799,0.21543650988705565,0.08454718391809024,0.23143274638822137,-0.03676397833901568
1.0,983.0,42.05765698600132,-183.02138822229202,40.257840805301356,-183.29189378270848,40.00218264647719,-183.39830397549153,0.2556581588241684,0.10641019278304498,0.2769191638393568,-0.04114467126428645
1.0,988.0,41.52152539989525,-183.08296741104718,39.734516256676194,-183.43670843332615,39.50266660751985,-183.54956174880186,0.2318496491563451,0.11285331547571786,0.2578568025625506,-0.03976933504202762
1.0,993.0,41.01546558696009,-183.16452270503405,39.24464521226243,-183.59705567448853,39.00130272258644,-183.72658791890638,0.24334248967598882,0.12953224441784528,0.2756704003436588,-0.04138672800097121
1.0,998.0,40.5231652049295,-183.2661571207799,38.76973518157317,-183.77552977045278,38.537128841953404,-183.91404947977475,0.23260633961976396,0.13851970932196878,0.27072757359003474,-0.04141617844974644
1.0,1003.0,40.00218264647719,-183.39830397549153,38.26053008802707,-183.98413618044864,38.08670923227505,-184.11857969732614,0.17382085575201955,0.13444351687749645,0.2197470116400996,-0.04526196418758577
1.0,1008.0,39.50266660751985,-183.54956174880186,37.81798813624197,-184.17675748344797,37.593374967938054,-184.34186590538675,0.2246131683039181,0.1651084219387826,0.27876848166648843,-0.04294350291787197
1.0,1013.0,39.00130272258644,-183.72658791890638,37.374647505948055,-184.37824600645476,37.1081642241552,-184.52936445924954,0.2664832817928513,0.1511184527947762,0.30634967969654414,-0.009192550605408025
1.0,1018.0,38.537128841953404,-183.91404947977475,37.066632649244774,-184.5352450747561,36.67113606139848,-184.67775440923617,0.3954965878462957,0.1425093344800814,0.42038846488934306,0.030328731095369044
1.0,1023.0,38.08670923227505,-184.11857969732614,36.5579165917288,-184.80353808527377,36.243663873787355,-184.81478815442907,0.31425271794144294,0.01125006915529525,0.31445402651195775,0.07491713727685134
1.0,1028.0,37.593374967938054,-184.34186590538675,35.64984652062962,-185.12147911077048,35.85440196787909,-184.93181860678683,-0.2045554472494686,-0.18966050398364587,0.2789516764078694,0.05370129929185774
1.0,1033.0,37.1081642241552,-184.52936445924954,35.1600262223047,-185.1064110817583,35.521938899235266,-185.02586728878808,-0.36191267693056517,-0.08054379297021796,0.37076689214259273,-0.0283593068482344
1.0,1038.0,36.67113606139848,-184.67775440923617,34.73508571104124,-185.20669265649795,35.17541069504739,-185.118257110414,-0.4403249840061463,-0.0884355460839572,0.4491179548305553,-0.033656687026063725
1.0,1043.0,36.243663873787355,-184.81478815442907,34.34750309632005,-185.2913785431379,34.87535662851401,-185.1936701115799,-0.5278535321939657,-0.09770843155800435,0.5368205370951927,-0.03977368087953881
1.0,1048.0,35.85440196787909,-184.93181860678683,34.03625202474064,-185.34764564394592,34.59881903864784,-185.2594385911936,-0.5625670139071985,-0.08820705275232399,0.5694401893892925,-0.04694041595563059
1.0,1053.0,35.521938899235266,-185.02586728878808,33.804125427282564,-185.38484180608913,34.34784061920942,-185.31605094851082,-0.5437151919268572,-0.06879085757830694,0.5480496255070503,-0.05193881721690907
1.0,1058.0,35.17541069504739,-185.118257110414,33.604547870645696,-185.4139179014571,34.10699242746588,-185.36764676285142,-0.502444556820187,-0.04627113860567533,0.504570660013144,-0.056764549517628105
1.0,1063.0,34.87535662851401,-185.1936701115799,33.48800274142446,-185.43154461401798,33.886573227689034,-185.41283451428905,-0.3985704862645747,-0.018710099728934892,0.3990093988279552,-0.05635324193290403
1.0,1068.0,34.59881903864784,-185.2594385911936,33.43844778542003,-185.460345421637,33.683141139441254,-185.46263190768306,-0.24469335402122283,0.0022864860460742875,0.24470403658418546,-0.043839590786904914
1.0,1073.0,34.34784061920942,-185.31605094851082,33.338024110215166,-185.51458567860962,33.50109317163143,-185.5208321574665,-0.16306906141626598,0.006246478856866133,0.16318865551652542,-0.03461999564890794
1.0,1078.0,34.10699242746588,-185.36764676285142,33.151943916965074,-185.59056094229254,33.32594136362822,-185.58248844029373,-0.17399744666314376,-0.008072501998810822,0.17418460532955937,-0.026629511879791234
1.0,1083.0,33.886573227689034,-185.41283451428905,33.09701397832389,-185.62812998480734,33.16349445812235,-185.64183311560873,-0.06648047979845728,0.013703130801388852,0.06787805232910751,-0.02225887967631479
1.0,1088.0,33.683141139441254,-185.46263190768306,32.90194144953907,-185.7324629229242,33.00789183100447,-185.70118837010227,-0.10595038146539792,-0.031274552821940915,0.11046981934843429,0.003963605782697055
1.0,1093.0,33.50109317163143,-185.5208321574665,32.68859750763518,-185.83655180874922,32.86756903645867,-185.75694324491226,-0.17897152882348877,-0.07960856383695614,0.1958783591048271,0.021828589078190852
1.0,1098.0,33.32594136362822,-185.58248844029373,32.56527496655191,-185.8902425589303,32.72336091737972,-185.81645119726937,-0.15808595082781096,-0.07379136166093758,0.17446011837926845,0.020189558184330547
1.0,1103.0,33.16349445812235,-185.64183311560873,32.44283687818845,-185.9441817803042,32.59373024048615,-185.87188841103978,-0.15089336229770112,-0.07229336926442897,0.167317476747375,0.019190523375383073
1.0,1108.0,33.00789183100447,-185.70118837010227,32.32018069857697,-186.00032559928502,32.466575463810216,-185.9280831852993,-0.14639476523324646,-0.07224241398571962,0.16324948289713337,0.018706150394034005
1.0,1113.0,32.86756903645867,-185.75694324491226,32.20744350154123,-186.05341932119637,32.34251434056065,-185.98467167846132,-0.13507083901941996,-0.06874764273504752,0.1515597899676421,0.01754413727063886
1.0,1118.0,32.72336091737972,-185.81645119726937,32.089235495590856,-186.11061985160816,32.226717750861795,-186.03908507335981,-0.13748225527093894,-0.07153477824834908,0.15497933737574213,0.01763333518368082
1.0,1123.0,32.59373024048615,-185.87188841103978,31.987114940606176,-186.16009005011358,32.11006596298418,-186.09530024009453,-0.12295102237800393,-0.06478981001905026,0.1389772405327615,0.015392034446701341
1.0,1128.0,32.466575463810216,-185.9280831852993,31.8798663946582,-186.200239629157,31.997571676701796,-186.1450336696857,-0.11770528204359465,-0.055205959471322785,0.1300085819556213,0.007283417167534001
1.0,1133.0,32.34251434056065,-185.98467167846132,31.775648580620217,-186.2321441219491,31.87987560018023,-186.18763856282797,-0.1042270195600139,-0.044505559121120086,0.11333144488202308,0.0030841686789977456
1.0,1138.0,32.226717750861795,-186.03908507335981,31.67346152567074,-186.25938675808032,31.75977080442044,-186.2235509831336,-0.0863092787497024,-0.03583577494671886,0.09345316668966179,0.0032395108948071183
1.0,1143.0,32.11006596298418,-186.09530024009453,31.553718472765674,-186.2982048132605,31.64391216610655,-186.25750084785187,-0.09019369334087557,-0.040703965408624754,0.09895309554760993,0.005669403941036322
1.0,1148.0,31.997571676701796,-186.1450336696857,31.47219557505036,-186.3222701049756,31.527977353232956,-186.29053337082303,-0.05578177818259533,-0.03173673415255962,0.06417808872101531,0.00834392936816819
1.0,1153.0,31.87987560018023,-186.18763856282797,31.379356545211422,-186.32999334580657,31.41177674721904,-186.32229887926437,-0.03242020200761786,-0.0076944665422047365,0.0333207790062576,-0.004039574183653638
1.0,1158.0,31.75977080442044,-186.2235509831336,31.262209783403364,-186.3540337842492,31.296085126724943,-186.35262931785155,-0.033875343321579265,-0.00140446639764491,0.033904445298765455,-0.009105390038885552
1.0,1163.0,31.64391216610655,-186.25750084785187,31.156011764432566,-186.38257068994417,31.18167862505322,-186.38137215013435,-0.025666860620653154,-0.0011985398098204314,0.025694828892128468,-0.007190321317978032
1.0,1168.0,31.527977353232956,-186.29053337082303,31.038607426114865,-186.4106162787979,31.053977585108274,-186.41197319353074,-0.015370158993409433,0.001356914732838277,0.015429938595952949,-0.006657796744926169
1.0,1173.0,31.41177674721904,-186.32229887926437,30.900564569444786,-186.4414119157289,30.93092457588505,-186.43998425865203,-0.030360006440265153,-0.0014276570768743113,0.03039355516852365,-0.00866171609846278
1.0,1178.0,31.296085126724943,-186.35262931785155,30.743813348531273,-186.4745845694365,30.752214398506716,-186.47820817971592,-0.008401049975443442,0.003623610279419154,0.00914921811670322,-0.0072858073567281245
1.0,1183.0,31.18167862505322,-186.38137215013435,30.470774612567116,-186.52675967003472,30.56525389472096,-186.51506543865952,-0.09447928215384493,-0.01169423137520198,0.09520026157402404,-0.015530574550707053
1.0,1188.0,31.053977585108274,-186.41197319353074,30.271755820956066,-186.56020018551212,30.331743712146018,-186.55664976477763,-0.059987891189951625,-0.0035504207344843053,0.06009286627220682,-0.012958873106267978
1.0,1193.0,30.93092457588505,-186.43998425865203,30.034657440600906,-186.59554751281044,30.071592971359138,-186.59717725533608,-0.03693553075823175,0.001629742525636857,0.03697146863585693,-0.011234633273094376
1.0,1198.0,30.752214398506716,-186.47820817971592,29.651951284381038,-186.64401486128352,29.759321024806884,-186.6378880312631,-0.10736974042584535,-0.0061268300204346815,0.10754440573648036,-0.016298094751315606
1.0,1203.0,30.56525389472096,-186.51506543865952,29.257640771968973,-186.68247701405178,29.434370252078097,-186.67114166760717,-0.17672948010912393,-0.01133534644461065,0.1770926289224387,-0.01993080343401088
1.0,1208.0,30.331743712146018,-186.55664976477763,28.84014109880684,-186.710148764551,29.073089323667666,-186.6973030810732,-0.23294822486082722,-0.012845683477820558,0.23330213683081188,-0.02171064099384212
1.0,1213.0,30.071592971359138,-186.59717725533608,28.461933697454292,-186.72225799065373,28.695904197133018,-186.7125681777271,-0.23397049967872618,-0.009689812926637842,0.23417106395638648,-0.019370079484770653
1.0,1218.0,29.759321024806884,-186.6378880312631,28.07206209699685,-186.72094582549394,28.29617688562346,-186.7153376978824,-0.22411478862661127,-0.005608127611537839,0.22418494502632852,-0.016694637834358428
1.0,1223.0,29.434370252078097,-186.67114166760717,27.699047388034188,-186.70659748264595,27.879804428730196,-186.70358577360602,-0.18075704069600818,-0.003011709039924426,0.18078212896334506,-0.011698817867765499
1.0,1228.0,29.073089323667666,-186.6973030810732,27.30422027638984,-186.67761838986826,27.45048478375659,-186.6757934929553,-0.14626450736674812,-0.0018248969129501802,0.14627589126024973,-0.007742633902792395
1.0,1233.0,28.695904197133018,-186.7125681777271,26.90440783166499,-186.6347309284339,27.0518160647533,-186.63561296887175,-0.14740823308830997,0.0008820404378582225,0.14741087197880468,-0.005963990367791272
2.0,3.0,24.789940726639482,-186.47219694964582,24.484925554957687,-186.4523809577801,24.790730602485084,-186.4722486300152,-0.30580504752739657,0.019867672235108103,0.30644975361921073,-0.001781876350948064
2.0,8.0,24.790139316656575,-186.47220994281363,24.485123929606424,-186.45239377230374,24.790934340503558,-186.47226196078367,-0.30581041089713423,0.01986818847993277,0.30645513917464046,-0.001781864181161108
2.0,13.0,24.790338905153423,-186.47222300150221,24.485323366212565,-186.45240664069053,24.79113413415017,-186.47227503369103,-0.3058107679376043,0.019868393000507467,0.30645550872355015,-0.001781879416592691
2.0,18.0,24.790528581569,-186.47223541179267,24.485513374099142,-186.4524188220021,24.791330505724954,-186.47228788285176,-0.3058171316258118,0.01986906084965767,0.30646190232211,-0.001781946413035307
2.0,23.0,24.790730602485084,-186.4722486300152,24.485715148058347,-186.45243193378252,24.791528863322615,-186.4723008621303,-0.3058137152642679,0.019868928347790416,0.3064584845577364,-0.0017818891866685505
2.0,28.0,24.790934340503558,-186.47226196078367,24.485918782291773,-186.452445069336,24.791725052272433,-186.47231369969063,-0.3058062699806605,0.019868630354636707,0.3064510356185044,-0.0017819284687714543
2.0,33.0,24.79113413415017,-186.47227503369103,24.48611876345845,-186.45245792238242,24.79192681871875,-186.4723269024692,-0.3058080552603002,0.01986898008678395,0.3064528398167911,-0.0017819844857753786
2.0,38.0,24.791330505724954,-186.47228788285176,24.48678746229564,-186.4520339803324,24.792102256432013,-186.4723386770905,-0.30531479413637186,0.02030469675810309,0.3059892224065639,-0.0023802660442653334
2.0,43.0,24.791528863322615,-186.4723008621303,24.541699796961744,-186.45369180838406,24.789715117032227,-186.47209307557688,-0.24801532007048266,0.01840126719281443,0.2486970157118201,-0.0036160143343639817
2.0,48.0,24.791725052272433,-186.47231369969063,24.59081208277678,-186.45491923671793,24.776407193011675,-186.4706681667786,-0.18559511023489605,0.015748930060681232,0.18626211032080423,-0.004378519660739766
2.0,53.0,24.79192681871875,-186.4723269024692,24.620695620317218,-186.4546984337914,24.746844920010176,-186.4676055037449,-0.1261492996929583,0.012907069953485006,0.12680787936010904,-0.0045913503461445515
2.0,58.0,24.792102256432013,-186.4723386770905,24.590074975701253,-186.4506133733151,24.68687722939435,-186.46128991744345,-0.0968022536930988,0.0106765441283585,0.09738924434755537,-0.003426417501398493
2.0,63.0,24.789715117032227,-186.47209307557688,24.55712647814858,-186.4478720498649,24.598479618191007,-186.4516799409139,-0.041353140042428294,0.0038078910489787177,0.04152808959739876,-0.0006351302651705915
2.0,68.0,24.776407193011675,-186.4706681667786,24.531650558579198,-186.4445455567209,24.47522798439461,-186.43771553080154,0.056422574184587404,-0.006830025919356331,0.05683446253528178,0.0030564889669255635
2.0,73.0,24.746844920010176,-186.4676055037449,24.48278343404634,-186.43835173795938,24.31395660856068,-186.41844888590643,0.16882682548565953,-0.019902852052950948,0.16999594266748544,0.007191003513650428
2.0,78.0,24.68687722939435,-186.46128991744345,24.388249007503966,-186.4260021503243,24.111624518783636,-186.39267311674328,0.27662448872032996,-0.033329033581026124,0.27862507467783504,0.010451546616162766
2.0,83.0,24.598479618191007,-186.4516799409139,24.246741149217577,-186.40655368047376,23.862805126995493,-186.35852090102938,0.383936022222084,-0.04803277944438378,0.38692895608996414,0.012851037332724857
2.0,88.0,24.47522798439461,-186.43771553080154,24.030467071015543,-186.3742510534941,23.58790285456283,-186.31761932453935,0.4425642164527126,-0.056631728954755545,0.44617287950839,0.011298239607548943
2.0,93.0,24.31395660856068,-186.41844888590643,23.663899679031143,-186.31147001610688,23.24929910095249,-186.26263894471484,0.4146005780786517,-0.04883107139204412,0.41746630148605657,0.0009750559412977644
2.0,98.0,24.111624518783636,-186.39267311674328,22.960632660963736,-186.16869476549655,22.91089895935206,-186.2026630725017,0.04973370161167523,0.03396830700515352,0.060226962041892075,-0.03065177203213088
2.0,103.0,23.862805126995493,-186.35852090102938,22.378091565484112,-186.05445133291363,22.52859524564408,-186.14532158625593,-0.15050368015996796,0.09087025334230248,0.1758088754420213,-0.04731598988304109
2.0,108.0,23.58790285456283,-186.31761932453935,21.98356467145354,-185.99946827059122,22.140311427851124,-186.10964391450474,-0.15674675639758462,0.11017564391352153,0.19159388861057866,-0.058639897320665206
2.0,113.0,23.24929910095249,-186.26263894471484,21.59638963385048,-185.96783680212076,21.72210993572089,-186.0775223921326,-0.12572030187040895,0.10968559001184985,0.1668428091307335,-0.055587792248695145
2.0,118.0,22.91089895935206,-186.2026630725017,21.371027045978593,-186.01497291141675,21.283611020694128,-186.05089380158836,0.08741602528446535,0.035920890171610154,0.09450858070701922,-0.020787582811044203
2.0,123.0,22.52859524564408,-186.14532158625593,20.757143697799826,-186.07305485881847,20.827784928349555,-186.03201775613056,-0.07064123054972882,-0.041037102687909055,0.08169594390542245,0.03469151240439006
2.0,128.0,22.140311427851124,-186.10964391450474,20.31521949991728,-186.08306474594707,20.381919903058588,-186.0221934814074,-0.06670040314130787,-0.06087126453965652,0.09030091154506602,0.04219842043051303
2.0,133.0,21.72210993572089,-186.0775223921326,19.85710121968811,-186.0755308472411,19.903067544063845,-186.02112003156142,-0.045966324375733336,-0.054410815679688085,0.07122808322244906,0.03730157731688344
2.0,138.0,21.283611020694128,-186.05089380158836,19.388502001590663,-186.08267441293137,19.446170838976364,-186.02924865568028,-0.05766883738570172,-0.053425757251091,0.07861301637306008,0.03653937473610602
2.0,143.0,20.827784928349555,-186.03201775613056,18.91013959108415,-186.10079280851673,18.94069800968319,-186.04867517542013,-0.030558418599039072,-0.0521176330966,0.06041576472135325,0.034657857394087443
2.0,148.0,20.381919903058588,-186.0221934814074,18.44801521811873,-186.12766070599892,18.458148079738333,-186.07745814249446,-0.010132861619602807,-0.050202563504456066,0.051214961359166956,0.03313393627596373
2.0,153.0,19.903067544063845,-186.02112003156142,17.95655021201662,-186.16653154334438,17.95105082445862,-186.11852450898866,0.005499387558000279,-0.04800703435572018,0.04832099555208259,0.03188602007029395
2.0,158.0,19.446170838976364,-186.02924865568028,17.49128351508989,-186.21315811496513,17.440103383810325,-186.17119311353463,0.051180131279565444,-0.04196500143049775,0.0661850978911056,0.02946803383247909
2.0,163.0,18.94069800968319,-186.04867517542013,17.074047861693046,-186.24901353536615,16.93751490218993,-186.22297843284494,0.13653295950311772,-0.026035102521206,0.13899307750377243,0.024481914157315376
2.0,168.0,18.458148079738333,-186.07745814249446,16.793507572542605,-186.2510371990413,16.42406032899516,-186.2376526130435,0.3694472435474445,-0.013384585997783915,0.36968961698583974,0.03456949018334887
2.0,173.0,17.95105082445862,-186.11852450898866,16.47524525896977,-186.2402755514858,15.90162750941445,-186.2120109332098,0.5736177495553214,-0.028264618276011788,0.5743136871529357,0.05257880042218721
2.0,178.0,17.440103383810325,-186.17119311353463,15.97186557358832,-186.1936119657892,15.384129985315615,-186.16508111145254,0.5877355882727038,-0.028530854336651146,0.5884276772649638,0.03934261367944636
2.0,183.0,16.93751490218993,-186.22297843284494,15.088228162261933,-186.16824468829725,14.859783354271006,-186.0944197999659,0.22844480799092715,-0.0738248883313588,0.24007737176824714,0.037243474250635344
2.0,188.0,16.42406032899516,-186.2376526130435,14.550420161731354,-186.0779640000222,14.351346682666055,-186.00237158411315,0.1990734790652997,-0.07559241590905685,0.21294239458156322,0.03141789249207383
2.0,193.0,15.90162750941445,-186.2120109332098,14.037116511627122,-185.95888147393973,13.840805248093867,-185.88608071340528,0.19631126353325534,-0.07280076053444873,0.2093754114608909,0.026562279569830594
2.0,198.0,15.384129985315615,-186.16508111145254,13.53061267441419,-185.82890250827185,13.338339564627077,-185.74764915439553,0.19227310978711287,-0.08125335387632049,0.20873681099259356,0.02679406393757899
2.0,203.0,14.859783354271006,-186.0944197999659,13.01564082223279,-185.67649685910914,12.822039988780345,-185.5795926670826,0.19360083345244483,-0.09690419202652834,0.21649874167254543,0.03209515780984784
2.0,208.0,14.351346682666055,-186.00237158411315,12.550182924114493,-185.51596042614167,12.34669383312397,-185.40088585168698,0.20348909099052293,-0.11507457445469527,0.23377332576253973,0.03615110489757267
2.0,213.0,13.840805248093867,-185.88608071340528,12.105128005342058,-185.33986598128303,11.904278264094733,-185.21291364829165,0.2008497412473247,-0.12695233299137954,0.23760789846103897,0.036779067557580085
2.0,218.0,13.338339564627077,-185.74764915439553,11.70784978085765,-185.15282920622522,11.481624555760355,-185.01274765654006,0.22622522509729492,-0.1400815496851635,0.26608399619766443,0.033276574465867625
2.0,223.0,12.822039988780345,-185.5795926670826,11.264944355761074,-184.9345486619187,11.081385612670449,-184.81369446135915,0.18355874309062514,-0.1208542005595632,0.2197715858747469,0.02866801629997129
2.0,228.0,12.34669383312397,-185.40088585168698,10.837524060108287,-184.7346565666808,10.692754424660976,-184.64379544908994,0.14476963544731092,-0.0908611175908618,0.17092100525508186,0.011817372530320116
2.0,233.0,11.904278264094733,-185.21291364829165,10.464549100661687,-184.56243893189645,10.348856519160853,-184.52539619640774,0.11569258150083428,-0.03704273548871129,0.12147813657944302,-0.020942347632332495
2.0,238.0,11.481624555760355,-185.01274765654006,10.118233249239687,-184.41497430741447,10.01013911167977,-184.42494720223033,0.1080941375599167,0.009972894815859945,0.1085532183117129,-0.04657675094583791
2.0,243.0,11.081385612670449,-184.81369446135915,9.801683687887635,-184.26204538443992,9.713264440084293,-184.34455128172635,0.08841924780334232,0.08250589728643831,0.12093463717706836,-0.07230521343090057
2.0,248.0,10.692754424660976,-184.64379544908994,9.463724376361165,-184.24470933259232,9.440782465130512,-184.2780440292638,0.022941911230653034,0.03333469667148847,0.040466446509365116,-0.02177548776741922
2.0,253.0,10.348856519160853,-184.52539619640774,9.138599810035922,-184.2036842201701,9.174801559948174,-184.21984107642703,-0.03620174991225156,0.01615685625694141,0.03964354551268936,-0.00021028518716148525
2.0,258.0,10.01013911167977,-184.42494720223033,8.839862274109793,-184.1512122286019,8.933976760474618,-184.17274769128727,-0.09411448636482511,0.021535462685363882,0.09654694555907789,0.006968173771926268
2.0,263.0,9.713264440084293,-184.34455128172635,8.583249433826644,-184.1110835583138,8.727139016010666,-184.13649652108444,-0.1438895821840216,0.025412962770644754,0.14611649646044242,0.012538765874637203
2.0,268.0,9.440782465130512,-184.2780440292638,8.350758298899477,-184.08020053022622,8.516718120879844,-184.10355711046944,-0.1659598219803673,0.02335658024321674,0.1675953231818031,0.015831282658805623
2.0,273.0,9.174801559948174,-184.21984107642703,8.127984347795891,-184.0547883071826,8.295329382791055,-184.07315674419252,-0.1673450349951633,0.01836843700991153,0.16835011201576172,0.01712308021083686
2.0,278.0,8.933976760474618,-184.17274769128727,7.929213761345006,-184.03547898599524,8.102359393325248,-184.0501837375263,-0.17314563198024135,0.014704751531070315,0.17376892585104994,0.018508121555868232
2.0,283.0,8.727139016010666,-184.13649652108444,7.776857949116882,-184.01718527478806,7.92072691265612,-184.02876414515717,-0.14386896353923806,0.011578870369106653,0.14433415711077952,0.013864975285475369
2.0,288.0,8.516718120879844,-184.10355711046944,7.648080682415858,-183.98992387289476,7.748229462808303,-183.9983816126693,-0.10014878039244479,0.008457739774542006,0.1005052813348035,0.008989019019752133
2.0,293.0,8.295329382791055,-184.07315674419252,7.523337996923447,-183.95831196225242,7.58827070816739,-183.95798428244717,-0.06493271124394351,-0.00032767980525250096,0.06493353804887055,0.01247888148099241
2.0,298.0,8.102359393325248,-184.0501837375263,7.416420725548128,-183.92514223961376,7.438633981019951,-183.9156632877163,-0.022213255471823068,-0.009478951897449406,0.024151174872677254,0.01436805452653278
2.0,303.0,7.92072691265612,-184.02876414515717,7.283530098025159,-183.89394337125236,7.28779421175193,-183.8718433289489,-0.004264113726770269,-0.02210004230346385,0.02250765504644414,0.01999687753701096
2.0,308.0,7.748229462808303,-183.9983816126693,7.161379569849086,-183.8447654062749,7.1447238826072805,-183.82828786144051,0.016655687241805772,-0.016477544834373248,0.023429071711564504,0.010073792133303174
2.0,313.0,7.58827070816739,-183.95798428244717,7.026000453480109,-183.77327760228,7.002001242740483,-183.78277985951866,0.02399921073962652,0.00950225723866538,0.025811916022542254,-0.013213528563970288
2.0,318.0,7.438633981019951,-183.9156632877163,6.8907160888764265,-183.73230467922,6.865896361833541,-183.73748024326542,0.024819727042885376,0.005175564045430292,0.02535360553593288,-0.009726343050775911
2.0,323.0,7.28779421175193,-183.8718433289489,6.751388464142284,-183.68696891630057,6.733309251103184,-183.69154524433185,0.018079213039100317,0.004576328031276944,0.01864941614000358,-0.008041778700075053
2.0,328.0,7.1447238826072805,-183.82828786144051,6.6181567441258435,-183.63968605269994,6.604789274270631,-183.6452958889107,0.0133674698552122,0.0056098362107661615,0.014496879410467279,-0.008019871116434096
2.0,333.0,7.002001242740483,-183.78277985951866,6.484014599859201,-183.5902739020086,6.476011864912869,-183.5972289343689,0.008002734946331636,0.006955032360309588,0.01060265258103797,-0.0080126644867895
2.0,338.0,6.865896361833541,-183.73748024326542,6.355207419590225,-183.5409648301204,6.349561716325826,-183.54833133453127,0.00564570326439906,0.007366504410867947,0.009281128842171254,-0.007822807211661509
2.0,343.0,6.733309251103184,-183.69154524433185,6.218828286933354,-183.4883568786251,6.2337078087098705,-183.503814096854,-0.014879521776516746,0.015457218228903002,0.02145520365025155,-0.009883659518534316
2.0,348.0,6.604789274270631,-183.6452958889107,6.13809684864512,-183.45445486229386,6.101647974051571,-183.46016880737213,0.03644887459354962,0.005713945078269944,0.03689403241032067,-0.017155596838526854
2.0,353.0,6.476011864912869,-183.5972289343689,6.125768160131663,-183.44563760042365,5.978020675548884,-183.42100316254272,0.1477474845827791,-0.024634437880934,0.14978709800996928,-0.02334503188803083
2.0,358.0,6.349561716325826,-183.54833133453127,6.152514508535669,-183.45342982160824,5.858300433744774,-183.3827294523795,0.29421407479089456,-0.07070036922874579,0.3025895966720321,-0.025191797381236558
2.0,363.0,6.2337078087098705,-183.503814096854,6.184283681307697,-183.47597007538062,5.741165619974242,-183.3452824957414,0.4431180613334549,-0.13068757963921485,0.4619879432970904,-0.012036718953168712
2.0,368.0,6.101647974051571,-183.46016880737213,5.967701528894803,-183.4212625909666,5.617170883101568,-183.30561583280937,0.3505306457932358,-0.1156467581572258,0.3691150312741257,0.003371764925581111
2.0,373.0,5.978020675548884,-183.42100316254272,5.858461047359613,-183.38515909805082,5.499130967545364,-183.26785336491312,0.35933007981424936,-0.1173057331376981,0.3779930439654779,0.002251343921551907
2.0,378.0,5.858300433744774,-183.3827294523795,5.739970803196839,-183.34740057835035,5.379097058175683,-183.22945296900699,0.36087374502115654,-0.11794760934336068,0.3796597139484366,0.002411944094016682
2.0,383.0,5.741165619974242,-183.3452824957414,5.622755961192677,-183.31024120135805,5.26061023504232,-183.19154747079088,0.36214572615035756,-0.11869373056717336,0.38110068045717593,0.002758913957330744
2.0,388.0,5.617170883101568,-183.30561583280937,5.501168286149073,-183.27128283727936,5.14396345408503,-183.15423059824533,0.35720483206404285,-0.11705223903402384,0.3758942919396081,0.0027067743569246794
2.0,393.0,5.499130967545364,-183.26785336491312,5.384841149789071,-183.23405381540707,5.028420647676931,-183.11726682747582,0.3564205021121394,-0.11678698793124909,0.3750663606295868,0.002699389467091251
2.0,398.0,5.379097058175683,-183.22945296900699,5.266452917185568,-183.19614177475134,4.909004084360258,-183.0790637966985,0.3574488328253098,-0.11707797805283349,0.3761341795597896,0.002667531207512397
2.0,403.0,5.26061023504232,-183.19154747079088,5.11687223656969,-183.14894131743984,4.791946455318436,-183.0435620634033,0.32492578125125426,-0.10537925403653503,0.341586812542631,0.0010672542456799938
2.0,408.0,5.14396345408503,-183.15423059824533,4.913075077095177,-183.08768320947186,4.673155268769217,-183.01545592955276,0.23991980832596038,-0.0722272799191046,0.250555970576792,-0.0049046212480927665
2.0,413.0,5.028420647676931,-183.11726682747582,4.667639059885243,-183.01771400614408,4.555107814987866,-182.98995206466412,0.11253124489737676,-0.0277619414799517,0.11590516154550515,-0.007870540744022048
2.0,418.0,4.909004084360258,-183.0790637966985,4.371863700370537,-182.93958902306326,4.439017428390613,-182.96562212100042,-0.06715372802007646,0.0260330979371588,0.0720232280254093,-0.004224209376308074
2.0,423.0,4.791946455318436,-183.0435620634033,4.232654074880635,-182.9200915687909,4.317018337923039,-182.94136129066516,-0.08436426304240374,0.021269721874261904,0.0870041949982663,0.004029456411855925
2.0,428.0,4.673155268769217,-183.01545592955276,4.058164240247526,-182.89932431288676,4.201492711509952,-182.919654100167,-0.14332847126242587,0.020329787280246592,0.1447630855062302,0.017004990635663297
2.0,433.0,4.555107814987866,-182.98995206466412,3.950967567555078,-182.88072727368518,4.078663896853187,-182.89789981837964,-0.12769632929810903,0.017172544694460612,0.12884583348907463,0.014889239245723829
2.0,438.0,4.439017428390613,-182.96562212100042,3.836834146725316,-182.86263127662485,3.962987731541352,-182.87864995542273,-0.126153584816036,0.016018678797877328,0.12716652481044827,0.014443787842290057
2.0,443.0,4.317018337923039,-182.94136129066516,3.7141747111407026,-182.84493648896967,3.8460115734258373,-182.86040364896462,-0.1318368622851347,0.015467159994955182,0.13274106860915016,0.014953246733822034
2.0,448.0,4.201492711509952,-182.919654100167,3.5983733663060833,-182.82941616609267,3.7209242329008823,-182.84223647062268,-0.12255086659479897,0.012820304530009707,0.12321962145445181,0.014130622267433335
2.0,453.0,4.078663896853187,-182.89789981837964,3.475259251663114,-182.814203973635,3.606476904501176,-182.82683205158358,-0.1312176528380622,0.012628077948590999,0.1318239005985102,0.014860158822040503
2.0,458.0,3.962987731541352,-182.87864995542273,3.3592530411868626,-182.80109143700432,3.4901729448042405,-182.8123569721946,-0.13091990361737782,0.011265535190290166,0.13140370408138108,0.0148166609168765
2.0,463.0,3.8460115734258373,-182.86040364896462,3.2558153225792172,-182.78854940886464,3.363116704953415,-182.79672538325224,-0.10730138237419773,0.008175974387597762,0.107612421293271,0.01228774276960154
2.0,468.0,3.7209242329008823,-182.84223647062268,3.151832113833504,-182.771522272043,3.244186221486245,-182.77549690361545,-0.09235410765274077,0.0039746315724471515,0.09243959593415975,0.013097517940525718
2.0,473.0,3.606476904501176,-182.82683205158358,3.076522960717556,-182.7558514243462,3.1272181049854857,-182.74811660249395,-0.05069514426792976,-0.007734821852238838,0.05128182057446949,0.017111862140176456
2.0,478.0,3.4901729448042405,-182.8123569721946,3.023325269578701,-182.74273697075392,3.009466198655923,-182.7202562382896,0.013859070922777939,-0.02248073246431659,0.026409414589777767,0.019424817764273516
2.0,483.0,3.363116704953415,-182.79672538325224,2.9401144098000884,-182.72497446836869,2.893297868524378,-182.69254075748697,0.04681654127571022,-0.03243371088171898,0.056953789501482825,0.021560468012658877
2.0,488.0,3.244186221486245,-182.77549690361545,2.9748119936136987,-182.7076455563487,2.780466042317423,-182.6649872712464,0.19434595129627574,-0.042658285102305626,0.19897255608028955,0.004282401451066953
2.0,493.0,3.1272181049854857,-182.74811660249395,2.890894702710504,-182.67875750270193,2.658976460346841,-182.634639018404,0.23191824236366276,-0.04411848429793963,0.23607734283026438,-0.0026866573879065214
2.0,498.0,3.009466198655923,-182.7202562382896,2.7586994322357374,-182.6493835949856,2.5457308509713608,-182.60572796416238,0.21296858126437668,-0.0436556308232241,0.21739694272996354,-0.0004507170770153835
2.0,503.0,2.893297868524378,-182.69254075748697,2.642250143436771,-182.6203085605204,2.42230743743431,-182.57353016947562,0.21994270600246102,-0.04677839104479631,0.22486220623400652,-7.34863446494316e-06
2.0,508.0,2.780466042317423,-182.6649872712464,2.530156446098251,-182.59144977887806,2.3035005850620696,-182.54185577721827,0.22665586103618152,-0.049594001659784226,0.23201819830065812,0.0001549488808203492
2.0,513.0,2.658976460346841,-182.634639018404,2.408865442586463,-182.5596890688999,2.189811955124085,-182.51091684773854,0.21905348746237818,-0.048772221161357265,0.2244173788422871,-0.00019324490369099223
2.0,518.0,2.5457308509713608,-182.60572796416238,2.2958194895903286,-182.52946771600256,2.073815980029476,-182.478716084986,0.22200350956085257,-0.05075163101656699,0.227730732023979,-6.463354240082708e-05
2.0,523.0,2.42230743743431,-182.57353016947562,2.166551617235537,-182.4938509403757,1.952266017334635,-182.4435822545579,0.21428559990090212,-0.05026868581779809,0.22010283755267215,0.0002570593183208736
2.0,528.0,2.3035005850620696,-182.54185577721827,1.999620711311675,-182.44614551415077,1.8402223213424975,-182.40579308144854,0.15939838996917755,-0.04035243270223532,0.1644267786881274,0.002842316606135764
2.0,533.0,2.189811955124085,-182.51091684773854,1.8169663908716935,-182.39165774182982,1.7255523961727932,-182.36575934093435,0.09141399469890032,-0.02589840089547124,0.09501181818991321,0.004176441335084657
2.0,538.0,2.073815980029476,-182.478716084986,1.6286251995044554,-182.33247005453634,1.6066553039685356,-182.32319628571517,0.02196989553591977,-0.009273768821174144,0.02384699347942648,0.003956125366615826
2.0,543.0,1.952266017334635,-182.4435822545579,1.460995302059542,-182.27016771347772,1.4951452590261711,-182.281930566465,-0.034149956966629036,0.011762852987288852,0.03611902921208134,-0.002432412238284609
2.0,548.0,1.8402223213424975,-182.40579308144854,1.3593284121854887,-182.22298513273412,1.3764699229600699,-182.23657160123864,-0.017141510774581148,0.013586468504513505,0.021872894597177096,-0.007525294494265644
2.0,553.0,1.7255523961727932,-182.36575934093435,1.2437116384074134,-182.17895753376962,1.2656790200068178,-182.19287521607404,-0.021967381599404368,0.013917682304423806,0.026005148241467903,-0.006402456400064427
2.0,558.0,1.6066553039685356,-182.32319628571517,1.1264510395577547,-182.13116026890924,1.1515917513982166,-182.14650355030884,-0.02514071184046185,0.015343281399594844,0.02945287211720262,-0.006562062412858172
2.0,563.0,1.4951452590261711,-182.281930566465,1.0168657123488318,-182.0848507763428,1.037371433492205,-182.09865671779752,-0.020505721143373234,0.013805941454734239,0.024720206695360247,-0.00623583299467656
2.0,568.0,1.3764699229600699,-182.23657160123864,0.9002203322675352,-182.03418374378546,0.9250818563204528,-182.05021701487667,-0.02486152405291764,0.016033271091203005,0.029583122893261427,-0.006685671727493681
2.0,573.0,1.2656790200068178,-182.19287521607404,0.7914030753523047,-181.98554787770766,0.8148294343244796,-182.00128287201335,-0.023426358972174932,0.015734994305688588,0.028220282431139013,-0.006582438843698134
2.0,578.0,1.1515917513982166,-182.14650355030884,0.6794347884776676,-181.93410055968258,0.7006710045991621,-181.9491674942167,-0.02123621612149451,0.01506693453413277,0.02603822942165358,-0.0064075334163384845
2.0,583.0,1.037371433492205,-182.09865671779752,0.5459905056323573,-181.87407645909533,0.5903133780351302,-181.89803078521683,-0.044322872402772884,0.023954326121497616,0.050381809792499004,-0.006485188665644515
2.0,588.0,0.9250818563204528,-182.05021701487667,0.4164589979840072,-181.8195619108045,0.47385577146902264,-181.8504218822993,-0.05739677348501543,0.030859971494777483,0.06516691988385402,-0.008109066652379758
2.0,593.0,0.8148294343244796,-182.00128287201335,0.3391022367620335,-181.7893282459116,0.35716287084688847,-181.81072684845677,-0.018060634084854976,0.021398602545161793,0.028001548072076842,-0.014142496598342992
2.0,598.0,0.7006710045991621,-181.9491674942167,0.30900340539649457,-181.78025309760224,0.24057880858520211,-181.7719570591578,0.06842459681129245,-0.008296038444427722,0.06892568246059923,-0.017644240749151496
2.0,603.0,0.5903133780351302,-181.89803078521683,0.47169664449867915,-181.8473765436361,0.13081693214431728,-181.73560380304352,0.3408797123543619,-0.1117727405925848,0.35873684482412693,-0.018518673460767854
2.0,608.0,0.47385577146902264,-181.8504218822993,0.29257600559914054,-181.79681614223693,0.01095285489736943,-181.69661660066666,0.28162315070177113,-0.10019954157027655,0.29891729147388924,-0.005591832980818001
2.0,613.0,0.35716287084688847,-181.81072684845677,0.06886802689077283,-181.73774825906503,-0.1038129653126207,-181.65998197587973,0.17268099220339353,-0.07776628318529788,0.18938405389262425,0.012336983363645082
2.0,618.0,0.24057880858520211,-181.7719570591578,-0.005650526824012895,-181.70931081969127,-0.21796119903723632,-181.62419414025322,0.21231067221322342,-0.08511667943804468,0.22873712128596366,0.007059017012965186
2.0,623.0,0.13081693214431728,-181.73560380304352,-0.1135599865949754,-181.6747220436486,-0.32983057640412133,-181.58974652718214,0.21627058980914593,-0.08497551646644297,0.23236567391750138,0.006746953262819488
2.0,628.0,0.01095285489736943,-181.69661660066666,-0.23439656025935943,-181.63708046292936,-0.4485642127978917,-181.55386129172817,0.2141676525385323,-0.08321917120119338,0.22976773892189264,0.00703399433710583
2.0,633.0,-0.1038129653126207,-181.65998197587973,-0.34862261415241097,-181.60199357969847,-0.5637680945478185,-181.51970426671156,0.21514548039540754,-0.08228931298691577,0.2303456289284198,0.007028369415309044
2.0,638.0,-0.21796119903723632,-181.62419414025322,-0.46190957339631417,-181.5677699326267,-0.678755965023166,-181.48625802467114,0.21684639162685188,-0.08151190795555863,0.2316604167745139,0.0069368075654003825
2.0,643.0,-0.32983057640412133,-181.58974652718214,-0.5731928351753913,-181.53477961267595,-0.7926091184940941,-181.4537757377142,0.21941628331870278,-0.08100387496173767,0.2338912848829774,0.006817645726513444
2.0,648.0,-0.4485642127978917,-181.55386129172817,-0.691492905878594,-181.50038131375123,-0.9064211433819818,-181.42193320305464,0.21492823750338774,-0.0784481106965984,0.22879740677765212,0.007019837148506625
2.0,653.0,-0.5637680945478185,-181.51970426671156,-0.8064310244502931,-181.46761863772403,-1.0243057224432965,-181.3896089233279,0.2178746979930034,-0.07800971439613136,0.2314193154551029,0.006892725759392261
2.0,658.0,-0.678755965023166,-181.48625802467114,-0.9212860451079483,-181.4355242015509,-1.137685297450194,-181.3591503330988,0.21639925234224577,-0.07637386845209448,0.22948116305400926,0.006966873480644065
2.0,663.0,-0.7926091184940941,-181.4537757377142,-1.0351188583115531,-181.40434785015387,-1.2525686516665306,-181.32891451618354,0.2174497933549775,-0.0754333339703237,0.23016211787346938,0.006930892696842772
2.0,668.0,-0.9064211433819818,-181.42193320305464,-1.1490052776802684,-181.3737839838117,-1.3699058587121493,-181.29868170343923,0.22090058103188093,-0.07510228037247657,0.23331827878965822,0.006790466085293989
2.0,673.0,-1.0243057224432965,-181.3896089233279,-1.2670518441090985,-181.34276100144493,-1.4811894735071172,-181.27061348274725,0.21413762939801861,-0.0721475186976761,0.22596501671372649,0.007107436048729543
2.0,678.0,-1.137685297450194,-181.3591503330988,-1.38065612288816,-181.31353597870572,-1.6034753983838657,-181.24044190883197,0.22281927549570568,-0.073094069873747,0.23450196711997834,0.006738437402182384
2.0,683.0,-1.2525686516665306,-181.32891451618354,-1.4958256930921194,-181.284535541904,-1.7152463895726107,-181.21348203843826,0.21942069648049123,-0.07105350346574824,0.23063833679321602,0.00690811471185615
2.0,688.0,-1.3699058587121493,-181.29868170343923,-1.6135060973021265,-181.2555525446744,-1.8337150355849157,-181.185546032079,0.2202089382827892,-0.07000651259539836,0.23106901199728822,0.006893440384267978
2.0,693.0,-1.4811894735071172,-181.27061348274725,-1.7251554823687296,-181.22866082610787,-1.9517365629851984,-181.1583675090498,0.22658108061646876,-0.0702933170580593,0.23723434936018764,0.00663152705410841
2.0,698.0,-1.6034753983838657,-181.24044190883197,-1.8478799435377622,-181.19977472768704,-2.06550904557169,-181.1327810502326,0.21762910203392782,-0.06699367745443396,0.22770722182434727,0.007050656130498378
2.0,703.0,-1.7152463895726107,-181.21348203843826,-1.9607680585098195,-181.1731349742391,-2.18677928730004,-181.10548604694753,0.2260112287902203,-0.06764892729157168,0.23591831828615098,0.007092902421959035
2.0,708.0,-1.8337150355849157,-181.185546032079,-2.1098250774014726,-181.13547034660664,-2.3000255390225357,-181.07387934217465,0.19020046162106308,-0.06159100443198895,0.19992415418804896,0.011611568555397245
2.0,713.0,-1.9517365629851984,-181.1583675090498,-2.2711185742618434,-181.09317958995166,-2.4130658723301726,-181.03840424432929,0.14194729806832918,-0.054775345622374516,0.15214918309655717,0.017534753082352417
2.0,718.0,-2.06550904557169,-181.1327810502326,-2.422344482200207,-181.05122991872116,-2.5258389501194976,-181.00338252033728,0.1034944679192904,-0.047847398383879636,0.11401964050988196,0.019851872304376794
2.0,723.0,-2.18677928730004,-181.10548604694753,-2.5422590001784964,-181.01155088201435,-2.6460411273282967,-180.96548199002086,0.10378212714980029,-0.046068891993485295,0.11354766719419968,0.016918568338372797
2.0,728.0,-2.3000255390225357,-181.07387934217465,-2.5201759265330335,-180.99060921506955,-2.762230825597818,-180.92812602857936,0.2420548990647844,-0.062483186490197795,0.24998944528765968,-0.0032607743625092662
2.0,733.0,-2.4130658723301726,-181.03840424432929,-2.6467717594974736,-180.9525444846262,-2.875436408575302,-180.89108059093343,0.22866464907782857,-0.06146389369277472,0.2367811900590146,-0.0018407999739440406
2.0,738.0,-2.5258389501194976,-181.00338252033728,-2.7674769318897927,-180.9153250542555,-2.994235103603462,-180.85151504694346,0.2267581717136693,-0.06381000731204267,0.23556524674087403,-0.0002978193213074576
2.0,743.0,-2.6460411273282967,-180.96548199002086,-2.887289913178561,-180.87582903268188,-3.1093910327593437,-180.81248480333298,0.2221011195807825,-0.06334422934889972,0.2309575690702581,-0.0007140724482956884
2.0,748.0,-2.762230825597818,-180.92812602857936,-3.003461175287381,-180.83692432530248,-3.226465177642794,-180.77211488127364,0.22300400235541273,-0.06480944402883893,0.23223059467232163,-0.0007897717169131901
2.0,753.0,-2.875436408575302,-180.89108059093343,-3.1168075840866556,-180.79837636555783,-3.3393811925703036,-180.73251802979593,0.22257360848364804,-0.06585833576190225,0.232112756182765,-0.0008566461578047858
2.0,758.0,-2.994235103603462,-180.85151504694346,-3.2356335348884415,-180.7572653709372,-3.455166639671618,-180.69123669350742,0.21953310478317656,-0.06602867742978447,0.22924783606147237,-0.0010437589750993403
2.0,763.0,-3.1093910327593437,-180.81248480333298,-3.356770151845839,-180.71430827334353,-3.574455488945811,-180.64729424200434,0.21768533709997184,-0.06701403133919825,0.22776695630547336,-0.0005123179020856128
2.0,768.0,-3.226465177642794,-180.77211488127364,-3.521393179511812,-180.65422794229923,-3.6889531663683024,-180.59924186063358,0.16755998685649054,-0.054986081665646225,0.17635140592659984,0.0025626743612474634
2.0,773.0,-3.3393811925703036,-180.73251802979593,-3.7023566896479743,-180.58586312190042,-3.800816304353464,-180.55088098721407,0.0984596147054897,-0.034982134686345034,0.10448945150189595,0.0038707070287236074
2.0,778.0,-3.455166639671618,-180.69123669350742,-3.8893543407726314,-180.512171453814,-3.9181062535468953,-180.49904010440906,0.02875191277426392,-0.013131349404943649,0.03160861947908505,0.0037985825215134383
2.0,783.0,-3.574455488945811,-180.64729424200434,-4.053806061955173,-180.4375412426622,-4.0293081575423875,-180.4484310012244,-0.024497904412785765,0.010889758562200313,0.026809217858061493,-0.0022074819644948285
2.0,788.0,-3.6889531663683024,-180.59924186063358,-4.157369239344272,-180.37994287353175,-4.143345449085401,-180.3950407084979,-0.014023790258870683,0.015097834966155688,0.02060609894885661,-0.008397089559454951
2.0,793.0,-3.800816304353464,-180.55088098721407,-4.269891181355363,-180.32742680254367,-4.257391420155831,-180.34012979875104,-0.01249976119953189,0.012702996207366368,0.01782162009161028,-0.006690505885616371
2.0,798.0,-3.9181062535468953,-180.49904010440906,-4.385280439979466,-180.27023807976207,-4.370384372713478,-180.2842028207818,-0.01489606726598769,0.013964741019719895,0.020418296004825608,-0.006822738459292931
2.0,803.0,-4.0293081575423875,-180.4484310012244,-4.494280166695282,-180.21444867225478,-4.481430269692706,-180.2277392535243,-0.012849897002576327,0.013290581269529866,0.01848673587897004,-0.006762370762705138
2.0,808.0,-4.143345449085401,-180.3950407084979,-4.60605627710535,-180.1558095046561,-4.595307778656079,-180.16826608947767,-0.010748498449270727,0.012456584821563865,0.01645286371215633,-0.006623433779112009
2.0,813.0,-4.257391420155831,-180.34012979875104,-4.717739635831136,-180.09567207877768,-4.698123411038734,-180.1131796457956,-0.01961622479240166,0.01750756701792966,0.0262927970743573,-0.007546965593884458
2.0,818.0,-4.370384372713478,-180.2842028207818,-4.828285505425776,-180.0345838601227,-4.818712051650852,-180.04686318598556,-0.009573453774923912,0.012279325862863288,0.015570255644240017,-0.006614923821526287
2.0,823.0,-4.481430269692706,-180.2277392535243,-4.971025552393952,-179.95895063344196,-4.928676681317219,-179.98552793577116,-0.04234887107673302,0.026577302329201302,0.049997798757260535,-0.005411362011332965
2.0,828.0,-4.595307778656079,-180.16826608947767,-5.161188556479889,-179.86894685165055,-5.042079661939379,-179.92871865872064,-0.11910889454050988,0.05977180707009211,0.1332651405247697,-0.0015917865173187273
2.0,833.0,-4.698123411038734,-180.1131796457956,-5.336282192476481,-179.79497187578633,-5.155447562020141,-179.8812736994053,-0.18083463045633952,0.08630182361898164,0.20037257380251094,6.032967772728881e-05
2.0,838.0,-4.818712051650852,-180.04686318598556,-5.5222580292682695,-179.71998645284896,-5.2729999066150555,-179.83865177618762,-0.249258122653214,0.11866532333866076,0.27606352651459337,-0.000939643897789111
2.0,843.0,-4.928676681317219,-179.98552793577116,-5.430028788897866,-179.76665977355026,-5.386536117338007,-179.79775800616764,-0.04349267155985892,0.031098232617381427,0.05346692951104007,-0.007717168402603392
2.0,848.0,-5.042079661939379,-179.92871865872064,-5.51046166349589,-179.74647641705386,-5.511126321465125,-179.75422903182394,0.000664657969235094,0.00775261477008371,0.007781054298061915,-0.0035842930321274835
2.0,853.0,-5.155447562020141,-179.8812736994053,-5.666161839792393,-179.7112755066673,-5.650692727911267,-179.707473996257,-0.015469111881126096,-0.003801510410312403,0.015929372360219032,0.011763236690935486
2.0,858.0,-5.2729999066150555,-179.83865177618762,-5.785624630672149,-179.6787814943909,-5.801199319290907,-179.65933016256125,0.015574688618758437,-0.019451331829657192,0.02491837144595767,0.013519784887769948
2.0,863.0,-5.386536117338007,-179.79775800616764,-6.077167452514805,-179.58964695840012,-6.006632672129989,-179.59734322816627,-0.07053478038481664,0.007696269766142905,0.0709534200179777,0.019266514309638882
2.0,868.0,-5.511126321465125,-179.75422903182394,-6.250969917489702,-179.54120883396803,-6.218203279597089,-179.53794380657342,-0.032766637892613026,-0.003265027394604658,0.032928907705436314,0.015179389974853574
2.0,873.0,-5.650692727911267,-179.707473996257,-6.48100024573107,-179.4810611737615,-6.48947699582815,-179.4682031253903,0.008476750097080377,-0.012858048371214181,0.015400801931225394,0.010050115472306498
2.0,878.0,-5.801199319290907,-179.65933016256125,-6.759161761344588,-179.4140266230016,-6.781773071088483,-179.40095102331722,0.022611309743894914,-0.013075599684384542,0.026119774796897356,0.0064080218684869905
2.0,883.0,-6.006632672129989,-179.59734322816627,-7.134097561267185,-179.33191446283226,-7.087087055809218,-179.33868286465227,-0.047010505457967255,0.0067684018200111495,0.04749525120062741,0.008033450719173274
2.0,888.0,-6.218203279597089,-179.53794380657342,-7.358841068811021,-179.2732178811542,-7.43877355672398,-179.25895043128668,0.07993248791295926,-0.014267449867531923,0.08119582963230262,-0.003755000959197563
2.0,893.0,-6.48947699582815,-179.4682031253903,-7.533159122696509,-179.2176979285373,-7.811483970807901,-179.1458788090166,0.27832484811139135,-0.07181911952068276,0.28744165843689945,0.002657931121870849
2.0,898.0,-6.781773071088483,-179.40095102331722,-7.661166052649774,-179.1652374893898,-8.197893571671381,-178.99640983686487,0.536727519021607,-0.16882765252492504,0.5626537176027244,0.0235155193034724
2.0,903.0,-7.087087055809218,-179.33868286465227,-7.861423889674703,-179.09290885989623,-8.56575195129835,-178.8405339841477,0.7043280616236478,-0.25237487574852935,0.7481785190043955,0.04099888884536895
2.0,908.0,-7.43877355672398,-179.25895043128668,-8.845476343739826,-178.7311914952932,-8.981307456701517,-178.64718903851497,0.13583111296169115,-0.08400245677822227,0.15970755772094444,0.020013541730427686
2.0,913.0,-7.811483970807901,-179.1458788090166,-9.455281559845488,-178.43164144713003,-9.374202637256829,-178.44563044064626,-0.08107892258865945,0.013988993516221626,0.08227687176682595,0.0025544820520173595
2.0,918.0,-8.197893571671381,-178.99640983686487,-9.832168662245218,-178.20520164469923,-9.769497651492767,-178.22362369654076,-0.0626710107524513,0.0184220518415259,0.06532248910433323,-0.0005807863934403911
2.0,923.0,-8.56575195129835,-178.8405339841477,-10.182113398942096,-177.98895500625062,-10.174353991244155,-177.97540376277425,-0.007759407697941256,-0.013551243476371155,0.015615524569439281,0.004417312460871958
2.0,928.0,-8.981307456701517,-178.64718903851497,-10.573161896082095,-177.7272682595602,-10.571962802973575,-177.70893711812835,-0.0011990931085197332,-0.01833114143184389,0.018370317647693608,0.005133835553135402
2.0,933.0,-9.374202637256829,-178.44563044064626,-10.937370773842275,-177.46195127459305,-10.959495308082197,-177.4254654880868,0.022124534239921445,-0.036485786506261775,0.04266975078804621,0.007816215613768218
2.0,938.0,-9.769497651492767,-178.22362369654076,-11.299358295453485,-177.17712636372607,-11.340210436458044,-177.12211240984877,0.04085214100455836,-0.055013953877306676,0.06852322632415045,0.010581971070674268
2.0,943.0,-10.174353991244155,-177.97540376277425,-11.670077368618147,-176.86420528298316,-11.709779535832213,-176.8026170320313,0.03970216721406672,-0.06158825095187126,0.07327601747368907,0.012859269876743351
2.0,948.0,-10.571962802973575,-177.70893711812835,-12.01488559577035,-176.5756590305467,-12.091983346160362,-176.481292486176,0.07709775039001165,-0.09436654437070047,0.12185691532148646,0.014159717528350326
2.0,953.0,-10.959495308082197,-177.4254654880868,-12.334593762556528,-176.32417286710134,-12.507515463001397,-176.1796299617747,0.17292170044486888,-0.14454290532663094,0.2253764982534966,-0.004313150656283238
2.0,958.0,-11.340210436458044,-177.12211240984877,-12.660263224098436,-176.08386643590663,-12.92697288255214,-175.92249666802155,0.26670965845370453,-0.16136976788507695,0.31172783626069606,-0.03359543329410419
2.0,963.0,-11.709779535832213,-176.8026170320313,-12.960464602044931,-175.89368018470725,-13.366624389281629,-175.67770082530467,0.40615978723669777,-0.2159793594025814,0.4600139741965553,-0.04868690810762245
2.0,968.0,-12.091983346160362,-176.481292486176,-13.534361581930543,-175.5090997793791,-13.840472230216214,-175.4397894497216,0.3061106482856708,-0.06931032965752593,0.3138592850165637,-0.06297729893665815
2.0,973.0,-12.507515463001397,-176.1796299617747,-14.080632042529372,-175.27760481265827,-14.286606490247067,-175.23981164753658,0.20597444771769524,-0.03779316512168407,0.2094129805970118,-0.039248652857499344
2.0,978.0,-12.92697288255214,-175.92249666802155,-14.541455001324369,-175.0963260228651,-14.774452131951136,-175.04628000385162,0.2329971306267673,-0.050046019013478826,0.23831128151936987,-0.03731035748100542
2.0,983.0,-13.366624389281629,-175.67770082530467,-15.01829394691846,-174.91993539022099,-15.281773333751929,-174.87136368656496,0.2634793868334686,-0.048571703656023146,0.267919013289817,-0.04017518123799312
2.0,988.0,-13.840472230216214,-175.4397894497216,-15.526556285856627,-174.75715209267153,-15.743307292826334,-174.734562352114,0.21675100696970695,-0.022589740557521054,0.21792497654201562,-0.03608892311138768
2.0,993.0,-14.286606490247067,-175.23981164753658,-16.001146669313023,-174.62827282742003,-16.26492420714872,-174.60456131882012,0.263777537835697,-0.023711508599916442,0.26484113182575414,-0.040253810709524274
2.0,998.0,-14.774452131951136,-175.04628000385162,-16.516016272195472,-174.51242992688208,-16.794583500944114,-174.49835432161265,0.27856722874864204,-0.01407560526942575,0.2789226121998698,-0.041552711860473046
2.0,1003.0,-15.281773333751929,-174.87136368656496,-17.05848372254051,-174.41037859341435,-17.292722154676603,-174.42043654408778,0.23423843213609175,0.01005795067342774,0.23445427157832624,-0.04218146564812164
2.0,1008.0,-15.743307292826334,-174.734562352114,-17.514414487442263,-174.33040625707628,-17.8087477305104,-174.3326763843984,0.294333243068138,0.0022701273221343854,0.29434199743337053,-0.035908526263483065
2.0,1013.0,-16.26492420714872,-174.60456131882012,-18.0185436420579,-174.25225744716064,-18.299177668049296,-174.21535638344707,0.28063402599139664,-0.0369010637135716,0.28304972186407984,0.00550889947290667
2.0,1018.0,-16.794583500944114,-174.49835432161265,-18.53393207163688,-174.1803619945283,-18.76336507909614,-174.08844422067597,0.2294330074592601,-0.09191777385234445,0.24716064019534267,0.04611867662866188
2.0,1023.0,-17.292722154676603,-174.42043654408778,-18.980546513162583,-174.143090588744,-19.19583030158551,-173.96260465892792,0.2152837884229264,-0.18048592981608635,0.28093109550084444,0.08578341922697551
2.0,1028.0,-17.8087477305104,-174.3326763843984,-19.905138790491975,-173.8466397354901,-19.592045959303753,-173.83931503652295,-0.3130928311882215,-0.007324698967153154,0.3131784988731116,0.036086368574100636
2.0,1033.0,-18.299177668049296,-174.21535638344707,-20.22172629973432,-173.5991126180391,-19.951444815688987,-173.72061655213454,-0.27028148404533425,0.12150393409544336,0.29633644159707745,-0.03048192424949292
2.0,1038.0,-18.76336507909614,-174.08844422067597,-20.67984218451398,-173.44046765183518,-20.27112053910552,-173.60954276571692,-0.408721645408459,0.16907511388174612,0.44231185554936636,-0.0320634408940057
2.0,1043.0,-19.19583030158551,-173.96260465892792,-21.054130874775424,-173.29214345431834,-20.5648629368297,-173.50285497211192,-0.48926793794572276,0.21071151779358388,0.5327123603151473,-0.03794530454121237
2.0,1048.0,-19.592045959303753,-173.83931503652295,-21.358529653893335,-173.15831660017898,-20.834994247814983,-173.40077028674568,-0.5235354060783521,0.24245368656670507,0.5769515677657971,-0.045463041429791844
2.0,1053.0,-19.951444815688987,-173.72061655213454,-21.597553551216436,-173.0467994829058,-21.08225688658352,-173.30395226426617,-0.5152966646329169,0.2571527813603609,0.5758977387897771,-0.05184898961899842
2.0,1058.0,-20.27112053910552,-173.60954276571692,-21.77657528910855,-172.9599761509052,-21.316938372289147,-173.20903273385287,-0.45963691681940233,0.24905658294767363,0.5227765075180958,-0.0558743564658477
2.0,1063.0,-20.5648629368297,-173.50285497211192,-21.896038766666678,-172.90234598744618,-21.52336028088404,-173.12360345423434,-0.37267848578263596,0.22125746678815972,0.43340987572360645,-0.05661933888710679
2.0,1068.0,-20.834994247814983,-173.40077028674568,-21.957275077838716,-172.89508038798806,-21.73090810206162,-173.04758737417365,-0.22636697577709697,0.15250698618558545,0.2729475930611574,-0.04624752953533263
2.0,1073.0,-21.08225688658352,-173.30395226426617,-22.061406835945878,-172.8877210417109,-21.91796891312579,-172.99385201026433,-0.1434379228200875,0.10613096855342974,0.17843267690933315,-0.038257589183701146
2.0,1078.0,-21.316938372289147,-173.20903273385287,-22.250024013833308,-172.85025693532336,-22.09452875472072,-172.94801770645134,-0.15549525911258755,0.0977607711279802,0.1836734710785095,-0.029586962977996567
2.0,1083.0,-21.52336028088404,-173.12360345423434,-22.30816221695669,-172.85772879024086,-22.266948418439565,-172.90530228480924,-0.04121379851712348,0.04757349456838256,0.06294294697309599,-0.023011529234733707
2.0,1088.0,-21.73090810206162,-173.04758737417365,-22.553285620683628,-172.83139435510796,-22.435528682708284,-172.86615990767203,-0.11775693797534359,0.03476555256406755,0.1227816765092164,0.006009841958554585
2.0,1093.0,-21.91796891312579,-172.99385201026433,-22.79484321907884,-172.79819884006034,-22.58844578265894,-172.83295329838091,-0.20639743641989838,0.03475445832057744,0.20930306766472093,0.023982453066955234
2.0,1098.0,-22.09452875472072,-172.94801770645134,-22.91887685892996,-172.77438081766203,-22.75345204561001,-172.7995249810638,-0.16542481331994807,0.0251441634017624,0.16732482725260528,0.0198100757250752
2.0,1103.0,-22.266948418439565,-172.90530228480924,-23.056213015941534,-172.74995009995558,-22.895558840399577,-172.772713984121,-0.16065417554195704,0.022763884165414083,0.16225892438125655,0.01901062234043804
2.0,1108.0,-22.435528682708284,-172.86615990767203,-23.19647977180226,-172.7271706870593,-23.042590620933378,-172.74688839728597,-0.15388915086888133,0.019717710226672125,0.15514721670635387,0.018304093059490437
2.0,1113.0,-22.58844578265894,-172.83295329838091,-23.32539663237912,-172.70767771400998,-23.18267427445991,-172.72408341205448,-0.14272235791921162,0.0164056980445082,0.1436621675262737,0.017149331924605882
2.0,1118.0,-22.75345204561001,-172.7995249810638,-23.46723040668034,-172.68790200744508,-23.31853186674385,-172.70363503815224,-0.14869853993648974,0.015733030707167472,0.1495285391972934,0.017444151876165215
2.0,1123.0,-22.895558840399577,-172.772713984121,-23.584032874423762,-172.67181675224109,-23.446266429440982,-172.68567156929257,-0.13776644498278046,0.01385481705148095,0.13846136399271633,0.015701931222225962
2.0,1128.0,-23.042590620933378,-172.74688839728597,-23.703553931286248,-172.64466979424122,-23.578979594387107,-172.66218353775383,-0.12457433689914055,0.017513743512608926,0.1257994301484948,0.00822245318142567
2.0,1133.0,-23.18267427445991,-172.72408341205448,-23.810027593577153,-172.61300234288683,-23.7073251978368,-172.6298813747044,-0.102702395740355,0.01687903181758088,0.104080179697709,0.005109435474939694
2.0,1138.0,-23.31853186674385,-172.70363503815224,-23.915013788926064,-172.57829480014175,-23.82218208708211,-172.59440093536955,-0.09283170184395573,0.016106135227801133,0.09421853564570673,0.005113963632904728
2.0,1143.0,-23.446266429440982,-172.68567156929257,-24.03102725130531,-172.5440544775588,-23.95076756904012,-172.5539744666123,-0.08025968226518998,0.009919989053486233,0.08087040732017206,0.00790057045381154
2.0,1148.0,-23.578979594387107,-172.66218353775383,-24.121953887560004,-172.51533717078482,-24.072585074173872,-172.51454029286916,-0.049368813386131194,-0.0007968779156612982,0.049375244298809455,0.010026696458937945
2.0,1153.0,-23.7073251978368,-172.6298813747044,-24.20820528782732,-172.46460648684777,-24.185292503938115,-172.4766768533278,-0.022912783889204036,0.01207036648003168,0.025897671951656976,-0.006118123076628734
2.0,1158.0,-23.82218208708211,-172.59440093536955,-24.31611099646126,-172.42223401477145,-24.30725812161002,-172.43424305104554,-0.008852874851239534,0.012009036274093887,0.014919461966311392,-0.008538246246039716
2.0,1163.0,-23.95076756904012,-172.5539744666123,-24.435735238824005,-172.38174043088085,-24.425104926131805,-172.39178488652206,-0.01063031269220005,0.01004445564120715,0.014625137163873973,-0.006799302045221278
2.0,1168.0,-24.072585074173872,-172.51454029286916,-24.55143638998721,-172.33864888747746,-24.547903925803457,-172.3459852293401,-0.003532464183752637,0.0073363418626399834,0.008142494404973152,-0.006531141979118526
2.0,1173.0,-24.185292503938115,-172.4766768533278,-24.679871987115575,-172.2889473600114,-24.685371215453145,-172.29279222554715,0.0054992283375696616,0.0038448655357399275,0.00671003005184402,-0.006056118055016935
2.0,1178.0,-24.30725812161002,-172.43424305104554,-24.833784716193954,-172.2260445378295,-24.839052468616458,-172.23087003077387,0.005267752422504657,0.004825492944377174,0.00714385034424977,-0.007162194903600483
2.0,1183.0,-24.425104926131805,-172.39178488652206,-25.110839586290584,-172.10888378935724,-25.02205731233978,-172.15378992912233,-0.08878227395080529,0.04490613976508939,0.09949298244839976,-0.015914502505368855
2.0,1188.0,-24.547903925803457,-172.3459852293401,-25.287225399511424,-172.02876897459896,-25.229011283437803,-172.06215844443435,-0.05821411607362137,0.03338946983538449,0.06710990989504541,-0.013464225712702227
2.0,1193.0,-24.685371215453145,-172.29279222554715,-25.53423005463549,-171.910699730247,-25.468344667234756,-171.95004846428998,-0.06588538740073346,0.039348734042988553,0.0767411698095004,-0.014500039356683203
2.0,1198.0,-24.839052468616458,-172.23087003077387,-25.848316798245225,-171.75134974487207,-25.735224368359273,-171.8170412375917,-0.11309242988595258,0.0656914927196226,0.13078711677088586,-0.0183237808094745
2.0,1203.0,-25.02205731233978,-172.15378992912233,-26.195625642079627,-171.5635878995432,-26.0127398433013,-171.66945449268857,-0.1828857987783259,0.10586659314537883,0.2113171808892866,-0.022865849666743987
2.0,1208.0,-25.229011283437803,-172.06215844443435,-26.53840478165122,-171.36443404766504,-26.330069243483404,-171.48855502111127,-0.20833553816781603,0.12412097344622453,0.24250713909679425,-0.0226816346877583
2.0,1213.0,-25.468344667234756,-171.95004846428998,-26.8645760077778,-171.16011154474845,-26.634926883963246,-171.30195601439382,-0.2296491238145535,0.14184446964537756,0.26992327361265195,-0.02255391184627875
2.0,1218.0,-25.735224368359273,-171.8170412375917,-27.173284326372585,-170.95141427871513,-26.97392615704308,-171.0787886875679,-0.19935816932950345,0.1273744088527735,0.23657539962769686,-0.01789458211109718
2.0,1223.0,-26.0127398433013,-171.66945449268857,-27.466093042098496,-170.73868762387184,-27.309817184079197,-170.8402645069975,-0.1562758580192991,0.10157688312565938,0.18638671354254838,-0.012300927911674364
2.0,1228.0,-26.330069243483404,-171.48855502111127,-27.78228332576779,-170.49179603383462,-27.646533393711533,-170.58242535158644,-0.13574993205625674,0.09062931775181937,0.16322290675465428,-0.009273043340158882
2.0,1233.0,-26.634926883963246,-171.30195601439382,-28.0746375363549,-170.24658948067318,-27.98260106851779,-170.30469837217356,-0.09203646783710795,0.05810889150038179,0.10884555426536331,-0.0038197921343505747
2.0,1238.0,-26.97392615704308,-171.0787886875679,-28.39076698144846,-169.96160507810436,-28.308228438898272,-170.01433485729902,-0.08253854255018922,0.052729779194663706,0.09794406883638941,-0.0022356418281588297
2.0,1243.0,-27.309817184079197,-170.8402645069975,-28.698813061095386,-169.66267133760684,-28.63901624346916,-169.69610307474764,-0.05979681762622491,0.03343173714080194,0.06850795900094876,0.0008827685784202899
2.0,1248.0,-27.646533393711533,-170.58242535158644,-29.02154662340239,-169.33211665837894,-28.96060941980924,-169.38561635291126,-0.06093720359314858,0.05349969453232006,0.0810898273324367,-0.010676933645087592
2.0,1253.0,-27.98260106851779,-170.30469837217356,-29.35003934727208,-168.97494908621474,-29.314681562980137,-169.03793117064123,-0.035357784291942806,0.06298208442649411,0.07222822072252362,-0.025075458846370413
2.0,1258.0,-28.308228438898272,-170.01433485729902,-29.669085564736836,-168.60460719271384,-29.645390904262573,-168.69740129242612,-0.02369466047426272,0.09279409971227892,0.09577150868814248,-0.037986061445188124
2.0,1263.0,-28.63901624346916,-169.69610307474764,-29.98022875064906,-168.21945880108024,-29.967620539213044,-168.35162540264224,-0.012608211436017314,0.13216660156200533,0.13276662820176305,-0.050833727616152125
2.0,1268.0,-28.96060941980924,-169.38561635291126,-30.304192828583176,-167.8822946543903,-30.2830373577928,-167.999113082808,-0.02115547079037583,0.11681842841770163,0.11871857126138323,-0.042454008004043864
2.0,1273.0,-29.314681562980137,-169.03793117064123,-30.628805289364816,-167.5015672384338,-30.619498155486262,-167.60672351962594,-0.009307133878554197,0.10515628119213716,0.10556735392721155,-0.04170696737569157
2.0,1278.0,-29.645390904262573,-168.69740129242612,-30.92994519397974,-167.13033847905692,-30.927972697335022,-167.2308815504106,-0.0019724966447185466,0.1005430713536839,0.10056241813045964,-0.041834753764753874
2.0,1283.0,-29.967620539213044,-168.35162540264224,-31.2227745035677,-166.75565808249004,-31.23825523449555,-166.83608735569044,0.015480730927851738,0.08042927320039439,0.0819055615792006,-0.04071120394112793
2.0,1288.0,-30.2830373577928,-167.999113082808,-31.507687009718243,-166.37534392883916,-31.528914067315082,-166.44975032198178,0.02122705759683896,0.07440639314262398,0.07737505615322188,-0.040370814949906464
2.0,1293.0,-30.619498155486262,-167.60672351962594,-31.80971367003632,-165.95373492007485,-31.83119379850535,-166.02950274308802,0.02148012846902958,0.07576782301316598,0.07875378672292818,-0.0404496084477306
2.0,1298.0,-30.927972697335022,-167.2308815504106,-32.08489544260345,-165.551472409923,-32.111794577697516,-165.62099850894165,0.026899135094069493,0.06952609901864548,0.07454825225020031,-0.0401382538535322
2.0,1303.0,-31.23825523449555,-166.83608735569044,-32.35619918664725,-165.13563718313736,-32.370189516293166,-165.22616260587034,0.013990329645913846,0.09052542273298059,0.09160011727386692,-0.04110309022243275
2.0,1308.0,-31.528914067315082,-166.44975032198178,-32.5913900151472,-164.75021280003273,-32.63382948884358,-164.76074122579402,0.042439473696383345,0.010528425761293647,0.0437259268242205,-0.02170584541580789
2.0,1313.0,-31.83119379850535,-166.02950274308802,-32.82669540636466,-164.3389822342631,-32.86013187880453,-164.30664339476257,0.03343647243987391,-0.03233883950053951,0.04651664464967461,-0.0032535100640425085
2.0,1318.0,-32.111794577697516,-165.62099850894165,-33.03630244441112,-163.94577674911898,-33.07367630244992,-163.82861855800905,0.03737385803879789,-0.11715819110992243,0.12297498529722753,0.0157442415136182
2.0,1323.0,-32.370189516293166,-165.22616260587034,-33.224983872619596,-163.5483697857231,-33.258132945854356,-163.36147147736523,0.03314907323476035,-0.18689830835788257,0.18981527526350894,0.029818395313447432
2.0,1328.0,-32.63382948884358,-164.76074122579402,-33.40006351503532,-163.03408900640696,-33.424133118543345,-162.88167423545585,0.024069603508024784,-0.15241477095111122,0.15430362347369947,0.02065084186051691
2.0,1333.0,-32.86013187880453,-164.30664339476257,-33.544867741813704,-162.54520663861962,-33.563085340896365,-162.41915453797836,0.01821759908266074,-0.12605210064126027,0.12736174069323553,0.013341020033115658
2.0,1338.0,-33.07367630244992,-163.82861855800905,-33.67180212165382,-162.03924719639144,-33.68536097446537,-161.9420476451161,0.013558852811549116,-0.09719955127533808,0.09814069114130149,0.006507028263141202
2.0,1343.0,-33.258132945854356,-163.36147147736523,-33.76377913865864,-161.5683046039746,-33.7800808614004,-161.49888871309201,0.01630172274175834,-0.06941589088259548,0.07130436221840543,-0.0009715209943410575
2.0,1348.0,-33.424133118543345,-162.88167423545585,-33.850714902062954,-161.0717982675505,-33.85845930530889,-161.0459180955436,0.007744403245936837,-0.025880172006878865,0.027014053467432717,-0.005036579959746046
2.0,1353.0,-33.563085340896365,-162.41915453797836,-33.914007400062026,-160.60030413174619,-33.92004332043259,-160.5807128761541,0.00603592037056444,-0.01959125559207564,0.02049999098521338,-0.005481982323755519
2.0,1358.0,-33.68536097446537,-161.9420476451161,-33.95864409346827,-160.1181793338743,-33.96087922092603,-160.14069820980296,0.0022351274577587787,0.02251887592865387,0.02262952867035754,-0.009057330577188605
2.0,1363.0,-33.7800808614004,-161.49888871309201,-33.98241390981708,-159.6697276765116,-33.98439465646962,-159.7175717635363,0.0019807466525350037,0.0478440870247141,0.04788507095671829,-0.010645941276565596
2.0,1368.0,-33.85845930530889,-161.0459180955436,-33.99901221953223,-159.19260933557126,-34.00764111846229,-159.2927863227884,0.008628898930055584,0.10017698721713941,0.10054793217489869,-0.01913865677496407
2.0,1373.0,-33.92004332043259,-160.5807128761541,-34.007929499978694,-158.68800746602741,-34.048924077358954,-158.85995240419322,0.040994577380260466,0.17194493816580803,0.1767642982489103,-0.046853990847953275
2.0,1378.0,-33.96087922092603,-160.14069820980296,-34.00926071283505,-158.19005134028964,-34.087141432121335,-158.4611231107663,0.07788071928628426,0.2710717704766523,0.28203778325943474,-0.06960938086843305
2.0,1383.0,-33.98439465646962,-159.7175717635363,-34.00087168401982,-157.75366623674762,-34.12732924726131,-158.03277621981877,0.1264575632414875,0.27910998307115165,0.3064211121168928,-0.08833331963432833
2.0,1388.0,-34.00764111846229,-159.2927863227884,-34.13060997185451,-157.040153853095,-34.16470244598614,-157.63443346105302,0.03409247413162575,0.5942796079580148,0.5952567086788249,-0.04779815359020878
2.0,1393.0,-34.048924077358954,-158.85995240419322,-34.331702876650226,-156.60857172965672,-34.20193581575082,-157.23757932118752,-0.12976706089940393,0.629007591530808,0.6422538752688515,0.04026780126011565
2.0,1398.0,-34.087141432121335,-158.4611231107663,-34.32647513237978,-156.1779391680381,-34.239505777222696,-156.83713781746258,-0.08696935515708049,0.6591986494244679,0.6649109174464508,0.014609112743405372
2.0,1403.0,-34.12732924726131,-158.03277621981877,-34.36562063518648,-155.7603750658976,-34.27775994699698,-156.42940101077716,-0.08786068818950099,0.6690259448795643,0.674770490945719,0.014659444399096166
2.0,1408.0,-34.16470244598614,-157.63443346105302,-34.40269652917209,-155.3715554626203,-34.31577480370787,-156.02421287732514,-0.08692172546422228,0.6526574147048336,0.65842014498865,0.015052008479290002
2.0,1413.0,-34.20193581575082,-157.23757932118752,-34.43928303003893,-154.9831942443155,-34.35240690120564,-155.63376006499803,-0.0868761288332891,0.650565820682516,0.656340878508549,0.015190900486955929
2.0,1418.0,-34.239505777222696,-156.83713781746258,-34.4765555424166,-154.59075526647445,-34.38637567518119,-155.27169224764882,-0.09017986723540616,0.6809369811743693,0.6868825087199839,0.015497349611840018
2.0,1423.0,-34.27775994699698,-156.42940101077716,-34.514905531755595,-154.19106682697227,-34.42589216193142,-154.85100120734631,-0.08901336982417263,0.6599343803740396,0.6659104792741457,0.016002650808369934
2.0,1428.0,-34.31577480370787,-156.02421287732514,-34.55622491242544,-153.81258434617916,-34.47168878092718,-154.48212170198346,-0.08453613149826111,0.6695373558042945,0.6748530420366332,0.010601962272468679
2.0,1433.0,-34.35240690120564,-155.63376006499803,-34.6070154791925,-153.47950359005966,-34.53394591224446,-154.08671287343907,-0.07306956694803546,0.6072092833794045,0.6115899569450952,0.006656441047655948
2.0,1438.0,-34.38637567518119,-155.27169224764882,-34.67141803238365,-153.209841956678,-34.59894918187952,-153.7077079765431,-0.07246885050412999,0.49786601986511414,0.5031126196287669,0.014813245948649412
2.0,1443.0,-34.42589216193142,-154.85100120734631,-34.7632635033653,-152.92980433004087,-34.671395519358164,-153.32247729794133,-0.09186798400713769,0.3926729679004666,0.4032763149569989,0.032596941446372485
2.0,1448.0,-34.47168878092718,-154.48212170198346,-34.9043375921098,-152.57373698092368,-34.746875693787615,-152.95456365720977,-0.1574618983221825,0.380826676286091,0.4120961135394709,0.060037817963342725
2.0,1453.0,-34.53394591224446,-154.08671287343907,-34.99884352282186,-152.18729987760977,-34.834323739979034,-152.56149237594883,-0.16451978284282376,0.3741924983390561,0.4087625041021673,0.060333402895922594
2.0,1458.0,-34.59894918187952,-153.7077079765431,-35.092660812969825,-151.81729126860714,-34.91720351265311,-152.21528790201788,-0.17545730031671525,0.39799663341074165,0.4349558419434256,0.060793106381475503
2.0,1463.0,-34.671395519358164,-153.32247729794133,-35.196285738640675,-151.4426984795168,-35.01898191780946,-151.81855452291123,-0.177303820831213,0.37585604339443535,0.41557720129654196,0.060171358272980584
2.0,1468.0,-34.746875693787615,-152.95456365720977,-35.30139378177624,-151.08538230956805,-35.11997830482156,-151.4500608151525,-0.18141547695468319,0.3646785055844646,0.4073106771421706,0.060157818682380126
2.0,1473.0,-34.834323739979034,-152.56149237594883,-35.42022143293142,-150.70419689115792,-35.225997102664884,-151.08421284134468,-0.19422433026653607,0.3800159501867597,0.4267730226523583,0.06179170117698707
2.0,1478.0,-34.91720351265311,-152.21528790201788,-35.530505523360944,-150.3690760292374,-35.3393182163877,-150.71505665989343,-0.19118730697324082,0.3459806306560438,0.39529126367380546,0.061107343720888885
2.0,1483.0,-35.01898191780946,-151.81855452291123,-35.66330569699763,-149.98593565823475,-35.452843933003095,-150.36426219139736,-0.21046176399453742,0.3783265331626069,0.43292622904893335,0.06342668298438925
2.0,1488.0,-35.11997830482156,-151.4500608151525,-35.785688490840975,-149.64527362369984,-35.58448689066462,-150.00545269250404,-0.20120160017635413,0.36017906880420014,0.41256641346356127,0.05450139500591277
2.0,1493.0,-35.225997102664884,-151.08421284134468,-35.906494660513516,-149.33666863347065,-35.73778362152933,-149.64856682857777,-0.16871103898418482,0.31189819510711914,0.3546038617756464,0.03765192958042473
2.0,1498.0,-35.3393182163877,-150.71505665989343,-36.02498091095192,-149.03541187065903,-35.89932558649124,-149.30170002829672,-0.12565532446068062,0.266288157637689,0.2944463337577726,0.02068128362314114
2.0,1503.0,-35.452843933003095,-150.36426219139736,-36.13735480657045,-148.78305602126485,-36.068877987999116,-148.96576958564407,-0.06847681857133381,0.18271356437921327,0.19512386140553975,0.005791069311411157
2.0,1508.0,-35.58448689066462,-150.00545269250404,-36.34754871016161,-148.4404563221172,-36.25527358652593,-148.62472119271655,-0.09227512363568025,0.1842648705993497,0.20607823994535468,0.013437844132257126
2.0,1513.0,-35.73778362152933,-149.64856682857777,-36.55322484055478,-148.11119901272588,-36.4331176361693,-148.322396040099,-0.12010720438548361,0.2111970273731174,0.24296074768681802,0.017765415442758226
8.0,3.0,17.43755701009452,53.69799566742051,17.64766399231338,53.60331613884045,17.577371822245027,53.63457342428753,0.07029217006835253,-0.03125728544708295,0.07692858419624411,-0.001999671519546331
8.0,8.0,17.444273832046132,53.694930163274805,17.66310875518881,53.595756968434024,17.669532783251498,53.59219515281155,-0.006424028062689047,0.003561815622475706,0.007345384066114473,0.0011593393992485601
8.0,13.0,17.4640117287252,53.68602538198206,17.697261163689536,53.579411308925415,17.798740763921028,53.53196796743349,-0.10147960023149238,0.047443341491927526,0.1120222295576336,0.005057278396752296
8.0,18.0,17.507417783217154,53.66641795389322,17.766059071634466,53.546300066251796,17.97738911461264,53.44711522834221,-0.21133004297817592,0.09918483790958277,0.23344810801612398,0.009143348423641506
8.0,23.0,17.577371822245027,53.63457342428753,17.87532792385519,53.493005180896276,18.18522500933152,53.34606263807303,-0.309897085476333,0.14694254282324692,0.3429698448524117,0.012002893066166751
8.0,28.0,17.669532783251498,53.59219515281155,18.026450559076398,53.41765341182399,18.4275747420507,53.22500708584235,-0.4011241829743035,0.19264632598164155,0.4449867605682527,0.01350374311501634
8.0,33.0,17.798740763921028,53.53196796743349,18.272406543454533,53.29025510792101,18.70102005711647,53.084174721708756,-0.42861351366193645,0.20608038621225688,0.47558245307730174,0.008911634062647278
8.0,38.0,17.97738911461264,53.44711522834221,18.786814556016022,53.00392018039278,19.001004892346383,52.924391881449466,-0.21419033633036122,0.07952829894331614,0.22847811823045705,-0.016973067573232914
8.0,43.0,18.18522500933152,53.34606263807303,19.393266554648584,52.65838993889071,19.29941495614997,52.76676719854363,0.09385159849861324,-0.10837725965292577,0.1433658011892048,-0.038435899995582945
8.0,48.0,18.4275747420507,53.22500708584235,19.795826811221534,52.45148109764954,19.66686653783445,52.600067190142504,0.12896027338708294,-0.1485860924929625,0.19674495926045574,-0.051595031711817896
8.0,53.0,18.70102005711647,53.084174721708756,20.134160923228006,52.3068312131743,20.025431378033304,52.44737018972996,0.10872954519470213,-0.1405389765556606,0.17768882331075103,-0.04931050428740518
8.0,58.0,19.001004892346383,52.924391881449466,20.428308110292324,52.2393078386626,20.405444857242003,52.29160376807168,0.02286325305032122,-0.0522959294090839,0.057075323676724854,-0.01752941463516383
8.0,63.0,19.29941495614997,52.76676719854363,20.84100514326429,52.13278989041901,20.805806442966123,52.13552004213676,0.035198700298167296,-0.002730151717749152,0.03530442225957155,0.016979141177097312
8.0,68.0,19.66686653783445,52.600067190142504,21.347783513757427,52.00746002793314,21.23601570862549,51.97701075814154,0.11176780513193663,0.03044926979160323,0.11584127198391946,0.04634340263423909
8.0,73.0,20.025431378033304,52.44737018972996,21.75134047390986,51.86083969455823,21.661385247953223,51.82945140440826,0.0899552259566363,0.03138829014996958,0.09527416982292823,0.0412367652932118
8.0,78.0,20.405444857242003,52.29160376807168,22.173120523806872,51.72115884393348,22.10275484698604,51.685781236437364,0.07036567682083117,0.03537760749611607,0.0787585143752909,0.038441276294333804
8.0,83.0,20.805806442966123,52.13552004213676,22.608966265945657,51.58830305980099,22.528435155348532,51.55617961568875,0.08053111059712492,0.032123444112244215,0.08670164609532417,0.038037489193299745
8.0,88.0,21.23601570862549,51.97701075814154,23.070218740205593,51.45770832440472,22.99942459612691,51.42287873615529,0.07079414407868256,0.03482958824942983,0.07889810551247785,0.036821037546812097
8.0,93.0,21.661385247953223,51.82945140440826,23.521121915333246,51.339887594852314,23.455254407421958,51.303796516937325,0.06586750791128893,0.036091077914989,0.0751072200491372,0.035948824683156744
8.0,98.0,22.10275484698604,51.685781236437364,23.984898711165734,51.22872988334537,23.949686913037482,51.18551665354183,0.035211798128251814,0.04321322980354125,0.055742748025895024,0.03406530612016176
8.0,103.0,22.528435155348532,51.55617961568875,24.33113492024941,51.13774257509273,24.407924283284952,51.07777578628647,-0.07678936303554096,0.05996678880625694,0.09743008793559783,0.024961732379146395
8.0,108.0,22.99942459612691,51.42287873615529,24.60207709212897,51.045302252213375,24.90191744879187,50.92531903704274,-0.29984035666290154,0.1199832151706346,0.3229554325389477,0.03150589825790995
8.0,113.0,23.455254407421958,51.303796516937325,24.856876163088437,50.93810932315414,25.323920887608054,50.75862216374538,-0.4670447245196172,0.17948715940875815,0.5003462951738826,0.04055070371708408
8.0,118.0,23.949686913037482,51.18551665354183,25.264814371090026,50.750243312534785,25.819153613245934,50.539165945145584,-0.5543392421559084,0.21107736738920124,0.5931657866211963,0.03422375566608915
8.0,123.0,24.407924283284952,51.07777578628647,26.097301573205968,50.43990754094953,26.250179164929342,50.3260763184316,-0.15287759172337445,0.11383122251792344,0.19060195505572278,0.029831566087095807
8.0,128.0,24.90191744879187,50.92531903704274,26.614001376194945,50.16792688627807,26.69823551314665,50.08021796150063,-0.08423413695170368,0.08770892477743786,0.12160692954602803,0.022679432904647134
8.0,133.0,25.323920887608054,50.75862216374538,27.001304801339355,49.92702431727524,27.139539614693344,49.81203246680404,-0.13823481335398924,0.11499185047119909,0.1798109821390308,0.023658979221898302
8.0,138.0,25.819153613245934,50.539165945145584,27.457979666761908,49.62908933233685,27.56074732327733,49.52997628753668,-0.10276765651542163,0.0991130448001698,0.1427746016462037,0.02015600846443133
8.0,143.0,26.250179164929342,50.3260763184316,27.857441795869782,49.346915666278676,27.96132291419959,49.235932771908914,-0.1038811183298094,0.11098289436976216,0.1520147676646636,0.02409842153575459
8.0,148.0,26.69823551314665,50.08021796150063,28.254103026849144,49.04317109340924,28.34226960969867,48.93074948786678,-0.08816658284952439,0.11242160554246539,0.14287044384374165,0.026918236838821996
8.0,153.0,27.139539614693344,49.81203246680404,28.619848734492276,48.73622424038233,28.721664941622784,48.59971884035575,-0.10181620713050776,0.13650540002657863,0.17029463958345464,0.03026890939248816
8.0,158.0,27.56074732327733,49.52997628753668,28.95364418208665,48.43009945252415,29.046497588567096,48.292318035511805,-0.09285340648044738,0.13778141701234858,0.16614895115213302,0.028809928493989553
8.0,163.0,27.96132291419959,49.235932771908914,29.22739981765676,48.14212357302665,29.351089568519928,47.992174685978895,-0.1236897508631678,0.14994888704775633,0.19438061424806052,0.022203798464717983
8.0,168.0,28.34226960969867,48.93074948786678,29.560985844782433,47.82682487694331,29.664458756954783,47.712573182972704,-0.1034729121723501,0.11425169397060841,0.1541430930291086,0.0056994279937383485
8.0,173.0,28.721664941622784,48.59971884035575,29.880073141496133,47.523327220645676,29.956279860564248,47.49224786691493,-0.07620671906811438,0.031079353730746107,0.08230060910738966,-0.030396990856002448
8.0,178.0,29.046497588567096,48.292318035511805,30.101955897108237,47.323535958336954,30.235681097480143,47.300305719879795,-0.13372520037190583,0.023230238457159658,0.1357279381456996,-0.057273371377962845
8.0,183.0,29.351089568519928,47.992174685978895,30.387289879190053,47.07665783608701,30.489517821041918,47.13427769688779,-0.10222794185186501,-0.057619860800784295,0.11734820175004837,-0.0729847450972172
8.0,188.0,29.664458756954783,47.712573182972704,30.704632415698267,46.9558340926459,30.72981072509241,46.98552724846618,-0.025178309394142673,-0.029693155820275763,0.038931102816570064,-0.021711346331476866
8.0,193.0,29.956279860564248,47.49224786691493,31.00257175975835,46.815608516877994,30.937892021646412,46.863193309925315,0.06467973811193772,-0.04758479304732077,0.08029807626329037,0.0028405820746197907
8.0,198.0,30.235681097480143,47.300305719879795,31.25716711862442,46.68123966637202,31.15795785413187,46.740051393478446,0.09920926449255063,-0.05881172710642346,0.11533125077962733,0.008449614632138003
8.0,203.0,30.489517821041918,47.13427769688779,31.48291452552069,46.566619610707626,31.35904007424826,46.63293792977286,0.12387445127243168,-0.06631831906523189,0.14050978301059308,0.012012053928964095
8.0,208.0,30.72981072509241,46.98552724846618,31.693756053277273,46.46554808113517,31.55135296417311,46.5351716513787,0.14240308910416388,-0.06962357024352883,0.15851208572176453,0.015119056011777987
8.0,213.0,30.937892021646412,46.863193309925315,31.87264204959753,46.38352838324069,31.731333923237926,46.447699997455146,0.1413081263596041,-0.06417161421445883,0.15519659353913404,0.015980502631843474
8.0,218.0,31.15795785413187,46.740051393478446,32.05898055016711,46.30155784524094,31.90265085047615,46.367955549911656,0.1563296996909571,-0.06639770467071315,0.16984590130763852,0.018221383820395343
8.0,223.0,31.35904007424826,46.63293792977286,32.20392118689393,46.230977432256786,32.06587049849823,46.29143754946676,0.13805068839570112,-0.060460117209970576,0.15070971547836703,0.012213927126983827
8.0,228.0,31.55135296417311,46.5351716513787,32.315763430563024,46.16417660150276,32.21427444820127,46.210997271740595,0.10148898236175086,-0.046820670237835316,0.11176846023071041,0.006860792504340074
8.0,233.0,31.731333923237926,46.447699997455146,32.40721340838772,46.10106412585012,32.35702930328607,46.1198631570887,0.050184105101649834,-0.01879903123857929,0.05358962567850719,0.008925012569018287
8.0,238.0,31.90265085047615,46.367955549911656,32.55490509823541,45.99941613794795,32.48799340161284,46.03117018416422,0.06691169662256868,-0.03175404621627109,0.07406412489198634,0.007148116298710816
8.0,243.0,32.06587049849823,46.29143754946676,32.62379911349594,45.965125095573974,32.61981861167891,45.940491573488394,0.003980501817032689,0.024633522085579784,0.0249530520188643,0.020651233708451566
8.0,248.0,32.21427444820127,46.210997271740595,32.72010819720437,45.87931095901629,32.73864761063618,45.85647955276885,-0.018539413431810203,0.02283140624743396,0.02941059267731528,0.008166745683782839
8.0,253.0,32.35702930328607,46.1198631570887,32.83417115227935,45.765071382959256,32.86490014959351,45.764695404784725,-0.03072899731415646,0.0003759781745316104,0.030731297328963493,-0.014014817486125764
8.0,258.0,32.48799340161284,46.03117018416422,32.95250403958039,45.68335336819654,32.980561928029815,45.67830154906001,-0.028057888449424695,0.0050518191365327425,0.028509050858080108,-0.009448841539395625
8.0,263.0,32.61981861167891,45.940491573488394,33.073331546673565,45.59380677963789,33.09499684318459,45.590590916518885,-0.021665296511024223,0.003215863119002904,0.021902667611749065,-0.008111721927156257
8.0,268.0,32.73864761063618,45.85647955276885,33.18256170943763,45.508949426393215,33.20505255979727,45.504079838760575,-0.02249085035963816,0.00486958763264056,0.023011980219259744,-0.0074650442036848785
8.0,273.0,32.86490014959351,45.764695404784725,33.29954938196207,45.41579429228376,33.31141563774916,45.418405788977296,-0.011866255787083446,-0.0026114966935324446,0.012150223923237887,-0.007987199186643812
8.0,278.0,32.980561928029815,45.67830154906001,33.40736153257998,45.3276680366715,33.421651481962066,45.32740422185909,-0.014289949382082057,0.00026381481240633775,0.014292384391616128,-0.007161035464067211
8.0,283.0,33.09499684318459,45.590590916518885,33.52164775159674,45.23399517278152,33.5240039441882,45.24393998490652,-0.0023561925914634685,-0.009944812124999203,0.010220123860775783,-0.009151681778786558
8.0,288.0,33.20505255979727,45.504079838760575,33.578647640918554,45.183137220191,33.634909668185436,45.16240026347484,-0.05626202726688234,0.02073695671616349,0.05996196366053609,-0.017277586064168626
8.0,293.0,33.31141563774916,45.418405788977296,33.579884948389896,45.177417274400156,33.73638124343743,45.088798222385535,-0.15649629504753193,0.0886190520146215,0.17984556359158366,-0.02267520825251801
8.0,298.0,33.421651481962066,45.32740422185909,33.541443873825,45.20885604565097,33.84956656184531,45.00628998184447,-0.30812268802030474,0.20256606380650055,0.36874462854246065,-0.02074429637356734
8.0,303.0,33.5240039441882,45.24393998490652,33.57815190798133,45.19269363212066,33.95073567433223,44.932527192889616,-0.37258376635089974,0.26016643923104255,0.45442847517555673,-0.010616796922091498
8.0,308.0,33.634909668185436,45.16240026347484,33.76050531225984,45.07609885038371,34.060278050807,44.852639299433605,-0.299772738547162,0.2234595509501034,0.3738955277706421,0.003925790017965891
8.0,313.0,33.73638124343743,45.088798222385535,33.84847445097623,45.010114266578206,34.16065079421053,44.77943868087324,-0.3121763432343059,0.23067558570496516,0.38815627666633434,0.0024119872135767158
8.0,318.0,33.84956656184531,45.00628998184447,33.961332596680975,44.92804354779664,34.26973101941626,44.699887693867645,-0.30839842273528717,0.22815585392899607,0.38362049062541265,0.0026193597627169884
8.0,323.0,33.95073567433223,44.932527192889616,34.06146189717711,44.855145228566805,34.37434366808538,44.62359485327991,-0.31288177090826963,0.23155037528689348,0.3892435983573733,0.0027315470515448803
8.0,328.0,34.060278050807,44.852639299433605,34.16945221639959,44.77639446482223,34.47670679293345,44.548942387794014,-0.30725457653385746,0.227452077028218,0.38228238534550674,0.002743902512330587
8.0,333.0,34.16065079421053,44.77943868087324,34.26833777914982,44.70422757817256,34.57985942466504,44.47371424296356,-0.31152164551522077,0.23051333520900386,0.3875333964107989,0.0027073602044002105
8.0,338.0,34.26973101941626,44.699887693867645,34.37639046733856,44.62545676511973,34.68012398585199,44.40059215958463,-0.30373351851343244,0.22486460553509602,0.3779128750003153,0.002739202479034031
8.0,343.0,34.37434366808538,44.62359485327991,34.51978255567977,44.52223541913534,34.78490426944969,44.326853801000446,-0.265121713769922,0.19538161813489552,0.32933797202465215,0.0013060049467231716
8.0,348.0,34.47670679293345,44.548942387794014,34.70531520943555,44.39256216634458,34.89495967252501,44.259285746214935,-0.18964446308946492,0.13327642012964702,0.23179220552698834,-0.004658127722627858
8.0,353.0,34.57985942466504,44.47371424296356,34.9302224380531,44.24024578231996,35.00494899166183,44.19450244585758,-0.07472655360872693,0.0457433364623796,0.08761569862158498,-0.0070696846327654725
8.0,358.0,34.68012398585199,44.40059215958463,35.18398247220309,44.078854325584686,35.1125331771239,44.13215510589315,0.07144929507919073,-0.053300780308461526,0.0891401982766706,-0.0012984373171974761
8.0,363.0,34.78490426944969,44.326853801000446,35.29224158734084,44.026057423225105,35.22096948990223,44.070848008014345,0.07127209743860874,-0.04479058478924003,0.08417783769532594,0.004303763112031733
8.0,368.0,34.89495967252501,44.259285746214935,35.458295923713855,43.94786984970083,35.33099120118859,44.01021844527413,0.1273047225252668,-0.062348595573297416,0.1417527415861781,0.01703359317598008
8.0,373.0,35.00494899166183,44.19450244585758,35.559484678745534,43.893900654518276,35.44305411897743,43.950044618911555,0.11643055976810501,-0.05614396439327862,0.12926028000011455,0.015132924904816767
8.0,378.0,35.1125331771239,44.13215510589315,35.66750888238913,43.838519828656686,35.55172766138329,43.89318626111919,0.11578122100583954,-0.05466643246250413,0.1280379239748153,0.014770914001763447
8.0,383.0,35.22096948990223,44.070848008014345,35.77852690897287,43.783500753727765,35.662492533134596,43.83672631344955,0.11603437583827514,-0.05322555972178833,0.12765945552083383,0.01476578278638996
8.0,388.0,35.33099120118859,44.01021844527413,35.89078303660823,43.729308637485374,35.77655237934453,43.780133846751546,0.11423065726369686,-0.05082520926617207,0.12502737682542317,0.014532499125227805
8.0,393.0,35.44305411897743,43.950044618911555,36.0050987311883,43.67562734267556,35.89102072706689,43.7248924606797,0.11407800412141,-0.049265118004136355,0.12426118813324583,0.014452684971997476
8.0,398.0,35.55172766138329,43.89318626111919,36.1159944636549,43.624994784325494,36.00324213036275,43.6722229900198,0.11275233329214984,-0.04722820569430297,0.12224398584767855,0.014268947019782374
8.0,403.0,35.662492533134596,43.83672631344955,36.212146100832676,43.57888370725557,36.112300067527634,43.62022922018176,0.09984603330504171,-0.04134551292619193,0.10806794994762046,0.012160972981583196
8.0,408.0,35.77655237934453,43.780133846751546,36.303166674326825,43.530660921278006,36.2256633710757,43.557395197624174,0.07750330325112742,-0.02673427634616843,0.08198465433597632,0.013899421887914376
8.0,413.0,35.89102072706689,43.7248924606797,36.37588662905387,43.48947125669114,36.33213117788388,43.492080333901946,0.04375545116999291,-0.0026090772108062765,0.04383316998554385,0.01879983135173202
8.0,418.0,36.00324213036275,43.6722229900198,36.43064414938112,43.45566124858523,36.439888782074185,43.42609458283484,-0.009244632693061305,0.029566665750387244,0.030978233604012025,0.020936995756234145
8.0,423.0,36.112300067527634,43.62022922018176,36.480265962426564,43.423178825592544,36.54287276070713,43.36255390087605,-0.06260679828056226,0.0606249247164925,0.08714925523389971,0.021095125227183986
8.0,428.0,36.2256633710757,43.557395197624174,36.44162918573593,43.41280834620087,36.651945065467665,43.294399581697334,-0.2103158797317377,0.11840876450353477,0.24135742122128404,-0.00011141299569861207
8.0,433.0,36.33213117788388,43.492080333901946,36.543428182363776,43.34722586551802,36.75413271303351,43.22977857882086,-0.21070453066973727,0.11744728669715698,0.2412265831065856,-0.0023469075966484616
8.0,438.0,36.439888782074185,43.42609458283484,36.661219591355234,43.27632549008677,36.86358800011787,43.159739150149285,-0.20236840876263784,0.11658633993748424,0.23354945413154085,-0.00022644715664743575
8.0,443.0,36.54287276070713,43.36255390087605,36.76316014181685,43.2116720499474,36.968490568646736,43.09180361252782,-0.20533042682988878,0.11986843741958353,0.2377583362819418,-0.00012485759520297623
8.0,448.0,36.651945065467665,43.294399581697334,36.87115899160946,43.14232872807316,37.071668801336315,43.02420516420042,-0.20050980972685295,0.11812356387274292,0.23271733957463667,-0.00045234343720101933
8.0,453.0,36.75413271303351,43.22977857882086,36.97270529413179,43.07647282519703,37.1699609627544,42.95908028523184,-0.1972556686226099,0.11739253996518784,0.22954478265303946,-0.0005970753200299496
8.0,458.0,36.86358800011787,43.159739150149285,37.08141613185117,43.00513771685814,37.28305725601848,42.883260873493235,-0.20164112416730973,0.12187684336490179,0.2356121981223579,-0.0003473231329738091
8.0,463.0,36.968490568646736,43.09180361252782,37.20381560754559,42.92307216183116,37.384292295477785,42.81196178619846,-0.18047668793219174,0.11111037563269832,0.2119371379919363,0.0007790110127522398
8.0,468.0,37.071668801336315,43.02420516420042,37.35726468256615,42.81812407932499,37.48415419957023,42.736000896404526,-0.1268895170040807,0.08212318292046206,0.15114617659245158,0.0037137505528757053
8.0,473.0,37.1699609627544,42.95908028523184,37.51599312032295,42.706546976628736,37.58562791369813,42.65773789779344,-0.06963479337517953,0.048809078835297726,0.08503723081776743,0.004864352753564337
8.0,478.0,37.28305725601848,42.883260873493235,37.715534765683046,42.56331808429734,37.681096900006544,42.58264031667786,0.034437865676501644,-0.019322232380517335,0.03948816603135023,0.002273005069392764
8.0,483.0,37.384292295477785,42.81196178619846,37.79115620815005,42.48734106321368,37.77441310078305,42.50762381686563,0.0167431073669988,-0.020282753651954977,0.026300603415297195,-0.006957528951828551
8.0,488.0,37.48415419957023,42.736000896404526,37.88726822749138,42.40632686573311,37.87850309433175,42.42204840654999,0.008765133159634786,-0.015721540816883817,0.01799984458163662,-0.007204808212199377
8.0,493.0,37.58562791369813,42.65773789779344,37.98703292363964,42.32376320778315,37.97476489095263,42.341088080038574,0.012268032687011043,-0.017324872255422008,0.021228655743505347,-0.006444880842472078
8.0,498.0,37.681096900006544,42.58264031667786,38.07901937366485,42.244371283518475,38.0720551880478,42.257431880047065,0.006964185617050589,-0.013060596528589485,0.014801319636820832,-0.005910499028395577
8.0,503.0,37.77441310078305,42.50762381686563,38.16885113600579,42.16517332843684,38.16440805260791,42.176271775496275,0.004443083397880798,-0.011098447059431749,0.011954769642763227,-0.005697118099048382
8.0,508.0,37.87850309433175,42.42204840654999,38.26902116751329,42.07497277856034,38.26124292584744,42.089287814959356,0.007778241665846508,-0.014315036399018766,0.016291755906517345,-0.006111677818928184
8.0,513.0,37.97476489095263,42.341088080038574,38.36155129557596,41.98976105877462,38.35319659352465,42.00485067746849,0.008354702051306617,-0.015089618693870932,0.01724811985964053,-0.006205950798964355
8.0,518.0,38.0720551880478,42.257431880047065,38.454967107040055,41.901832030365874,38.4450263389327,41.91868624209999,0.00994076810735578,-0.016854211734113278,0.019567404624593,-0.006420175121326644
8.0,523.0,38.16440805260791,42.176271775496275,38.5730799887089,41.79607572484671,38.53822177395374,41.8324619825849,0.03485821475516104,-0.036386257738193706,0.05038903539568096,-0.00568069583834918
8.0,528.0,38.26124292584744,42.089287814959356,38.66985818730023,41.71188677000484,38.63116904955413,41.75545616050639,0.03868913774609695,-0.04356939050155262,0.05826783991374012,-0.009094655284600071
8.0,533.0,38.35319659352465,42.00485067746849,38.721232282761356,41.67046698451524,38.72879698485925,41.68221938878773,-0.007564702097894838,-0.011752404272492356,0.013976541919015274,-0.014742293224459859
8.0,538.0,38.4450263389327,41.91868624209999,38.67932735129916,41.71427259600572,38.827918425765695,41.607814757931976,-0.14859107446653752,0.10645783807374443,0.18279107937329897,-0.013739845682374963
8.0,543.0,38.53822177395374,41.8324619825849,38.65092501067489,41.741378083765774,38.92286028909734,41.537020233968136,-0.271935278422454,0.20435784979763838,0.340163087980768,-0.015004305127475193
8.0,548.0,38.63116904955413,41.75545616050639,38.82953734050617,41.62273645843613,39.02696267592808,41.46031231443598,-0.19742533542191154,0.16242414400014837,0.255652822438234,0.001937901181963908
8.0,553.0,38.72879698485925,41.68221938878773,38.950673254796655,41.53854778476482,39.12418631681358,41.38948969985477,-0.17351306201692296,0.14905808491005246,0.2287467931306163,0.0075774429664381415
8.0,558.0,38.827918425765695,41.607814757931976,39.04203542076115,41.470369594999404,39.219919784374085,41.32050158624519,-0.17788436361293236,0.14986800875421125,0.23260108956307637,0.006734430667529655
8.0,563.0,38.92286028909734,41.537020233968136,39.13772236195241,41.40076149101425,39.320666366943634,41.2486969498768,-0.18294400499122077,0.15206454113744883,0.23789101209076954,0.0065540497241903806
8.0,568.0,39.02696267592808,41.46031231443598,39.242770889117025,41.32533021890887,39.41682388269831,41.180916845691776,-0.17405299358128445,0.14441337321709113,0.2261629212283603,0.007216537855158078
8.0,573.0,39.12418631681358,41.38948969985477,39.339306301795254,41.25654271074797,39.51318859975718,41.11372184378762,-0.17388229796192434,0.14282086696034924,0.22501745173169396,0.007224133333170291
8.0,578.0,39.219919784374085,41.32050158624519,39.43457386636941,41.18939432799683,39.617014811085575,41.042130368999594,-0.1824409447161628,0.147263958997236,0.23445974479314263,0.006778409014440712
8.0,583.0,39.320666366943634,41.2486969498768,39.53506039809861,41.119357163696684,39.7146804039409,40.97554623101718,-0.17962000584229543,0.14381093267950718,0.23009765504440932,0.006939333991453744
8.0,588.0,39.41682388269831,41.180916845691776,39.6311310631117,41.05314194743905,39.812870096038544,40.909336926392264,-0.18173903292684201,0.14380502104678783,0.23175193670701189,0.006846161246733096
8.0,593.0,39.51318859975718,41.11372184378762,39.72754414566981,40.987413773454115,39.91346308568933,40.84226158097967,-0.18591894001951914,0.14515219247444833,0.23587075112891986,0.006650638073239735
8.0,598.0,39.617014811085575,41.042130368999594,39.83155231488606,40.9173064274963,40.01001130231086,40.778592760324905,-0.17845898742479704,0.13871366717139466,0.22602896197792954,0.007063152694137709
8.0,603.0,39.7146804039409,40.97554623101718,39.929493587348134,40.852041548597086,40.11427724107974,40.710608591567734,-0.184783653731607,0.14143295702935177,0.2326978298576695,0.00676449669240986
8.0,608.0,39.812870096038544,40.909336926392264,40.0280469640942,40.78709550484572,40.21426373623866,40.64616111131876,-0.18621677214445498,0.1409343935269618,0.23353627021666762,0.006721398914244835
8.0,613.0,39.91346308568933,40.84226158097967,40.12908843398753,40.721259425886764,40.31658301184266,40.580959378189704,-0.18749457785512647,0.1403000476970604,0.2341758316070843,0.0066893642894828576
8.0,618.0,40.01001130231086,40.778592760324905,40.22612860954721,40.658735880586356,40.414771276293855,40.51909503105606,-0.1886426667466452,0.13964084953029499,0.23470326494283866,0.006664466167469185
8.0,623.0,40.11427724107974,40.710608591567734,40.33098242549531,40.59194814741087,40.51593380864477,40.456073515602,-0.18495138314946047,0.13587463180886772,0.22949712350723242,0.006889817180467883
8.0,628.0,40.21426373623866,40.64616111131876,40.431578746470635,40.528615289827194,40.62182481359176,40.39087523181305,-0.19024606712112302,0.13774005801414546,0.23487419959798692,0.006658221687688259
8.0,633.0,40.31658301184266,40.580959378189704,40.53456122101527,40.46452655724532,40.72417606246787,40.32859917780503,-0.18961484145260243,0.13592737944028954,0.2333024658690945,0.006729140359716724
8.0,638.0,40.414771276293855,40.51909503105606,40.63341641527448,40.40370880028285,40.826417227231815,40.2671112949656,-0.19300081195733299,0.13659750531724768,0.2364491316860464,0.006596650870608789
8.0,643.0,40.51593380864477,40.456073515602,40.73568665794245,40.340720112602554,40.92938990811658,40.20533826458847,-0.19370325017413137,0.13538184801408448,0.23632434047243375,0.006796332631699319
8.0,648.0,40.62182481359176,40.39087523181305,40.867512356553725,40.25671117409839,41.02943487562819,40.138545543347405,-0.16192251907446575,0.11816563075098685,0.20045452969239505,0.011020359803771473
8.0,653.0,40.72417606246787,40.32859917780503,41.006155329605335,40.16646531759214,41.12767341647078,40.068295255107365,-0.12151808686544285,0.09817006248477611,0.15621781781762975,0.01663128033699368
8.0,658.0,40.826417227231815,40.2671112949656,41.13885027483154,40.07768060739923,41.22424183972001,39.999228569191885,-0.085391564888468,0.07845203820734525,0.11595879290932705,0.01913974248746475
8.0,663.0,40.92938990811658,40.20533826458847,41.24465968361443,40.001048513314004,41.320839646078205,39.929551076650604,-0.07617996246377601,0.07149743666339958,0.10447617015577837,0.01718828707285014
8.0,668.0,41.02943487562819,40.138545543347405,41.21709589559216,39.98794465296107,41.426133810734,39.85270053225773,-0.20903791514184178,0.1352441207033408,0.2489735370509638,-0.0026909065825742036
8.0,673.0,41.12767341647078,40.068295255107365,41.32624202766257,39.91104387531868,41.52569715477549,39.77919334798397,-0.19945512711291968,0.1318505273347128,0.2390960252494232,-0.0014424461754632967
8.0,678.0,41.22424183972001,39.999228569191885,41.427621654049545,39.838107287761744,41.62546078283276,39.70471454776726,-0.1978391287832153,0.1333927399944841,0.238608348472843,-0.0005063181991088461
8.0,683.0,41.320839646078205,39.929551076650604,41.523716708836545,39.766827602444046,41.72584712328604,39.62892811471796,-0.20213041444949198,0.13789948772608795,0.2446895444448759,-0.00048413243358913505
8.0,688.0,41.426133810734,39.85270053225773,41.62868301453163,39.68818254851608,41.82005730426274,39.55702608608185,-0.19137428973110815,0.13115646243423384,0.23200460428264938,-0.0012097320471066153
8.0,693.0,41.52569715477549,39.77919334798397,41.72806409974518,39.61295955639401,41.92240122252737,39.478050528874334,-0.19433712278218707,0.13490902751967582,0.23657422302009892,-0.0011090192406283397
8.0,698.0,41.62546078283276,39.70471454776726,41.82752012427475,39.53684705689576,42.02276471485,39.399718631321775,-0.1952445905752498,0.13712842557398375,0.23858888333134154,-0.0011097375348975147
8.0,703.0,41.72584712328604,39.62892811471796,41.92901779110706,39.45815012428666,42.12418457599284,39.31906017933364,-0.1951667848857852,0.13908994495302096,0.23965827068909756,-0.0005795961157479823
8.0,708.0,41.82005730426274,39.55702608608185,42.05593825678814,39.35765876634581,42.21883741698677,39.23668693537022,-0.16289916019863426,0.12097183097558428,0.20290470739488933,0.003033329599630541
8.0,713.0,41.92240122252737,39.478050528874334,42.212021952295295,39.2315930430993,42.31308505331168,39.15253902132679,-0.10106310101638627,0.07905402177251375,0.12830934784908454,0.0047217566105350875
8.0,718.0,42.02276471485,39.399718631321775,42.370227397662994,39.10017542731043,42.41004570405163,39.06455179585331,-0.03981830638863926,0.03562363145712055,0.0534279013423913,0.005022550931896852
8.0,723.0,42.12418457599284,39.31906017933364,42.518191314722436,38.96610253980368,42.503940632874674,38.97740191621809,0.014250681847762792,-0.011299376414413587,0.018186749035513795,-0.0005199077481673475
8.0,728.0,42.21883741698677,39.23668693537022,42.596940013134805,38.877540205255,42.59537668164641,38.890633856823015,0.0015633314883984895,-0.013093651568013343,0.013186649184958115,-0.008316533764444078
8.0,733.0,42.31308505331168,39.15253902132679,42.69043444293496,38.78914198996363,42.68970422027751,38.79911463497578,0.0007302226574452675,-0.009972645012148007,0.009999343661849359,-0.006511296798370703
8.0,738.0,42.41004570405163,39.06455179585331,42.783897809620264,38.69654944079308,42.77494385939701,38.71460625210919,0.008953950223251184,-0.018056811316114363,0.02015494131735976,-0.007345977383613422
8.0,743.0,42.503940632874674,38.97740191621809,42.873857379323226,38.604931189802095,42.871326981453095,38.616910009754186,0.002530397870131651,-0.011978819952091158,0.012243163023736308,-0.006717736839261468
8.0,748.0,42.59537668164641,38.890633856823015,42.961446714223456,38.51386817271846,42.95926667000158,38.5257217533685,0.002180044221873345,-0.011853580650040385,0.012052384288444143,-0.006743646608890485
8.0,753.0,42.68970422027751,38.79911463497578,43.05168445020988,38.41796286179471,43.045279229072854,38.43457210921587,0.006405221137029571,-0.016609247421158102,0.01780151560152948,-0.007334177450378011
8.0,758.0,42.77494385939701,38.71460625210919,43.13311177801182,38.3295261330133,43.137116675277724,38.33503923630906,-0.004004897265900809,-0.005513103295754718,0.006814213825532723,-0.00606086280555973
8.0,763.0,42.871326981453095,38.616910009754186,43.25298692061726,38.203212681102634,43.22219766891455,38.241362008905064,0.030789251702707077,-0.03814932780242941,0.04902396589618045,-0.005599482619685792
8.0,768.0,42.95926667000158,38.5257217533685,43.40378023735933,38.05885011456675,43.311800036609974,38.1503492593464,0.09198020074935442,-0.09149914477964671,0.12973993535260564,-0.000733293807706481
8.0,773.0,43.045279229072854,38.43457210921587,43.552548596140866,37.9260815254221,43.4076733773467,38.065701552408896,0.1448752187941693,-0.13962002698679754,0.2012028353588798,0.0004473242664400079
8.0,778.0,43.137116675277724,38.33503923630906,43.70496312179025,37.796810328097976,43.5079833116139,37.98590140964354,0.19697981017635158,-0.18909108154556264,0.273050330044082,-0.00043988921956883425
8.0,783.0,43.22219766891455,38.241362008905064,43.6349433523094,37.865459544679155,43.61168875169283,37.90399973489064,0.0232546006165677,-0.038540190211485026,0.04501247284224138,-0.009606282776002617
8.0,788.0,43.311800036609974,38.1503492593464,43.698675769658024,37.82432595052042,43.71793668123325,37.821792319585285,-0.01926091157522336,0.0025336309351331465,0.01942683711837923,-0.007008705123602965
8.0,793.0,43.4076733773467,38.065701552408896,43.84413036320622,37.73668441550645,43.83634338454456,37.732631879424964,0.007786978661656008,0.004052536081488256,0.008778387401388149,0.010482086649513778
8.0,798.0,43.5079833116139,37.98590140964354,43.95137914429923,37.66561002068705,43.97566444493189,37.630841762254676,-0.02428530063265555,0.03476825843237208,0.04240999435556048,0.011798057669855755
8.0,803.0,43.61168875169283,37.90399973489064,44.2132950378727,37.47893851707982,44.13259033397273,37.52005182920569,0.08070470389996842,-0.04111331212587288,0.09057347109137986,0.020704870095502592
8.0,808.0,43.71793668123325,37.821792319585285,44.36620376876103,37.37585749087662,44.3317988209995,37.38509960097348,0.034404947761530025,-0.009242110096863598,0.035624668833775255,0.01500871281479521
8.0,813.0,43.83634338454456,37.732631879424964,44.56653639424326,37.245542551667164,44.55551727031575,37.24078297331585,0.011019123927511032,0.0047595783513116885,0.012003111188859371,0.011106873518879958
8.0,818.0,43.97566444493189,37.630841762254676,44.82976639255961,37.08183873678769,44.80915518110067,37.085930186713625,0.020611211458941625,-0.0040914499259372406,0.021013376699180412,0.00951018432352857
8.0,823.0,44.13259033397273,37.52005182920569,45.11842980273002,36.910124481811806,45.10135608342617,36.91785833494561,0.01707371930385193,-0.007733853133807145,0.018743648928691143,0.005197173523293075
8.0,828.0,44.3317988209995,37.38509960097348,45.33884006892404,36.76932508687404,45.40224520804293,36.735943211900015,-0.06340513911888479,0.033381874974026005,0.07165585282073361,-0.003653865328986816
8.0,833.0,44.55551727031575,37.24078297331585,45.46302140267808,36.674689837134444,45.70412397767469,36.524084914862705,-0.24110257499661003,0.15060492227173938,0.28427503281588523,-0.0010311122008648257
8.0,838.0,44.80915518110067,37.085930186713625,45.56331762784442,36.587084116037126,46.00501405188442,36.278152120553095,-0.4416964240400034,0.3089319954840306,0.539012716773428,0.016906917875357808
8.0,843.0,45.10135608342617,36.91785833494561,45.75658866694069,36.442533290665544,46.31939757754599,36.0033882686809,-0.5628089106053054,0.43914502198464334,0.7138642869555973,0.03868050999002348
8.0,848.0,45.40224520804293,36.735943211900015,46.55723599814707,35.80424925658474,46.64463574223196,35.69876827760649,-0.08739974408489104,0.1054809789782496,0.1369852261826595,0.01743894020420289
8.0,853.0,45.70412397767469,36.524084914862705,47.036241863546294,35.337664354617324,46.952804884173,35.387248326303755,0.08343697937329608,-0.04958397168643103,0.09705822878633542,0.0014904474191460568
8.0,858.0,46.00501405188442,36.278152120553095,47.30858167946029,35.02171795126159,47.25318064221346,35.05957009595534,0.05540103724683121,-0.037852144693744094,0.06709739030648598,-0.0001876356776112642
8.0,863.0,46.31939757754599,36.0033882686809,47.58507893543895,34.693329639449594,47.55492309777723,34.70333950802769,0.030155837661723695,-0.010009868578094938,0.031773762981915844,0.0033815844615857626
8.0,868.0,46.64463574223196,35.69876827760649,47.86707940288157,34.3330818669204,47.83828480145226,34.34041212093838,0.02879460142931123,-0.007330254017979598,0.029712988665581898,0.0043617244102204245
8.0,873.0,46.952804884173,35.387248326303755,48.128476438693106,33.96991236586941,48.119961523415206,33.947741489090724,0.008514915277899604,0.022170876778687898,0.023749769668895113,0.007887541482471503
8.0,878.0,47.25318064221346,35.05957009595534,48.37802629931824,33.59297193392243,48.38121776562704,33.549839551958605,-0.0031914663087988515,0.0431323819638223,0.043250292843786176,0.010321842334511055
8.0,883.0,47.55492309777723,34.70333950802769,48.62672766152968,33.18530685363616,48.63268212938887,33.13122656298214,-0.005954467859190515,0.05408029065402076,0.05440710913758879,0.0126152956148885
8.0,888.0,47.83828480145226,34.34041212093838,48.85485219382266,32.818745582360314,48.889382481169704,32.71427879352664,-0.034530287347045885,0.1044667888336761,0.11002568206327754,0.01615705331172168
8.0,893.0,48.119961523415206,33.947741489090724,49.08119524997344,32.47668605665197,49.172565217895084,32.31844554975849,-0.09136996792164354,0.15824050689347757,0.18272528303414087,-0.0003114118334537342
8.0,898.0,48.38121776562704,33.549839551958605,49.31031533390163,32.15663508151152,49.49345977255807,31.940405090710822,-0.18314443865644137,0.21622999080069505,0.2833677722191634,-0.030972000389834498
8.0,903.0,48.63268212938887,33.13122656298214,49.52953508619664,31.88807489229406,49.823731066427364,31.581654037183597,-0.29419598023072524,0.30642085511046346,0.4247882004370471,-0.046252132567429216
8.0,908.0,48.889382481169704,32.71427879352664,49.93698394708011,31.354274187529523,50.18760832013596,31.2168850993045,-0.2506243730558495,0.13738908822502438,0.285811717627079,-0.06293326167137601
8.0,913.0,49.172565217895084,32.31844554975849,50.37576815136147,30.971321024365245,50.55768203109226,30.87703125947373,-0.18191387973079287,0.09428976489151708,0.20489807076204242,-0.03996669299032129
8.0,918.0,49.49345977255807,31.940405090710822,50.7632480142446,30.656526144438097,50.94165974253325,30.553807223366157,-0.17841172828864416,0.10271892107193992,0.2058686997508956,-0.033004123511802486
8.0,923.0,49.823731066427364,31.581654037183597,51.1472494730778,30.347312838921702,51.31857642647068,30.262614088107753,-0.17132695339287807,0.08469875081394918,0.19111986644074674,-0.03263429322641198
8.0,928.0,50.18760832013596,31.2168850993045,51.56557234614724,30.04105047441735,51.74780019609238,29.959542630738405,-0.18222784994513574,0.08150784367894559,0.19962594489899937,-0.033539477357014576
8.0,933.0,50.55768203109226,30.87703125947373,51.98615656350071,29.760832701566297,52.18720552918539,29.67796023183543,-0.20104896568468433,0.08287246973086582,0.21745926708736663,-0.035141240030210685
8.0,938.0,50.94165974253325,30.553807223366157,52.417839835061,29.49931637332651,52.629657767974294,29.42133541207322,-0.21181793291329143,0.07798096125329224,0.22571634194636217,-0.03594571179427819
8.0,943.0,51.31857642647068,30.262614088107753,52.8511583115099,29.255091545879893,53.072956460463395,29.189308369030595,-0.22179814895349637,0.06578317684929758,0.2313478878995512,-0.04206944168734994
8.0,948.0,51.74780019609238,29.959542630738405,53.29503437297474,29.016419530512696,53.52730199677037,28.95840618221277,-0.2322676237956287,0.05801334829992655,0.23940300258066163,-0.0420655582822671
8.0,953.0,52.18720552918539,29.67796023183543,53.72779473772143,28.792181226797663,53.94983730910668,28.713167956279687,-0.22204257138524497,0.0790132705179758,0.23568199003173415,-0.012426039643621989
8.0,958.0,52.629657767974294,29.42133541207322,54.15718627911742,28.575293094690796,54.34335952451438,28.458335069634575,-0.18617324539696511,0.11695802505622055,0.21986281387876874,0.026864946637934373
8.0,963.0,53.072956460463395,29.189308369030595,54.53704231645174,28.41725423792049,54.69376300253412,28.223506256674014,-0.1567206860823802,0.1937479812464744,0.24919802102588248,0.06756081527579633
8.0,968.0,53.52730199677037,28.95840618221277,55.26087622543463,28.00952709014529,55.04156003412221,27.98134984623155,0.21931619131241575,0.02817724391374199,0.22111885683124957,0.0737996995116389
8.0,973.0,53.94983730910668,28.713167956279687,55.607630666050014,27.551366213367682,55.33229911051692,27.771353547378485,0.27533155553309285,-0.21998733401080273,0.35242288886712947,-0.02626835219873158
8.0,978.0,54.34335952451438,28.458335069634575,55.9452539655235,27.274468448420723,55.611645623686016,27.56302116877118,0.33360834183748267,-0.28855272035045587,0.44108638401701217,-0.03554972311424709
8.0,983.0,54.69376300253412,28.223506256674014,56.24579399333108,27.03483081376767,55.85334473045573,27.377449780467,0.39244926287534554,-0.34261896669933023,0.5209646631716194,-0.03884729178357149
8.0,988.0,55.04156003412221,27.98134984623155,56.49869788005361,26.812864780746214,56.07559926797319,27.202312822039687,0.4230986120804232,-0.3894480412934733,0.5750497477711849,-0.04698487037876608
8.0,993.0,55.33229911051692,27.771353547378485,56.67713847898219,26.648419161935845,56.282362887167835,27.035394881780142,0.3947755918143514,-0.38697571984429757,0.5528091674722695,-0.05241277706307689
8.0,998.0,55.611645623686016,27.56302116877118,56.81840466214586,26.51492063512438,56.47106641109849,26.87961033528944,0.3473382510473684,-0.36468970016505864,0.5036292664720002,-0.05682906742659455
8.0,1003.0,55.85334473045573,27.377449780467,56.90448952872692,26.43273061294226,56.631138086077996,26.74481879789323,0.27335144264892364,-0.31208818495096935,0.414873530590032,-0.05821850419650909
8.0,1008.0,56.07559926797319,27.202312822039687,56.95613109839287,26.407808334255133,56.80154514292777,26.60647613262801,0.15458595546510168,-0.1986677983728775,0.2517254689883102,-0.044558795362459436
8.0,1013.0,56.282362887167835,27.035394881780142,57.05669110764315,26.363633785188565,56.97377359868987,26.486613930982216,0.08291750895327965,-0.12298014579365102,0.14832204674438954,-0.03534904954531837
8.0,1018.0,56.47106641109849,26.87961033528944,57.22765905816916,26.26636495761228,57.12799308885191,26.389065020319705,0.09966596931725036,-0.12270006270742684,0.1580778631825265,-0.028421623548616326
8.0,1023.0,56.631138086077996,26.74481879789323,57.30756562935734,26.24372991413387,57.285009821861586,26.29180001141022,0.02255580749575614,-0.048070097276351476,0.05309895200419216,-0.019395858545692035
8.0,1028.0,56.80154514292777,26.60647613262801,57.46938424820497,26.160868151408685,57.432789723873256,26.20313987541441,0.0365945243317114,-0.042271724005725986,0.055911160437612885,-0.00728631346835329
8.0,1033.0,56.97377359868987,26.486613930982216,57.7490449717167,26.029164338419903,57.57354085862344,26.121485155664548,0.17550411309326108,-0.09232081724464436,0.19830488397760454,0.022193065967643477
8.0,1038.0,57.12799308885191,26.389065020319705,57.86941647196719,25.965611491111495,57.71258395814562,26.043382303033873,0.15683251382156982,-0.07777081192237745,0.1750563811423585,0.020952064270942206
8.0,1043.0,57.285009821861586,26.29180001141022,57.9950589576419,25.898350015563807,57.845732616160376,25.970897394885526,0.14932634148152601,-0.07254737932171906,0.16601650070612473,0.0194300268617692
8.0,1048.0,57.432789723873256,26.20313987541441,58.12436093467018,25.832455711693985,57.97880359884351,25.900667536811692,0.1455573358266662,-0.06821182511770729,0.16074760060058615,0.018995673059459706
8.0,1053.0,57.57354085862344,26.121485155664548,58.24866240785745,25.770949528582626,58.109939266941744,25.833586891546872,0.13872314091570814,-0.06263736296424582,0.1522088994265253,0.018233063810885963
8.0,1058.0,57.71258395814562,26.043382303033873,58.37285468476882,25.71123448980312,58.23864240191442,25.769764080310278,0.13421228285439923,-0.058529590507156115,0.14641943120339132,0.017646595336014315
8.0,1063.0,57.845732616160376,25.970897394885526,58.48990861434419,25.65593947806379,58.36070077678084,25.711046496174344,0.12920783756334941,-0.05510701811055441,0.14046867527258117,0.01645386950425909
8.0,1068.0,57.97880359884351,25.900667536811692,58.59596532189962,25.59607675700355,58.48043356066434,25.651170360054348,0.11553176123528175,-0.05509360305079625,0.12799567551774887,0.008610296006250295
8.0,1073.0,58.109939266941744,25.833586891546872,58.69198419729903,25.532509443523903,58.60352219827805,25.57901167522527,0.08846199902097851,-0.04650223170136769,0.09993989605755695,0.0033605215754315405
8.0,1078.0,58.23864240191442,25.769764080310278,58.784371348621576,25.46668048969202,58.712963800364896,25.504558938740498,0.07140754825667983,-0.03787844904847759,0.08083201624571894,0.004041258936330894
8.0,1083.0,58.36070077678084,25.711046496174344,58.91131292485501,25.377228245733235,58.824310263398566,25.426526416562115,0.0870026614564452,-0.04929817082888022,0.09999886373143582,0.0027243052755080432
8.0,1088.0,58.48043356066434,25.651170360054348,58.973786404982754,25.342709230819494,58.92876081961556,25.35231923969431,0.04502558536719192,-0.00961000887481589,0.04603971772537629,0.01271377181242439
8.0,1093.0,58.60352219827805,25.57901167522527,59.0490619368996,25.26867725850189,59.03685273491749,25.27364796844357,0.012209201982109619,-0.0049707099416806955,0.013182282441378382,0.0011777138602682147
8.0,1098.0,58.712963800364896,25.504558938740498,59.137832290030374,25.185268700697048,59.14203675076705,25.195211958077536,-0.004204460736673354,-0.00994325738048829,0.010795640667457524,-0.009639408641839431
8.0,1103.0,58.824310263398566,25.426526416562115,59.249529690927645,25.104887309660167,59.243152153501946,25.118045516532174,0.006377537425699131,-0.013158206872006417,0.014622290918413227,-0.007242019780755671
8.0,1108.0,58.92876081961556,25.35231923969431,59.33790590292281,25.035724587277898,59.34518260308933,25.038367654794342,-0.007276700166514161,-0.0026430675164448303,0.007741845465380529,-0.006392275476141629
8.0,1113.0,59.03685273491749,25.27364796844357,59.45194868772606,24.944944902200692,59.460139061723225,24.94632917298476,-0.008190373997166489,-0.0013842707840687751,0.008306529468862876,-0.006316808010222163
8.0,1118.0,59.14203675076705,25.195211958077536,59.579045320245015,24.840128711209257,59.589453260880205,24.83982241965701,-0.010407940635190016,0.0003062915522455967,0.01041244653194515,-0.006587618204289214
8.0,1123.0,59.243152153501946,25.118045516532174,59.82672021000326,24.628179983983372,59.73612790991886,24.71503513991025,0.09059230008440267,-0.08685515592687665,0.12550212327153878,-0.018252150601513195
8.0,1128.0,59.34518260308933,25.038367654794342,59.957768172278875,24.510240697233357,59.904194102663254,24.56676708275237,0.053574069615621056,-0.0565263855190139,0.0778807626761808,-0.014259514185388735
8.0,1133.0,59.460139061723225,24.94632917298476,60.14476528091404,24.335551383802322,60.09055902618591,24.39544975556381,0.05420625472812901,-0.05989837176148782,0.08078448484287197,-0.014652110931031137
8.0,1138.0,59.589453260880205,24.83982241965701,60.38934171314013,24.09631783929967,60.30303404901807,24.19060182268199,0.08630766412206015,-0.09428398338232213,0.12782207324497732,-0.017976215971290843
8.0,1143.0,59.73612790991886,24.71503513991025,60.66272829794084,23.813914227564517,60.52712911229572,23.962754814638586,0.13559918564511975,-0.14884058707406922,0.20134711199362465,-0.022255664268629242
8.0,1148.0,59.904194102663254,24.56676708275237,60.92427176697505,23.527656922357114,60.75825801537718,23.71397250661097,0.16601375159787324,-0.18631558425385464,0.2495477161896209,-0.02362876465576691
8.0,1153.0,60.09055902618591,24.39544975556381,61.17085043850722,23.239593587078943,61.00263364379982,23.434163330582013,0.16821679470740492,-0.1945697435030702,0.25720473383762543,-0.021746041802230054
8.0,1158.0,60.30303404901807,24.19060182268199,61.40550400948848,22.945381028606324,61.24439876117515,23.138462613430107,0.1611052483133335,-0.19308158482378346,0.2514664976337101,-0.019370367877727168
8.0,1163.0,60.52712911229572,23.962754814638586,61.62700938762341,22.647049227700446,61.48713065984673,22.820211241279495,0.13987872777668287,-0.1731620135790486,0.2226008567619944,-0.015542815167298052
8.0,1168.0,60.75825801537718,23.71397250661097,61.84032078799975,22.338362071645808,61.72746280651366,22.48097120762434,0.11285798148609416,-0.14260913597853175,0.1818633818272907,-0.011033069515593241
8.0,1173.0,61.00263364379982,23.434163330582013,62.055154696684035,22.0031789490588,61.96084916298581,22.124746221107163,0.09430553369822547,-0.12156727204836315,0.15385751629149574,-0.007823580324805679
8.0,1178.0,61.24439876117515,23.138462613430107,62.259701717728426,21.657682892448186,62.18610444912002,21.75135099947878,0.07359726860840254,-0.09366810703059514,0.1191229290326274,-0.004195752302640576
8.0,1183.0,61.48713065984673,22.820211241279495,62.45978895838633,21.29080924055616,62.39950548136845,21.36522866188113,0.06028347701788306,-0.07441942132496848,0.09577237530576761,-0.0012464338263780126
8.0,1188.0,61.72746280651366,22.48097120762434,62.66669950638005,20.88674456631684,62.61658755814817,20.963474943775367,0.05011194823187992,-0.07673037745852795,0.09164473896805417,-0.008223306564472788
8.0,1193.0,61.96084916298581,22.124746221107163,62.87105763753726,20.457576559172182,62.83021713124838,20.566682184088098,0.04084050628888036,-0.10910562491591591,0.11649885983229454,-0.024073712304383706
8.0,1198.0,62.18610444912002,21.75135099947878,63.06671718216988,20.00949781112164,63.04573411755276,20.143495569822466,0.02098306461711985,-0.13399775870082564,0.13563070573277616,-0.037267075241586234
8.0,1203.0,62.39950548136845,21.36522866188113,63.239128535846135,19.567130128291485,63.24776278645475,19.725543012993217,-0.008634250608615446,-0.15841288470173254,0.15864801392736308,-0.050789262221134335
8.0,1208.0,62.61658755814817,20.963474943775367,63.44592301202445,19.13905557184262,63.44755162027369,19.290147996208265,-0.0016286082492413811,-0.15109242436564685,0.151101201403292,-0.04475504289672827
8.0,1213.0,62.83021713124838,20.566682184088098,63.627260877825776,18.721511763379787,63.63015703547679,18.870194424268146,-0.002896157651015585,-0.14868266088835824,0.14871086503003764,-0.043852137960662896
8.0,1218.0,63.04573411755276,20.143495569822466,63.80530256991682,18.27709850781902,63.812791363589945,18.426099203104464,-0.0074887936731258264,-0.14900069528544435,0.14918877044276652,-0.044515166766907914
8.0,1223.0,63.24776278645475,19.725543012993217,63.97168033663581,17.840347779676808,63.99077374670874,17.966324505462318,-0.01909341007292653,-0.12597672578550956,0.1274154376355173,-0.04348019989053075
8.0,1228.0,63.44755162027369,19.290147996208265,64.13401986781444,17.3870219525945,64.15391815243086,17.51747777117076,-0.019898284616417072,-0.13045581857626232,0.13196462530192934,-0.043679650531254444
8.0,1233.0,63.63015703547679,18.870194424268146,64.28020914278352,16.95114123369127,64.30531059168757,17.073206784412175,-0.02510144890405286,-0.12206555072090453,0.12461974727097022,-0.04331765099338992
8.0,1238.0,63.812791363589945,18.426099203104464,64.42407040534547,16.491417319809308,64.4652319888439,16.568936190040432,-0.041161583498421805,-0.07751887023112403,0.08776930669663169,-0.04139059211419727
8.0,1243.0,63.99077374670874,17.966324505462318,64.56114073698365,16.018818292668815,64.59901709133182,16.113324019017032,-0.03787635434817105,-0.09450572634821697,0.10181331215176279,-0.04245227823901132
13.0,3.0,43.46298505443551,-73.28713521404188,43.2491350919271,-73.50515772964168,43.464137616191465,-73.28596048507593,-0.21500252426436361,-0.2191972445657484,0.3070399281286797,-0.0017789276976234447
13.0,8.0,43.46327771427655,-73.28683692355446,43.24942680157112,-73.5048598554506,43.464424604105936,-73.28566798075214,-0.2149978025348176,-0.2191918746984669,0.3070327881979852,-0.0017791008090033422
13.0,13.0,43.463564564714545,-73.28654455546682,43.24971191969005,-73.50456914457239,43.464697932546855,-73.28538939956961,-0.21498601285680508,-0.21917974500277637,0.30701587311334316,-0.0017790173126659425
13.0,18.0,43.463840034312646,-73.28626378836702,43.249986057093146,-73.50428948365213,43.46498599515747,-73.28509580242472,-0.21499993806432371,-0.21919368122740934,0.3070355732772445,-0.0017789716604377224
13.0,23.0,43.464137616191465,-73.28596048507593,43.25028257234313,-73.5039867162281,43.46525076061039,-73.28482595115193,-0.21496818826725672,-0.21916076507616822,0.3069898417141488,-0.0017792017033664287
13.0,28.0,43.464424604105936,-73.28566798075214,43.25056784089063,-73.50369583171211,43.46555542713332,-73.28451543370296,-0.21498758624268532,-0.21918039800914357,0.3070174410516488,-0.0017790608882339856
13.0,33.0,43.464697932546855,-73.28538939956961,43.25083989064262,-73.50341829230834,43.465832794944916,-73.28423274045791,-0.21499290430229934,-0.21918555185042976,0.3070248443372541,-0.001779039702518137
13.0,38.0,43.46498599515747,-73.28509580242472,43.251126457489974,-73.50312592477184,43.46611782835157,-73.28394223578597,-0.21499137086159692,-0.21918368898586493,0.3070224406495412,-0.0017790453819688246
13.0,43.0,43.46525076061039,-73.28482595115193,43.2800813925265,-73.47077964598283,43.465474542082326,-73.28455275473402,-0.18539314955582853,-0.18622689124880765,0.26277571220800644,-0.003384326531087112
13.0,48.0,43.46555542713332,-73.28451543370296,43.31596292960179,-73.43141609030346,43.459444234211546,-73.29019162080688,-0.1434813046097574,-0.14122446949657785,0.20132370838306113,-0.00439057087652861
13.0,53.0,43.465832794944916,-73.28423274045791,43.338198285488055,-73.40573099626309,43.44053437092992,-73.30803239974809,-0.10233608544186268,-0.09769859651500212,0.14148388651915597,-0.0047174362685376
13.0,58.0,43.46611782835157,-73.28394223578597,43.34189237390829,-73.40239723933185,43.40536065122812,-73.34118112405444,-0.06346827731983495,-0.06121611527740356,0.08817956109895216,-0.001611317324639927
13.0,63.0,43.465474542082326,-73.28455275473402,43.29695038155323,-73.44367073791402,43.35011557840579,-73.39294539628939,-0.053165196852560825,-0.05072534162462716,0.07348195995825559,-0.0018908668902484216
13.0,68.0,43.459444234211546,-73.29019162080688,43.283866030692046,-73.45527910261926,43.26944797862737,-73.46793083269388,0.014418052064677056,0.012651730074622947,0.019181931582112816,0.0016366734741763977
13.0,73.0,43.44053437092992,-73.30803239974809,43.25105181998758,-73.4848902202655,43.16642412463258,-73.56267812038523,0.08462769535500314,0.07778790011973058,0.11494696266598957,0.005081317483428549
13.0,78.0,43.40536065122812,-73.34118112405444,43.19414988489373,-73.53597314149731,43.021467508084704,-73.69410076036533,0.17268237680902843,0.15812761886802207,0.23414428694564754,0.009089120481917234
13.0,83.0,43.35011557840579,-73.39294539628939,43.10523667626765,-73.61495989726042,42.84664576932609,-73.84970605883898,0.2585909069415635,0.2347461615785562,0.3492492197968751,0.012245305936057436
13.0,88.0,43.26944797862737,-73.46793083269388,42.967472892572246,-73.73511204022523,42.64295754467758,-74.02711863548016,0.3245153478946676,0.2920065952549322,0.4365524741558281,0.01288933279379112
13.0,93.0,43.16642412463258,-73.56267812038523,42.758833522805766,-73.91135347758504,42.41881554837393,-74.2176484327553,0.3400179744318379,0.30629495517025873,0.45763393940952496,0.007943098330593923
13.0,98.0,43.021467508084704,-73.69410076036533,42.302773205303374,-74.27402400989578,42.15151140550564,-74.43864803598126,0.15126179979773724,0.16462402608547677,0.22356476028802588,-0.01720794720148211
13.0,103.0,42.84664576932609,-73.84970605883898,41.74211662378747,-74.70625258754148,41.892793476788,-74.653871385591,-0.15067685300053313,-0.05238120195048168,0.15952211241054143,-0.042582187745644706
13.0,108.0,42.64295754467758,-74.02711863548016,41.393210930677064,-74.99748523392822,41.60050748147296,-74.92689069131593,-0.20729655079589548,-0.07059454261228382,0.21898732707285332,-0.05700088495656575
13.0,113.0,42.41881554837393,-74.2176484327553,41.137275867518774,-75.24366527867735,41.323257856652695,-75.20030841946573,-0.1859819891339214,-0.04335685921162735,0.1909688915056767,-0.05753839021041074
13.0,118.0,42.15151140550564,-74.43864803598126,40.91180714342154,-75.50445568385251,41.032495245531074,-75.49514744326451,-0.12068810210953274,-0.009308240587998284,0.12104652549183333,-0.03924139666780224
13.0,123.0,41.892793476788,-74.653871385591,40.72416486833442,-75.8318250594641,40.738867550194826,-75.80367565282181,-0.01470268186040613,-0.028149406642285157,0.03175780137542653,0.015531742765845903
13.0,128.0,41.60050748147296,-74.92689069131593,40.41358256380419,-76.25213946222867,40.43489188993672,-76.1354028558545,-0.021309326132531226,-0.11673660637417527,0.11866559167670178,0.044438738268341105
13.0,133.0,41.323257856652695,-75.20030841946573,40.12750575734774,-76.57187703084942,40.133580714117095,-76.47735771386485,-0.0060749567693534345,-0.09451931698457372,0.094714340957322,0.04040329575883428
13.0,138.0,41.032495245531074,-75.49514744326451,39.83697760964427,-76.91174615591278,39.845816050759524,-76.81696146531281,-0.008838441115251783,-0.09478469059996542,0.09519588023375247,0.038604477220793854
13.0,143.0,40.738867550194826,-75.80367565282181,39.55224279906023,-77.2617187710255,39.551812025745484,-77.17804432228372,0.00043077331474705716,-0.08367444874177465,0.08367555758934966,0.037221145767562636
13.0,148.0,40.43489188993672,-76.1354028558545,39.26283967098359,-77.63235422975781,39.25567534439233,-77.55721211805954,0.00716432659125843,-0.07514211169826979,0.07548287571351178,0.03606193986150252
13.0,153.0,40.133580714117095,-76.47735771386485,38.980269139763955,-78.00999677985419,38.97225282872035,-77.93587535493891,0.008016311043604674,-0.07412142491527618,0.07455365097846478,0.03541335239893683
13.0,158.0,39.845816050759524,-76.81696146531281,38.71378171472479,-78.38167449944602,38.69023931960837,-78.32926432283237,0.0235423951164222,-0.05241017661364822,0.057454947397865906,0.03379589929820303
13.0,163.0,39.551812025745484,-77.17804432228372,38.47291740140787,-78.71509969768194,38.40071826213268,-78.73455739790647,0.07219913927519173,0.0194577002245353,0.07477511491202414,0.03163440735994261
13.0,168.0,39.25567534439233,-77.55721211805954,38.286310195267305,-78.93786782637295,38.080577746376726,-79.11969713376281,0.20573244889057918,0.18182930738986158,0.2745682748468795,0.04375664940234226
13.0,173.0,38.97225282872035,-77.93587535493891,38.10329753220388,-79.12619363621594,37.73527724198858,-79.47531084133844,0.3680202902153056,0.34911720512249644,0.5072689197286789,0.06102600591433527
13.0,178.0,38.69023931960837,-78.32926432283237,37.823069856290374,-79.40405369630199,37.37649295935168,-79.81703655721435,0.4465768969386943,0.4129828609123649,0.6082645545211022,0.060084376593655175
13.0,183.0,38.40071826213268,-78.73455739790647,37.15811325281422,-80.06106146483832,37.00596437661456,-80.1421477113377,0.15214887619966078,0.08108624649938179,0.17240725013809077,0.030311853297670943
13.0,188.0,38.080577746376726,-79.11969713376281,36.72864245336981,-80.41212961928994,36.61117335152043,-80.45946964533411,0.11746910184938031,0.04734002604416787,0.1266493898728398,0.02328237349932527
13.0,193.0,37.73527724198858,-79.47531084133844,36.322397838114426,-80.70315791659003,36.19771632340334,-80.762902766411,0.12468151471108513,0.059744849820972945,0.13825674374431485,0.019961024354485435
13.0,198.0,37.37649295935168,-79.81703655721435,35.91084529894038,-80.98513726609522,35.77549831790376,-81.04510236682061,0.13534698103661924,0.05996510072539252,0.14803586923693,0.020763762506940342
13.0,203.0,37.00596437661456,-80.1421477113377,35.48706362871239,-81.25321512829197,35.37977901530388,-81.28628103246966,0.1072846134085097,0.03306590417768973,0.11226460837370582,0.020782020850544924
13.0,208.0,36.61117335152043,-80.45946964533411,35.058584925325974,-81.5015461313959,34.90492154968042,-81.54809120532066,0.1536633756455572,0.04654507392476148,0.16055801730667058,0.028801541579269507
14.0,3.0,-0.810587212308334,-95.4262025891078,-1.0375653836257672,-95.4579118355887,-0.9353360467209269,-95.443344711661,-0.10222933690484037,-0.014567123927704984,0.10326198924836028,-0.003068198219131624
14.0,8.0,-0.8149995747138242,-95.4267967735362,-1.0495293057153976,-95.45915266903926,-1.0288936551306493,-95.45579083533319,-0.020635650584748255,-0.0033618337060659087,0.02090770195222473,9.688800980933722e-05
14.0,13.0,-0.8331459867299099,-95.42929625345195,-1.0825017720440322,-95.46295072843485,-1.1583439735256884,-95.47238194716658,0.07584220148165621,0.009431218731734248,0.07642635286568339,0.0037080741380135507
14.0,18.0,-0.8707479925017667,-95.4345238495069,-1.143495338877499,-95.46996369640347,-1.329885147596496,-95.49324532475698,0.1863898087189968,0.02328162835351577,0.1878382149965641,0.007593859957723659
14.0,23.0,-0.9353360467209269,-95.443344711661,-1.245004672455071,-95.48120254186941,-1.5513694328019565,-95.5182927452097,0.30636476034688553,0.037090203340298444,0.3086017653323281,0.011270246452679267
14.0,28.0,-1.0288936551306493,-95.45579083533319,-1.396334310543774,-95.49684494724897,-1.8027204395757013,-95.54414553383226,0.4063861290319273,0.04730058658329028,0.4091296021564287,0.013150244217472906
14.0,33.0,-1.1583439735256884,-95.47238194716658,-1.6298672027848806,-95.51798926674746,-2.095336537116156,-95.57079885115147,0.46546933433127546,0.05280958440400241,0.46845549778791595,0.011156109146439608
14.0,38.0,-1.329885147596496,-95.49324532475698,-2.050599097354796,-95.54602711628769,-2.3982743775428057,-95.5944910304308,0.34767528018800986,0.04846391414311313,0.35103682346426596,-0.004507448068882258
14.0,43.0,-1.5513694328019565,-95.5182927452097,-2.8114068013766325,-95.57534945946736,-2.7529997522849503,-95.61893107532515,-0.05840704909168215,0.0435816158577893,0.07287482846891703,-0.03697415355002409
14.0,48.0,-1.8027204395757013,-95.54414553383226,-3.328930316948634,-95.60504649041121,-3.118933468437486,-95.66150927557709,-0.2099968485111483,0.056462785165876994,0.2174551045464377,-0.05383275119006558
14.0,53.0,-2.095336537116156,-95.57079885115147,-3.7219786627153204,-95.6496161867004,-3.515878863058323,-95.72377290022798,-0.20609979965699754,0.0741567135275858,0.21903503276842942,-0.06222631484020668
14.0,58.0,-2.3982743775428057,-95.5944910304308,-4.035685174415483,-95.71708045031022,-3.8910435543270334,-95.7873607093435,-0.1446416200884495,0.07028025903328228,0.16081204268212196,-0.049650119147751415
14.0,63.0,-2.7529997522849503,-95.61893107532515,-4.314353736595059,-95.84499171673329,-4.300746784038681,-95.86334550956217,-0.013606952556378005,0.018353792828875726,0.02284755717963765,-0.0022598388499139865
14.0,68.0,-3.118933468437486,-95.66150927557709,-4.830370787160278,-96.03589903566395,-4.74680965424694,-95.95461869571778,-0.08356113291333767,-0.08128033994616146,0.1165716800750682,0.044996326309634675
14.0,73.0,-3.515878863058323,-95.72377290022798,-5.26641895050999,-96.13552243652389,-5.1856492840906565,-96.05313238893513,-0.08076966641933314,-0.08239004758875978,0.11537702958201193,0.04399301465365024
14.0,78.0,-3.8910435543270334,-95.7873607093435,-5.670140829827878,-96.23001058968373,-5.612653830749566,-96.15739823279527,-0.05748699907831245,-0.07261235688845602,0.0926137648296753,0.0400060366295083
14.0,83.0,-4.300746784038681,-95.86334550956217,-6.100692110496001,-96.34338340995167,-6.055161768525201,-96.27434460457886,-0.045530341970800414,-0.06903880537281282,0.0827004757379494,0.03847106707796133
14.0,88.0,-4.74680965424694,-95.95461869571778,-6.560895171343585,-96.47478256116665,-6.510008679910945,-96.40412714495608,-0.05088649143263968,-0.07065541621057037,0.08707251489541945,0.03793011112123068
14.0,93.0,-5.1856492840906565,-96.05313238893513,-7.007620215544225,-96.61209304773595,-6.94775757378081,-96.53836500575159,-0.0598626417634156,-0.07372804198436711,0.09497031143332968,0.037651856129285566
14.0,98.0,-5.612653830749566,-96.15739823279527,-7.437897486033606,-96.75373555617028,-7.426141140186079,-96.69575614672564,-0.011756345847526717,-0.057979409444641306,0.05915930685222757,0.03497666989300896
14.0,103.0,-6.055161768525201,-96.27434460457886,-7.863558808304383,-96.90040081718101,-7.866470998407967,-96.84872690737063,0.0029121901035837894,-0.05167390981037556,0.05175590600395514,0.03400384519923394
14.0,108.0,-6.510008679910945,-96.40412714495608,-8.176814107969657,-96.99076960499859,-8.340265436113889,-96.98951051633277,0.16345132814423202,-0.0012590886658188083,0.16345617754120464,0.03763638428559846
14.0,113.0,-6.94775757378081,-96.53836500575159,-8.413201935298295,-97.03519070388523,-8.806476834874259,-97.08490325128376,0.39327489957596384,0.04971254739852782,0.3964044449868534,0.05421681480110241
14.0,118.0,-7.426141140186079,-96.69575614672564,-8.756823639196632,-97.09666685694674,-9.311140818346962,-97.16305490984996,0.5543171791503294,0.06638805290322125,0.558278522486276,0.0629866738592515
14.0,123.0,-7.866470998407967,-96.84872690737063,-9.440876519131903,-97.20312198014219,-9.78615215453424,-97.21769531051613,0.3452756354023361,0.014573330373949034,0.3455830527683254,0.04058215798507803
14.0,128.0,-8.340265436113889,-96.98951051633277,-10.183210991908751,-97.28863440473377,-10.301389426804493,-97.25474882593215,0.11817843489574109,-0.033885578801616134,0.12294053410135915,0.02556122182131304
14.0,133.0,-8.806476834874259,-97.08490325128376,-10.663056485665614,-97.29317460072555,-10.787205879505997,-97.26862518507991,0.12414939384038348,-0.024549415645637396,0.12655333183870315,0.019967691322821054
14.0,138.0,-9.311140818346962,-97.16305490984996,-11.178315385316752,-97.28793745831358,-11.293578235380036,-97.26154398632515,0.1152628500632833,-0.026393471988427564,0.11824609916743486,0.018008119117699728
14.0,143.0,-9.78615215453424,-97.21769531051613,-11.657428078723095,-97.26642086437883,-11.803707548119315,-97.23208504485324,0.1462794693962195,-0.0343358195255945,0.15025522177060505,0.02181473798303113
14.0,148.0,-10.301389426804493,-97.25474882593215,-12.178225954331142,-97.22474089069803,-12.287660132747847,-97.18325904861074,0.10943417841670566,-0.04148184208729333,0.11703239991000144,0.023401777756047345
14.0,153.0,-10.787205879505997,-97.26862518507991,-12.631103959593414,-97.16889374472223,-12.777179699076928,-97.11300539257029,0.14607573948351416,-0.0558883521519391,0.1564021405605264,0.028959814088998833
14.0,158.0,-11.293578235380036,-97.26154398632515,-13.082500976611069,-97.09353379722387,-13.246618280956861,-97.02569558511067,0.1641173043457922,-0.06783821211320173,0.17758522632371512,0.030673697106971872
14.0,163.0,-11.803707548119315,-97.23208504485324,-13.456962933653491,-96.9941600285814,-13.643742661477443,-96.93638104858017,0.1867797278239518,-0.05777898000123116,0.19551234553340152,0.020571175340426073
14.0,168.0,-12.287660132747847,-97.18325904861074,-13.923359422627458,-96.89646363921136,-14.05800893874004,-96.84560096219991,0.13464951611258158,-0.05086267701145175,0.14393576380498221,0.017090415184591645
14.0,173.0,-12.777179699076928,-97.11300539257029,-14.362914378573615,-96.80294441464221,-14.451249373971383,-96.78618375036415,0.08833499539776746,-0.016760664278066884,0.08991101867382921,-0.007386720488232968
14.0,178.0,-13.246618280956861,-97.02569558511067,-14.75337452670974,-96.72315911132122,-14.792199310689266,-96.76097332133077,0.0388247839795266,0.0378142100095431,0.0541966634554447,-0.040888980051476675
14.0,183.0,-13.643742661477443,-96.93638104858017,-14.995928606290253,-96.68651866614331,-15.091941937357273,-96.74674655710896,0.09601333106702015,0.06022789096564907,0.11334001320255493,-0.057713620146378375
14.0,188.0,-14.05800893874004,-96.84560096219991,-15.357854720351314,-96.66081480085212,-15.371068128537512,-96.73967987349897,0.013213408186198095,0.07886507264684894,0.0799643285439692,-0.050655123677488145
14.0,193.0,-14.451249373971383,-96.78618375036415,-15.697373444051879,-96.71987692263933,-15.644456408480611,-96.73927764438501,-0.05291703557126759,0.01940072174568286,0.05636134010032241,-0.00537865599663645
14.0,198.0,-14.792199310689266,-96.76097332133077,-15.998725777595231,-96.744762911183,-15.886443424969455,-96.74432153754901,-0.11228235262577613,-0.0004413736339898833,0.11228322012600064,0.008910877241454784
14.0,203.0,-15.091941937357273,-96.74674655710896,-16.245372250397107,-96.75919069773735,-16.103739163845148,-96.75315204177468,-0.14163308655195905,-0.0060386559626692815,0.14176175990749482,0.01246883883004557
14.0,208.0,-15.371068128537512,-96.73967987349897,-16.474001449524867,-96.77772666295144,-16.316873554898148,-96.7657787543731,-0.1571278946267185,-0.011947908578335387,0.15758149570689262,0.015130254541583898
14.0,213.0,-15.644456408480611,-96.73927764438501,-16.694650039157175,-96.7999599009689,-16.51741361049055,-96.78126012578194,-0.1772364286666246,-0.018699775186959755,0.17822018190581654,0.0182000373035196
34.0,3.0,-30.91530832776672,257.04797913444514,-30.727339329618456,256.9175952418568,-30.80656072402565,256.9721668962654,0.07922139440719533,-0.054571654408562154,0.09619820578736352,-0.0027623462825064893
34.0,8.0,-30.911668859256896,257.04542399248953,-30.716892526974892,256.90978786543405,-30.71883086427401,256.91037590852704,0.001938337299119297,-0.00058804309298921,0.002025573045922908,0.0008833043605714908
34.0,13.0,-30.89472255391995,257.0336430668729,-30.686621957455603,256.8876992474192,-30.60872955286395,256.83197481546244,-0.0778924045916547,0.05572443195677579,0.09577285111123801,0.004454376864163834
34.0,18.0,-30.86078555336352,257.01005760348505,-30.63262813226915,256.84820762496133,-30.46131367968852,256.7254925909175,-0.17131445258063138,0.12271503404383566,0.2107311586913078,0.008400778336986159
34.0,23.0,-30.80656072402565,256.9721668962654,-30.548592961370908,256.78617568658905,-30.281836615835978,256.5934804192827,-0.26675634553492955,0.19269526730636244,0.3290750885822584,0.011920878872629714
34.0,28.0,-30.71883086427401,256.91037590852704,-30.4078666506727,256.6805084518216,-30.068891504087325,256.4333943112619,-0.33897514658537276,0.24711414055968817,0.4194872447013476,0.012910300273244357
34.0,33.0,-30.60872955286395,256.83197481546244,-30.207359989996135,256.52536161206916,-29.83805286991843,256.2555026144572,-0.3693071200777034,0.26985899761194787,0.45739657577665854,0.009366609549344764
34.0,38.0,-30.46131367968852,256.7254925909175,-29.826837394273277,256.2143529875328,-29.58592183693337,256.05587042572364,-0.24091555733990688,0.15848256180913722,0.28836960340158074,-0.010620648957217593
34.0,43.0,-30.281836615835978,256.5934804192827,-29.270665211752664,255.73881540894817,-29.30876142578413,255.83525699933986,0.03809621403146579,-0.09644159039169153,0.10369330682744213,-0.03995150382508539
34.0,48.0,-30.068891504087325,256.4333943112619,-28.88614196332079,255.42836856196664,-28.997492639424365,255.61535627784258,0.11135067610357652,-0.18698771587594365,0.2176312913099268,-0.05750949949658846
34.0,53.0,-29.83805286991843,256.2555026144572,-28.583741191847817,255.21489050381402,-28.6684369242836,255.39810808624765,0.0846957324357831,-0.1832175824336275,0.20184659919269596,-0.06239096398266397
34.0,58.0,-29.58592183693337,256.05587042572364,-28.295391205954736,255.04958314766213,-28.33857570446166,255.18677188433793,0.04318449850692474,-0.137188736675796,0.14382506868413267,-0.04781515436495187
34.0,63.0,-29.30876142578413,255.83525699933986,-27.96086277570184,254.948080690558,-27.982645903335257,254.9674424281142,0.021783127633415944,-0.019361737556209846,0.029144150882968546,0.007670560873487164
34.0,68.0,-28.997492639424365,255.61535627784258,-27.472930726445938,254.73702418910008,-27.59926247425542,254.74118291755659,0.12633174780948053,-0.004158728456502558,0.12640018009074638,0.04358899041321995
34.0,73.0,-28.6684369242836,255.39810808624765,-27.094497817392405,254.52251011707438,-27.22214797006958,254.52831224533148,0.12765015267717672,-0.005802128257101913,0.1277819477501356,0.041676501811507616
34.0,78.0,-28.33857570446166,255.18677188433793,-26.72238454921623,254.32031522944752,-26.863726702129302,254.33458924239537,0.14134215291307228,-0.014274012947851134,0.14206108417064023,0.04061595902146414
34.0,83.0,-27.982645903335257,254.9674424281142,-26.327478914865495,254.11812305226374,-26.422185167472385,254.10706860745998,0.09470625260689047,0.011054444803761498,0.09534922670247284,0.03771066163129716
34.0,88.0,-27.59926247425542,254.74118291755659,-25.908499822262126,253.9140533359822,-25.9944758148673,253.89754289253406,0.08597599260517441,0.016510443448140677,0.08754693625307089,0.037142137753207016
34.0,93.0,-27.22214797006958,254.52831224533148,-25.50102929655857,253.72564982620074,-25.569684545963963,253.69973935111614,0.06865524940539203,0.025910475084600648,0.07338185054920796,0.03637799680805192
34.0,98.0,-26.863726702129302,254.33458924239537,-25.11703850559415,253.55697706360039,-25.156518911488355,253.51721505037565,0.03948040589420643,0.03976201322473116,0.05603320573780324,0.03503689131528337
34.0,103.0,-26.422185167472385,254.10706860745998,-24.68457844985503,253.37055652720093,-24.693972335373964,253.31822099597787,0.009393885518932166,0.05233553122306489,0.05317191846777021,0.034663396532960904
34.0,108.0,-25.9944758148673,253.89754289253406,-24.411342607481423,253.22760118299846,-24.26219900473101,253.0980989940268,-0.1491436027504136,0.12950218897165655,0.1975212170624306,0.04276551130735223
34.0,113.0,-25.569684545963963,253.69973935111614,-24.19752224234949,253.09576803366835,-23.849452372979048,252.84451153514982,-0.34806986937044115,0.25125649851852927,0.4292813320089143,0.060343110053633915
34.0,118.0,-25.156518911488355,253.51721505037565,-23.92884647858417,252.91285126998966,-23.46309490663594,252.58506718527343,-0.46575157194822836,0.3277840847162281,0.5695322053804343,0.059151294454983516
34.0,123.0,-24.693972335373964,253.31822099597787,-23.184704704799522,252.4270171824827,-23.052847658285728,252.28531711648728,-0.13185704651379382,0.14170006599542262,0.19355926590697722,0.031224386302005636
34.0,128.0,-24.26219900473101,253.0980989940268,-22.711574245723863,252.05956528727435,-22.65724309460587,251.96878662018838,-0.05433115111799225,0.09077866708597071,0.10579527579108441,0.02175670294524157
34.0,133.0,-23.849452372979048,252.84451153514982,-22.348628288260993,251.73323254628676,-22.296346848585618,251.65390326478524,-0.05228143967537591,0.07932928150151497,0.09500780935310832,0.0163743644550276
34.0,138.0,-23.46309490663594,252.58506718527343,-22.006339105392748,251.41278092699804,-21.924364258103957,251.30026352582507,-0.0819748472887909,0.11251740117296549,0.1392122162553942,0.01996407294842362
34.0,143.0,-23.052847658285728,252.28531711648728,-21.643792188369904,251.04770255390272,-21.583750165130937,250.9471739229959,-0.060042023238967346,0.10052863090683672,0.11709419365037577,0.020198068967573812
34.0,148.0,-22.65724309460587,251.96878662018838,-21.30260569040879,250.67748179860743,-21.246101419802443,250.56564085430384,-0.05650427060634655,0.11184094430359437,0.12530414765471629,0.02502550412302018
34.0,153.0,-22.296346848585618,251.65390326478524,-21.0157795325563,250.33810677783748,-20.942991461812912,250.19241532766225,-0.072788070743389,0.1456914501752351,0.16286221752360985,0.029822281650361937
34.0,158.0,-21.924364258103957,251.30026352582507,-20.733395243345203,249.97303860244804,-20.667964870004045,249.82449113896553,-0.06543037334115809,0.14854746348251524,0.16231907670588977,0.029127550140116476
34.0,163.0,-21.583750165130937,250.9471739229959,-20.527715221729846,249.6560274475373,-20.42284208328785,249.47203044282853,-0.1048731384419952,0.18399700470877178,0.21178591291319088,0.025390622116399086
34.0,168.0,-21.246101419802443,250.56564085430384,-20.239813564504235,249.2637626619652,-20.185474785788653,249.14848474657737,-0.05433877871558224,0.1152779153878214,0.12744293094739592,0.017079877800254883
34.0,173.0,-20.942991461812912,250.19241532766225,-19.98802390635337,248.92233421991787,-19.950510374280384,248.87133282089536,-0.037513532072985356,0.05100139902251044,0.06331198773411106,-0.00792289379761113
34.0,178.0,-20.667964870004045,249.82449113896553,-19.76444408054063,248.6282149557893,-19.723339800875625,248.63622663069538,-0.041104279665006516,-0.00801167490607213,0.04187778338904358,-0.0366500693367392
34.0,183.0,-20.42284208328785,249.47203044282853,-19.58658951622479,248.3739972608017,-19.50400434127075,248.4192661792241,-0.0825851749540405,-0.04526891842240843,0.09417848001175293,-0.06540916919245932
34.0,188.0,-20.185474785788653,249.14848474657737,-19.341340985069856,248.1869410905251,-19.300841898352683,248.22750768997483,-0.04049908671717262,-0.04056659944973262,0.057322116288916924,-0.03449503293549272
34.0,193.0,-19.950510374280384,248.87133282089536,-19.067526721178133,248.00221219008833,-19.11239202845209,248.05770638426625,0.044865307273955324,-0.05549419417792478,0.07136176416151474,0.0006585892158756935
34.0,198.0,-19.723339800875625,248.63622663069538,-18.84733259586816,247.82792551259735,-18.933511307874944,247.90324653706688,0.08617871200678451,-0.07532102446953104,0.11445534994174802,0.009795899523980744
34.0,203.0,-19.50400434127075,248.4192661792241,-18.65094406869477,247.6705347027813,-18.76410073670718,247.7626769175863,0.11315666801241164,-0.09214221480499418,0.14592675993401905,0.01343325079787916
34.0,208.0,-19.300841898352683,248.22750768997483,-18.47002172000427,247.53250623401757,-18.60401003282357,247.63471284031044,0.13398831281930157,-0.10220660629286726,0.16852020158446343,0.01671357726657641
34.0,213.0,-19.11239202845209,248.05770638426625,-18.305790616187693,247.41176990418214,-18.454603391849055,247.51938818132425,0.1488127756613622,-0.10761827714210881,0.18364894711126079,0.019126114719559717
34.0,218.0,-18.933511307874944,247.90324653706688,-18.1526916739438,247.30269646092722,-18.304412002807297,247.40728455044388,0.1517203288634974,-0.10458808951665333,0.18427622380326578,0.019986111953387398
34.0,223.0,-18.76410073670718,247.7626769175863,-18.020352527922178,247.20726809949426,-18.159050194073725,247.30143545292367,0.13869766615154688,-0.09416735342941251,0.16764406654512362,0.01672639972327905
34.0,228.0,-18.60401003282357,247.63471284031044,-17.921211364527796,247.1207874291675,-18.028881795175533,247.1980845421725,0.10767043064773674,-0.0772971130049882,0.1325434468948767,0.008863691501686866
34.0,233.0,-18.454603391849055,247.51938818132425,-17.847336607803985,247.04459520087204,-17.922313120976387,247.10106109482876,0.07497651317240184,-0.05646589395672663,0.09386093280925586,0.005405312076196323
34.0,238.0,-18.304412002807297,247.40728455044388,-17.771260724640104,246.96330564374392,-17.79882769454574,246.9764800353487,0.02756696990563512,-0.013174391604763969,0.030553271902267157,0.009763922492913135
34.0,243.0,-18.159050194073725,247.30143545292367,-17.66794563903643,246.87103377373143,-17.698720442841662,246.8740076308488,0.03077480380523312,-0.0029738571173822947,0.03091815608029037,0.016609909493103148
34.0,248.0,-18.028881795175533,247.1980845421725,-17.589003032377793,246.78206817478613,-17.59141242505301,246.76173136730014,0.002409392675218669,0.02033680748598954,0.02047903590957342,0.014133545805016023
34.0,253.0,-17.922313120976387,247.10106109482876,-17.525295165505064,246.67701886848548,-17.490983593582463,246.65380433202074,-0.03431157192260059,0.023214536464735147,0.04142702826745254,-0.005611892811011376
34.0,258.0,-17.79882769454574,246.9764800353487,-17.416929090274596,246.5523655531858,-17.401221188783918,246.5549554934015,-0.015707901490678466,-0.002589940215699471,0.015919986167134574,-0.011338785496545434
34.0,263.0,-17.698720442841662,246.8740076308488,-17.324528018241033,246.45352159850444,-17.305756665361514,246.44729988827066,-0.018771352879518588,0.006221710233774047,0.019775575014660367,-0.00760552694181449
34.0,268.0,-17.59141242505301,246.76173136730014,-17.226921108365566,246.34204040620574,-17.21541190783443,246.34288927766494,-0.011509200531136798,-0.0008488714591976532,0.011540462712567463,-0.00783817691830968
34.0,273.0,-17.490983593582463,246.65380433202074,-17.135017740471092,246.2341698519907,-17.127767178238813,246.23916103168239,-0.007250562232279378,-0.004991179691671732,0.008802415997821987,-0.007860037976598289
34.0,278.0,-17.401221188783918,246.5549554934015,-17.052423584229928,246.13491557565374,-17.039857226362294,246.13260183212714,-0.012566357867633826,0.00231374352659941,0.012777588159129378,-0.006634802815842722
34.0,283.0,-17.305756665361514,246.44729988827066,-16.959192983074306,246.02106767619262,-16.955740895219396,246.02908657959892,-0.0034520878549102463,-0.008018903406309619,0.008730390735685479,-0.007508323033159514
34.0,288.0,-17.21541190783443,246.34288927766494,-16.883860840979295,245.927349832748,-16.87463717767805,245.93712984757252,-0.009223663301245466,-0.009780014824514183,0.01344338702345728,-0.013742112731795042
34.0,293.0,-17.127767178238813,246.23916103168239,-16.861132365876728,245.89360868735346,-16.77946188203026,245.83541344614207,-0.08167048384646591,0.05819524121139352,0.1002833686678311,-0.021960632010732728
34.0,298.0,-17.039857226362294,246.13260183212714,-16.87195608672266,245.90180989329542,-16.69360258058726,245.74262811901679,-0.17835350613539802,0.1591817742786361,0.23905817370105573,-0.025533642153623307
34.0,303.0,-16.955740895219396,246.02908657959892,-16.944278139803874,245.99234693021756,-16.605834100036628,245.64763141673086,-0.33844403976724635,0.3447155134867046,0.48308710735474597,-0.01694989410296488
34.0,308.0,-16.87463717767805,245.93712984757252,-16.772060417068083,245.83220714109953,-16.517023987557295,245.55150831275282,-0.2550364295107883,0.2806988283467149,0.37925639429392594,0.003157021996219922
34.0,313.0,-16.77946188203026,245.83541344614207,-16.682355053787614,245.73547445507026,-16.4304417710565,245.45779652487974,-0.25191328273111324,0.2776779301905208,0.3749204381348895,0.0034515275528284044
34.0,318.0,-16.69360258058726,245.74262811901679,-16.601763716397905,245.6472174185244,-16.34541612026945,245.36576947736165,-0.25634759612845315,0.28144794116275307,0.3806928336935029,0.0027276048476171377
34.0,323.0,-16.605834100036628,245.64763141673086,-16.515500832418116,245.55377372300663,-16.255983155498896,245.26897229148042,-0.25951767691922,0.28480143152620485,0.3853067349955412,0.0026800546318049845
34.0,328.0,-16.517023987557295,245.55150831275282,-16.427639722611403,245.45871821290388,-16.171036087065374,245.1770306658676,-0.2566036355460284,0.2816875470362845,0.3810423860028671,0.0027147536727484267
34.0,333.0,-16.4304417710565,245.45779652487974,-16.341852071716698,245.36589900370717,-16.085372948394713,245.08431312180159,-0.2564791233219843,0.28158588190558476,0.38088338056229176,0.0027435918375630086
34.0,338.0,-16.34541612026945,245.36576947736165,-16.257903187255554,245.27494550343383,-15.999115393074764,244.9909522473774,-0.25878779418079034,0.28399325605641934,0.38421776625045084,0.002683312282008021
34.0,343.0,-16.255983155498896,245.26897229148042,-16.154560262815544,245.1635216109377,-15.913791305463606,244.89927059249953,-0.24076895735193737,0.26425101843815924,0.3574888691553115,0.002279167297603135
34.0,348.0,-16.171036087065374,245.1770306658676,-16.011831064373155,245.0136151227089,-15.823253550774862,244.81179579309347,-0.18857751359829322,0.20181932961543225,0.27621100709663426,-0.0021231981126351718
34.0,353.0,-16.085372948394713,245.08431312180159,-15.835666389367846,244.83347487027694,-15.72726917370553,244.7259451153026,-0.10839721566231653,0.10752975497433681,0.15268465727827296,-0.00693015917231099
34.0,358.0,-15.999115393074764,244.9909522473774,-15.622268734113591,244.62328120502667,-15.635575447523712,244.64492348412713,0.013306713410120352,-0.021642279100461792,0.02540584315549008,-0.004841265014821294
34.0,363.0,-15.913791305463606,244.89927059249953,-15.500830396846972,244.51593744371868,-15.537911792610217,244.5603296069519,0.037081395763244984,-0.044392163233226256,0.05784197496866621,-0.0024196231121674794
34.0,368.0,-15.823253550774862,244.81179579309347,-15.339487801837098,244.39921100972558,-15.450389812271183,244.4861425235141,0.11090201043408499,-0.08693151378852804,0.14091254027902178,0.01596283678399313
34.0,373.0,-15.72726917370553,244.7259451153026,-15.241740060291631,244.32106161381387,-15.350304752902636,244.40311273766704,0.10856469261100443,-0.08205112385317648,0.13608335462976795,0.016045734062799855
34.0,378.0,-15.635575447523712,244.64492348412713,-15.15159506623201,244.24860196952676,-15.251099766541717,244.32264863555406,0.0995047003097067,-0.07404666602730003,0.12403263334091982,0.014396714045211922
34.0,383.0,-15.537911792610217,244.5603296069519,-15.050133785030358,244.1698975441613,-15.158303251854036,244.24900133452465,0.10816946682367856,-0.07910379036334803,0.134007623674056,0.015254651753673689
34.0,388.0,-15.450389812271183,244.4861425235141,-14.95934879996865,244.1009941868541,-15.05418946953633,244.16818546299413,0.09484066956768089,-0.06719127614002218,0.1162300313747301,0.013730124371763464
34.0,393.0,-15.350304752902636,244.40311273766704,-14.855713610778126,244.02400262805406,-14.958971526193439,244.0959136525207,0.1032579154153126,-0.07191102446662967,0.12583080916753284,0.01454313693395981
34.0,398.0,-15.251099766541717,244.32264863555406,-14.752975003554495,243.94942036540016,-14.855976779009486,244.0194569217847,0.10300177545499167,-0.07003655638453665,0.12455715546320455,0.014421895557474305
34.0,403.0,-15.158303251854036,244.24900133452465,-14.663612546371766,243.88559554184576,-14.758036317662347,243.9478082826152,0.09442377129058066,-0.06221274076943928,0.11307640646386556,0.01385891127170713
34.0,408.0,-15.05418946953633,244.16818546299413,-14.572899135971143,243.8156198316216,-14.659382143564637,243.868995064818,0.08648300759349326,-0.053375233196391036,0.10162788062921185,0.014600855975219429
34.0,413.0,-14.958971526193439,244.0959136525207,-14.50516500708153,243.75862338862203,-14.567460564731622,243.78614359259777,0.06229555765009209,-0.027520203975740287,0.06810358382495225,0.018777880460093654
34.0,418.0,-14.855976779009486,244.0194569217847,-14.448242938611362,243.70895570367753,-14.480611625997447,243.70611289330458,0.03236868738608578,0.0028428103729538634,0.032493283827811595,0.02228741742968854
34.0,423.0,-14.758036317662347,243.9478082826152,-14.388054293408432,243.6534924737247,-14.386227009373881,243.61896158461434,-0.0018272840345510133,0.034530889110357066,0.03457920284932406,0.02340675541009596
34.0,428.0,-14.659382143564637,243.868995064818,-14.422854184088132,243.65608939077345,-14.296860512907697,243.53556159917562,-0.12599367118043503,0.1205277915978229,0.17435983977100863,0.009729045837284844
34.0,433.0,-14.567460564731622,243.78614359259777,-14.393279865244603,243.607292245737,-14.205017521638787,243.44890858328918,-0.18826234360581573,0.1583836624478181,0.2460245811912676,-0.0028456534775083138
34.0,438.0,-14.480611625997447,243.70611289330458,-14.295452299572636,243.51953132504144,-14.115584879522478,243.36362586827784,-0.179867420050158,0.15590545676360534,0.23803109091916627,-0.00042123336228450103
34.0,443.0,-14.386227009373881,243.61896158461434,-14.199796900642582,243.42993233941897,-14.028070194327862,243.2792941068117,-0.1717267063147201,0.15063823260726394,0.22843366386052275,-0.0002718697835624173
34.0,448.0,-14.296860512907697,243.53556159917562,-14.111857842216654,243.34575999138414,-13.936258870612798,243.18987625846216,-0.17559897160385596,0.15588373292197844,0.2348078725639805,-0.00015047502772169707
34.0,453.0,-14.205017521638787,243.44890858328918,-14.020992144533926,243.25803614773722,-13.847888723318485,243.10287900318033,-0.17310342121544053,0.15515714455688112,0.23246189783174176,-0.0002774842139481315
34.0,458.0,-14.115584879522478,243.36362586827784,-13.932483255007893,243.17170183885355,-13.761950016908443,243.0173869257808,-0.1705332380994502,0.1543149130727386,0.22998842947707313,-0.0003876751437841275
34.0,463.0,-14.028070194327862,243.2792941068117,-13.841557163088755,243.08163170669548,-13.6750776442015,242.92942273920147,-0.16647951888725565,0.1522089674940048,0.22557260470749352,-0.0001592228343783031
34.0,468.0,-13.936258870612798,243.18987625846216,-13.715704234547218,242.9546488833518,-13.591358385571942,242.83686072509698,-0.12434584897527579,0.11778815825482525,0.17127737849011426,0.002622565082211703
34.0,473.0,-13.847888723318485,243.10287900318033,-13.578877227342874,242.8133573773122,-13.50979677512597,242.7443507626302,-0.06908045221690351,0.06900661468199587,0.09764231535743782,0.003955108297612586
34.0,478.0,-13.761950016908443,243.0173869257808,-13.44337996421251,242.669195386814,-13.427550498839087,242.64960544298165,-0.01582946537342167,0.019589943832357903,0.02518606506311165,0.0037026551787916473
34.0,483.0,-13.6750776442015,242.92942273920147,-13.32683224262095,242.53485792108944,-13.348172320626333,242.556158677173,0.021340078005382068,-0.021300756083547867,0.03015163576004779,-0.0005241217688636279
34.0,488.0,-13.591358385571942,242.83686072509698,-13.260290000663378,242.43931472622006,-13.26642145057504,242.45777608377102,0.006131449911661591,-0.018461357550961566,0.019452927816749347,-0.007762629193262537
34.0,493.0,-13.50979677512597,242.7443507626302,-13.179956120428345,242.34298383223145,-13.18896980292811,242.36250231864386,0.009013682499764641,-0.01951848641240872,0.021499250778525915,-0.006401999536754133
34.0,498.0,-13.427550498839087,242.64960544298165,-13.101705068124646,242.2446379977732,-13.111765595537966,242.26545666747705,0.01006052741331942,-0.02081866970385704,0.02312209376489176,-0.006342392130510022
34.0,503.0,-13.348172320626333,242.556158677173,-13.02671906494133,242.14778336624755,-13.034757188437704,242.16650184278038,0.008038123496373117,-0.018718476532825434,0.02037137189913537,-0.006172363485125176
34.0,508.0,-13.26642145057504,242.45777608377102,-12.949488951975514,242.04592643930707,-12.960529130012404,242.0690045193805,0.011040178036889614,-0.023078080073446472,0.02558287143701088,-0.006634180475396878
34.0,513.0,-13.18896980292811,242.36250231864386,-12.876424687656579,241.94740663375418,-12.885622157055073,241.96840213520647,0.009197469398493752,-0.020995501452290455,0.022921704224803174,-0.006383699526534504
34.0,518.0,-13.111765595537966,242.26545666747705,-12.803710721622533,241.8471724264724,-12.812323820589423,241.86769481856857,0.00861309896689022,-0.020522392096154363,0.02225655074717878,-0.006287461174020792
34.0,523.0,-13.034757188437704,242.16650184278038,-12.716117049566437,241.7283707665928,-12.741556206309571,241.76896360766122,0.02543915674313446,-0.040592841068416874,0.04790542184145251,-0.006200394092215622
34.0,528.0,-12.960529130012404,242.0690045193805,-12.629905989478395,241.61727872331645,-12.666589866802225,241.67292477434353,0.036683877323829606,-0.05564605102708242,0.06664975506645497,-0.006992468336362023
34.0,533.0,-12.885622157055073,241.96840213520647,-12.574839237950322,241.5489655713878,-12.583809594738703,241.5796438102966,0.00897035678838165,-0.0306782389087914,0.031962816575761076,-0.013267823566663672
34.0,538.0,-12.812323820589423,241.86769481856857,-12.55310546858146,241.5257753060397,-12.500396056880813,241.48759165428584,-0.052709411700647024,0.03818365175385452,0.06508666025452482,-0.017289299877075948
34.0,543.0,-12.741556206309571,241.76896360766122,-12.662543866343574,241.66286123321407,-12.419498653987956,241.39839710876365,-0.24304521235561793,0.2644641244504271,0.35918275065809946,-0.01987734754309978
34.0,548.0,-12.666589866802225,241.67292477434353,-12.54199306922066,241.5419008871903,-12.339211347580376,241.3108233577854,-0.2027817216402834,0.23107752940489945,0.30743658082158926,-0.007630596885425334
34.0,553.0,-12.583809594738703,241.5796438102966,-12.347913396941339,241.35562983492872,-12.258599026407326,241.2238301132277,-0.08931437053401226,0.1317997217010145,0.1592112540756831,0.01582980142642898
34.0,558.0,-12.500396056880813,241.48759165428584,-12.316514301865462,241.31153354812278,-12.173475189164366,241.13292820975403,-0.14303911270109637,0.17860533836875447,0.2288231951881938,0.007021626274935855
34.0,563.0,-12.419498653987956,241.39839710876365,-12.237819950120393,241.2261907990196,-12.093625417276531,241.04854498376562,-0.14419453284386208,0.1776458152539817,0.22880144007263462,0.006713212214514597
34.0,568.0,-12.339211347580376,241.3108233577854,-12.156724293698652,241.13993716862024,-12.01010904824529,240.96118685552742,-0.14661524545336135,0.17875031309282008,0.23118759618571796,0.006791455197368901
34.0,573.0,-12.258599026407326,241.2238301132277,-12.077152702187938,241.0557955531023,-11.931894923641732,240.88019841946425,-0.14525777854620614,0.17559713363806395,0.22789070970551378,0.006887564213099663
34.0,578.0,-12.173475189164366,241.13292820975403,-11.99302135878888,240.96771597519796,-11.847262364428149,240.79344831865862,-0.14575899436073136,0.1742676565393424,0.22718912947754766,0.00684965842063856
34.0,583.0,-12.093625417276531,241.04854498376562,-11.913814192432909,240.88566026489528,-11.766223975655091,240.71122839397145,-0.14759021677781803,0.17443187092382573,0.22849365348409464,0.006741609927054747
34.0,588.0,-12.01010904824529,240.96118685552742,-11.830733464740684,240.80047180071833,-11.679665276836047,240.62430671427938,-0.15106818790463628,0.17616508643894235,0.23206838448360545,0.006542337564499733
34.0,593.0,-11.931894923641732,240.88019841946425,-11.752743359533554,240.72130981572374,-11.601588650550257,240.54668885901887,-0.15115470898329697,0.17462095670487088,0.23095502715539576,0.0065565474663535905
34.0,598.0,-11.847262364428149,240.79344831865862,-11.668181914723645,240.6363461529943,-11.515886476825887,240.46233573418476,-0.15229543789775768,0.17401041880953017,0.231243435060842,0.006513876246097006
34.0,603.0,-11.766223975655091,240.71122839397145,-11.587070343196908,240.55568096183262,-11.431884742066611,240.3805013462509,-0.155185601130297,0.175179615581726,0.23403091358522052,0.006369627244812492
34.0,608.0,-11.679665276836047,240.62430671427938,-11.500305145464596,240.4702788843494,-11.34466279722799,240.2964028726173,-0.15564234823660605,0.17387601173209077,0.2333611107714032,0.006378896192767325
34.0,613.0,-11.601588650550257,240.54668885901887,-11.421945499025263,240.3939258250347,-11.260780503472537,240.21635077099359,-0.1611649955527259,0.17757505404111384,0.23980628767656337,0.006085209423005278
34.0,618.0,-11.515886476825887,240.46233573418476,-11.335843842137828,240.31086399150007,-11.175558359918828,240.13583757446088,-0.16028548221900074,0.17502641703919153,0.2373303235403234,0.0061807992127357325
34.0,623.0,-11.431884742066611,240.3805013462509,-11.251374605312243,240.2302123556948,-11.090025480678849,240.0558469629062,-0.16134912463339468,0.17436539278858731,0.23756437069198963,0.0061620742358236
34.0,628.0,-11.34466279722799,240.2964028726173,-11.163600893434642,240.14726943922608,-11.004493944919975,239.9766651215315,-0.15910694851466722,0.1706043176945684,0.23328277750763812,0.006341634625976701
34.0,633.0,-11.260780503472537,240.21635077099359,-11.079134502354071,240.0682700605638,-10.918397194617901,239.8977619407903,-0.16073730773617,0.17050811977350122,0.2343277640548957,0.006292486797038976
34.0,638.0,-11.175558359918828,240.13583757446088,-10.993274454500693,239.9887773546537,-10.832643433091906,239.81996392273805,-0.16063102140878627,0.1688134319156518,0.23302424730909518,0.0063470089951586095
34.0,643.0,-11.090025480678849,240.0558469629062,-10.907694168065525,239.91022281149512,-10.744929261636399,239.7408978355659,-0.16276490642912655,0.16932497592921436,0.2348688192125795,0.0064742212686432765
34.0,648.0,-11.004493944919975,239.9766651215315,-10.809756208016907,239.81784283349234,-10.665350660993736,239.66306952757114,-0.14440554702317066,0.15477330592119642,0.21167838396217364,0.010523632772996727
34.0,653.0,-10.918397194617901,239.8977619407903,-10.694232668999742,239.7065024955922,-10.584153343711842,239.57633105535598,-0.11007932528790043,0.13017144023621086,0.17047598572528863,0.01734871292782325
34.0,658.0,-10.832643433091906,239.81996392273805,-10.57916519239133,239.5933104043855,-10.505554796197064,239.4928038802932,-0.07361039619426535,0.1005065240923102,0.12457949997088143,0.020752253338541582
34.0,663.0,-10.744929261636399,239.7408978355659,-10.46537962153065,239.46954656497246,-10.422045136309801,239.40348841319442,-0.04333448522084815,0.0660581517780372,0.07900352540036493,0.016113959805869937
34.0,668.0,-10.665350660993736,239.66306952757114,-10.499336101745943,239.47432938385953,-10.3402034507972,239.31497773417126,-0.1591326509487434,0.15935164968826143,0.22520246192336574,0.0015711385949847003
34.0,673.0,-10.584153343711842,239.57633105535598,-10.426004292466319,239.3904447799394,-10.26048024162652,239.2278600301438,-0.1655240508397977,0.16258474979559878,0.23201726718611568,-0.0017296792826666516
34.0,678.0,-10.505554796197064,239.4928038802932,-10.340448699531791,239.29997358516528,-10.17776035572512,239.13652529518194,-0.1626883438066713,0.16344828998333583,0.230614051412819,-0.00028505885372887
34.0,683.0,-10.422045136309801,239.40348841319442,-10.257372252761721,239.2087250528251,-10.093836180869227,239.0428589217808,-0.1635360718924943,0.16586613104428238,0.23292835859471067,-0.0004441661681249265
34.0,688.0,-10.3402034507972,239.31497773417126,-10.175963459888397,239.11839570148848,-10.012749572250023,238.95138834518622,-0.1632138876383742,0.16700735630226404,0.23351708754843445,-0.0006428777868735525
34.0,693.0,-10.26048024162652,239.2278600301438,-10.096509692737316,239.02945049338155,-9.933366653821889,238.86089356537354,-0.16314303891542714,0.1685569280080017,0.2345785350923124,-0.000723337169949656
34.0,698.0,-10.17776035572512,239.13652529518194,-10.014208158038866,238.93636293515874,-9.84964447931238,238.76442201924533,-0.16456367872648592,0.1719409159134102,0.23800185486910908,-0.0006935935571475982
34.0,703.0,-10.093836180869227,239.0428589217808,-9.930622366637122,238.84073420506763,-9.76876718495988,238.66991690020038,-0.16185518167724133,0.17081730486725633,0.23532031675545143,-0.0007029630567489953
34.0,708.0,-10.012749572250023,238.95138834518622,-9.829394119386096,238.72255408298105,-9.691674113492965,238.57205369956924,-0.13772000589313116,0.15050038341180993,0.20400285642683016,0.002493432729842926
34.0,713.0,-9.933366653821889,238.86089356537354,-9.70823976474815,238.57837119460294,-9.616144472791518,238.47271163664067,-0.0920952919566318,0.10565955796226945,0.14016235225394666,0.004685219363102622
34.0,718.0,-9.84964447931238,238.76442201924533,-9.577638791339412,238.4188904532914,-9.541352900103616,238.37274302199387,-0.03628589123579573,0.046147431297526964,0.05870478105006413,0.0046406591619753135
34.0,723.0,-9.76876718495988,238.66991690020038,-9.445893305980249,238.2457643956041,-9.469556762215223,238.2746180880606,0.023663456234974234,-0.028853692456493718,0.03731614569269532,-0.001390280442800762
34.0,728.0,-9.691674113492965,238.57205369956924,-9.38930778594883,238.15049392016672,-9.399549089213474,238.17679812034274,0.01024130326464423,-0.026304200176014092,0.028227561698776472,-0.008425668096970762
34.0,733.0,-9.616144472791518,238.47271163664067,-9.315924908599662,238.0476567970044,-9.328623043818522,238.07546400202756,0.012698135218860429,-0.027807205023151482,0.03056931941074326,-0.007332505605115558
34.0,738.0,-9.541352900103616,238.37274302199387,-9.24569457120568,237.9447512116375,-9.253393833530913,237.96541531663797,0.0076992623252323256,-0.02066410500046345,0.022051845179551766,-0.006432060722070698
34.0,743.0,-9.469556762215223,238.2746180880606,-9.17882907072002,237.84327601235566,-9.182503047878834,237.85916960943197,0.0036739771588134573,-0.01589359707631388,0.01631271087795331,-0.006344725597179913
34.0,748.0,-9.399549089213474,238.17679812034274,-9.113359388192452,237.74192559852523,-9.114179531335871,237.75432965933604,0.000820143143419827,-0.012404060810808915,0.012431144733046273,-0.006268009596447576
34.0,753.0,-9.328623043818522,238.07546400202756,-9.046887412129884,237.63721730434534,-9.0473977160715,237.64940759519766,0.00051030394161522,-0.01219029085231682,0.01220096722300766,-0.006274801870444823
34.0,758.0,-9.253393833530913,237.96541531663797,-8.976568634746041,237.5236864810693,-8.983601855006153,237.54680948372402,0.007033220260112216,-0.023123002654727998,0.02416897678839158,-0.007409859892464676
34.0,763.0,-9.182503047878834,237.85916960943197,-8.906805838818858,237.40928050739512,-8.915704170532111,237.43521057332782,0.008898331713252716,-0.0259300659326982,0.027414387218268343,-0.007251286365226983
34.0,768.0,-9.114179531335871,237.75432965933604,-8.790916679935867,237.23954413468508,-8.845460358984727,237.32820758917612,0.05454367904886048,-0.08866345449104074,0.10409717136632461,-0.005232018520783033
34.0,773.0,-9.0473977160715,237.64940759519766,-8.671272263238501,237.07718131107586,-8.771032461768405,237.22970998620767,0.09976019852990348,-0.1525286751318049,0.1822555731608486,-0.0047459381568042405
34.0,778.0,-8.983601855006153,237.54680948372402,-8.554261531277607,236.93067294526935,-8.693498934056182,237.13839467911208,0.13923740277857455,-0.20772173384273174,0.2500707360791216,-0.005113820132955582
34.0,783.0,-8.915704170532111,237.43521057332782,-8.569358496170947,236.97783708539464,-8.608220946626888,237.03926067725507,0.038862450455940944,-0.061423591860432225,0.07268526461723464,-0.0035248452703597892
34.0,788.0,-8.845460358984727,237.32820758917612,-8.531496931633955,236.93653152340468,-8.522731826151624,236.941681109624,-0.008765105482330782,-0.0051495862193178255,0.010165889648553793,-0.006388811068207433
34.0,793.0,-8.771032461768405,237.22970998620767,-8.421772810745544,236.83630412136495,-8.429746015293267,236.83818731613258,0.007973204547722545,-0.0018831947676289928,0.00819258282183639,0.007994788586701107
34.0,798.0,-8.693498934056182,237.13839467911208,-8.326001562156037,236.74505464576663,-8.315106955806835,236.71412276459645,-0.010894606349202363,0.030931881170175757,0.032794415991597624,0.011988862447137039
34.0,803.0,-8.608220946626888,237.03926067725507,-8.110244129063528,236.51825742142043,-8.186802392221404,236.57964177006053,0.07655826315787628,-0.06138434864010378,0.09812851734190449,0.02144229639018791
34.0,808.0,-8.522731826151624,236.941681109624,-7.988859229621463,236.3962987976186,-8.025901098077066,236.41715876344242,0.03704186845560287,-0.020859965823802895,0.04251162420859043,0.015714887586949833
34.0,813.0,-8.429746015293267,236.83818731613258,-7.831840277627142,236.2435308601039,-7.837831101362513,236.23538196485194,0.005990823735370299,0.008148895251963495,0.010114072515843918,0.01066318520838272
34.0,818.0,-8.315106955806835,236.71412276459645,-7.613256760555791,236.03897452027238,-7.628140263912458,236.04229119512092,0.01488350335666766,-0.003316674848548473,0.015248573842131321,0.009453796978574291
34.0,823.0,-8.186802392221404,236.57964177006053,-7.370086475309733,235.81996746097315,-7.37937325514614,235.82457387818644,0.009286779836407355,-0.004606417213295799,0.010366453553305975,0.0052344688068732825
34.0,828.0,-8.025901098077066,236.41715876344242,-7.18848239807011,235.64463293555892,-7.123800958338636,235.5911078638997,-0.06468143973147367,0.053525071659208834,0.083956071500873,-0.0043305299009116505
34.0,833.0,-7.837831101362513,236.23538196485194,-7.078760515182413,235.5220125139016,-6.873525228432223,235.33068147194467,-0.20523528675018987,0.1913310419569143,0.28058704628644415,-0.0025522330934094617
34.0,838.0,-7.628140263912458,236.04229119512092,-7.001260937841047,235.41945797952062,-6.62656901941336,235.03118298349062,-0.3746919184276871,0.3882749960299918,0.539584568234777,0.015179091359258212
34.0,843.0,-7.37937325514614,235.82457387818644,-6.8390874073628005,235.238327277339,-6.388968310977854,234.7242623806901,-0.4501190963849462,0.5140648966489039,0.6832788002690035,0.033966877302351595
34.0,848.0,-7.123800958338636,235.5911078638997,-6.205134566235597,234.492739315733,-6.142046999071053,234.38306018680328,-0.06308756716454411,0.10967912892971299,0.12652886016052414,0.01458584923724593
34.0,853.0,-6.873525228432223,235.33068147194467,-5.806695199443243,233.92128829338876,-5.902997336123968,234.02587743797503,0.09630213668072507,-0.10458914458627078,0.14217239779423047,-0.003151951265153441
34.0,858.0,-6.62656901941336,235.03118298349062,-5.598087473085992,233.55511296240368,-5.6750648048170165,233.65639094261115,0.07697733173102428,-0.10127798020747036,0.12721139443985713,-0.006049297795000741
34.0,863.0,-6.388968310977854,234.7242623806901,-5.403375986818548,233.20451828876182,-5.454475023839557,233.2665073312718,0.05109903702100915,-0.06198904250999249,0.0803352536298985,-0.0017344237116998507
34.0,868.0,-6.142046999071053,234.38306018680328,-5.205373027826914,232.8183666182287,-5.240120662848887,232.85030780610563,0.03474763502197309,-0.03194118787692446,0.04719785612301937,0.0018918448269495958
34.0,873.0,-5.902997336123968,234.02587743797503,-5.019958344258691,232.4193026016536,-5.049555763547372,232.4414658310969,0.02959741928868098,-0.02216322944329363,0.03697588359871962,0.0032719378728724986
34.0,878.0,-5.6750648048170165,233.65639094261115,-4.849059567298154,232.01138301604527,-4.864702137230224,231.99977164147077,0.01564256993207014,0.011611374574499678,0.01948111941314057,0.006728823435695475
34.0,883.0,-5.454475023839557,233.2665073312718,-4.686918714770785,231.5820755429294,-4.703153238634603,231.56674765233385,0.016234523863817962,0.015327890595557392,0.022327203031151294,0.008556301782701503
34.0,888.0,-5.240120662848887,232.85030780610563,-4.528036742018,231.17193666982195,-4.528342051970109,231.1115609335033,0.00030530995210931167,0.060375736318633244,0.060376508264257764,0.012499721857033963
34.0,893.0,-5.049555763547372,232.4414658310969,-4.377567400111904,230.8254359439734,-4.329584236604348,230.68079865367656,-0.04798316350755538,0.14463729029682781,0.15238874540005123,0.0014489858430315472
34.0,898.0,-4.864702137230224,231.99977164147077,-4.210138425134777,230.4669013120988,-4.092895774048624,230.2636074900633,-0.11724265108615306,0.20329382203550495,0.23467896648722694,-0.02744902741737687
34.0,903.0,-4.703153238634603,231.56674765233385,-4.055173414020208,230.19758059210008,-3.8355325544268544,229.8505965592831,-0.2196408595933539,0.34698403281697665,0.41065804050674587,-0.04186297883001022
34.0,908.0,-4.528342051970109,231.1115609335033,-3.7600141204846103,229.6052629268879,-3.5655744992946112,229.45140114554704,-0.19443962118999902,0.1538617813408507,0.24795203980989966,-0.05757048287848932
34.0,913.0,-4.329584236604348,230.68079865367656,-3.404433159320625,229.1456392105591,-3.278781016024725,229.0632181129041,-0.12565214329590013,0.0824210976549864,0.15027208141736184,-0.03468473440859898
34.0,918.0,-4.092895774048624,230.2636074900633,-3.0912114835043063,228.7740863183932,-2.9895439105754886,228.7032823794832,-0.10166757292881767,0.07080393890998948,0.12389307143826075,-0.025467232919708985
34.0,923.0,-3.8355325544268544,229.8505965592831,-2.7708463305207767,228.40087937507943,-2.63858568093852,228.30269140589513,-0.13226064958225647,0.09818796918429484,0.1647232731597344,-0.02896597102463383
34.0,928.0,-3.5655744992946112,229.45140114554704,-2.441534351447442,228.0435062466202,-2.305026963824965,227.9538465555418,-0.13650738762247716,0.08965969107842398,0.163319095882238,-0.029774330189723752
34.0,933.0,-3.278781016024725,229.0632181129041,-2.0957827037392436,227.70132836241518,-1.9466578366172271,227.6092250775492,-0.14912486712201645,0.09210328486597064,0.17527475881387256,-0.03087525209898834
34.0,938.0,-2.9895439105754886,228.7032823794832,-1.7522217587071847,227.3877228206449,-1.556382578714348,227.26540517477616,-0.19583917999283673,0.1223176458687476,0.23089952557582064,-0.03583046748236618
34.0,943.0,-2.63858568093852,228.30269140589513,-1.3338088068077527,227.03292482803576,-1.1737791313600388,226.95617029354642,-0.16002967544771396,0.07675453448933922,0.1774845221098894,-0.034508142777433526
34.0,948.0,-2.305026963824965,227.9538465555418,-0.9704074302590807,226.73357036776875,-0.7830110486095173,226.63328060537378,-0.1873963816495634,0.10028976239496501,0.2125451488427514,-0.026996654255136865
34.0,953.0,-1.9466578366172271,227.6092250775492,-0.6045406299290261,226.43993294735176,-0.45273793525682166,226.3236498326003,-0.15180269467220447,0.11628311475146802,0.1912219152870445,0.007727055846975861
34.0,958.0,-1.556382578714348,227.26540517477616,-0.21186199146410173,226.13422302703563,-0.1068440835074492,225.97533241149384,-0.10501790795665253,0.15889061554179307,0.19045993987934007,0.04836564686542377
34.0,963.0,-1.1737791313600388,226.95617029354642,0.1215770178605701,225.8956043289069,0.17993362877155422,225.67711836923198,-0.058356610910984125,0.21848595967492201,0.22614510521363854,0.08223551436569876
34.0,968.0,-0.7830110486095173,226.63328060537378,0.7706509694312504,225.20691925486412,0.46142940213493333,225.3736332081184,0.3092215672963171,-0.16671395325428762,0.35129975788614426,0.04303572107577591
34.0,973.0,-0.45273793525682166,226.3236498326003,0.8797430195636299,224.85425367788113,0.7019216378327662,225.1052294520665,0.1778213817308637,-0.25097577418537753,0.30758622047910916,-0.033445889513855964
34.0,978.0,-0.1068440835074492,225.97533241149384,1.2072316882980014,224.47987523399135,0.9213991411500094,224.85275417009325,0.285832547147992,-0.37287893610189826,0.4698286347143952,-0.03502140077665284
34.0,983.0,0.17993362877155422,225.67711836923198,1.434013922253773,224.19377524701866,1.1170286155154847,224.6214156296832,0.3169853067382884,-0.4276403826645492,0.5323119213144195,-0.03999230219170247
34.0,988.0,0.46142940213493333,225.3736332081184,1.6254496996313612,223.93314532741385,1.293310095239242,224.40761874022655,0.3321396043921192,-0.4744734128126993,0.5791733214434895,-0.04812536808983536
34.0,993.0,0.7019216378327662,225.1052294520665,1.761279540874191,223.73912458154405,1.456559571897836,224.20491359415647,0.3047199689763551,-0.4657890126124187,0.5566090762495729,-0.0537444266505851
34.0,998.0,0.9213991411500094,224.85275417009325,1.8606585308126662,223.59336014161744,1.6047495113443662,224.01680773459782,0.2559090194683,-0.4234475929803807,0.4947699366838136,-0.05749323259407246
34.0,1003.0,1.1170286155154847,224.6214156296832,1.9194211565756996,223.50657356015546,1.7416351000567312,223.84004407351472,0.1777860565189684,-0.33347051335925926,0.3779027191919287,-0.058002150191641795
34.0,1008.0,1.293310095239242,224.40761874022655,1.9600227711616847,223.47926237815312,1.8741928446480123,223.68179115862785,0.08582992651367238,-0.20252878047472223,0.2199651863498418,-0.04809699940253332
34.0,1013.0,1.456559571897836,224.20491359415647,2.0523037538734497,223.41042299401198,2.0148785994075444,223.53658813696032,0.03742515446590522,-0.12616514294833792,0.13159895699423838,-0.04152999970603178
34.0,1018.0,1.6047495113443662,224.01680773459782,2.202473684437095,223.27346006578674,2.1421703805357897,223.4124652303003,0.06030330390130523,-0.13900516451357703,0.15152202553708086,-0.03412041779441488
34.0,1023.0,1.7416351000567312,223.84004407351472,2.2898535012608447,223.22847134854885,2.2735379802473243,223.2869077028766,0.016315521013520407,-0.05843635432773908,0.06067127601311592,-0.0192656321813941
34.0,1028.0,1.8741928446480123,223.68179115862785,2.4570173902543226,223.10242037136908,2.396911877223304,223.1724296968418,0.06010551303101863,-0.07000932547271077,0.09227122167754094,0.0012517398986255923
34.0,1033.0,2.0148785994075444,223.53658813696032,2.6740246112355663,222.93623493769783,2.5180304123854036,223.06326461642342,0.15599419885016275,-0.12702967872559157,0.201173381320768,0.02353893784506655
34.0,1038.0,2.1421703805357897,223.4124652303003,2.7683541371988767,222.8550788316042,2.6391476865837284,222.95712646254407,0.12920645061514824,-0.10204763093986458,0.1646451513437415,0.01977115916465433
34.0,1043.0,2.2735379802473243,223.2869077028766,2.8800559236379106,222.76158654914312,2.75513856662242,222.85821803593555,0.12491735701549045,-0.0966314867924325,0.1579303337660361,0.01871922819244698
34.0,1048.0,2.396911877223304,223.1724296968418,2.9911750196456937,222.6717907627943,2.8674868433471943,222.76487923820414,0.12368817629849937,-0.09308847540984289,0.1548038410704902,0.01844652633477062
34.0,1053.0,2.5180304123854036,223.06326461642342,3.1011759511422525,222.58496052543,2.9817170463039164,222.6723889666124,0.1194589048383361,-0.08742844118239645,0.14803432802143696,0.01777963459353904
34.0,1058.0,2.6391476865837284,222.95712646254407,3.2126718975045954,222.499054557484,3.087624962586353,222.58874449427353,0.12504693491824215,-0.08968993678954007,0.1538863889164951,0.018162278578557126
34.0,1063.0,2.75513856662242,222.85821803593555,3.318193806424273,222.41917277830734,3.2030109244929514,222.49956742703768,0.11518288193132165,-0.08039464873033353,0.1404649274177668,0.01666767211237652
34.0,1068.0,2.8674868433471943,222.76487923820414,3.4077901460080153,222.34023468319052,3.3017438493270723,222.41780616668368,0.10604629668094301,-0.07757148349315912,0.13138931498060274,0.011778083138352047
34.0,1073.0,2.9817170463039164,222.6723889666124,3.4891995136242895,222.2579306978374,3.4035267804360343,222.32118035202274,0.08567273318825519,-0.06324965418534134,0.10649101354814515,0.009339118067898444
34.0,1078.0,3.087624962586353,222.58874449427353,3.5594255472220113,222.17911141993415,3.4868744697696386,222.2325005456178,0.07255107745237277,-0.05338912568365117,0.09007806381558661,0.009139753080945834
