group,start_index,start_x,start_y,predicted_x,predicted_y,true_x,true_y,error_x,error_y,position_error,yaw_error
1.0,3.0,80.1409453306529,-171.4835698419849,80.0475184954921,-171.53555095590883,80.14329948065486,-171.4822717321367,-0.09578098516276157,-0.053279223772136675,0.10960233941166841,-0.0004674667106088215
1.0,8.0,80.14210867299539,-171.48292835749936,80.04866200860843,-171.53492022029982,80.144442882317,-171.48164125083133,-0.09578087370856281,-0.05327896946849364,0.10960211839193773,-0.00046760929032751974
1.0,13.0,80.14329948065486,-171.4822717321367,80.04983263892392,-171.53427448401834,80.14551226690631,-171.48105158675799,-0.09567962798239193,-0.053222897260354785,0.1094863827315306,-0.000467841355675791
1.0,18.0,80.144442882317,-171.48164125083133,80.05095648407595,-171.5336547030111,80.14660697927378,-171.48044796040108,-0.09565049519783031,-0.05320674261002978,0.10945307072330185,-0.0004679042838984237
1.0,23.0,80.14551226690631,-171.48105158675799,80.05200787068149,-171.5330747514266,80.14774840809734,-171.4798185785285,-0.09574053741584976,-0.05325617289810225,0.10955578696001543,-0.00046802710634796796
1.0,28.0,80.14660697927378,-171.48044796040108,80.05308418290173,-171.53248109573852,80.14879629479192,-171.47924077937563,-0.0957121118901938,-0.05324031636288851,0.10952323794018068,-0.00046817045172353744
1.0,33.0,80.14774840809734,-171.4798185785285,80.05420625838035,-171.53186225802966,80.14982290454576,-171.47867471577925,-0.09561664616541066,-0.05318754225041289,0.10941415664602454,-0.00046830025230937267
1.0,38.0,80.14879629479192,-171.47924077937563,80.05523666950036,-171.53129390290277,80.15084174928208,-171.478112937357,-0.09560507978171984,-0.05318096554577778,0.10940085180861352,-0.0004684499897833483
1.0,43.0,80.14982290454576,-171.47867471577925,80.05624600143796,-171.5307372592824,80.15184691262992,-171.4775587062586,-0.09560091119196557,-0.05317855302379826,0.10939603613677697,-0.0004685190507500714
1.0,48.0,80.15084174928208,-171.478112937357,80.05726418918495,-171.52963385472628,80.15285992372233,-171.4770011295435,-0.09559573453738324,-0.052632725182775175,0.10912721118908601,-0.0010570400071183705
1.0,53.0,80.15184691262992,-171.4775587062586,80.09850354489599,-171.50484507097053,80.15185046568631,-171.47749983184133,-0.05334692079031811,-0.027345239129203947,0.0599471105295478,-0.00201306660266809
1.0,58.0,80.15285992372233,-171.4770011295435,80.09191847282621,-171.50721657548772,80.14138562037405,-171.48270762883269,-0.04946714754784409,-0.02450894665503256,0.05520586157881616,-0.001786767384440946
1.0,63.0,80.15185046568631,-171.47749983184133,80.06828252369719,-171.5201754865053,80.11636802414682,-171.4952722812435,-0.04808550044963056,-0.02490320526180767,0.054151500309808094,-0.001111660245761481
1.0,68.0,80.14138562037405,-171.48270762883269,80.04890251697641,-171.52952777834892,80.0680761329928,-171.5194414503463,-0.01917361601638845,-0.010086328002614664,0.021664753950142994,-9.843036124390636e-05
1.0,73.0,80.11636802414682,-171.4952722812435,80.0099643827279,-171.5485184732045,79.99192466175323,-171.55725319479944,0.018039720974670104,0.008734721594947814,0.020043125858637923,0.0012493225942824537
1.0,78.0,80.0680761329928,-171.5194414503463,79.93916898597557,-171.5828002139331,79.8818012551185,-171.61132763708224,0.05736773085706659,0.028527423149142805,0.06406926263988902,0.002360932768471713
1.0,83.0,79.99192466175323,-171.55725319479944,79.82918028822081,-171.6354275192537,79.73611204690415,-171.6817754529146,0.09306824131665792,0.046347933660882745,0.1039703250760007,0.0028697491901805705
1.0,88.0,79.8818012551185,-171.61132763708224,79.66639809988891,-171.711819699203,79.55313504561103,-171.76850902481044,0.11326305427787986,0.05668932560743656,0.1266578031634053,0.0019513116990399482
1.0,93.0,79.73611204690415,-171.6817754529146,79.43782076062837,-171.81600607350924,79.32859054019379,-171.87232079821445,0.10923022043458275,0.056314724705202934,0.12289259243262113,-0.0011656413697513912
1.0,98.0,79.55313504561103,-171.76850902481044,79.12729019879673,-171.95216880689023,79.06550723338074,-171.99032121229638,0.06178296541598627,0.0381524054061515,0.07261364096275777,-0.007483791477300716
1.0,103.0,79.32859054019379,-171.87232079821445,78.76034131524648,-172.10701121385392,78.77046672834443,-172.11806494238434,-0.010125413097952674,0.01105372853041331,0.01499029368719188,-0.014361321969134089
1.0,108.0,79.06550723338074,-171.99032121229638,78.38401405793454,-172.2607662827346,78.45205446383046,-172.25058523001363,-0.0680404058959283,-0.010181052720980688,0.0687978972715741,-0.01812323857960152
1.0,113.0,78.77046672834443,-172.11806494238434,78.03218869958225,-172.4135782582165,78.1051481092452,-172.40279853220812,-0.07295940966295689,-0.010779726008365742,0.07375146067151894,-0.01778181423684888
1.0,118.0,78.45205446383046,-172.25058523001363,77.77442461122043,-172.54824427606923,77.75893858245341,-172.58026875269437,0.015486028767014659,0.03202447662513919,0.03557223903673891,-0.019409574111243444
1.0,123.0,78.1051481092452,-172.40279853220812,77.36467734146927,-172.79363943189708,77.38259831798,-172.78148503942109,-0.017920976510723108,-0.012154392475991926,0.021653883151950794,0.005719613328682982
1.0,128.0,77.75893858245341,-172.58026875269437,76.99497312767427,-173.01770556447784,77.00033423342363,-172.9936534243256,-0.00536110574935833,-0.02405214015223578,0.02464238017640738,0.0174955574562059
1.0,133.0,77.38259831798,-172.78148503942109,76.59952281298585,-173.24357363267325,76.62046545524586,-173.21397622224316,-0.020942642260010302,-0.029597410430085347,0.03625742639788012,0.015290965102351617
1.0,138.0,77.00033423342363,-172.9936534243256,76.20607277283398,-173.48160304718942,76.22092280873899,-173.4562530658621,-0.014850035905013215,-0.0253499813273379,0.029379331504929825,0.014127552933970389
1.0,143.0,76.62046545524586,-173.21397622224316,75.82060979000705,-173.72608613554252,75.82817253303251,-173.70529598049518,-0.007562743025459895,-0.02079015504733661,0.022122966097732875,0.013432291395596874
1.0,148.0,76.22092280873899,-173.4562530658621,75.41911252222049,-173.99217758017042,75.41715918233865,-173.97793707880476,0.0019533398818367687,-0.014240501365662794,0.014373844852349632,0.01257418715943981
1.0,153.0,75.82817253303251,-173.70529598049518,75.02754597974067,-174.26350306724828,75.01914443401944,-174.25415519442447,0.008401545721227421,-0.009347872823809666,0.012568559855289473,0.011912611592120646
1.0,158.0,75.41715918233865,-173.97793707880476,74.62041609565522,-174.5585593284527,74.62913776472129,-174.53698377333117,-0.008721669066076743,-0.021575555121529533,0.023271701487006042,0.012538680038939544
1.0,163.0,75.01914443401944,-174.25415519442447,74.22828474877866,-174.8557907031606,74.21502411817514,-174.85109471301627,0.01326063060352567,-0.004695990144341522,0.0140675743267599,0.011120346725494556
1.0,168.0,74.62913776472129,-174.53698377333117,73.84851629036739,-175.15558329096558,73.82439202969731,-175.16105646698801,0.024124260670078,0.005473176022434245,0.024737332286453636,0.00972293080205766
1.0,173.0,74.21502411817514,-174.85109471301627,73.52778198521905,-175.3981077921195,73.41849225525193,-175.47421198969892,0.1092897299671165,0.07610419757941145,0.13317692730158381,0.006049818193845535
1.0,178.0,73.82439202969731,-175.16105646698801,73.2292100285208,-175.5937090224499,72.99258992804252,-175.7512768604493,0.23662010047827664,0.15756783799940877,0.28428277387516404,0.01498032851498099
1.0,183.0,73.41849225525193,-175.47421198969892,72.61855711475916,-175.98092229193367,72.53197271439086,-176.00851080818413,0.08658440036829518,0.02758851625046077,0.09087345385776403,0.01838381700406533
1.0,188.0,72.99258992804252,-175.7512768604493,72.15952013649549,-176.2158739258489,72.08060323698187,-176.23669000010455,0.07891689951361514,0.020816074255634476,0.08161608895467926,0.014848183156579875
1.0,193.0,72.53197271439086,-176.00851080818413,71.675699578663,-176.4329222954266,71.59453207126539,-176.45627744835107,0.08116750739760903,0.023355152924466438,0.08446080407660189,0.011783004222183369
1.0,198.0,72.08060323698187,-176.23669000010455,71.20494949692832,-176.62455066203682,71.13637980329062,-176.63929917619978,0.06856969363769849,0.014748514162960191,0.07013787532840488,0.010588401985335505
1.0,203.0,71.59453207126539,-176.45627744835107,70.70105130924641,-176.8040423523702,70.62732580364934,-176.81677871092623,0.07372550559706781,0.012736358556026062,0.07481754476599012,0.011140266079894712
1.0,208.0,71.13637980329062,-176.63929917619978,70.22863721354041,-176.94916834031878,70.10206609058743,-176.97291548676134,0.12657112295298134,0.023747146442559597,0.12877956409983335,0.01616219078015879
1.0,213.0,70.62732580364934,-176.81677871092623,69.70012195790744,-177.09000749021342,69.62600142299921,-177.09153532285706,0.07412053490823212,0.0015278326436316547,0.07413627969941168,0.015888804456851705
1.0,218.0,70.10206609058743,-176.97291548676134,69.20095315972763,-177.19534791136965,69.08819221444557,-177.20030098268964,0.11276094528206215,0.004953071319988567,0.11286967571675356,0.018791135222053335
1.0,223.0,69.62600142299921,-177.09153532285706,68.75075732016842,-177.26486915180925,68.58916260901442,-177.27811558744997,0.16159471115399526,0.01324643564072403,0.16213672850445393,0.018760661154971103
1.0,228.0,69.08819221444557,-177.20030098268964,68.21441022180392,-177.33040211972877,68.10984453661013,-177.33231243822303,0.10456568519379061,0.0019103184942537155,0.10458313361530343,0.012933213275120535
1.0,233.0,68.58916260901442,-177.27811558744997,67.73203680235434,-177.38156378945735,67.6755089978106,-177.37903534383307,0.05652780454374806,-0.0025284456242786746,0.05658432401125879,0.007539380119768513
1.0,238.0,68.10984453661013,-177.33231243822303,67.37512583919889,-177.4258735842007,67.25161273488095,-177.45123126565235,0.1235131043179365,0.02535768145165207,0.12608924992582407,-0.008873895360180128
1.0,243.0,67.6755089978106,-177.37903534383307,66.9235485645216,-177.49099849821914,66.89315888043551,-177.5424181396505,0.030389684086088664,0.05141964143135169,0.059728656638007936,-0.03962765894447351
1.0,248.0,67.25161273488095,-177.45123126565235,66.58162874564117,-177.6148852128399,66.5861220404615,-177.631621804462,-0.004493294820335336,0.016736591622077412,0.017329258422293905,-0.012842825112120424
1.0,253.0,66.89315888043551,-177.5424181396505,66.26511152724794,-177.7288832194955,66.26733897305849,-177.73274261667456,-0.002227445810547124,0.0038593971790703563,0.004456058956605058,-0.0022126427643325286
1.0,258.0,66.5861220404615,-177.631621804462,65.99352145027535,-177.8247405553932,65.98884053902609,-177.82945592974804,0.004680911249266728,0.004715374354844926,0.006644221958201051,-0.0017936239975626656
1.0,263.0,66.26733897305849,-177.73274261667456,65.71403237417867,-177.93094129600019,65.7426019045282,-177.92170810176094,-0.028569530349528804,-0.009233194239243403,0.030024489009011376,0.0021217061081983957
1.0,268.0,65.98884053902609,-177.82945592974804,65.47130440109811,-178.0301307456133,65.5087566787223,-178.01528998630133,-0.03745227762419745,-0.014840759311965712,0.040285496598598085,0.0038666097605166705
1.0,273.0,65.7426019045282,-177.92170810176094,65.25782200501288,-178.12252940217232,65.29420937480091,-178.10640393075755,-0.03638736978803081,-0.01612547141476739,0.039800395832697164,0.0044260445226314005
1.0,278.0,65.5087566787223,-178.01528998630133,65.0555281465811,-178.2146388800959,65.09938399675356,-178.19360164991596,-0.04385585017246285,-0.0210372301799282,0.04864052475038476,0.005615812969204992
1.0,283.0,65.29420937480091,-178.10640393075755,64.86977763114287,-178.3032295332148,64.91416248456474,-178.28054267979536,-0.04438485342187448,-0.022686853419429553,0.04984685076668299,0.005991228683844163
1.0,288.0,65.09938399675356,-178.19360164991596,64.70052962470531,-178.38737537123237,64.73838540840147,-178.3667837363181,-0.03785578369615905,-0.020591634914268298,0.04309380219582504,0.005558304017904802
1.0,293.0,64.91416248456474,-178.28054267979536,64.54922746737844,-178.45641289121713,64.57662551521001,-178.44472599113536,-0.02739804783156785,-0.01168690008177009,0.02978651806610094,0.0008936624999296151
1.0,298.0,64.73838540840147,-178.3667837363181,64.4127483352877,-178.50776184740738,64.41026890601219,-178.51226667657988,0.0024794292755103697,0.0045048291725038325,0.00514208667815892,-0.0015641592633182102
1.0,303.0,64.57662551521001,-178.44472599113536,64.2597902075529,-178.57260415787124,64.25866785102802,-178.5617102921972,0.0011223565248741352,-0.010893865674034942,0.010951529276445566,0.011346461509313066
1.0,308.0,64.41026890601219,-178.51226667657988,64.10822298652499,-178.61231210509632,64.10050493281602,-178.60970686499337,0.007718053708970274,-0.0026052401029517114,0.008145896454570095,0.005211336237025854
1.0,313.0,64.25866785102802,-178.5617102921972,63.959009032938496,-178.6451994398955,63.95086098310393,-178.6538097781216,0.008148049834566962,0.008610338226105796,0.011854477655068796,-0.005240098725133535
1.0,318.0,64.10050493281602,-178.60970686499337,63.8102275299627,-178.68938810388795,63.801490555262674,-178.69567012293118,0.0087369747000281,0.006282019043226228,0.01076097068894754,-0.002878372732814327
1.0,323.0,63.95086098310393,-178.6538097781216,63.666585770379385,-178.7285621257467,63.66118435700415,-178.7330089345745,0.005401413375231812,0.004446808827822224,0.0069963830084787924,-0.0023715835149014097
1.0,328.0,63.801490555262674,-178.69567012293118,63.522138914114336,-178.7653717677845,63.52701357914566,-178.7669664183044,-0.004874665031323389,0.0015946505199053718,0.005128866292685112,-0.003048692542746867
1.0,333.0,63.66118435700415,-178.7330089345745,63.38576399024736,-178.7983586273741,63.38712656605379,-178.800570460854,-0.0013625758064250704,0.0022118334798904016,0.002597849143237346,-0.0024753896747631288
1.0,338.0,63.52701357914566,-178.7669664183044,63.254788098055194,-178.82838685546767,63.25292893179692,-178.8310901884855,0.0018591662582707613,0.0027033330178198867,0.003280931054003982,-0.0019569166324227005
1.0,343.0,63.38712656605379,-178.800570460854,63.11772134404901,-178.858080962224,63.131671629118074,-178.85723441596343,-0.013950285069064705,-0.0008465462605613538,0.013975946983279525,-0.0031358150115576855
1.0,348.0,63.25292893179692,-178.8310901884855,62.9858026679179,-178.88500193674923,62.98860935128532,-178.88634161780803,-0.0028066833674174063,0.0013396810587948949,0.003110018788404874,-0.0019750446830770763
1.0,353.0,63.131671629118074,-178.85723441596343,62.855646955784174,-178.91176610646474,62.861431481814535,-178.91360454344718,-0.005784526030360837,0.0018384369824389069,0.006069645124249125,-0.0037633741116303017
1.0,358.0,62.98860935128532,-178.88634161780803,62.79386578243636,-178.91781859656456,62.73705704178123,-178.94689466536988,0.05680874065513564,0.029076068805323985,0.06381732360413116,-0.014659575981371908
1.0,363.0,62.861431481814535,-178.91360454344718,62.746918441234364,-178.93934498446112,62.60852669608176,-178.98182041659277,0.1383917451526031,0.042475432131652724,0.14476338439382275,-0.005972717348391664
1.0,368.0,62.73705704178123,-178.94689466536988,62.59694841408505,-178.98780419176887,62.485742973738446,-179.0147490455791,0.11120544034660185,0.026944853810221048,0.11442322801571284,0.002511789882062132
1.0,373.0,62.60852669608176,-178.98182041659277,62.48007264233084,-179.01750224102344,62.36438972125748,-179.04729547133334,0.11568292107335765,0.029793230309905994,0.11945783691480352,0.000869883569502683
1.0,378.0,62.485742973738446,-179.0147490455791,62.35952819455703,-179.04979851813653,62.244421831817874,-179.07947044479505,0.11510636273915509,0.029671926658522807,0.11886924738832458,0.0008428888271008183
1.0,383.0,62.36438972125748,-179.04729547133334,62.239986434201185,-179.08185652736887,62.12997173017409,-179.1101654547441,0.11001470402709401,0.02830892737523527,0.11359854960035996,0.0008459026872911225
1.0,388.0,62.244421831817874,-179.07947044479505,62.12158993053057,-179.11359808244632,62.01070285525118,-179.14215284600354,0.11088707527938624,0.028554763557224305,0.1145046635985856,0.0008387490444827783
1.0,393.0,62.12997173017409,-179.1101654547441,62.00847173126175,-179.1439135120501,61.88683824291721,-179.1753727268217,0.12163348834454268,0.03145921477161551,0.12563593308010504,0.0008203122626633252
1.0,398.0,62.01070285525118,-179.14215284600354,61.890308160114635,-179.1756108611927,61.76913617439124,-179.20693976093145,0.12117198572339305,0.03132889973875308,0.12515650236000928,0.0008304527344376034
1.0,403.0,61.88683824291721,-179.1753727268217,61.76742133324549,-179.20857414174213,61.65046362950821,-179.23876704375004,0.11695770373727754,0.03019290200791147,0.12079203531341018,0.0008393874044960725
1.0,408.0,61.76913617439124,-179.20693976093145,61.65054244741912,-179.2399139599655,61.53654427140571,-179.2693195082083,0.11399817601341056,0.02940554824280639,0.11772964962932894,0.0008355396272516912
1.0,413.0,61.65046362950821,-179.23876704375004,61.497364487940175,-179.28179308247414,61.41642489369826,-179.30360281020657,0.08093959424191155,0.02180972773243184,0.08382650022402276,-0.0005987564358811425
1.0,418.0,61.53654427140571,-179.2693195082083,61.28695530948548,-179.34367989018034,61.3029587677494,-179.34398967784256,-0.01600345826392413,0.0003097876622177864,0.016006456347387576,-0.004871815464293494
1.0,423.0,61.41642489369826,-179.30360281020657,61.168818764113674,-179.3899058430762,61.190632807167155,-179.38625121440586,-0.02181404305348167,-0.0036546286703469377,0.022118064677029807,-0.0021767307626556764
1.0,428.0,61.3029587677494,-179.34398967784256,61.04330988477121,-179.44453902458147,61.080951492672376,-179.42819703772153,-0.037641607901164775,-0.016341986859941926,0.041035974216722886,0.005204617541392676
1.0,433.0,61.190632807167155,-179.38625121440586,60.93628786440995,-179.48652738615817,60.96616697563223,-179.47345487297332,-0.02987911122227871,-0.013072513184852141,0.032613676401188424,0.0039143220444657345
1.0,438.0,61.080951492672376,-179.42819703772153,60.828561925943916,-179.5304103907897,60.8601650783294,-179.5165297213602,-0.031603152385486055,-0.013880669429511272,0.034517129436145495,0.0038474072633682965
1.0,443.0,60.96616697563223,-179.47345487297332,60.715077909423236,-179.57831225218095,60.74714378067526,-179.56380672650943,-0.03206587125202276,-0.014505525671523856,0.03519418097013393,0.003933834862956064
1.0,448.0,60.8601650783294,-179.5165297213602,60.6103787306011,-179.6237436520066,60.637648203225076,-179.61095208892485,-0.02726947262397772,-0.012791563081748336,0.0301205614699364,0.0034992465779430937
1.0,453.0,60.74714378067526,-179.56380672650943,60.498738310597396,-179.67353645329942,60.526401513318206,-179.6602263463156,-0.027663202720809466,-0.013310106983823289,0.03069872526170137,0.0035440783453668523
1.0,458.0,60.637648203225076,-179.61095208892485,60.390557115455984,-179.72314145540082,60.41654890754404,-179.71025814774254,-0.025991792088056798,-0.012883307658285048,0.02900953071262612,0.003395852310532188
1.0,463.0,60.526401513318206,-179.6602263463156,60.28063506579573,-179.77493097092776,60.313969385834014,-179.75823298825225,-0.033334320038285625,-0.016697982675509593,0.037282697298431464,0.004106444819039989
1.0,468.0,60.41654890754404,-179.71025814774254,60.17208646771554,-179.82746073852692,60.202718978381384,-179.81164901793733,-0.03063251066584627,-0.015811720589596234,0.03447261547513688,0.0038630064669868958
1.0,473.0,60.313969385834014,-179.75823298825225,60.08168168142907,-179.87075888983804,60.09571680647374,-179.86295903366636,-0.014035125044671304,-0.00779985617168677,0.016056851849555066,0.0024831366154072216
1.0,478.0,60.202718978381384,-179.81164901793733,59.98742823511609,-179.91233265412882,59.984702569738324,-179.90867127878474,0.0027256653777669726,-0.0036613753440803976,0.004564528580455755,0.005122566911783366
1.0,483.0,60.09571680647374,-179.86295903366636,59.88518268739714,-179.9544531610948,59.87528363104645,-179.94716202282797,0.009899056350690216,-0.007291138266822372,0.012294389527750527,0.011044971414471583
1.0,488.0,59.984702569738324,-179.90867127878474,59.82321330637405,-179.96405958916455,59.76079312192792,-179.98739791131922,0.06242018444613251,0.023338322154671687,0.0666405035041336,0.0016857050436702712
1.0,493.0,59.87528363104645,-179.94716202282797,59.71987582260029,-179.99600535809532,59.64896866623986,-180.02645705951343,0.07090715636042688,0.030451701418115817,0.07716949489519874,-0.0023543016898419644
1.0,498.0,59.76079312192792,-179.98739791131922,59.600317618223364,-180.03921695481984,59.53250288045302,-180.0664191739572,0.06781473777034108,0.02720221913736509,0.0730670882467432,-0.0007522864410596242
1.0,503.0,59.64896866623986,-180.02645705951343,59.48796695013539,-180.0775686577779,59.41937948167008,-180.10456524274028,0.06858746846531005,0.02699658496237589,0.07370926963490196,-0.0006527568951693041
1.0,508.0,59.53250288045302,-180.0664191739572,59.3711893253975,-180.11660490684812,59.304971654388545,-180.1424928151471,0.06621767100895681,0.025887908298983575,0.07109826826264491,-0.0008453135302914916
1.0,513.0,59.41937948167008,-180.10456524274028,59.257609275764764,-180.15398544699616,59.19036886311965,-180.17982842924144,0.06724041264511271,0.0258429822452797,0.07203563579239705,-0.0008128876404231988
1.0,518.0,59.304971654388545,-180.1424928151471,59.14276515144444,-180.1911300257213,59.073029267077395,-180.21737898650858,0.06973588436704858,0.026248960787285114,0.07451242521128139,-0.0007120993595344238
1.0,523.0,59.19036886311965,-180.17982842924144,59.02775217073154,-180.22767025259114,58.962464482150594,-180.25213657650414,0.0652876885809448,0.024466323913003407,0.06972146933375999,-0.0009252879185410734
1.0,528.0,59.073029267077395,-180.21737898650858,58.91001128888484,-180.26440129026344,58.84283626993044,-180.28906770998032,0.06717501895440137,0.024666419716879773,0.07156057177785445,-0.000853182813497444
1.0,533.0,58.962464482150594,-180.25213657650414,58.78855848381792,-180.30119527267286,58.72965722111631,-180.32214588568425,0.058901262701610335,0.02095061301139367,0.06251629334339402,-0.00012378788114641992
1.0,538.0,58.84283626993044,-180.28906770998032,58.62438351827902,-180.34935066565035,58.60760063760242,-180.35244106607607,0.016782880676601053,0.0030904004257195083,0.01706504200394234,0.0031261257699846112
1.0,543.0,58.72965722111631,-180.32214588568425,58.48113998584563,-180.3836841877119,58.491953493457665,-180.38007680345723,-0.010813507612034812,-0.0036073842546784363,0.01139934945672062,0.00020952829760956246
1.0,548.0,58.60760063760242,-180.35244106607607,58.35918553673073,-180.4090199886308,58.37137501177842,-180.4077725214554,-0.01218947504769119,-0.0012474671754034716,0.012253141486655383,-0.0023460569153948008
1.0,553.0,58.491953493457665,-180.38007680345723,58.24224329759,-180.43507217753574,58.25238507806219,-180.43376198523774,-0.010141780472189055,-0.0013101922980069958,0.01022606058088021,-0.0015381716847695515
1.0,558.0,58.37137501177842,-180.4077725214554,58.12087223292733,-180.46015616441605,58.13291678134836,-180.45853783775362,-0.012044548421023649,-0.0016183266624238968,0.012152782720541636,-0.0016728261911778122
1.0,563.0,58.25238507806219,-180.43376198523774,58.00117701055568,-180.48350318215526,58.02600637588846,-180.47960326962433,-0.024829365332777797,-0.0038999125309260307,0.02513377609069958,-0.002831533010167586
1.0,568.0,58.13291678134836,-180.45853783775362,57.881027467606685,-180.50565652663786,57.89326607822177,-180.50431226637735,-0.012238610615085577,-0.0013442602605096,0.012312214481386793,-0.001738019491779763
1.0,573.0,58.02600637588846,-180.47960326962433,57.773545815668115,-180.5243710427176,57.77265517104258,-180.5253821924535,0.0008906446255352307,0.0010111497358877841,0.00134746860348608,-0.0005986189790929686
1.0,578.0,57.89326607822177,-180.50431226637735,57.64014490659781,-180.54615496534709,57.656724375838955,-180.54440003214796,-0.01657946924114384,-0.001754933199123343,0.016672090176442184,-0.0021340697584966155
1.0,583.0,57.77265517104258,-180.5253821924535,57.518977849287836,-180.5645632786258,57.53393497536835,-180.5632362239075,-0.014957126080517469,-0.0013270547183026338,0.01501588141981233,-0.002000215049538401
1.0,588.0,57.656724375838955,-180.54440003214796,57.402550260539336,-180.58101992104463,57.40843681079416,-180.58110161679872,-0.005886550254821543,8.169575409056051e-05,0.0058871171296973526,-0.0012182472212720619
1.0,593.0,57.53393497536835,-180.5632362239075,57.257228578951214,-180.60284670738832,57.288021088670064,-180.59826155320704,-0.03079250971885017,-0.004585154181285134,0.031132013967163103,-0.002160049288232102
1.0,598.0,57.40843681079416,-180.58110161679872,57.1163655921663,-180.62706521281532,57.16615887743239,-180.62255694041534,-0.04979328526609095,-0.0045082723999883,0.04999695768367118,-0.006255886260312593
1.0,603.0,57.288021088670064,-180.59826155320704,57.160169705216724,-180.62051466707652,57.055707021102535,-180.65058384553652,0.10446268411418913,0.030069178459996238,0.10870422193088898,-0.009325627177626306
1.0,608.0,57.16615887743239,-180.62255694041534,57.00749970750493,-180.66679204457589,56.93000319311973,-180.68277488137102,0.07749651438519578,0.015982836795132016,0.07912749720466764,-6.734834428678838e-05
1.0,613.0,57.055707021102535,-180.65058384553652,56.88428498602441,-180.7022633116249,56.815064007820546,-180.71245854297868,0.06922097820386597,0.010195231353776535,0.06996775375740681,0.004369128822047319
1.0,618.0,56.93000319311973,-180.68277488137102,56.7674688469039,-180.73145285405226,56.69962436278056,-180.7429359817201,0.06784448412334143,0.011483127667844428,0.06880941975484418,0.0031767417065284853
1.0,623.0,56.815064007820546,-180.71245854297868,56.653291470869505,-180.76177979006857,56.57709792383325,-180.77599408081824,0.07619354703625447,0.014214290749663405,0.07750808133015478,0.0027074535960207586
1.0,628.0,56.69962436278056,-180.7429359817201,56.53817340732262,-180.79312274150772,56.46218489942316,-180.8076491422441,0.07598850789945999,0.014526400736372125,0.07736452450018655,0.0027561896385019935
1.0,633.0,56.57709792383325,-180.77599408081824,56.41622007440186,-180.82697168989074,56.347670191769815,-180.83982652843108,0.06854988263204831,0.012854838540334868,0.06974477244041791,0.0030819704890117094
1.0,638.0,56.46218489942316,-180.8076491422441,56.30179898842986,-180.8593795041302,56.22639801387428,-180.8745925432048,0.0754009745555777,0.015213039074609469,0.07692037130576314,0.0027671882538982118
1.0,643.0,56.347670191769815,-180.83982652843108,56.18772633242018,-180.89232264676255,56.11374965597029,-180.9075263736948,0.07397667644989525,0.015203726932242034,0.07552285727647404,0.0028248241602497615
1.0,648.0,56.22639801387428,-180.8745925432048,56.066887005993465,-180.92790994276288,55.995642101292866,-180.94272069222058,0.07124490470059897,0.014810749457694783,0.07276808878413692,0.002941499380767265
1.0,653.0,56.11374965597029,-180.9075263736948,55.95461338601481,-180.96161515042098,55.88106424376876,-180.97751615493567,0.07354914224605125,0.015901004514688566,0.0752483771898506,0.002832758485608266
1.0,658.0,55.995642101292866,-180.94272069222058,55.83687467464723,-180.99762628575206,55.764032436193546,-181.0137241070111,0.07284223845368132,0.016097821259023704,0.07459980933105959,0.0028594173625249297
1.0,663.0,55.88106424376876,-180.97751615493567,55.7226352661539,-181.0332211283937,55.65202971618548,-181.0490104068606,0.07060554996841972,0.01578927846688316,0.0723494644129989,0.0029556333966507253
1.0,668.0,55.764032436193546,-181.0137241070111,55.6059331855641,-181.07025183208984,55.5349551326379,-181.08656138588208,0.07097805292620052,0.016309553792240195,0.07282778001625823,0.0029343202109219924
1.0,673.0,55.65202971618548,-181.0490104068606,55.49423381237375,-181.10633079074933,55.417935443843156,-181.12477884045873,0.07629836853059402,0.018448049709405723,0.07849695267022182,0.002689203162804077
1.0,678.0,55.5349551326379,-181.08656138588208,55.37746637666748,-181.14471514367946,55.30297272988129,-181.16299444575768,0.07449364678618764,0.018279302078212822,0.0767035611687739,0.0027664202427741813
1.0,683.0,55.417935443843156,-181.12477884045873,55.2607461268896,-181.1837698510975,55.19485798812995,-181.19954184259055,0.06588813875965371,0.01577199149303965,0.06774955752525544,0.0031531181016637433
1.0,688.0,55.30297272988129,-181.16299444575768,55.14607231307065,-181.22281162347394,55.07366479909514,-181.24121610567911,0.07240751397550582,0.018404482205170325,0.0747099260162497,0.0028526374461139703
1.0,693.0,55.19485798812995,-181.19954184259055,55.03822625917685,-181.2601387644214,54.96334191346601,-181.27980390326422,0.07488434571084213,0.019665138842810848,0.07742340032734256,0.0027357292533776167
1.0,698.0,55.07366479909514,-181.24121610567911,54.91733229336861,-181.30268992905832,54.845087604821785,-181.3218591808299,0.07224468854682442,0.01916925177158646,0.07474460005050622,0.00285177256042779
1.0,703.0,54.96334191346601,-181.27980390326422,54.8072816603602,-181.34207806955,54.736539390138354,-181.3610978458572,0.07074227022184942,0.019019776307175107,0.07325449260568354,0.002916556558639538
1.0,708.0,54.845087604821785,-181.3218591808299,54.68932015017132,-181.38499311380474,54.61997838588125,-181.40391438851339,0.06934176429007266,0.018921274708645797,0.0718769428360725,0.002976581194111372
1.0,713.0,54.736539390138354,-181.3610978458572,54.57894770162385,-181.4243075380575,54.503143557019236,-181.44617748971578,0.07580414460461071,0.021869951658288755,0.07889590055746001,0.0029912312204425358
1.0,718.0,54.61997838588125,-181.40391438851339,54.43735927218514,-181.47148878449983,54.38879129390994,-181.48051221386075,0.04856797827520154,0.009023429360922819,0.04939909706838792,0.007427798349268767
1.0,723.0,54.503143557019236,-181.44617748971578,54.31051143724521,-181.50859710638025,54.27107880117212,-181.51329456252256,0.039432636073087224,0.004697456142309875,0.03971144522529323,0.008246917477016336
1.0,728.0,54.38879129390994,-181.48051221386075,54.23352790393821,-181.51616053346282,54.15421341491239,-181.54580055602045,0.07931448902581906,0.02964002255762921,0.084671831837061,-0.004031287603037725
1.0,733.0,54.27107880117212,-181.51329456252256,54.10852018515309,-181.55351364416475,54.04170964462746,-181.57651448761027,0.06681054052562985,0.023000843445515784,0.07065894935910068,-0.0017735863086976165
1.0,738.0,54.15421341491239,-181.54580055602045,53.99025283757854,-181.58600582910952,53.92058818817027,-181.60888092045448,0.06966464940826711,0.022875091344957355,0.0733241650563913,-0.0011483479977227873
1.0,743.0,54.04170964462746,-181.57651448761027,53.87773118670109,-181.61575036120115,53.8062779225286,-181.63878735923197,0.0714532641724901,0.023036998030818268,0.07507511065043848,-0.0011527877785768583
1.0,748.0,53.92058818817027,-181.60888092045448,53.75637742100125,-181.64722176597385,53.68814137299869,-181.6690465991502,0.06823604800255367,0.021824833176339098,0.07164133995244534,-0.0013199632101743575
1.0,753.0,53.8062779225286,-181.63878735923197,53.64179860057227,-181.67631468652496,53.568720432694285,-181.6989658610443,0.07307816787798771,0.022651174519324968,0.0765081324272673,-0.0011113673194289575
1.0,758.0,53.68814137299869,-181.6690465991502,53.52338788536786,-181.7057286299407,53.450803101040634,-181.7278545051094,0.07258478432722626,0.022125875168711673,0.07588218017302456,-0.0011422281289572567
1.0,763.0,53.568720432694285,-181.6989658610443,53.40368721234497,-181.73479359953103,53.33512228974292,-181.75556207701388,0.06856492260205016,0.020768477482846492,0.07164131676889132,-0.0013294200915314747
1.0,768.0,53.450803101040634,-181.7278545051094,53.28549126750812,-181.7628394241411,53.22216781906925,-181.78201617329282,0.06332344843887228,0.019176749151711192,0.06616348562627405,-0.0015699562897615316
1.0,773.0,53.33512228974292,-181.75556207701388,53.16450037083104,-181.79061902849773,53.100934724166095,-181.80857105275393,0.0635656466649479,0.017952024256203458,0.06605199929470962,-0.00036267312729476586
1.0,778.0,53.22216781906925,-181.78201617329282,53.01050879028563,-181.82461277808045,52.977590819012796,-181.83010974313316,0.03291797127283047,0.005496965052714131,0.03337378398548257,0.003773603605660813
1.0,783.0,53.100934724166095,-181.80857105275393,52.848742212548245,-181.85224505994637,52.85937885070411,-181.84977767061193,-0.010636638155865796,-0.00246738933444135,0.010919069620921694,-6.037070781861331e-05
1.0,788.0,52.977590819012796,-181.83010974313316,52.725683736342646,-181.86880075014636,52.73520218350971,-181.86933136229686,-0.009518447167067734,0.000530612150498655,0.00953322535800537,-0.0026051873264671954
1.0,793.0,52.85937885070411,-181.84977767061193,52.60613987548795,-181.88693037682745,52.61401945574232,-181.88706159274398,-0.007879580254375185,0.00013121591652520692,0.007880672725211271,-0.0017196937714065719
1.0,798.0,52.73520218350971,-181.86933136229686,52.48128261662199,-181.90377199019323,52.49242107049005,-181.90353506437896,-0.011138453868063891,-0.0002369258142778108,0.011140973405069176,-0.0019793813417003925
1.0,803.0,52.61401945574232,-181.88706159274398,52.359513361115035,-181.9187965724074,52.371337985523915,-181.91864268294066,-0.01182462440888088,-0.00015388946673056125,0.011825625750000382,-0.0020879142801475408
1.0,808.0,52.49242107049005,-181.90353506437896,52.237349470159046,-181.93258925580514,52.248098056677854,-181.93269519414486,-0.010748586518808168,0.00010593833971483946,0.010749108571603796,-0.002012145884292771
1.0,813.0,52.371337985523915,-181.91864268294066,52.115750117647124,-181.94502163514463,52.12560836578058,-181.94534012671863,-0.009858248133454595,0.0003184915740064298,0.009863391563933477,-0.0019507644515726064
1.0,818.0,52.248098056677854,-181.93269519414486,51.99203116425973,-181.95634514212142,52.00386278611326,-181.95661321123205,-0.01183162185353126,0.000268069110632041,0.01183465828543577,-0.002137529493672741
1.0,823.0,52.12560836578058,-181.94534012671863,51.86910895965949,-181.96627366281558,51.89130685154652,-181.96588206128908,-0.022197891887024923,-0.00039160152650197233,0.022201345814693435,-0.003047997538371039
1.0,828.0,52.00386278611326,-181.95661321123205,51.74697511911891,-181.9748432297965,51.755697483405434,-181.97559334616307,-0.00872236428652684,0.0007501163665608601,0.008754559572603373,-0.001898200333088518
1.0,833.0,51.89130685154652,-181.96588206128908,51.58116585216176,-181.99227634486482,51.632002326399245,-181.98443102967713,-0.05083647423748516,-0.007845315187694268,0.05143827449762248,0.0010269113378926775
1.0,838.0,51.755697483405434,-181.97559334616307,51.36920291356764,-182.0215167664518,51.51058984753859,-181.99954232008665,-0.14138693397094926,-0.021974446365163658,0.1430843855588758,0.0032188556860659467
1.0,843.0,51.632002326399245,-181.98443102967713,51.36600728998357,-182.0218041747946,51.39334375036459,-182.02299868425163,-0.02733646038102222,0.0011945094570364745,0.027362545916017153,-0.0046331167208109045
1.0,848.0,51.51058984753859,-181.99954232008665,51.25530804723523,-182.04789669995682,51.27107517434455,-182.05142826784927,-0.01576712710932071,0.0035315678924519034,0.016157792827625726,-0.005516251087724466
1.0,853.0,51.39334375036459,-182.02299868425163,51.146082006335234,-182.08449707234513,51.14957957139801,-182.0801592487013,-0.0034975650627728783,-0.004337823643822958,0.005572223553774465,0.004574320045218183
1.0,858.0,51.27107517434455,-182.05142826784927,51.06130491612653,-182.109272241616,51.01885880236029,-182.11258817496062,0.04244611376623908,0.003315933344623545,0.04257543878578936,0.0054504700893627245
1.0,863.0,51.14957957139801,-182.0801592487013,50.85225206779733,-182.16017377440514,50.87801733787923,-182.14945247798917,-0.025765270081897995,-0.010721296415965753,0.027906904866576442,0.008089825654498561
1.0,868.0,51.01885880236029,-182.11258817496062,50.695654514469716,-182.20380631267864,50.698310554719015,-182.1993508764869,-0.0026560402492989965,-0.004455436191733497,0.005187047470816607,0.005837814034288957
1.0,873.0,50.87801733787923,-182.14945247798917,50.514284735052705,-182.25722295558325,50.50614201396565,-182.2562966654861,0.008142721087054383,-0.0009262900971407362,0.008195237644243217,0.004466990067761412
1.0,878.0,50.698310554719015,-182.1993508764869,50.27131987437566,-182.3335320489496,50.26575441854892,-182.33282900318827,0.005565455826740617,-0.0007030457613268482,0.0056096855439427915,0.0037658061287113576
1.0,883.0,50.50614201396565,-182.2562966654861,50.00568851295024,-182.42344163776622,49.99857521291211,-182.4249329810783,0.007113300038135151,0.0014913433120966602,0.007267953102976723,0.002229019021922074
1.0,888.0,50.26575441854892,-182.33282900318827,49.679832252545296,-182.54338190760586,49.701571786642404,-182.53613981813535,-0.02173953409710805,-0.007242089470508972,0.022914083063875375,0.0030087443169590777
1.0,893.0,49.99857521291211,-182.4249329810783,49.380468596251745,-182.66049103476809,49.38778436272457,-182.66182254353623,-0.0073157664728213945,0.00133150876814625,0.007435950153444275,-0.0009824434172327476
1.0,898.0,49.701571786642404,-182.53613981813535,49.196738784945424,-182.72260235151106,49.03462535863528,-182.79070292699126,0.16211342631014247,0.06810057548020154,0.1758364335703742,-0.01063806655968458
1.0,903.0,49.38778436272457,-182.66182254353623,48.95099154555367,-182.80489649729785,48.67009669720323,-182.89474427814753,0.2808948483504423,0.0898477808496807,0.29491446141793426,0.005787400107564623
1.0,908.0,49.03462535863528,-182.79070292699126,48.333750142664265,-182.97730851634222,48.26148492216023,-182.9815337251074,0.07226522050403617,0.004225208765177513,0.07238863504450338,0.01317412316904587
1.0,913.0,48.67009669720323,-182.89474427814753,47.80603014369743,-183.07400291175,47.854507276894374,-183.05480304921846,-0.04847713319694691,-0.019199862531536382,0.05214083969619617,0.0008727380722697298
1.0,918.0,48.26148492216023,-182.9815337251074,47.37585998247958,-183.1290993395708,47.402634122543276,-183.1194709704645,-0.026774140063693608,-0.009628369106309265,0.028452769070823565,-0.00044969358904456413
1.0,923.0,47.854507276894374,-183.05480304921846,46.95417436387668,-183.17273778495422,46.972389870809316,-183.16428954913073,-0.018215506932634185,-0.008448235823493633,0.020079277410858323,0.0007346832768306832
1.0,928.0,47.402634122543276,-183.1194709704645,46.48872985532227,-183.20311946420452,46.49269095903219,-183.19584466907577,-0.0039611037099192,-0.007274795128751066,0.008283295646422134,0.0019577844837312956
1.0,933.0,46.972389870809316,-183.16428954913073,46.04888045450408,-183.21447688978836,46.02075354696793,-183.20790989290236,0.028126907536147883,-0.006566996885993603,0.028883358108912165,0.004482027690506207
1.0,938.0,46.49269095903219,-183.19584466907577,45.56165922437591,-183.209182195403,45.54023537704588,-183.20057857736063,0.021423847330027,-0.008603618042371863,0.023086868082079295,0.0047273677428920635
1.0,943.0,46.02075354696793,-183.20790989290236,45.08488959963284,-183.18372339372104,45.06837468845368,-183.17409784607247,0.01651491117915782,-0.009625547648568045,0.019115267688168163,0.004668683384035255
1.0,948.0,45.54023537704588,-183.20057857736063,44.60204098753963,-183.13784692918017,44.55605515382635,-183.12364575813555,0.045985833713281465,-0.014201171044618377,0.04812868335352715,0.007470239534776102
1.0,953.0,45.06837468845368,-183.17409784607247,44.123647887059334,-183.0763074639553,44.09184266885284,-183.05891293354654,0.03180521820649318,-0.017394530408751052,0.036251090925703326,0.010191226827766187
1.0,958.0,44.55605515382635,-183.12364575813555,43.65865857181913,-183.02095715995526,43.56300191842125,-182.99407887481763,0.09565665339788154,-0.026878285137627245,0.09936114709091294,0.013276505574346675
1.0,963.0,44.09184266885284,-183.05891293354654,43.287430360454934,-182.9847787797846,43.057368678392365,-182.96980691975176,0.23006168206256916,-0.014971860032829909,0.23054833364459895,-0.00811405908393903
1.0,968.0,43.56300191842125,-182.99407887481763,42.667937251928784,-182.94664383432777,42.54434733461086,-182.98616960755606,0.12358991731792202,0.03952577322829143,0.1297565197280858,-0.037239219227385156
1.0,973.0,43.057368678392365,-182.96980691975176,42.129078107815836,-182.99269723940063,42.05765698600132,-183.02138822229202,0.07142112181451665,0.028690982891390604,0.07696849446700964,-0.020225223535935033
1.0,978.0,42.54434733461086,-182.98616960755606,41.617802886761474,-183.05556303941253,41.52152539989525,-183.08296741104718,0.09627748686622084,0.027404371634645486,0.10010171857648142,-0.016909042412055264
1.0,983.0,42.05765698600132,-183.02138822229202,41.13136871838506,-183.12911910057417,41.01546558696009,-183.16452270503405,0.11590313142497166,0.035403604459872895,0.1211897317550682,-0.019031390399645073
1.0,988.0,41.52152539989525,-183.08296741104718,40.59977274994439,-183.23362274354443,40.5231652049295,-183.2661571207799,0.07660754501489464,0.03253437723546426,0.08322981229889086,-0.01599513359145943
1.0,993.0,41.01546558696009,-183.16452270503405,40.1002383382986,-183.35592138224828,40.00218264647719,-183.39830397549153,0.09805569182141483,0.04238259324324645,0.10682323206399794,-0.018108565481588013
1.0,998.0,40.5231652049295,-183.2661571207799,39.61620283209411,-183.4971886771849,39.50266660751985,-183.54956174880186,0.11353622457426127,0.05237307161695526,0.12503364715616277,-0.019739121226292955
1.0,1003.0,40.00218264647719,-183.39830397549153,39.106113522920154,-183.6712679200746,39.00130272258644,-183.72658791890638,0.10481080033371626,0.055319998831777184,0.11851416007103104,-0.0192226557833437
1.0,1008.0,39.50266660751985,-183.54956174880186,38.61718185785576,-183.86310437797246,38.537128841953404,-183.91404947977475,0.08005301590235803,0.0509451018022844,0.0948888231179432,-0.017602885292900883
1.0,1013.0,39.00130272258644,-183.72658791890638,38.11934773797114,-184.07551877033202,38.08670923227505,-184.11857969732614,0.03263850569609161,0.04306092699411579,0.054032541006937426,-0.022191033234511878
1.0,1018.0,38.537128841953404,-183.91404947977475,37.7676831903611,-184.24006624405726,37.593374967938054,-184.34186590538675,0.17430822242304345,0.10179966132949403,0.20185769108726292,-0.02026202454224446
1.0,1023.0,38.08670923227505,-184.11857969732614,37.31664017807092,-184.4656221564249,37.1081642241552,-184.52936445924954,0.20847595391571616,0.063742302824636,0.21800299202179635,0.02314721387569474
1.0,1028.0,37.593374967938054,-184.34186590538675,36.64692814443057,-184.73325642992114,36.67113606139848,-184.67775440923617,-0.024207916967910137,-0.05550202068496901,0.06055161058171748,0.033208844192206044
1.0,1033.0,37.1081642241552,-184.52936445924954,36.15076583058096,-184.84073007531396,36.243663873787355,-184.81478815442907,-0.09289804320639661,-0.02594192088488967,0.09645221454572936,-0.008551044127812713
1.0,1038.0,36.67113606139848,-184.67775440923617,35.728544804979904,-184.96255147972462,35.85440196787909,-184.93181860678683,-0.12585716289918736,-0.030732872937790034,0.12955514243766217,-0.011588710437586247
1.0,1043.0,36.243663873787355,-184.81478815442907,35.33398069627505,-185.07022142339775,35.521938899235266,-185.02586728878808,-0.1879582029602176,-0.04435413460967652,0.19312062374849467,-0.015012891724423218
1.0,1048.0,35.85440196787909,-184.93181860678683,34.99965784843357,-185.15357464679275,35.17541069504739,-185.118257110414,-0.1757528466138183,-0.035317536378755676,0.17926625858963274,-0.016591747695674286
1.0,1053.0,35.521938899235266,-185.02586728878808,34.73190432134222,-185.21653485604284,34.87535662851401,-185.1936701115799,-0.14345230717179192,-0.02286474446293596,0.14526307504753402,-0.0170015675119064
1.0,1058.0,35.17541069504739,-185.118257110414,34.46837595090133,-185.2758757025918,34.59881903864784,-185.2594385911936,-0.1304430877465066,-0.01643711139820425,0.1314746278639335,-0.017916257319429363
1.0,1063.0,34.87535662851401,-185.1936701115799,34.25160675820958,-185.32301050235498,34.34784061920942,-185.31605094851082,-0.09623386099983833,-0.006959553844154698,0.09648518742608055,-0.01715218836794863
1.0,1068.0,34.59881903864784,-185.2594385911936,34.05619646333163,-185.36446527938904,34.10699242746588,-185.36764676285142,-0.05079596413425236,0.003181483462384449,0.05089549891050953,-0.015177478570657323
1.0,1073.0,34.34784061920942,-185.31605094851082,33.865740257253336,-185.4054047440561,33.886573227689034,-185.41283451428905,-0.020832970435698428,0.007429770232931787,0.022118185795603672,-0.011938524206688061
1.0,1078.0,34.10699242746588,-185.36764676285142,33.62210246359556,-185.46877293301722,33.683141139441254,-185.46263190768306,-0.061038675845694,-0.006141025334159167,0.061346818508790604,-0.00761229402922714
1.0,1083.0,33.886573227689034,-185.41283451428905,33.47415788334972,-185.51281825250052,33.50109317163143,-185.5208321574665,-0.0269352882817131,0.008013904965963548,0.028102178343012596,-0.013260728579361558
1.0,1088.0,33.683141139441254,-185.46263190768306,33.301271648676114,-185.58335268398497,33.32594136362822,-185.58248844029373,-0.024669714952104016,-0.0008642436912396079,0.024684848652076277,-0.0044731630312933035
1.0,1093.0,33.50109317163143,-185.5208321574665,33.11813475349701,-185.6601455750408,33.16349445812235,-185.64183311560873,-0.04535970462534067,-0.018312459432053174,0.04891675555623804,0.005880152274416517
1.0,1098.0,33.32594136362822,-185.58248844029373,32.96938167145257,-185.7179112144957,33.00789183100447,-185.70118837010227,-0.03851015955190462,-0.01672284439342775,0.04198435319639864,0.005461135818623397
1.0,1103.0,33.16349445812235,-185.64183311560873,32.82708669642905,-185.77469559347315,32.86756903645867,-185.75694324491226,-0.04048234002961948,-0.01775234856089014,0.0442036846167949,0.005290655813769085
1.0,1108.0,33.00789183100447,-185.70118837010227,32.68829300171753,-185.83245982294045,32.72336091737972,-185.81645119726937,-0.035067915662189364,-0.01600862567107697,0.03854912197141578,0.004688912160319525
1.0,1113.0,32.86756903645867,-185.75694324491226,32.56190359049586,-185.88691169341962,32.59373024048615,-185.87188841103978,-0.031826649990293276,-0.015023282379843295,0.03519424190217975,0.004304576617633504
1.0,1118.0,32.72336091737972,-185.81645119726937,32.43073251198968,-185.9452849453624,32.466575463810216,-185.9280831852993,-0.0358429518205341,-0.017201760063102256,0.039756983593799824,0.004584864106505826
1.0,1123.0,32.59373024048615,-185.87188841103978,32.3116932335386,-185.99994827040973,32.34251434056065,-185.98467167846132,-0.030821107022049432,-0.015276591948406804,0.034399344465014914,0.004023592550787658
1.0,1128.0,32.466575463810216,-185.9280831852993,32.19393312916573,-186.05563263383905,32.226717750861795,-186.03908507335981,-0.03278462169606655,-0.01654756047923911,0.036724013636424246,0.004128957479090367
1.0,1133.0,32.34251434056065,-185.98467167846132,32.08318228510869,-186.10849947747676,32.11006596298418,-186.09530024009453,-0.026883677875488843,-0.013199237382224283,0.029949156976204774,0.0030713980434056154
1.0,1138.0,32.226717750861795,-186.03908507335981,31.963471462501822,-186.1553118734022,31.997571676701796,-186.1450336696857,-0.03410021419997378,-0.010278203716524104,0.035615531445178004,-0.0025694755142517955
1.0,1143.0,32.11006596298418,-186.09530024009453,31.832996290637638,-186.20515117732342,31.87987560018023,-186.18763856282797,-0.046879309542593006,-0.017512614495444723,0.05004359429194022,-0.0003740554763438375
1.0,1148.0,31.997571676701796,-186.1450336696857,31.73791159675727,-186.2393361551352,31.75977080442044,-186.2235509831336,-0.0218592076631694,-0.01578517200158558,0.026962874749944694,0.007236375415189844
1.0,1153.0,31.87987560018023,-186.18763856282797,31.632392127212356,-186.26266067812028,31.64391216610655,-186.25750084785187,-0.011520038894193618,-0.00515983026841127,0.012622802562131233,0.0007552772183787582
1.0,1158.0,31.75977080442044,-186.2235509831336,31.51393388645485,-186.29226683890434,31.527977353232956,-186.29053337082303,-0.014043466778105085,-0.0017334680813121395,0.014150048435841807,-0.0031892472862740107
1.0,1163.0,31.64391216610655,-186.25750084785187,31.397676750376117,-186.32525084655728,31.41177674721904,-186.32229887926437,-0.014099996842922735,-0.0029519672929154694,0.014405694077998249,-0.0018651197573422709
1.0,1168.0,31.527977353232956,-186.29053337082303,31.281947113378806,-186.3555648113602,31.296085126724943,-186.35262931785155,-0.014138013346137512,-0.0029354935086587375,0.014439547898564553,-0.001743754660928687
1.0,1173.0,31.41177674721904,-186.32229887926437,31.17871172684145,-186.38048403876957,31.18167862505322,-186.38137215013435,-0.002966898211770541,0.0008881113647873917,0.003096970583533489,-0.002184766751606393
1.0,1178.0,31.296085126724943,-186.35262931785155,31.069130815726968,-186.40674827753534,31.053977585108274,-186.41197319353074,0.01515323061869367,0.00522491599539876,0.016028728750037823,-0.0012321519763065503
1.0,1183.0,31.18167862505322,-186.38137215013435,30.888072011600563,-186.44818574534142,30.93092457588505,-186.43998425865203,-0.04285256428448747,-0.008201486689387139,0.04363034093004919,-0.0062984200247093725
1.0,1188.0,31.053977585108274,-186.41197319353074,30.734738001544525,-186.4803121774717,30.752214398506716,-186.47820817971592,-0.017476396962191387,-0.0021039977557677503,0.017602592347048435,-0.004380235979371871
1.0,1193.0,30.93092457588505,-186.43998425865203,30.57324460590055,-186.51172982268352,30.56525389472096,-186.51506543865952,0.007990711179587606,0.0033356159759989623,0.008658972173123428,-0.00259299375135047
1.0,1198.0,30.752214398506716,-186.47820817971592,30.323060737914282,-186.5561842763844,30.331743712146018,-186.55664976477763,-0.008682974231735585,0.0004654883932175835,0.008695442539238844,-0.004328629631612735
1.0,1203.0,30.56525389472096,-186.51506543865952,30.04562169025715,-186.59916867865613,30.071592971359138,-186.59717725533608,-0.025971281101988097,-0.0019914233200495346,0.026047518287125194,-0.005839416927125196
1.0,1208.0,30.331743712146018,-186.55664976477763,29.70363132223247,-186.64358184708604,29.759321024806884,-186.6378880312631,-0.05568970257441208,-0.005693815822951365,0.055980018858983696,-0.0076837853621074545
1.0,1213.0,30.071592971359138,-186.59717725533608,29.357326463939852,-186.6785645030357,29.434370252078097,-186.67114166760717,-0.0770437881382442,-0.007422835428513963,0.07740054118990035,-0.008381666103930208
1.0,1218.0,29.759321024806884,-186.6378880312631,28.98186811556242,-186.70463353690175,29.073089323667666,-186.6973030810732,-0.09122120810524592,-0.0073304558285656185,0.09151526862133517,-0.008435668005610353
1.0,1223.0,29.434370252078097,-186.67114166760717,28.615195105456774,-186.71806425421147,28.695904197133018,-186.7125681777271,-0.08070909167624407,-0.005496076484376999,0.08089600939432359,-0.006595077949025807
1.0,1228.0,29.073089323667666,-186.6973030810732,28.223143186060334,-186.71932414066353,28.29617688562346,-186.7153376978824,-0.07303369956312622,-0.003986442781126698,0.07314241586059474,-0.005150755986832234
1.0,1233.0,28.695904197133018,-186.7125681777271,27.8241745084022,-186.7067870257388,27.879804428730196,-186.70358577360602,-0.05562992032799485,-0.0032012521327828836,0.05572195304291389,-0.0030277116313293106
1.0,1238.0,28.29617688562346,-186.7153376978824,27.40872685787283,-186.6789015368273,27.45048478375659,-186.6757934929553,-0.04175792588376126,-0.0031080438720039183,0.04187343204018509,-0.001316784807543936
1.0,1243.0,27.879804428730196,-186.70358577360602,26.98096171334202,-186.63513818084937,27.0518160647533,-186.63561296887175,-0.07085435141128116,0.000474788022387429,0.07085594214728587,-0.00227728754865053
2.0,3.0,24.789940726639482,-186.47219694964582,24.682163721294838,-186.46561938331718,24.790338905153423,-186.47222300150221,-0.10817518385858449,0.006603618185039295,0.108376557317403,-0.0004738310653897848
2.0,8.0,24.790139316656575,-186.47220994281363,24.682362184047033,-186.46563230928922,24.790528581569,-186.47223541179267,-0.10816639752196622,0.006603102503447644,0.10836775588500047,-0.0004738555208572137
2.0,13.0,24.790338905153423,-186.47222300150221,24.68256162514683,-186.46564528880188,24.790730602485084,-186.4722486300152,-0.1081689773382557,0.006603341213320846,0.10837034545291262,-0.00047386196049803425
2.0,18.0,24.790528581569,-186.47223541179267,24.682751395019036,-186.46565759006984,24.790934340503558,-186.47226196078367,-0.10818294548452201,0.006604370713830576,0.1083843503751015,-0.0004738868141753727
2.0,23.0,24.790730602485084,-186.4722486300152,24.682953291555556,-186.46567078882202,24.79113413415017,-186.47227503369103,-0.10818084259461358,0.00660424486900979,0.10838224372456219,-0.0004738446899046345
2.0,28.0,24.790934340503558,-186.47226196078367,24.683156921053254,-186.46568403953236,24.791330505724954,-186.47228788285176,-0.10817358467170024,0.006603843319396674,0.10837497482035528,-0.00047387827614331357
2.0,33.0,24.79113413415017,-186.47227503369103,24.68335677450634,-186.46569701562098,24.791528863322615,-186.4723008621303,-0.10817208881627494,0.0066038465093356535,0.1083734819390562,-0.000473926073247366
2.0,38.0,24.791330505724954,-186.47228788285176,24.68355273366084,-186.46570986618832,24.791725052272433,-186.47231369969063,-0.10817231861159371,0.006603833502310863,0.10837371051474794,-0.0004738390093823596
2.0,43.0,24.791528863322615,-186.4723008621303,24.6837512550246,-186.4657227112009,24.79192681871875,-186.4723269024692,-0.10817556369415016,0.006604191268309023,0.10837697136779358,-0.00047392065242535253
2.0,48.0,24.791725052272433,-186.47231369969063,24.684258985323268,-186.46528024436515,24.792102256432013,-186.4723386770905,-0.10784327110874514,0.007058432725358443,0.10807401443442691,-0.001062168906683425
2.0,53.0,24.79192681871875,-186.4723269024692,24.731498506900095,-186.46654094754243,24.789715117032227,-186.47209307557688,-0.05821661013213131,0.005552128034452153,0.05848076453832938,-0.0019743463967216712
2.0,58.0,24.792102256432013,-186.4723386770905,24.723921738894926,-186.46495064527002,24.776407193011675,-186.4706681667786,-0.05248545411674854,0.005717521508586287,0.05279595577354826,-0.0016650757591092358
2.0,63.0,24.789715117032227,-186.47209307557688,24.69526914775066,-186.46290831601178,24.746844920010176,-186.4676055037449,-0.05157577225951471,0.004697187733114561,0.05178922529605409,-0.0010508062611966906
2.0,68.0,24.776407193011675,-186.4706681667786,24.67195591746434,-186.46014296012845,24.68687722939435,-186.46128991744345,-0.014921311930010006,0.0011469573150009182,0.014965328623023721,0.0001477857166416463
2.0,73.0,24.746844920010176,-186.4676055037449,24.62683577976157,-186.45493542271512,24.598479618191007,-186.4516799409139,0.028356161570563643,-0.003255481801232918,0.02854242562877355,0.0015622545519518027
2.0,78.0,24.68687722939435,-186.46128991744345,24.540152463309358,-186.4446508308761,24.47522798439461,-186.43771553080154,0.0649244789147474,-0.006935300074559336,0.06529384618381476,0.0022839418458140415
2.0,83.0,24.598479618191007,-186.4516799409139,24.41367801011815,-186.42899845513816,24.31395660856068,-186.41844888590643,0.09972140155747056,-0.010549569231727673,0.10027787063735102,0.0025284127117806143
2.0,88.0,24.47522798439461,-186.43771553080154,24.233013798495275,-186.40521671294312,24.111624518783636,-186.39267311674328,0.12138927971163938,-0.012543596199833473,0.1220356465731841,0.00153162003851115
2.0,93.0,24.31395660856068,-186.41844888590643,23.982591597291076,-186.36939927078362,23.862805126995493,-186.35852090102938,0.11978647029558331,-0.010878369754237838,0.1202794138428708,-0.0015301196007424522
2.0,98.0,24.111624518783636,-186.39267311674328,23.644696323721988,-186.3160805561756,23.58790285456283,-186.31761932453935,0.05679346915915673,0.001538768363758436,0.05681431111268876,-0.008427109652782594
2.0,103.0,23.862805126995493,-186.35852090102938,23.24940466298989,-186.24811259967058,23.24929910095249,-186.26263894471484,0.000105562037397533,0.01452634504425987,0.014526728595545274,-0.014409962710039357
2.0,108.0,23.58790285456283,-186.31761932453935,22.86637136013758,-186.17784474845527,22.91089895935206,-186.2026630725017,-0.04452759921447935,0.02481832404643569,0.05097701737331432,-0.017426866778158523
2.0,113.0,23.24929910095249,-186.26263894471484,22.4635967082863,-186.11201004119923,22.52859524564408,-186.14532158625593,-0.0649985373577806,0.03331154505670497,0.07303744856384077,-0.02089867725719952
2.0,118.0,22.91089895935206,-186.2026630725017,22.1769916565823,-186.08939566952373,22.140311427851124,-186.10964391450474,0.036680228731174935,0.02024824498101907,0.041897859188539395,-0.021099853643475885
2.0,123.0,22.52859524564408,-186.14532158625593,21.686451853392743,-186.0820961108609,21.72210993572089,-186.0775223921326,-0.0356580823281476,-0.004573718728295262,0.03595021193715708,0.010177951162761989
2.0,128.0,22.140311427851124,-186.10964391450474,21.258826548442684,-186.06777391661862,21.283611020694128,-186.05089380158836,-0.024784472251443646,-0.016880115030261322,0.02998680290090016,0.017661754091454984
2.0,133.0,21.72210993572089,-186.0775223921326,20.81222619643979,-186.04620714667607,20.827784928349555,-186.03201775613056,-0.015558731909763424,-0.014189390545510605,0.021057372644584994,0.014450095929504416
2.0,138.0,21.283611020694128,-186.05089380158836,20.35067266653306,-186.03558771082572,20.381919903058588,-186.0221934814074,-0.031247236525526745,-0.013394229418310033,0.033996987692919714,0.014388644015211227
2.0,143.0,20.827784928349555,-186.03201775613056,19.876793761208887,-186.0347136913424,19.903067544063845,-186.02112003156142,-0.026273782854957517,-0.01359365978098026,0.029582076528710755,0.013835549453260931
2.0,148.0,20.381919903058588,-186.0221934814074,19.417366464496578,-186.0430104516448,19.446170838976364,-186.02924865568028,-0.028804374479786787,-0.013761795964512658,0.03192301704633616,0.013599568239586635
2.0,153.0,19.903067544063845,-186.02112003156142,18.927361318467717,-186.06188609426735,18.94069800968319,-186.04867517542013,-0.013336691215471319,-0.013210918847221365,0.018772205767162754,0.012617154520258913
2.0,158.0,19.446170838976364,-186.02924865568028,18.46239208086148,-186.0893996627046,18.458148079738333,-186.07745814249446,0.0042440011231477115,-0.011941520210143608,0.01267325729489255,0.011606689883457921
2.0,163.0,18.94069800968319,-186.04867517542013,17.950313284536342,-186.13055694915823,17.95105082445862,-186.11852450898866,-0.0007375399222766532,-0.01203244016957683,0.012055023084648071,0.011580794343823086
2.0,168.0,18.458148079738333,-186.07745814249446,17.463324944003727,-186.18028774423288,17.440103383810325,-186.17119311353463,0.02322156019340227,-0.009094630698257333,0.024938988859885425,0.010355148120703815
2.0,173.0,17.95105082445862,-186.11852450898866,17.04383977992416,-186.2191677086223,16.93751490218993,-186.22297843284494,0.10632487773423094,0.003810724222631734,0.10639314472417906,0.005657166307961425
2.0,178.0,17.440103383810325,-186.17119311353463,16.719390952186725,-186.21942640350133,16.42406032899516,-186.2376526130435,0.295330623191564,0.018226209542177685,0.2958925002581055,0.007220950199574805
2.0,183.0,16.93751490218993,-186.22297843284494,16.00972836323665,-186.23617869999563,15.90162750941445,-186.2120109332098,0.1081008538222008,-0.024167766785836875,0.11076947029079551,0.02155619626759453
2.0,188.0,16.42406032899516,-186.2376526130435,15.47130004703331,-186.1925388223894,15.384129985315615,-186.16508111145254,0.08717006171769448,-0.027457710936857893,0.09139226197965948,0.017293023629850524
2.0,193.0,15.90162750941445,-186.2120109332098,14.951182636559055,-186.119288344,14.859783354271006,-186.0944197999659,0.09139928228804983,-0.024868544034120532,0.09472208446369629,0.012752638082118127
2.0,198.0,15.384129985315615,-186.16508111145254,14.436331161771095,-186.02998588667566,14.351346682666055,-186.00237158411315,0.08498447910504048,-0.02761430256251174,0.08935833142337095,0.012213660083604696
2.0,203.0,14.859783354271006,-186.0944197999659,13.918151085420936,-185.9163234462897,13.840805248093867,-185.88608071340528,0.07734583732706923,-0.03024273288443169,0.08304818748259676,0.01187942329775771
2.0,208.0,14.351346682666055,-186.00237158411315,13.41823189945348,-185.78273158945296,13.338339564627077,-185.74764915439553,0.07989233482640223,-0.035082435057432804,0.08725572997558931,0.01260431839974885
2.0,213.0,13.840805248093867,-185.88608071340528,12.910497070126365,-185.62634512553734,12.822039988780345,-185.5795926670826,0.0884570813460197,-0.046752458454733414,0.10005222442213826,0.01816968959617515
2.0,218.0,13.338339564627077,-185.74764915439553,12.456798309124595,-185.46080663165,12.34669383312397,-185.40088585168698,0.11010447600062534,-0.05992077996302214,0.12535348222825402,0.01975812454103698
2.0,223.0,12.822039988780345,-185.5795926670826,11.991635540591938,-185.26146328540236,11.904278264094733,-185.21291364829165,0.0873572764972046,-0.048549637110710364,0.09994178815986195,0.01303866378570362
2.0,228.0,12.34669383312397,-185.40088585168698,11.539003725102466,-185.0500207335253,11.481624555760355,-185.01274765654006,0.05737916934211107,-0.037273076985229636,0.06842259380012947,0.009675518684032713
2.0,233.0,11.904278264094733,-185.21291364829165,11.123794884138462,-184.84991177751712,11.081385612670449,-184.81369446135915,0.04240927146801354,-0.0362173161579733,0.055769528383645676,0.01291569497120415
2.0,238.0,11.481624555760355,-185.01274765654006,10.745562126664273,-184.67521959754802,10.692754424660976,-184.64379544908994,0.05280770200329776,-0.031424148458086165,0.06145022780417448,0.0026654141076409843
2.0,243.0,11.081385612670449,-184.81369446135915,10.392846027096393,-184.4999867424023,10.348856519160853,-184.52539619640774,0.04398950793554057,0.025409454005426824,0.05080075945559168,-0.035930896768990195
2.0,248.0,10.692754424660976,-184.64379544908994,10.04588852717364,-184.41301632799406,10.01013911167977,-184.42494720223033,0.03574941549386956,0.011930874236270483,0.037687749577217045,-0.019200808878272024
2.0,253.0,10.348856519160853,-184.52539619640774,9.723847852982718,-184.3426653364958,9.713264440084293,-184.34455128172635,0.010583412898425237,0.001885945230554853,0.010750135719664487,-0.003167096636548905
2.0,258.0,10.01013911167977,-184.42494720223033,9.414620354349918,-184.2698191032937,9.440782465130512,-184.2780440292638,-0.026162110780594716,0.008224925970097274,0.027424540975368956,0.0016313806114274243
2.0,263.0,9.713264440084293,-184.34455128172635,9.1464149043557,-184.21262619712516,9.174801559948174,-184.21984107642703,-0.028386655592473886,0.007214879301869814,0.029289190823002915,0.002365270740249059
2.0,268.0,9.440782465130512,-184.2780440292638,8.90143474927409,-184.16639240834022,8.933976760474618,-184.17274769128727,-0.03254201120052791,0.00635528294705523,0.033156780819500783,0.0034441121131782992
2.0,273.0,9.174801559948174,-184.21984107642703,8.663755431578561,-184.12653248757815,8.727139016010666,-184.13649652108444,-0.06338358443210446,0.009964033506292935,0.06416198827324666,0.006684598347222348
2.0,278.0,8.933976760474618,-184.17274769128727,8.449230489461232,-184.09471849786837,8.516718120879844,-184.10355711046944,-0.06748763141861147,0.008838612601067553,0.06806395130468187,0.007391331620385522
2.0,283.0,8.727139016010666,-184.13649652108444,8.26505564905213,-184.0705424870393,8.295329382791055,-184.07315674419252,-0.030273733738924946,0.0026142571532261627,0.030386399835428294,0.004364270862218688
2.0,288.0,8.516718120879844,-184.10355711046944,8.077315434293817,-184.04886947819878,8.102359393325248,-184.0501837375263,-0.02504395903143042,0.0013142593275290437,0.02507842023629005,0.004039906246914526
2.0,293.0,8.295329382791055,-184.07315674419252,7.891606920402499,-184.02513047407865,7.92072691265612,-184.02876414515717,-0.029119992253621163,0.003633671078517864,0.02934582618291422,0.0022047384611441068
2.0,298.0,8.102359393325248,-184.0501837375263,7.739168218684124,-183.99557198182038,7.748229462808303,-183.9983816126693,-0.009061244124178636,0.0028096308489296007,0.009486841971131317,-8.737527869229211e-06
2.0,303.0,7.92072691265612,-184.02876414515717,7.582793131076885,-183.96627677515573,7.58827070816739,-183.95798428244717,-0.005477577090505115,-0.008292492708562804,0.009938273799005224,0.01015003082916932
2.0,308.0,7.748229462808303,-183.9983816126693,7.438668040975159,-183.92486125630035,7.438633981019951,-183.9156632877163,3.405995520822103e-05,-0.009197968584032878,0.009198031645597038,0.009105917693825294
2.0,313.0,7.58827070816739,-183.95798428244717,7.293727776615301,-183.86826875882224,7.28779421175193,-183.8718433289489,0.005933564863370933,0.0035745701266591823,0.00692710210537093,-0.004822358540513605
2.0,318.0,7.438633981019951,-183.9156632877163,7.1526089341131485,-183.82656535038655,7.1447238826072805,-183.82828786144051,0.007885051505867935,0.0017225110539698107,0.00807100251401512,-0.00336674911338175
2.0,323.0,7.28779421175193,-183.8718433289489,7.009125039553816,-183.78208090002306,7.002001242740483,-183.78277985951866,0.007123796813333527,0.0006989594955939538,0.007158004289894068,-0.002262815094069559
2.0,328.0,7.1447238826072805,-183.82828786144051,6.872373103741925,-183.73674949619183,6.865896361833541,-183.73748024326542,0.006476741908383765,0.0007307470735895549,0.006517835302719322,-0.0022082196494910278
2.0,333.0,7.002001242740483,-183.78277985951866,6.735172993451868,-183.68940444164835,6.733309251103184,-183.69154524433185,0.0018637423486840277,0.0021408026834990324,0.0028384100605717477,-0.0024780764460019533
2.0,338.0,6.865896361833541,-183.73748024326542,6.603748118209586,-183.64222049258805,6.604789274270631,-183.6452958889107,-0.0010411560610457116,0.003075396322657298,0.0032468551684462694,-0.0026196271614802313
2.0,343.0,6.733309251103184,-183.69154524433185,6.475249579068096,-183.59429646350753,6.476011864912869,-183.5972289343689,-0.0007622858447726699,0.0029324708613671646,0.003029928227187612,-0.0025253234971347456
2.0,348.0,6.604789274270631,-183.6452958889107,6.350262190004965,-183.54609720498664,6.349561716325826,-183.54833133453127,0.0007004736791396127,0.002234129544632424,0.0023413667370505774,-0.0022437382840387876
2.0,353.0,6.476011864912869,-183.5972289343689,6.213753437057319,-183.4934148086654,6.2337078087098705,-183.503814096854,-0.01995437165255165,0.01039928818860858,0.022501603117953416,-0.00436085121819918
2.0,358.0,6.349561716325826,-183.54833133453127,6.130824597681874,-183.45836543835298,6.101647974051571,-183.46016880737213,0.02917662363030349,0.0018033690191430196,0.029232302445814783,-0.011825149509614885
2.0,363.0,6.2337078087098705,-183.503814096854,6.133078751115815,-183.46267599659834,5.978020675548884,-183.42100316254272,0.15505807556693085,-0.041672834055617614,0.1605603683875541,-0.008531094230312508
2.0,368.0,6.101647974051571,-183.46016880737213,5.967543577866546,-183.41914594786815,5.858300433744774,-183.3827294523795,0.10924314412177161,-0.03641649548865189,0.11515305328685456,0.0010645494177565773
2.0,373.0,5.978020675548884,-183.42100316254272,5.8509544521770085,-183.38131748169278,5.741165619974242,-183.3452824957414,0.10978883220276625,-0.036034985951374665,0.11555132145052663,0.0005273579417925944
2.0,378.0,5.858300433744774,-183.3827294523795,5.732396766085617,-183.34349712434314,5.617170883101568,-183.30561583280937,0.11522588298404912,-0.03788129153377895,0.12129301858607087,0.0006423649962363776
2.0,383.0,5.741165619974242,-183.3452824957414,5.615874155613879,-183.3064466173998,5.499130967545364,-183.26785336491312,0.11674318806851502,-0.038593252486691654,0.12295694814813109,0.0008721797731312542
2.0,388.0,5.617170883101568,-183.30561583280937,5.49352933224028,-183.26727308452584,5.379097058175683,-183.22945296900699,0.11443227406459755,-0.03782011551885489,0.12052014970723648,0.0008432411711312149
2.0,393.0,5.499130967545364,-183.26785336491312,5.376730941168362,-183.2299017035187,5.26061023504232,-183.19154747079088,0.11612070612604253,-0.03835423272781213,0.12229090546459252,0.0008411019615328641
2.0,398.0,5.379097058175683,-183.22945296900699,5.257839783209387,-183.19184552983842,5.14396345408503,-183.15423059824533,0.11387632912435652,-0.037614931593083156,0.11992790089712693,0.0008233936941248744
2.0,403.0,5.26061023504232,-183.19154747079088,5.140204468473538,-183.1542250016977,5.028420647676931,-183.11726682747582,0.11178382079660665,-0.03695817422189407,0.11773499579013771,0.0008387780429184311
2.0,408.0,5.14396345408503,-183.15423059824533,5.024391027514877,-183.11715394970238,4.909004084360258,-183.0790637966985,0.11538694315461928,-0.03809015300387841,0.12151134270686918,0.000820663014736045
2.0,413.0,5.028420647676931,-183.11726682747582,4.874263806212655,-183.0699537554012,4.791946455318436,-183.0435620634033,0.08231735089421921,-0.026391691997901034,0.08644459303365414,-0.00043623740347609186
2.0,418.0,4.909004084360258,-183.0790637966985,4.656814794723823,-183.00594597084879,4.673155268769217,-183.01545592955276,-0.016340474045393627,0.009509958703972643,0.0189063588926966,-0.004487852162950112
2.0,423.0,4.791946455318436,-183.0435620634033,4.5363230700690265,-182.98139011356105,4.555107814987866,-182.98995206466412,-0.018784744918839635,0.008561951103075671,0.0206439736571555,-0.00245290140532628
2.0,428.0,4.673155268769217,-183.01545592955276,4.398764400775694,-182.95887171277735,4.439017428390613,-182.96562212100042,-0.04025302761491911,0.006750408223069826,0.04081512272853689,0.005030162713130171
2.0,433.0,4.555107814987866,-182.98995206466412,4.284561812129134,-182.93616691378367,4.317018337923039,-182.94136129066516,-0.03245652579390512,0.005194376881490825,0.032869554572543196,0.003970512846895868
2.0,438.0,4.439017428390613,-182.96562212100042,4.169127073060472,-182.9145833933837,4.201492711509952,-182.919654100167,-0.03236563844948037,0.005070706783300238,0.03276044290794447,0.0037391310330727734
2.0,443.0,4.317018337923039,-182.94136129066516,4.046884627600043,-182.89330314599212,4.078663896853187,-182.89789981837964,-0.03177926925314356,0.004596672387521039,0.03210998834166705,0.003702365792574547
2.0,448.0,4.201492711509952,-182.919654100167,3.9312344229952414,-182.87438746434552,3.962987731541352,-182.87864995542273,-0.03175330854611058,0.004262491077213326,0.03203812469243202,0.0036979087885673505
2.0,453.0,4.078663896853187,-182.89789981837964,3.8082609105827196,-182.85557908425776,3.8460115734258373,-182.86040364896462,-0.03775066284311768,0.004824564706865431,0.03805770578615423,0.004210726379847429
2.0,458.0,3.962987731541352,-182.87864995542273,3.6924169511835405,-182.83909078012022,3.7209242329008823,-182.84223647062268,-0.028507281717341737,0.003145690502464049,0.028680315194383396,0.0034000691027067376
2.0,463.0,3.8460115734258373,-182.86040364896462,3.575252802582849,-182.82362629710198,3.606476904501176,-182.82683205158358,-0.03122410191832703,0.003205754481598433,0.031388236688325806,0.0036307314550922958
2.0,468.0,3.7209242329008823,-182.84223647062268,3.449952002816245,-182.80842412975198,3.4901729448042405,-182.8123569721946,-0.04022094198799531,0.003932842442623041,0.04041276313344809,0.004405531024942011
2.0,473.0,3.606476904501176,-182.82683205158358,3.3483439164640556,-182.79573047314432,3.363116704953415,-182.79672538325224,-0.014772788489359368,0.0009949101079200773,0.014806252931589079,0.002254814579365938
2.0,478.0,3.4901729448042405,-182.8123569721946,3.252817354341247,-182.78033493767236,3.244186221486245,-182.77549690361545,0.008631132855001944,-0.00483803405691674,0.009894595893546148,0.003848225329931232
2.0,483.0,3.363116704953415,-182.79672538325224,3.1325446014248914,-182.7597944526351,3.1272181049854857,-182.74811660249395,0.005326496439405748,-0.011677850141154522,0.012835254116622109,0.011063771366327746
2.0,488.0,3.244186221486245,-182.77549690361545,3.0729261810457666,-182.73499408597743,3.009466198655923,-182.7202562382896,0.06345998238984363,-0.014737847687825933,0.06514885662380285,0.0027292280198585317
2.0,493.0,3.1272181049854857,-182.74811660249395,2.968703637751256,-182.70502503368323,2.893297868524378,-182.69254075748697,0.0754057692268777,-0.012484276196261135,0.0764322391719729,-0.002376070278224951
2.0,498.0,3.009466198655923,-182.7202562382896,2.845297375494836,-182.67690190203817,2.780466042317423,-182.6649872712464,0.06483133317741308,-0.01191463079177879,0.06591707053916417,-0.0011456789700181602
2.0,503.0,2.893297868524378,-182.69254075748697,2.7289683008575434,-182.64830823180964,2.658976460346841,-182.634639018404,0.06999184051070229,-0.013669213405648861,0.07131412996878499,-0.0008086067341830372
2.0,508.0,2.780466042317423,-182.6649872712464,2.616391833890583,-182.61986112426717,2.5457308509713608,-182.60572796416238,0.07066098291922218,-0.014133160104790932,0.07206053511915009,-0.0008535382797920654
2.0,513.0,2.658976460346841,-182.634639018404,2.4949629023885835,-182.58857953608182,2.42230743743431,-182.57353016947562,0.07265546495427344,-0.01504936660620615,0.07419770901429268,-0.0007717095934904883
2.0,518.0,2.5457308509713608,-182.60572796416238,2.381793190906334,-182.55880372119537,2.3035005850620696,-182.54185577721827,0.07829260584426434,-0.016947943977100977,0.0801059606704538,-0.0005225348814232866
2.0,523.0,2.42230743743431,-182.57353016947562,2.2584862649695743,-182.52566715237737,2.189811955124085,-182.51091684773854,0.06867430984548939,-0.014750304638823764,0.07024053188645703,-0.0009520319931715093
2.0,528.0,2.3035005850620696,-182.54185577721827,2.139813180345872,-182.4930932063875,2.073815980029476,-182.478716084986,0.06599720031639622,-0.01437712140150893,0.06754503734099386,-0.0010731304819007192
2.0,533.0,2.189811955124085,-182.51091684773854,2.0215023560872973,-182.4596814540445,1.952266017334635,-182.4435822545579,0.06923633875266244,-0.016099199486603766,0.0710834356793683,-0.00025207548384997835
2.0,538.0,2.073815980029476,-182.478716084986,1.866348990040586,-182.41442268632488,1.8402223213424975,-182.40579308144854,0.02612666869808855,-0.00862960487634723,0.02751495770633777,0.00277344081372366
2.0,543.0,1.952266017334635,-182.4435822545579,1.7073201104249476,-182.36197725250835,1.7255523961727932,-182.36575934093435,-0.018232285747845633,0.0037820884259929244,0.01862043061943318,0.0010839156124542448
2.0,548.0,1.8402223213424975,-182.40579308144854,1.6002627398744933,-182.31899468852436,1.6066553039685356,-182.32319628571517,-0.006392564094042319,0.004201597190814255,0.007649725135604373,-0.0022672844407707338
2.0,553.0,1.7255523961727932,-182.36575934093435,1.4850105853394744,-182.27710002362446,1.4951452590261711,-182.281930566465,-0.010134673686696738,0.0048305428405512885,0.011227010059237702,-0.0017445240917006723
2.0,558.0,1.6066553039685356,-182.32319628571517,1.366817799188153,-182.23191728289848,1.3764699229600699,-182.23657160123864,-0.009652123771916932,0.00465431834015817,0.010715697481729158,-0.0015882617844740212
2.0,563.0,1.4951452590261711,-182.281930566465,1.2561697014323507,-182.18811148700834,1.2656790200068178,-182.19287521607404,-0.009509318574467018,0.0047637290657007725,0.010635800598079385,-0.0016283932447898053
2.0,568.0,1.3764699229600699,-182.23657160123864,1.1384112531752837,-182.14008607541408,1.1515917513982166,-182.14650355030884,-0.01318049822293288,0.006417474894760744,0.014659792543880737,-0.0019875065972416728
2.0,573.0,1.2656790200068178,-182.19287521607404,1.0285225142525065,-182.09390934664629,1.037371433492205,-182.09865671779752,-0.00884891923969855,0.004747371151239577,0.010041957207553163,-0.001595486477961927
2.0,578.0,1.1515917513982166,-182.14650355030884,0.9154138239735586,-182.04498944401558,0.9250818563204528,-182.05021701487667,-0.009668032346894173,0.0052275708610807214,0.010990830112790038,-0.0016840223189529266
2.0,583.0,1.037371433492205,-182.09865671779752,0.8022203181161391,-181.9945982408896,0.8148294343244796,-182.00128287201335,-0.012609116208340487,0.006684631123761164,0.014271443683670941,-0.001972399586240847
2.0,588.0,0.9250818563204528,-182.05021701487667,0.6909850208489714,-181.94366370523838,0.7006710045991621,-181.9491674942167,-0.009685983750190696,0.005503788978330704,0.011140465624333337,-0.0017068078940658538
2.0,593.0,0.8148294343244796,-182.00128287201335,0.560161061495838,-181.8851917068712,0.5903133780351302,-181.89803078521683,-0.03015231653929218,0.012839078345621147,0.03277200215810243,-0.001536834405219789
2.0,598.0,0.7006710045991621,-181.9491674942167,0.4295721500181921,-181.83016078158923,0.47385577146902264,-181.8504218822993,-0.044283621450830535,0.0202611007100586,0.04869857627060154,-0.0035521222249341733
2.0,603.0,0.5903133780351302,-181.89803078521683,0.4714469131713241,-181.84539209736386,0.35716287084688847,-181.81072684845677,0.11428404232443562,-0.03466524890708911,0.11942580044447612,-0.009879052467618443
2.0,608.0,0.47385577146902264,-181.8504218822993,0.3327058452663536,-181.80311152185607,0.24057880858520211,-181.7719570591578,0.09212703668115149,-0.031154462698253838,0.0972522052894798,-0.004397133584803203
2.0,613.0,0.35716287084688847,-181.81072684845677,0.17965893251774814,-181.76055015827012,0.13081693214431728,-181.73560380304352,0.048842000373430866,-0.0249463552266036,0.05484397541726998,0.005876599644447201
2.0,618.0,0.24057880858520211,-181.7719570591578,0.07682793493508247,-181.7248203180788,0.01095285489736943,-181.69661660066666,0.06587508003771304,-0.028203717412139895,0.07165874577355469,0.0032851179050203965
2.0,623.0,0.13081693214431728,-181.73560380304352,-0.03218868764681772,-181.6895316577129,-0.1038129653126207,-181.65998197587973,0.07162427766580298,-0.02954968183317419,0.0774804546165668,0.002931999041132727
2.0,628.0,0.01095285489736943,-181.69661660066666,-0.15225834029816077,-181.6515780479374,-0.21796119903723632,-181.62419414025322,0.06570285873907555,-0.027383907684168207,0.07118106522483324,0.003315937436890515
2.0,633.0,-0.1038129653126207,-181.65998197587973,-0.26674998992866006,-181.61597026909558,-0.32983057640412133,-181.58974652718214,0.06308058647546128,-0.02622374191344079,0.06831431058007464,0.0034649592865916294
2.0,638.0,-0.21796119903723632,-181.62419414025322,-0.38055038744364444,-181.58118402414772,-0.4485642127978917,-181.55386129172817,0.06801382535424727,-0.027322732419548856,0.07329674035172583,0.0032378645593049704
2.0,643.0,-0.32983057640412133,-181.58974652718214,-0.4921965375181989,-181.5476811928112,-0.5637680945478185,-181.51970426671156,0.07157155702961959,-0.02797692609965452,0.07684527421793497,0.00307800573415129
2.0,648.0,-0.4485642127978917,-181.55386129172817,-0.6107861282214075,-181.51276672576972,-0.678755965023166,-181.48625802467114,0.0679698368017585,-0.026508701098578058,0.07295621939760474,0.003241804810460991
2.0,653.0,-0.5637680945478185,-181.51970426671156,-0.7259271378963733,-181.47952543019125,-0.7926091184940941,-181.4537757377142,0.06668198059772079,-0.02574969247703507,0.07148099886750807,0.003302278617864473
2.0,658.0,-0.678755965023166,-181.48625802467114,-0.8409177199614607,-181.44697161257076,-0.9064211433819818,-181.42193320305464,0.06550342342052107,-0.025038409516128013,0.07012574727520127,0.0033586188534124872
2.0,663.0,-0.7926091184940941,-181.4537757377142,-0.9548284843685627,-181.4153552891516,-1.0243057224432965,-181.3896089233279,0.06947723807473383,-0.02574636582369294,0.07409427753626233,0.0031850701782105695
2.0,668.0,-0.9064211433819818,-181.42193320305464,-1.0687447825267076,-181.3843638218917,-1.137685297450194,-181.3591503330988,0.06894051492348652,-0.025213488792900307,0.07340650253911554,0.0032141418241895536
2.0,673.0,-1.0243057224432965,-181.3896089233279,-1.1867790713912156,-181.35290843209594,-1.2525686516665306,-181.32891451618354,0.06578958027531501,-0.02399391591239919,0.07002840047875863,0.0033605133216236815
2.0,678.0,-1.137685297450194,-181.3591503330988,-1.3003364679774587,-181.32327562708613,-1.3699058587121493,-181.29868170343923,0.0695693907346906,-0.02459392364690416,0.07378862519078266,0.0031979953267931016
2.0,683.0,-1.2525686516665306,-181.32891451618354,-1.4154284188675468,-181.29386855156974,-1.4811894735071172,-181.27061348274725,0.06576105463957038,-0.023255068822493286,0.06975180666654779,0.0033739803763013225
2.0,688.0,-1.3699058587121493,-181.29868170343923,-1.5330033252286495,-181.26447554885405,-1.6034753983838657,-181.24044190883197,0.0704720731552162,-0.024033640022082636,0.07445756474331668,0.0031714286019983717
2.0,693.0,-1.4811894735071172,-181.27061348274725,-1.644531555892855,-181.23719891895269,-1.7152463895726107,-181.21348203843826,0.07071483367975562,-0.023716880514427885,0.07458604510021395,0.0031675741520893475
2.0,698.0,-1.6034753983838657,-181.24044190883197,-1.7671036616858535,-181.20789305247146,-1.8337150355849157,-181.185546032079,0.06661137389906213,-0.02234702039245917,0.07025997760561586,0.0033572900295664176
2.0,703.0,-1.7152463895726107,-181.21348203843826,-1.8791492360605178,-181.1817215857229,-1.9517365629851984,-181.1583675090498,0.07258732692468062,-0.023354076673086865,0.07625177327330089,0.0030998534590609417
2.0,708.0,-1.8337150355849157,-181.185546032079,-1.9979198166303884,-181.15461908752698,-2.06550904557169,-181.1327810502326,0.0675892289413016,-0.021838037294372725,0.07102959764598203,0.003328791310932111
2.0,713.0,-1.9517365629851984,-181.1583675090498,-2.1151481624892443,-181.1277436113383,-2.18677928730004,-181.10548604694753,0.07163112481079548,-0.022257564390770312,0.07500944750009192,0.0034814764528947606
2.0,718.0,-2.06550904557169,-181.1327810502326,-2.2496056868235925,-181.09353376280944,-2.3000255390225357,-181.07387934217465,0.05041985219894318,-0.019654420634793723,0.054115226565659695,0.007046739986406703
2.0,723.0,-2.18677928730004,-181.10548604694753,-2.389830917681983,-181.05384310621315,-2.4130658723301726,-181.03840424432929,0.023234954648189365,-0.01543886188386523,0.027896622981509488,0.009565575240450208
2.0,728.0,-2.3000255390225357,-181.07387934217465,-2.4500059190558714,-181.02088001252847,-2.5258389501194976,-181.00338252033728,0.07583303106362616,-0.017497492191182573,0.07782551531006643,-0.0026993717936254487
2.0,733.0,-2.4130658723301726,-181.03840424432929,-2.5686372321769886,-180.9845806038866,-2.6460411273282967,-180.96548199002086,0.07740389515130808,-0.019098613865736525,0.07972527852687124,-0.0019050536716145314
2.0,738.0,-2.5258389501194976,-181.00338252033728,-2.6849464647546024,-180.94857630253327,-2.762230825597818,-180.92812602857936,0.07728436084321544,-0.0204502739539123,0.07994426893614322,-0.0009283987975772234
2.0,743.0,-2.6460411273282967,-180.96548199002086,-2.8053516399516027,-180.90952166391358,-2.875436408575302,-180.89108059093343,0.07008476862369939,-0.01844107298015274,0.072470324724654,-0.001340749410413622
2.0,748.0,-2.762230825597818,-180.92812602857936,-2.9218097023631735,-180.87108404997733,-2.994235103603462,-180.85151504694346,0.07242540124028851,-0.01956900303386533,0.07502256077045234,-0.0012925248061987915
2.0,753.0,-2.875436408575302,-180.89108059093343,-3.0352921825469514,-180.8330097678849,-3.1093910327593437,-180.81248480333298,0.07409885021239226,-0.02052496455192454,0.07688897042265752,-0.0012349641282458634
2.0,758.0,-2.994235103603462,-180.85151504694346,-3.1542894785841926,-180.79238532790086,-3.226465177642794,-180.77211488127364,0.07217569905860133,-0.020270446627222327,0.07496814350819189,-0.0013419170685944337
2.0,763.0,-3.1093910327593437,-180.81248480333298,-3.2695689911559094,-180.7523470301225,-3.3393811925703036,-180.73251802979593,0.06981220141439426,-0.01982900032658108,0.07257363653748862,-0.00146665756810993
2.0,768.0,-3.226465177642794,-180.77211488127364,-3.3867103637723877,-180.71096882865882,-3.455166639671618,-180.69123669350742,0.06845627589923042,-0.019732135151400598,0.07124337771066652,-0.0015433001190894304
2.0,773.0,-3.3393811925703036,-180.73251802979593,-3.5043330963318,-180.66845717765537,-3.574455488945811,-180.64729424200434,0.0701223926140111,-0.02116293565103433,0.07324629540996143,-0.0008071861102134648
2.0,778.0,-3.455166639671618,-180.69123669350742,-3.658600915486254,-180.61125448660871,-3.6889531663683024,-180.59924186063358,0.030352250882048182,-0.012012625975131641,0.03264295201762858,0.002716676730489364
2.0,783.0,-3.574455488945811,-180.64729424200434,-3.814539434430588,-180.54729167466795,-3.800816304353464,-180.55088098721407,-0.01372313007712389,0.0035893125461257114,0.014184761671153937,0.0011580870593719261
2.0,788.0,-3.6889531663683024,-180.59924186063358,-3.923847447469701,-180.49389922105917,-3.9181062535468953,-180.49904010440906,-0.0057411939228058095,0.005140883349895375,0.0077064900750272725,-0.0028431550623371216
2.0,793.0,-3.800816304353464,-180.55088098721407,-4.0362151575215135,-180.44355241686873,-4.0293081575423875,-180.4484310012244,-0.006906999979126027,0.004878584355680005,0.008456195008816473,-0.0020857667759832665
2.0,798.0,-3.9181062535468953,-180.49904010440906,-4.15272417949242,-180.38899507099535,-4.143345449085401,-180.3950407084979,-0.009378730407019198,0.006045637502552381,0.01115841910217636,-0.0022268374984264483
2.0,803.0,-4.0293081575423875,-180.4484310012244,-4.262972489581022,-180.3357418325528,-4.257391420155831,-180.34012979875104,-0.00558106942519121,0.004387966198237336,0.0070994776769617044,-0.0019322287017686788
2.0,808.0,-4.143345449085401,-180.3950407084979,-4.37601773679885,-180.27967942235526,-4.370384372713478,-180.2842028207818,-0.005633364085372072,0.004523398426528047,0.007224674680805797,-0.0019654574623739767
2.0,813.0,-4.257391420155831,-180.34012979875104,-4.489009940896332,-180.22210929466465,-4.481430269692706,-180.2277392535243,-0.007579671203625793,0.005629958859657336,0.009441814037382232,-0.002176159570634883
2.0,818.0,-4.370384372713478,-180.2842028207818,-4.600896043915268,-180.16355724763596,-4.595307778656079,-180.16826608947767,-0.005588265259189207,0.004708841841704725,0.007307660370956642,-0.002005008036721101
2.0,823.0,-4.481430269692706,-180.2277392535243,-4.710797963275182,-180.10452319075296,-4.698123411038734,-180.1131796457956,-0.012674552236447312,0.008656455042654443,0.015348566327182778,-0.002719201385745773
2.0,828.0,-4.595307778656079,-180.16826608947767,-4.823446587425121,-180.04242284088104,-4.818712051650852,-180.04686318598556,-0.004734535774268522,0.004440345104512744,0.006490954756043115,-0.0019596043818279614
2.0,833.0,-4.698123411038734,-180.1131796457956,-4.959573389119957,-179.9708466151708,-4.928676681317219,-179.98552793577116,-0.030896707802738455,0.01468132060034577,0.03420742211301425,-0.00015536198450183392
2.0,838.0,-4.818712051650852,-180.04686318598556,-5.156738447269907,-179.87669293440237,-5.042079661939379,-179.92871865872064,-0.11465878533052809,0.052025724318269795,0.1259099402124897,0.0024710602823070356
2.0,843.0,-4.928676681317219,-179.98552793577116,-5.178993997337505,-179.8667189694476,-5.155447562020141,-179.8812736994053,-0.023546435317364,0.014554729957723112,0.027681668668941353,-0.002727489118627968
2.0,848.0,-5.042079661939379,-179.92871865872064,-5.2850367685146775,-179.82604023635747,-5.2729999066150555,-179.83865177618762,-0.012036861899622053,0.012611539830146512,0.01743378849470031,-0.0061772410547931145
2.0,853.0,-5.155447562020141,-179.8812736994053,-5.401473355014544,-179.79310817417587,-5.386536117338007,-179.79775800616764,-0.014937237676536874,0.00464983199177027,0.01564423238631551,0.002604780219913838
2.0,858.0,-5.2729999066150555,-179.83865177618762,-5.487097658438418,-179.76745682628666,-5.511126321465125,-179.75422903182394,0.02402866302670681,-0.013227794462721931,0.027429021003292184,0.004076759088220694
2.0,863.0,-5.386536117338007,-179.79775800616764,-5.675515381363021,-179.70329099190926,-5.650692727911267,-179.707473996257,-0.024822653451754384,0.004183004347737551,0.025172636925024066,0.007942672964389885
2.0,868.0,-5.511126321465125,-179.75422903182394,-5.821508343405521,-179.6568211047876,-5.801199319290907,-179.65933016256125,-0.02030902411461355,0.002509057773636414,0.020463426677841616,0.0073846075181731585
2.0,873.0,-5.650692727911267,-179.707473996257,-5.999163409935362,-179.6030549185946,-6.006632672129989,-179.59734322816627,0.007469262194626403,-0.0057116904283418535,0.009402833896293563,0.004509660285650252
2.0,878.0,-5.801199319290907,-179.65933016256125,-6.202476499556272,-179.5451200818351,-6.218203279597089,-179.53794380657342,0.015726780040817623,-0.00717627526168485,0.01728671562454041,0.00313365378670305
2.0,883.0,-6.006632672129989,-179.59734322816627,-6.4904084302241225,-179.46955013800596,-6.48947699582815,-179.4682031253903,-0.0009314343959720972,-0.0013470126156676088,0.001637685263036704,0.0034166202488461472
2.0,888.0,-6.218203279597089,-179.53794380657342,-6.7873526700379445,-179.3995203199435,-6.781773071088483,-179.40095102331722,-0.005579598949461584,0.0014307033737281927,0.005760107341051036,0.0023098155451783953
2.0,893.0,-6.48947699582815,-179.4682031253903,-7.127923040920689,-179.32800024919575,-7.087087055809218,-179.33868286465227,-0.04083598511147102,0.010682615456516942,0.04221014040507444,0.0033015064618617807
2.0,898.0,-6.781773071088483,-179.40095102331722,-7.33035974132024,-179.2778723108656,-7.43877355672398,-179.25895043128668,0.10841381540373973,-0.018921879578925882,0.1100526823716511,-0.007429810041220897
2.0,903.0,-7.087087055809218,-179.33868286465227,-7.503280758317405,-179.227181856251,-7.811483970807901,-179.1458788090166,0.3082032124904961,-0.08130304723439963,0.3187466167335128,0.002049113452021967
2.0,908.0,-7.43877355672398,-179.25895043128668,-8.071759161633384,-179.053825820816,-8.197893571671381,-178.99640983686487,0.12613441003799686,-0.05741598395113101,0.13858746194627442,0.017141508473875966
2.0,913.0,-7.811483970807901,-179.1458788090166,-8.623129967288255,-178.82866912822482,-8.56575195129835,-178.8405339841477,-0.05737801598990444,0.011864855922880224,0.05859190665107627,0.0012781510830328635
2.0,918.0,-8.197893571671381,-178.99640983686487,-9.01542593288374,-178.63734539521377,-8.981307456701517,-178.64718903851497,-0.034118476182223745,0.00984364330119547,0.03551010744053219,-0.0011784413573532326
2.0,923.0,-8.56575195129835,-178.8405339841477,-9.3802356383258,-178.44964598549956,-9.374202637256829,-178.44563044064626,-0.006033001068971089,-0.004015544853302799,0.007247185823965942,0.0017113472732392943
2.0,928.0,-8.981307456701517,-178.64718903851497,-9.789489456549756,-178.21977680693644,-9.769497651492767,-178.22362369654076,-0.019991805056989165,0.0038468896043184486,0.020358556654745216,0.0005545548452765559
2.0,933.0,-9.374202637256829,-178.44563044064626,-10.172560741323101,-177.98422204257247,-10.174353991244155,-177.97540376277425,0.0017932499210537856,-0.008818279798219919,0.008998766797681388,0.002338167276465075
2.0,938.0,-9.769497651492767,-178.22362369654076,-10.55495568384446,-177.72877512317143,-10.571962802973575,-177.70893711812835,0.01700711912911501,-0.019838005043084195,0.02613022283030406,0.004089977238200149
2.0,943.0,-10.174353991244155,-177.97540376277425,-10.943912364483428,-177.44697907995896,-10.959495308082197,-177.4254654880868,0.015582943598769106,-0.021513591872178495,0.026564313777040875,0.004920195800862892
2.0,948.0,-10.571962802973575,-177.70893711812835,-11.322641982121395,-177.1473310688218,-11.340210436458044,-177.12211240984877,0.017568454336648998,-0.02521865897304565,0.030734855590643286,0.005609785485154451
2.0,953.0,-10.959495308082197,-177.4254654880868,-11.693284504790398,-176.8299839339392,-11.709779535832213,-176.8026170320313,0.016495031041815267,-0.02736690190789659,0.03195361277081018,0.006875376663270316
2.0,958.0,-11.340210436458044,-177.12211240984877,-12.040992181446887,-176.53560812476638,-12.091983346160362,-176.481292486176,0.050991164713474646,-0.054315638590395565,0.07450025150507325,0.007349969681480052
2.0,963.0,-11.709779535832213,-176.8026170320313,-12.327356145989652,-176.31360155295357,-12.507515463001397,-176.1796299617747,0.1801593170117446,-0.13397159117886304,0.2245122864101978,-0.007590392890359343
2.0,968.0,-12.091983346160362,-176.481292486176,-12.807139255925273,-175.95767190104618,-12.92697288255214,-175.92249666802155,0.11983362662686758,-0.035175233024631325,0.12488953154241801,-0.034596838965470944
2.0,973.0,-12.507515463001397,-176.1796299617747,-13.295613362231991,-175.6919410745835,-13.366624389281629,-175.67770082530467,0.07101102704963758,-0.014240249278827832,0.07242479314549347,-0.01909344681485337
2.0,978.0,-12.92697288255214,-175.92249666802155,-13.737597606600394,-175.4732539983957,-13.840472230216214,-175.4397894497216,0.10287462361582023,-0.03346454867411808,0.10818070161567217,-0.01760611129498235
2.0,983.0,-13.366624389281629,-175.67770082530467,-14.19854662649123,-175.26187739717332,-14.286606490247067,-175.23981164753658,0.08805986375583608,-0.02206574963673802,0.09078236013525763,-0.016256401407837462
2.0,988.0,-13.840472230216214,-175.4397894497216,-14.691884101744938,-175.0615181361045,-14.774452131951136,-175.04628000385162,0.08256803020619863,-0.015238132252875403,0.08396237423207999,-0.015905290507083336
2.0,993.0,-14.286606490247067,-175.23981164753658,-15.1542390713805,-174.89727693720107,-15.281773333751929,-174.87136368656496,0.1275342623714284,-0.025913250636108387,0.13014024987356565,-0.01998580981296172
2.0,998.0,-14.774452131951136,-175.04628000385162,-15.65766861789243,-174.74292302034132,-15.743307292826334,-174.734562352114,0.08563867493390376,-0.008360668227311407,0.08604582161640396,-0.016212999902191605
2.0,1003.0,-15.281773333751929,-174.87136368656496,-16.17891744517025,-174.6088506698852,-16.26492420714872,-174.60456131882012,0.08600676197847079,-0.0042893510650685585,0.08611365535488977,-0.01627272241889255
2.0,1008.0,-15.743307292826334,-174.734562352114,-16.65120508674835,-174.50927332271294,-16.794583500944114,-174.49835432161265,0.14337841419576236,-0.01091900110029087,0.1437935820623429,-0.021323591971508016
2.0,1013.0,-16.26492420714872,-174.60456131882012,-17.19417131496474,-174.41371351894594,-17.292722154676603,-174.42043654408778,0.09855083971186218,0.006723025141837979,0.09877989205790284,-0.021952648472506105
2.0,1018.0,-16.794583500944114,-174.49835432161265,-17.70441325072148,-174.33339163824985,-17.8087477305104,-174.3326763843984,0.10433447978892119,-0.0007152538514390017,0.10433693143320252,-0.010999471833544217
2.0,1023.0,-17.292722154676603,-174.42043654408778,-18.14192565112601,-174.28271525733948,-18.299177668049296,-174.21535638344707,0.15725201692328739,-0.06735887389240247,0.17107137317065776,0.034584444557104195
2.0,1028.0,-17.8087477305104,-174.3326763843984,-18.842445406327755,-174.11014127879818,-18.76336507909614,-174.08844422067597,-0.0790803272316154,-0.02169705812221423,0.08200280779472197,0.027159819764376092
2.0,1033.0,-18.299177668049296,-174.21535638344707,-19.26182726980685,-173.93501483872615,-19.19583030158551,-173.96260465892792,-0.06599696822134149,0.02758982020176859,0.0715317970777659,-0.01088614459246573
2.0,1038.0,-18.76336507909614,-174.08844422067597,-19.71393238594472,-173.79476285991765,-19.592045959303753,-173.83931503652295,-0.12188642664096605,0.044552176605293425,0.12977363923221408,-0.01111291088072619
2.0,1043.0,-19.19583030158551,-173.96260465892792,-20.105786441551494,-173.6619190604281,-19.951444815688987,-173.72061655213454,-0.15434162586250721,0.058697491706453775,0.16512641522939742,-0.013094755068085107
2.0,1048.0,-19.592045959303753,-173.83931503652295,-20.442014117142257,-173.53919509340537,-20.27112053910552,-173.60954276571692,-0.17089357803673622,0.0703476723115557,0.18480641226389322,-0.016165918773250354
2.0,1053.0,-19.951444815688987,-173.72061655213454,-20.72598434540635,-173.43074453120133,-20.5648629368297,-173.50285497211192,-0.1611214085766477,0.07211044091059193,0.17652202126092656,-0.017948902322610483
2.0,1058.0,-20.27112053910552,-173.60954276571692,-20.96544635132965,-173.33649224794527,-20.834994247814983,-173.40077028674568,-0.13045210351466707,0.06427803880040983,0.14542839331928414,-0.01816763777210051
2.0,1063.0,-20.5648629368297,-173.50285497211192,-21.175205435423386,-173.25209856687982,-21.08225688658352,-173.30395226426617,-0.09294854883986758,0.05185369738634904,0.10643419875243253,-0.01742841225805014
2.0,1068.0,-20.834994247814983,-173.40077028674568,-21.363157865584647,-173.1753170308491,-21.316938372289147,-173.20903273385287,-0.04621949329549935,0.033715703003764474,0.0572100532208349,-0.015499014321042726
2.0,1073.0,-21.08225688658352,-173.30395226426617,-21.547015362120465,-173.10086279438903,-21.52336028088404,-173.12360345423434,-0.02365508123642357,0.022740659845311484,0.03281311442856287,-0.012791419069221543
2.0,1078.0,-21.316938372289147,-173.20903273385287,-21.784436173094388,-173.0166769572582,-21.73090810206162,-173.04758737417365,-0.05352807103276902,0.030910416915446604,0.06181187800395563,-0.009340371481592502
2.0,1083.0,-21.52336028088404,-173.12360345423434,-21.926474109865413,-172.9741780966601,-21.91796891312579,-172.99385201026433,-0.008505196739623244,0.01967391360423676,0.021433647568406787,-0.01457295680792603
2.0,1088.0,-21.73090810206162,-173.04758737417365,-22.124931426537216,-172.93297150137693,-22.09452875472072,-172.94801770645134,-0.03040267181649625,0.015046205074412455,0.03392212759723144,-0.00314249287651025
2.0,1093.0,-21.91796891312579,-172.99385201026433,-22.32635955295071,-172.8935137925437,-22.266948418439565,-172.90530228480924,-0.059411134511144326,0.011788492265537798,0.06056939370503826,0.00785429761790013
2.0,1098.0,-22.09452875472072,-172.94801770645134,-22.47693329114043,-172.85877170638435,-22.435528682708284,-172.86615990767203,-0.04140460843214555,0.00738820128768225,0.04205861526116388,0.005713917594088791
2.0,1103.0,-22.266948418439565,-172.90530228480924,-22.631598074420364,-172.82539996457982,-22.58844578265894,-172.83295329838091,-0.0431522917614231,0.007553333801098461,0.04380836833042063,0.0054778853893506785
2.0,1108.0,-22.435528682708284,-172.86615990767203,-22.785636300336076,-172.7946311264781,-22.75345204561001,-172.7995249810638,-0.03218425472606512,0.004893854585702684,0.03255420195578826,0.004395211621147865
2.0,1113.0,-22.58844578265894,-172.83295329838091,-22.926455068328526,-172.76835327170008,-22.895558840399577,-172.772713984121,-0.03089622792894886,0.004360712420918844,0.031202447228631212,0.004150264018747851
2.0,1118.0,-22.75345204561001,-172.7995249810638,-23.079871676086483,-172.74175534993526,-23.042590620933378,-172.74688839728597,-0.037281055153105314,0.00513304735071074,0.03763276828023045,0.0045658295279409344
2.0,1123.0,-22.895558840399577,-172.772713984121,-23.213268707096244,-172.7203708038414,-23.18267427445991,-172.72408341205448,-0.030594432636334545,0.0037126082130782834,0.03081887032457596,0.0038942773673098503
2.0,1128.0,-23.042590620933378,-172.74688839728597,-23.352329774159358,-172.69976139057144,-23.31853186674385,-172.70363503815224,-0.03379790741550792,0.003873647580803663,0.03401916652781945,0.004084157504367081
2.0,1133.0,-23.18267427445991,-172.72408341205448,-23.479352293000126,-172.68150541570358,-23.446266429440982,-172.68567156929257,-0.033085863559144,0.004166153588982979,0.03334713185839659,0.00358860696418084
2.0,1138.0,-23.31853186674385,-172.70363503815224,-23.612101535843603,-172.65301564997787,-23.578979594387107,-172.66218353775383,-0.03312194145649627,0.009167887775959116,0.034367327101771344,-0.0015506464186709759
2.0,1143.0,-23.446266429440982,-172.68567156929257,-23.74463609711395,-172.62209875174392,-23.7073251978368,-172.6298813747044,-0.03731089927715203,0.007782622960490926,0.03811394003530657,0.0009963998609534563
2.0,1148.0,-23.578979594387107,-172.66218353775383,-23.85340095653374,-172.59468650785112,-23.82218208708211,-172.59440093536955,-0.031218869451631548,-0.0002855724815731264,0.031220175551720485,0.0073936825180682675
2.0,1153.0,-23.7073251978368,-172.6298813747044,-23.95992462357658,-172.5513810593273,-23.95076756904012,-172.5539744666123,-0.009157054536458986,0.0025934072849906897,0.00951721645910856,-0.0004816964961751325
2.0,1158.0,-23.82218208708211,-172.59440093536955,-24.070835226290434,-172.51236496456713,-24.072585074173872,-172.51454029286916,0.001749847883438349,0.002175328302030266,0.002791777361608112,-0.002444611311436695
2.0,1163.0,-23.95076756904012,-172.5539744666123,-24.198560074607833,-172.47091613462572,-24.185292503938115,-172.4766768533278,-0.01326757066971851,0.005760718702077838,0.014464242511809743,-0.0022593361859559735
2.0,1168.0,-24.072585074173872,-172.51454029286916,-24.318252558387083,-172.42924600083384,-24.30725812161002,-172.43424305104554,-0.010994436777064465,0.004997050211699161,0.012076760776926496,-0.0019306898950324225
2.0,1173.0,-24.185292503938115,-172.4766768533278,-24.41998630808211,-172.39192190416972,-24.425104926131805,-172.39178488652206,0.005118618049696266,-0.0001370176476598317,0.005120451598682156,-0.001482816806644749
2.0,1178.0,-24.30725812161002,-172.43424305104554,-24.531902797292624,-172.3493052655018,-24.547903925803457,-172.3459852293401,0.01600112851083324,-0.0033200361617105045,0.01634193237457755,-0.0019834017492748046
2.0,1183.0,-24.425104926131805,-172.39178488652206,-24.71157333117964,-172.28104249745238,-24.685371215453145,-172.29279222554715,-0.026202115726494668,0.011749728094770262,0.028715970797548406,-0.005111111909269273
2.0,1188.0,-24.547903925803457,-172.3459852293401,-24.853623253510776,-172.22334705917882,-24.839052468616458,-172.23087003077387,-0.014570784894317512,0.007522971595051331,0.0163982582628894,-0.0042431375082991885
2.0,1193.0,-24.685371215453145,-172.29279222554715,-25.028463190844665,-172.14919332525469,-25.02205731233978,-172.15378992912233,-0.00640587850488572,0.004596603867639715,0.00788441795793179,-0.0039014230706171382
2.0,1198.0,-24.839052468616458,-172.23087003077387,-25.239701049959447,-172.05507759373785,-25.229011283437803,-172.06215844443435,-0.010689766521643662,0.0070808506964965545,0.012822228935459286,-0.004800910565872396
2.0,1203.0,-25.02205731233978,-172.15378992912233,-25.497722437769884,-171.93396178482575,-25.468344667234756,-171.95004846428998,-0.029377770535127468,0.016086679464223153,0.033493800288997705,-0.006461643784191563
2.0,1208.0,-25.229011283437803,-172.06215844443435,-25.789124240261994,-171.78831219082147,-25.735224368359273,-171.8170412375917,-0.05389987190272194,0.028729046770223476,0.061078263887045126,-0.00817254945736412
2.0,1213.0,-25.468344667234756,-171.95004846428998,-26.099130371599543,-171.62242868478688,-26.0127398433013,-171.66945449268857,-0.08639052829824223,0.047025807901690087,0.09836030697621907,-0.01026061470210804
2.0,1218.0,-25.735224368359273,-171.8170412375917,-26.409951192930773,-171.44363306180082,-26.330069243483404,-171.48855502111127,-0.07988194944736904,0.04492195931044307,0.09164664901566846,-0.008570060916109236
2.0,1223.0,-26.0127398433013,-171.66945449268857,-26.712038428581028,-171.2569979907936,-26.634926883963246,-171.30195601439382,-0.07711154461778236,0.04495802360023049,0.08926037306318589,-0.007454010190958815
2.0,1228.0,-26.330069243483404,-171.48855502111127,-27.042593352569334,-171.03731445612527,-26.97392615704308,-171.0787886875679,-0.06866719552625256,0.041474231442634846,0.08022029428516105,-0.0058705072811178205
2.0,1233.0,-26.634926883963246,-171.30195601439382,-27.350948907088547,-170.81691118310576,-27.309817184079197,-170.8402645069975,-0.041131723009350196,0.023353323891740274,0.04729901029102443,-0.0024178205749207926
2.0,1238.0,-26.97392615704308,-171.0787886875679,-27.68676109023963,-170.55861821294673,-27.646533393711533,-170.58242535158644,-0.04022769652809899,0.023807138639710956,0.046744490778777834,-0.0018367220407919937
2.0,1243.0,-27.309817184079197,-170.8402645069975,-28.014118347289024,-170.28698470488595,-27.98260106851779,-170.30469837217356,-0.03151727877123278,0.017713667287608814,0.03615401595839255,-0.00048516569604917237
2.0,1248.0,-27.646533393711533,-170.58242535158644,-28.338042840653593,-169.99713129010482,-28.308228438898272,-170.01433485729902,-0.029814401755320574,0.01720356719420124,0.03442181395907339,1.878658298704039e-05
2.0,1253.0,-27.98260106851779,-170.30469837217356,-28.659666731016458,-169.68684937349826,-28.63901624346916,-169.69610307474764,-0.020650487547296592,0.009253701249377855,0.022629043787879968,0.0013915220675815299
2.0,1258.0,-28.308228438898272,-170.01433485729902,-28.988066569952817,-169.35174563571195,-28.96060941980924,-169.38561635291126,-0.02745715014357586,0.033870717199306455,0.04360184144737767,-0.010987157883762142
2.0,1263.0,-28.63901624346916,-169.69610307474764,-29.319864638153057,-168.99316315259122,-29.314681562980137,-169.03793117064123,-0.00518307517291916,0.044768018050007186,0.0450670579067893,-0.02535042721994252
2.0,1268.0,-28.96060941980924,-169.38561635291126,-29.650234262097044,-168.66654018029405,-29.645390904262573,-168.69740129242612,-0.004843357834470652,0.03086111213207232,0.03123885972856675,-0.017254208732439658
2.0,1273.0,-29.314681562980137,-169.03793117064123,-29.99189160217993,-168.29958074850802,-29.967620539213044,-168.35162540264224,-0.024271062966885637,0.05204465413422099,0.0574258697930925,-0.018260627471810675
2.0,1278.0,-29.645390904262573,-168.69740129242612,-30.309786131957548,-167.94167752529967,-30.2830373577928,-167.999113082808,-0.026748774164747857,0.05743555750834162,0.06335882089820405,-0.018928517433188134
2.0,1283.0,-29.967620539213044,-168.35162540264224,-30.619097544298732,-167.57969977463765,-30.619498155486262,-167.60672351962594,0.0004006111875298757,0.027023744988298404,0.02702671423825244,-0.01716834509234655
2.0,1288.0,-30.2830373577928,-167.999113082808,-30.92077471621919,-167.21168968950977,-30.927972697335022,-167.2308815504106,0.007197981115833585,0.01919186090083258,0.020497279258008934,-0.016701677422625405
2.0,1293.0,-30.619498155486262,-167.60672351962594,-31.241429557004246,-166.80309033060144,-31.23825523449555,-166.83608735569044,-0.003174322508694871,0.03299702508900282,0.03314935878887385,-0.017436684484095633
2.0,1298.0,-30.927972697335022,-167.2308815504106,-31.534400058721896,-166.4126494080763,-31.528914067315082,-166.44975032198178,-0.005485991406814605,0.03710091390547632,0.037504318609157664,-0.01763729201727582
2.0,1303.0,-31.23825523449555,-166.83608735569044,-31.828100759397383,-166.0033988399357,-31.83119379850535,-166.02950274308802,0.0030930391079664332,0.026103903152318253,0.026286510812753763,-0.017044352881877334
2.0,1308.0,-31.528914067315082,-166.44975032198178,-32.10228710976737,-165.6036869862519,-32.111794577697516,-165.62099850894165,0.009507467930149005,0.017311522689766434,0.01975046238145097,-0.01660147328285211
2.0,1313.0,-31.83119379850535,-166.02950274308802,-32.38254415885313,-165.17482850971828,-32.370189516293166,-165.22616260587034,-0.01235464255996277,0.05133409615206119,0.052799873300354676,-0.01823039251862424
2.0,1318.0,-32.111794577697516,-165.62099850894165,-32.62260460182932,-164.7804605433709,-32.63382948884358,-164.76074122579402,0.011224887014257945,-0.019719317576885942,0.02269029691698501,0.000609327997625364
2.0,1323.0,-32.370189516293166,-165.22616260587034,-32.83555686002302,-164.39615234666937,-32.86013187880453,-164.30664339476257,0.024575018781511915,-0.08950895190679375,0.09282124767295676,0.017299183723159306
2.0,1328.0,-32.63382948884358,-164.76074122579402,-33.05294603094228,-163.90799965674574,-33.07367630244992,-163.82861855800905,0.020730271507638065,-0.07938109873668964,0.08204329950352106,0.01251340959663061
2.0,1333.0,-32.86013187880453,-164.30664339476257,-33.243593261241145,-163.42982161958506,-33.258132945854356,-163.36147147736523,0.014539684613211534,-0.0683501422198276,0.06987949892581027,0.010590592294929204
2.0,1338.0,-33.07367630244992,-163.82861855800905,-33.418262581981644,-162.92685107201945,-33.424133118543345,-162.88167423545585,0.005870536561701556,-0.0451768365635985,0.04555666538956034,0.006421431677137601
2.0,1343.0,-33.258132945854356,-163.36147147736523,-33.55287811518327,-162.46201756554592,-33.563085340896365,-162.41915453797836,0.010207225713095625,-0.042863027567562995,0.0440616226325784,0.0014805410954921159
2.0,1348.0,-33.424133118543345,-162.88167423545585,-33.67868387411433,-161.97359036069645,-33.68536097446537,-161.9420476451161,0.0066771003510410765,-0.03154271558034338,0.03224169001898489,-0.00018371359036839505
2.0,1353.0,-33.563085340896365,-162.41915453797836,-33.778757983356634,-161.50787594772666,-33.7800808614004,-161.49888871309201,0.0013228780437657406,-0.008987234634645347,0.009084073573945027,-0.0022505864695632205
2.0,1358.0,-33.68536097446537,-161.9420476451161,-33.861175370709724,-161.02997626534528,-33.85845930530889,-161.0459180955436,-0.00271606540083269,0.0159418301983294,0.01617154789542323,-0.004462122160088455
2.0,1363.0,-33.7800808614004,-161.49888871309201,-33.91931585791177,-160.58744130686574,-33.92004332043259,-160.5807128761541,0.0007274625208211205,-0.006728430711632427,0.006767642245305072,-0.002675642146306112
2.0,1368.0,-33.85845930530889,-161.0459180955436,-33.96087565955701,-160.13620772785148,-33.96087922092603,-160.14069820980296,3.561369020133043e-06,0.004490481951478387,0.004490483363726275,-0.0038443448650065104
2.0,1373.0,-33.92004332043259,-160.5807128761541,-33.98593759131099,-159.6704802601359,-33.98439465646962,-159.7175717635363,-0.001542934841374688,0.04709150340042356,0.04711677345104216,-0.007013548469124498
2.0,1378.0,-33.96087922092603,-160.14069820980296,-34.0029713234443,-159.20920507484715,-34.00764111846229,-159.2927863227884,0.004669795017989031,0.08358124794125388,0.08371160010970638,-0.01416053508131121
2.0,1383.0,-33.98439465646962,-159.7175717635363,-34.01178692470338,-158.79301435233845,-34.048924077358954,-158.85995240419322,0.03713715265557482,0.06693805185477686,0.0765497935560656,-0.03719806342274934
2.0,1388.0,-34.00764111846229,-159.2927863227884,-34.07960711017697,-158.2441798035933,-34.087141432121335,-158.4611231107663,0.007534321944362432,0.2169433071729827,0.21707409917885745,-0.020940866148247084
2.0,1393.0,-34.048924077358954,-158.85995240419322,-34.164345613670264,-157.8147283421251,-34.12732924726131,-158.03277621981877,-0.037016366408956,0.21804787769366385,0.2211675571796937,0.013217682181551949
2.0,1398.0,-34.087141432121335,-158.4611231107663,-34.189626922121874,-157.41906916985522,-34.16470244598614,-157.63443346105302,-0.02492447613573745,0.2153642911978011,0.21680176990461172,0.0036396413523482885
2.0,1403.0,-34.12732924726131,-158.03277621981877,-34.22888242452262,-156.99978278974646,-34.20193581575082,-157.23757932118752,-0.026946608771794445,0.23779653144106305,0.2393184282283766,0.0036053184874671462
2.0,1408.0,-34.16470244598614,-157.63443346105302,-34.26561934730304,-156.6091506087327,-34.239505777222696,-156.83713781746258,-0.026113570080340764,0.22798720872987133,0.229477854894059,0.0036986814064436935
2.0,1413.0,-34.20193581575082,-157.23757932118752,-34.30217890623635,-156.21925409092213,-34.27775994699698,-156.42940101077716,-0.024418959239369542,0.21014691985502054,0.2115608978400461,0.003705111536270067
2.0,1418.0,-34.239505777222696,-156.83713781746258,-34.33920814350099,-155.82520431378964,-34.31577480370787,-156.02421287732514,-0.023433339793122343,0.19900856353550012,0.20038345683794137,0.003772592539588615
2.0,1423.0,-34.27775994699698,-156.42940101077716,-34.377031245524435,-155.4233726160736,-34.35240690120564,-155.63376006499803,-0.02462434431879501,0.21038744892442196,0.21182359877515264,0.0038890780908877876
2.0,1428.0,-34.31577480370787,-156.02421287732514,-34.414520629855744,-155.02337954067846,-34.38637567518119,-155.27169224764882,-0.028144954674552025,0.2483127069703528,0.24990265888256746,0.0038765386629067144
2.0,1433.0,-34.35240690120564,-155.63376006499803,-34.450904994792964,-154.63786385413673,-34.42589216193142,-154.85100120734631,-0.025012832861541767,0.21313735320958926,0.21460003061730593,0.0040160715019572635
2.0,1438.0,-34.38637567518119,-155.27169224764882,-34.48942760845237,-154.3007758647329,-34.47168878092718,-154.48212170198346,-0.01773882752518574,0.18134583725054654,0.18221135719287643,-0.0002683252667043945
2.0,1443.0,-34.42589216193142,-154.85100120734631,-34.547959898705585,-153.9502613497658,-34.53394591224446,-154.08671287343907,-0.01401398646112284,0.13645152367325863,0.13716927545659194,0.001832828495681893
2.0,1448.0,-34.47168878092718,-154.48212170198346,-34.64612897609787,-153.56799632527967,-34.59894918187952,-153.7077079765431,-0.04717979421835139,0.13971165126343976,0.14746280372094855,0.02513386773463333
2.0,1453.0,-34.53394591224446,-154.08671287343907,-34.723238512109546,-153.17745680408055,-34.671395519358164,-153.32247729794133,-0.051842992751382155,0.14502049386078397,0.15400856968703247,0.025986232937701415
2.0,1458.0,-34.59894918187952,-153.7077079765431,-34.80162322226142,-152.80321792623025,-34.746875693787615,-152.95456365720977,-0.05474752847380415,0.15134573097952853,0.16094353717909216,0.025598142280596647
2.0,1463.0,-34.671395519358164,-153.32247729794133,-34.88886501532151,-152.42322169979707,-34.834323739979034,-152.56149237594883,-0.05454127534247277,0.13827067615176247,0.14863892693184044,0.02515169765816805
2.0,1468.0,-34.746875693787615,-152.95456365720977,-34.97837758650799,-152.060513227093,-34.91720351265311,-152.21528790201788,-0.06117407385487894,0.15477467492488017,0.1664255608676279,0.026018681143682665
2.0,1473.0,-34.834323739979034,-152.56149237594883,-35.080652888120085,-151.67330410505713,-35.01898191780946,-151.81855452291123,-0.06167097031062241,0.14525041785410053,0.15780048309762704,0.025749552123630174
2.0,1478.0,-34.91720351265311,-152.21528790201788,-35.176448764115825,-151.3326140509601,-35.11997830482156,-151.4500608151525,-0.05647045929426753,0.11744676419240818,0.13031751682783346,0.02477586810531829
2.0,1483.0,-35.01898191780946,-151.81855452291123,-35.29278411321416,-150.94276429315764,-35.225997102664884,-151.08421284134468,-0.06678701054927672,0.1414485481870429,0.15642313307925845,0.026549612419150215
2.0,1488.0,-35.11997830482156,-151.4500608151525,-35.405899569789945,-150.5806688968334,-35.3393182163877,-150.71505665989343,-0.06658135340224192,0.1343877630600332,0.14997715653109925,0.02590221063799625
2.0,1493.0,-35.225997102664884,-151.08421284134468,-35.52625146997159,-150.21960904621423,-35.452843933003095,-150.36426219139736,-0.07340753696849589,0.14465314518312766,0.16221343623495588,0.027073053468481097
2.0,1498.0,-35.3393182163877,-150.71505665989343,-35.64572053402918,-149.86976767440765,-35.58448689066462,-150.00545269250404,-0.0612336433645595,0.13568501809638178,0.14886229615155583,0.016570473823807053
2.0,1503.0,-35.452843933003095,-150.36426219139736,-35.752513073075235,-149.5872188731034,-35.73778362152933,-149.64856682857777,-0.014729451545903771,0.06134795547436056,0.0630914287659366,-0.0021470213939358555
2.0,1508.0,-35.58448689066462,-150.00545269250404,-35.92757081186619,-149.2333921170862,-35.89932558649124,-149.30170002829672,-0.028245225374952554,0.06830791121052471,0.07391727464149901,0.0051198277734720845
2.0,1513.0,-35.73778362152933,-149.64856682857777,-36.106446742042614,-148.8891235256754,-36.068877987999116,-148.96576958564407,-0.03756875404349813,0.0766460599686809,0.08535824382626137,0.007414551817846782
2.0,1518.0,-35.89932558649124,-149.30170002829672,-36.29217427611376,-148.55438920185648,-36.25527358652593,-148.62472119271655,-0.03690068958783144,0.07033199086006903,0.07942449137639047,0.00669361768024368
2.0,1523.0,-36.068877987999116,-148.96576958564407,-36.485824647913006,-148.230702659812,-36.4331176361693,-148.322396040099,-0.05270701174370629,0.09169338028698348,0.1057624937083301,0.008805292089085537
8.0,3.0,17.43755701009452,53.69799566742051,17.52179630810241,53.66077263380075,17.4640117287252,53.68602538198206,0.057784579377209155,-0.025252748181316065,0.06306154854195978,-0.001422025579400077
8.0,8.0,17.444273832046132,53.694930163274805,17.535765561868352,53.654155504022555,17.507417783217154,53.66641795389322,0.02834777865119875,-0.01226244987066849,0.03088631139012908,-0.0003842675783233829
8.0,13.0,17.4640117287252,53.68602538198206,17.567340557058063,53.63947770894455,17.577371822245027,53.63457342428753,-0.010031265186963623,0.004904284657015978,0.011165943276240958,0.0010374173471714432
8.0,18.0,17.507417783217154,53.66641795389322,17.63092720681863,53.60977085875683,17.669532783251498,53.59219515281155,-0.038605576432868105,0.01757570594528346,0.04241810900062724,0.0016833749801265507
8.0,23.0,17.577371822245027,53.63457342428753,17.730358492325934,53.562816432931356,17.798740763921028,53.53196796743349,-0.06838227159509458,0.03084846549786846,0.07501841701927907,0.0020097069308193105
8.0,28.0,17.669532783251498,53.59219515281155,17.8623416216542,53.49948824761402,17.97738911461264,53.44711522834221,-0.11504749295844263,0.05237301927180482,0.12640751078819543,0.00272890915370666
8.0,33.0,17.798740763921028,53.53196796743349,18.054606142101367,53.405049829430816,18.18522500933152,53.34606263807303,-0.13061886723015448,0.05898719135778663,0.14332054012167572,0.0010671154675441774
8.0,38.0,17.97738911461264,53.44711522834221,18.339921654364797,53.26009496065056,18.4275747420507,53.22500708584235,-0.0876530876859043,0.035087874808212405,0.09441516159722237,-0.004927973848847912
8.0,43.0,18.18522500933152,53.34606263807303,18.675634704371035,53.08324698424227,18.70102005711647,53.084174721708756,-0.02538535274543463,-0.000927737466483336,0.025402299715121514,-0.011971177808280997
8.0,48.0,18.4275747420507,53.22500708584235,19.024239672983022,52.89387275317653,19.001004892346383,52.924391881449466,0.02323478063663842,-0.030519128272935347,0.03835716649822545,-0.01683507143135382
8.0,53.0,18.70102005711647,53.084174721708756,19.3695188882651,52.711987900785495,19.29941495614997,52.76676719854363,0.07010393211513133,-0.05477929775813806,0.08896815588106619,-0.015564349734268068
8.0,58.0,19.001004892346383,52.924391881449466,19.675761167214162,52.576151120713966,19.66686653783445,52.600067190142504,0.00889462937971075,-0.023916069428537412,0.025516520309654987,-0.015543833587982836
8.0,63.0,19.29941495614997,52.76676719854363,20.011544047259495,52.44282617231947,20.025431378033304,52.44737018972996,-0.01388733077380877,-0.004544017410488266,0.014611846229960012,-0.005647191747903125
8.0,68.0,19.66686653783445,52.600067190142504,20.460386428873136,52.290485726415376,20.405444857242003,52.29160376807168,0.054941571631133,-0.0011180416563050244,0.05495294633087612,0.019913121112343057
8.0,73.0,20.025431378033304,52.44737018972996,20.848258591472792,52.13648252671223,20.805806442966123,52.13552004213676,0.04245214850666912,0.0009624845754672151,0.0424630579373448,0.016568375365176524
8.0,78.0,20.405444857242003,52.29160376807168,21.256352093450044,51.98512362520805,21.23601570862549,51.97701075814154,0.020336384824553022,0.008112867066508045,0.02189491173243549,0.014413060890654084
8.0,83.0,20.805806442966123,52.13552004213676,21.68094781667628,51.837716244512634,21.661385247953223,51.82945140440826,0.019562568723056728,0.008264840104374116,0.02123680006486825,0.014024588462404675
8.0,88.0,21.23601570862549,51.97701075814154,22.132393375849006,51.690759349318256,22.10275484698604,51.685781236437364,0.029638528862964364,0.004978112880891672,0.030053685315043665,0.014102319101814198
8.0,93.0,21.661385247953223,51.82945140440826,22.575224247168727,51.55625825691334,22.528435155348532,51.55617961568875,0.04678909182019453,7.864122459011469e-05,0.04678915790865229,0.01452473646991159
8.0,98.0,22.10275484698604,51.685781236437364,23.031903227931807,51.427412342629054,22.99942459612691,51.42287873615529,0.03247863180489574,0.004533606473763996,0.032793522402708435,0.013609806245262202
8.0,103.0,22.528435155348532,51.55617961568875,23.470220332245315,51.31301907100248,23.455254407421958,51.303796516937325,0.014965924823357568,0.009222554065154043,0.01757937454243124,0.012613208178083146
8.0,108.0,22.99942459612691,51.42287873615529,23.95323320615202,51.19732698058764,23.949686913037482,51.18551665354183,0.003546293114538912,0.011810327045807867,0.012331261889326935,0.011901099371264157
8.0,113.0,23.455254407421958,51.303796516937325,24.324684774689317,51.103120291626674,24.407924283284952,51.07777578628647,-0.08323950859563567,0.025344505340200385,0.08701241142608536,0.004061868227420218
8.0,118.0,23.949686913037482,51.18551665354183,24.610318770662488,51.003740364599494,24.90191744879187,50.92531903704274,-0.29159867812938245,0.0784213275567538,0.3019597551041643,0.004176620420254906
8.0,123.0,24.407924283284952,51.07777578628647,25.253885229946306,50.801040366820764,25.323920887608054,50.75862216374538,-0.07003565766174802,0.04241820307538546,0.08187977342578694,0.01584003146207663
8.0,128.0,24.90191744879187,50.92531903704274,25.780855331893108,50.57569353560942,25.819153613245934,50.539165945145584,-0.038298281352826535,0.0365275904638338,0.05292469385526782,0.013288321536813585
8.0,133.0,25.323920887608054,50.75862216374538,26.186665383378983,50.37056391608588,26.250179164929342,50.3260763184316,-0.06351378155035903,0.04448759765427468,0.0775444826655988,0.01108544236871162
8.0,138.0,25.819153613245934,50.539165945145584,26.66498356684412,50.110541091806546,26.69823551314665,50.08021796150063,-0.03325194630252781,0.03032313030591638,0.045002046225208224,0.00790464007247682
8.0,143.0,26.250179164929342,50.3260763184316,27.078478247064005,49.862541975731595,27.139539614693344,49.81203246680404,-0.061061367629339,0.050509508927554236,0.07924456516927814,0.011066718022219814
8.0,148.0,26.69823551314665,50.08021796150063,27.506050432533097,49.580338216346114,27.56074732327733,49.52997628753668,-0.05469689074423201,0.05036192880943702,0.07435101701048381,0.010681921470605982
8.0,153.0,27.139539614693344,49.81203246680404,27.93143770428152,49.27439510870832,27.96132291419959,49.235932771908914,-0.029885209918070643,0.03846233679940525,0.048708080683989505,0.011413062643678917
8.0,158.0,27.56074732327733,49.52997628753668,28.322532677900693,48.96932989493305,28.34226960969867,48.93074948786678,-0.019736931797975643,0.038580407066270084,0.04333583143539586,0.014367089866202056
8.0,163.0,27.96132291419959,49.235932771908914,28.642914229068488,48.681560032771344,28.721664941622784,48.59971884035575,-0.07875071255429589,0.08184119241559529,0.11357665034599244,0.013569547311524821
8.0,168.0,28.34226960969867,48.93074948786678,28.994012193224396,48.35313697853843,29.046497588567096,48.292318035511805,-0.0524853953426998,0.06081894302662505,0.08033467840948488,0.009894981134625391
8.0,173.0,28.721664941622784,48.59971884035575,29.343493698353942,48.01139557665567,29.351089568519928,47.992174685978895,-0.00759587016598573,0.019220890676777458,0.02066736272452638,0.006300345232806759
8.0,178.0,29.046497588567096,48.292318035511805,29.60724206171698,47.758984271528455,29.664458756954783,47.712573182972704,-0.05721669523780193,0.04641108855575027,0.07367319291889825,-0.005348269066014488
8.0,183.0,29.351089568519928,47.992174685978895,29.902480271320037,47.48463650640578,29.956279860564248,47.49224786691493,-0.053799589244210466,-0.007611360509152121,0.054335334835133274,-0.036569056555571966
8.0,188.0,29.664458756954783,47.712573182972704,30.2046669423304,47.29533304628488,30.235681097480143,47.300305719879795,-0.03101415514974093,-0.004972673594913601,0.03141027383410964,-0.018781947035172886
8.0,193.0,29.956279860564248,47.49224786691493,30.4902595047051,47.12812501686695,30.489517821041918,47.13427769688779,0.0007416836631826129,-0.006152680020839796,0.006197222450023331,-0.0022672929213589654
8.0,198.0,30.235681097480143,47.300305719879795,30.74922144797956,46.97133741448236,30.72981072509241,46.98552724846618,0.01941072288715162,-0.014189833983813571,0.024044283135289817,0.0013192637417115405
8.0,203.0,30.489517821041918,47.13427769688779,30.98167763856557,46.83662442475982,30.937892021646412,46.863193309925315,0.043785616919159054,-0.026568885165495715,0.05121607079744253,0.004257994717868252
8.0,208.0,30.72981072509241,46.98552724846618,31.200689931147682,46.71647459083691,31.15795785413187,46.740051393478446,0.042732077015813275,-0.02357680264153572,0.048804672203420475,0.004831342371969249
8.0,213.0,30.937892021646412,46.863193309925315,31.38903800859478,46.61779180253593,31.35904007424826,46.63293792977286,0.02999793434652176,-0.015146127236924656,0.03360477994772977,0.004041898325761517
8.0,218.0,31.15795785413187,46.740051393478446,31.58760572820538,46.518235571097435,31.55135296417311,46.5351716513787,0.036252764032269624,-0.016936080281261923,0.04001366910535412,0.004981071137262094
8.0,223.0,31.35904007424826,46.63293792977286,31.769139857840738,46.43116258935146,31.731333923237926,46.447699997455146,0.037805934602811675,-0.016537408103687312,0.041264688996525536,0.005312980677584677
8.0,228.0,31.55135296417311,46.5351716513787,31.943361889215524,46.35106928592673,31.90265085047615,46.367955549911656,0.04071103873937432,-0.016886263984929428,0.044074194111833304,0.005671467902807259
8.0,233.0,31.731333923237926,46.447699997455146,32.09015906856344,46.27752909687188,32.06587049849823,46.29143754946676,0.02428857006520957,-0.013908452594876053,0.027988920833010137,-6.862932080020645e-05
8.0,238.0,31.90265085047615,46.367955549911656,32.264121247695584,46.176361972203985,32.21427444820127,46.210997271740595,0.049846799494311256,-0.034635299536610376,0.06069849581181391,-0.005179393485209017
8.0,243.0,32.06587049849823,46.29143754946676,32.36402884792194,46.12710044925544,32.35702930328607,46.1198631570887,0.006999544635867494,0.0072372921667351875,0.010068367445429667,0.010640225289088145
8.0,248.0,32.21427444820127,46.210997271740595,32.48355386744949,46.0430580649737,32.48799340161284,46.03117018416422,-0.004439534163353187,0.011887880809481999,0.012689805897965124,0.008284396902438096
8.0,253.0,32.35702930328607,46.1198631570887,32.60925281019162,45.94073719017758,32.61981861167891,45.940491573488394,-0.010565801487288695,0.00024561668918465784,0.01056865595176596,-0.005194048545987706
8.0,258.0,32.48799340161284,46.03117018416422,32.73287831051043,45.85576045320452,32.73864761063618,45.85647955276885,-0.005769300125749055,-0.0007190995643355791,0.00581394256287381,-0.0035684395899201475
8.0,263.0,32.61981861167891,45.940491573488394,32.85788663252451,45.76612774259669,32.86490014959351,45.764695404784725,-0.007013517068997999,0.001432337811962725,0.007158282844698472,-0.0024174782734984746
8.0,268.0,32.73864761063618,45.85647955276885,32.9708020490325,45.682113550480494,32.980561928029815,45.67830154906001,-0.009759878997314786,0.0038120014204849895,0.010477909756817238,-0.0019328472344977146
8.0,273.0,32.86490014959351,45.764695404784725,33.091367333304255,45.5900796596793,33.09499684318459,45.590590916518885,-0.0036295098803336145,-0.0005112568395873041,0.003665341120204793,-0.00235364527160209
8.0,278.0,32.980561928029815,45.67830154906001,33.20224863754011,45.50319836965239,33.20505255979727,45.504079838760575,-0.002803922257157865,-0.0008814691081866499,0.0029392121074996655,-0.0022269672382830836
8.0,283.0,33.09499684318459,45.590590916518885,33.31228437648167,45.41476925791192,33.31141563774916,45.418405788977296,0.0008687387325139184,-0.0036365310653749816,0.0037388588064818907,-0.0024470527249755847
8.0,288.0,33.20505255979727,45.504079838760575,33.41837665664429,45.32736826617099,33.421651481962066,45.32740422185909,-0.0032748253177743436,-3.595568809799943e-05,0.003275022698156828,-0.0018257225085923643
8.0,293.0,33.31141563774916,45.418405788977296,33.529568357611595,45.236044640740054,33.5240039441882,45.24393998490652,0.005564413423392978,-0.007895344166463758,0.009659148836898066,-0.003627891866008204
8.0,298.0,33.421651481962066,45.32740422185909,33.577535436293225,45.19331143593141,33.634909668185436,45.16240026347484,-0.05737423189221147,0.030911172456576708,0.06517133624425298,-0.01021548561599428
8.0,303.0,33.5240039441882,45.24393998490652,33.616215910406616,45.16794943078072,33.73638124343743,45.088798222385535,-0.1201653330308119,0.07915120839518863,0.14389100407191727,-0.007773815970081643
8.0,308.0,33.634909668185436,45.16240026347484,33.75597584634104,45.076685829041985,33.84956656184531,45.00628998184447,-0.0935907155042699,0.07039584719751701,0.1171101931142518,0.0013908701786887745
8.0,313.0,33.73638124343743,45.088798222385535,33.85138111911625,45.00618904249399,33.95073567433223,44.932527192889616,-0.09935455521598158,0.0736618496043775,0.12368264118017314,0.0006152245653714417
8.0,318.0,33.84956656184531,45.00628998184447,33.96402622721124,44.92420357651545,34.060278050807,44.852639299433605,-0.09625182359575746,0.07156427708184765,0.11994106594388879,0.0007600577333189973
8.0,323.0,33.95073567433223,44.932527192889616,34.06427426347767,44.85118330105067,34.16065079421053,44.77943868087324,-0.09637653073286145,0.07174462017742655,0.12014876695374527,0.0008386220579770232
8.0,328.0,34.060278050807,44.852639299433605,34.172674170349346,44.77213603919101,34.26973101941626,44.699887693867645,-0.09705684906691658,0.07224834532336644,0.1209952699602866,0.0008490465836721305
8.0,333.0,34.16065079421053,44.77943868087324,34.27203826061292,44.69964281988204,34.37434366808538,44.62359485327991,-0.10230540747245698,0.07604796660212543,0.12747427043299148,0.0008287800106115961
8.0,338.0,34.26973101941626,44.699887693867645,34.38031587925118,44.62069936799433,34.47670679293345,44.548942387794014,-0.0963909136822707,0.07175698020031263,0.12016768470754115,0.0008506280938672673
8.0,343.0,34.37434366808538,44.62359485327991,34.484206653165444,44.544932067727665,34.57985942466504,44.47371424296356,-0.09565277149959428,0.07121782476410488,0.11925364254262569,0.0008525076543993704
8.0,348.0,34.47670679293345,44.548942387794014,34.58593258568059,44.4707336839942,34.68012398585199,44.40059215958463,-0.09419140017140393,0.07014152440956423,0.1174387215221072,0.0008458284242903735
8.0,353.0,34.57985942466504,44.47371424296356,34.732338456750945,44.365705089116446,34.78490426944969,44.326853801000446,-0.05256581269874516,0.038851288115999694,0.06536503081122182,3.192582948785549e-06
8.0,358.0,34.68012398585199,44.40059215958463,34.91992954068958,44.23796869356308,34.89495967252501,44.259285746214935,0.024969868164568254,-0.021317052651852464,0.032831555703587506,-0.0027000112574623314
8.0,363.0,34.78490426944969,44.326853801000446,35.01559427558046,44.18336133911383,35.00494899166183,44.19450244585758,0.010645283918634618,-0.011141106743750129,0.015409293597825158,-0.0026795345195840263
8.0,368.0,34.89495967252501,44.259285746214935,35.145588652785975,44.11506706553568,35.1125331771239,44.13215510589315,0.03305547566207423,-0.01708804035746425,0.0372110950457563,0.004880363269793797
8.0,373.0,35.00494899166183,44.19450244585758,35.25257869409564,44.05450762443632,35.22096948990223,44.070848008014345,0.0316092041934084,-0.016340383578025808,0.03558300050891722,0.004286130831116508
8.0,378.0,35.1125331771239,44.13215510589315,35.360522037722845,43.99521174840575,35.33099120118859,44.01021844527413,0.029530836534256366,-0.015006696868375968,0.03312508501592555,0.003881462520882284
8.0,383.0,35.22096948990223,44.070848008014345,35.470078025033374,43.93679009621627,35.44305411897743,43.950044618911555,0.027023906055944735,-0.013254522695284265,0.030099399834553713,0.003640340876995718
8.0,388.0,35.33099120118859,44.01021844527413,35.58110959975884,43.879079150004934,35.55172766138329,43.89318626111919,0.029381938375550476,-0.014107111114256554,0.032593080349893694,0.0038547870660583516
8.0,393.0,35.44305411897743,43.950044618911555,35.694202260814656,43.82183922524699,35.662492533134596,43.83672631344955,0.03170972768005953,-0.014887088202563348,0.035030447109542215,0.0040580890035246675
8.0,398.0,35.55172766138329,43.89318626111919,35.803893930783275,43.767790957085424,35.77655237934453,43.780133846751546,0.02734155143874517,-0.012342889666122403,0.029998455966726345,0.003620184233933288
8.0,403.0,35.662492533134596,43.83672631344955,35.915703968686394,43.71416626216342,35.89102072706689,43.7248924606797,0.02468324161950619,-0.01072619851628076,0.026913077703183377,0.0033506587473033367
8.0,408.0,35.77655237934453,43.780133846751546,36.03084163320301,43.66046772801937,36.00324213036275,43.6722229900198,0.02759950284026047,-0.011755262000427535,0.029998645664900295,0.003613042251226495
8.0,413.0,35.89102072706689,43.7248924606797,36.13073910113633,43.612530825011795,36.112300067527634,43.62022922018176,0.018439033608693478,-0.007698395169967398,0.0199815727262772,0.0026384428850643737
8.0,418.0,36.00324213036275,43.6722229900198,36.225665836749464,43.562898046240605,36.2256633710757,43.557395197624174,2.465673766494092e-06,0.005502848616430356,0.005502849168830325,0.005599711261180806
8.0,423.0,36.112300067527634,43.62022922018176,36.31736145712708,43.51273523915032,36.33213117788388,43.492080333901946,-0.01476972075680294,0.02065490524837088,0.025392316988670303,0.011528790072139694
8.0,428.0,36.2256633710757,43.557395197624174,36.370970147200694,43.46412897998364,36.439888782074185,43.42609458283484,-0.0689186348734907,0.03803439714879886,0.07871717474159047,-0.00024076012994589388
8.0,433.0,36.33213117788388,43.492080333901946,36.47541629499847,43.398049549789526,36.54287276070713,43.36255390087605,-0.06745646570865915,0.03549564891347501,0.07622542789445125,-0.0022340013451198626
8.0,438.0,36.439888782074185,43.42609458283484,36.58709947517718,43.33030137124652,36.651945065467665,43.294399581697334,-0.06484559029048143,0.03590178954918599,0.07412077355880077,-0.0009295233265906866
8.0,443.0,36.54287276070713,43.36255390087605,36.689576946611744,43.265932072908384,36.75413271303351,43.22977857882086,-0.06455576642176908,0.036153494087521665,0.07399001360344835,-0.000952875860461444
8.0,448.0,36.651945065467665,43.294399581697334,36.79810078712076,43.19690838360233,36.86358800011787,43.159739150149285,-0.06548721299711247,0.03716923345304224,0.07530024556145835,-0.0009568976339641155
8.0,453.0,36.75413271303351,43.22977857882086,36.89990314105196,43.13145433490263,36.968490568646736,43.09180361252782,-0.0685874275947782,0.03965072237480882,0.07922382854238431,-0.0007913843333312576
8.0,458.0,36.86358800011787,43.159739150149285,37.00890663637637,43.06054006961167,37.071668801336315,43.02420516420042,-0.06276216495994191,0.03633490541125184,0.07252113279385243,-0.0010816427473543389
8.0,463.0,36.968490568646736,43.09180361252782,37.11334455183632,42.99178070282016,37.1699609627544,42.95908028523184,-0.05661641091808178,0.0327004175883161,0.06538145987736388,-0.0013914318621515154
8.0,468.0,37.071668801336315,43.02420516420042,37.21604357337655,42.92338347749882,37.28305725601848,42.883260873493235,-0.06701368264192809,0.04012260400558176,0.07810670274324592,-0.0008486558849516435
8.0,473.0,37.1699609627544,42.95908028523184,37.32852603459301,42.84701411005635,37.384292295477785,42.81196178619846,-0.055766260884773544,0.035052323857890144,0.06586760403192937,0.0007791725838436349
8.0,478.0,37.28305725601848,42.883260873493235,37.50117163785136,42.728583566790455,37.48415419957023,42.736000896404526,0.01701743828112967,-0.007417329614071377,0.018563673781227624,0.0033425692565571823
8.0,483.0,37.384292295477785,42.81196178619846,37.58981271256242,42.65356341022555,37.58562791369813,42.65773789779344,0.0041847988642871314,-0.004174487567887297,0.00591091261896033,-0.0011298391904638327
8.0,488.0,37.48415419957023,42.736000896404526,37.68793382696895,42.574981446779226,37.681096900006544,42.58264031667786,0.006836926962407119,-0.00765886989863418,0.010266540722828413,-0.0024661136802389683
8.0,493.0,37.58562791369813,42.65773789779344,37.78865914153223,42.49460623886591,37.77441310078305,42.50762381686563,0.014246040749178235,-0.01301757799971881,0.019297849984026977,-0.0026036976222637565
8.0,498.0,37.681096900006544,42.58264031667786,37.882460812126155,42.41730934029057,37.87850309433175,42.42204840654999,0.00395771779440679,-0.004739066259418223,0.006174324185797209,-0.0014795540926288988
8.0,503.0,37.77441310078305,42.50762381686563,37.97410011443243,42.340155663703825,37.97476489095263,42.341088080038574,-0.000664776520196142,-0.0009324163347486092,0.001145132325589546,-0.0009967210490110512
8.0,508.0,37.87850309433175,42.42204840654999,38.07629554827414,42.25222394771353,38.0720551880478,42.257431880047065,0.004240360226340556,-0.005207932333533449,0.006715892646535835,-0.0015619200629868324
8.0,513.0,37.97476489095263,42.341088080038574,38.17074501098734,42.16910093396333,38.16440805260791,42.176271775496275,0.006336958379428381,-0.007170841532946781,0.009569640003325209,-0.0018125678431535341
8.0,518.0,38.0720551880478,42.257431880047065,38.26614590721761,42.08327427202758,38.26124292584744,42.089287814959356,0.004902981370172199,-0.006013542931775362,0.007758989941259176,-0.001657700344568802
8.0,523.0,38.16440805260791,42.176271775496275,38.35665299868571,42.00006801217662,38.35319659352465,42.00485067746849,0.003456405161060161,-0.004782665291870103,0.005900900264490348,-0.0014964225036120384
8.0,528.0,38.26124292584744,42.089287814959356,38.45149770841761,41.91095313708409,38.4450263389327,41.91868624209999,0.006471369484913225,-0.007733105015894637,0.01008362713497087,-0.0018596376791130131
8.0,533.0,38.35319659352465,42.00485067746849,38.5713829135985,41.80379130455322,38.53822177395374,41.8324619825849,0.033161139644761306,-0.028670678031680552,0.04383684479220248,-0.001370115841324293
8.0,538.0,38.4450263389327,41.91868624209999,38.6328936637352,41.752255791932754,38.63116904955413,41.75545616050639,0.0017246141810716153,-0.0032003685736370358,0.0036354715073394364,-0.0023550291083636044
8.0,543.0,38.53822177395374,41.8324619825849,38.64204525004531,41.744039054173854,38.72879698485925,41.68221938878773,-0.08675173481394438,0.06181966538612471,0.10652480707178659,-0.008530622880644656
8.0,548.0,38.63116904955413,41.75545616050639,38.766968171704114,41.65803958623923,38.827918425765695,41.607814757931976,-0.06095025406158072,0.05022482830725039,0.07897763511693685,-0.00014137999535035473
8.0,553.0,38.72879698485925,41.68221938878773,38.872230701617916,41.58303363955954,38.92286028909734,41.537020233968136,-0.050629587479427585,0.046013405591402545,0.06841482750439357,0.0036071212182676726
8.0,558.0,38.827918425765695,41.607814757931976,38.96879571808308,41.5110538324172,39.02696267592808,41.46031231443598,-0.05816695784500325,0.05074151798121562,0.07718870793050246,0.0029324041343651297
8.0,563.0,38.92286028909734,41.537020233968136,39.06407245610679,41.44117670914982,39.12418631681358,41.38948969985477,-0.06011386070678526,0.05168700929505121,0.07927939946128182,0.00285760808340052
8.0,568.0,39.02696267592808,41.46031231443598,39.1685348566331,41.365519523754124,39.219919784374085,41.32050158624519,-0.051384927740983244,0.04501793750893057,0.06831563142139614,0.0034397109454653574
8.0,573.0,39.12418631681358,41.38948969985477,39.265563544407186,41.29590456335435,39.320666366943634,41.2486969498768,-0.055102822536447604,0.04720761347754632,0.0725594916032951,0.003245104467209048
8.0,578.0,39.219919784374085,41.32050158624519,39.36120679820815,41.22802194141859,39.41682388269831,41.180916845691776,-0.055617084490158675,0.04710509572681332,0.0728844985618869,0.0032203067233280702
8.0,583.0,39.320666366943634,41.2486969498768,39.4619657052467,41.15729780782361,39.51318859975718,41.11372184378762,-0.0512228945104809,0.043575964035987624,0.06725064731062104,0.0034575023802796423
8.0,588.0,39.41682388269831,41.180916845691776,39.558213668284296,41.090485720757584,39.617014811085575,41.042130368999594,-0.05880114280127913,0.04835535175799066,0.0761302465408817,0.003066721599584432
8.0,593.0,39.51318859975718,41.11372184378762,39.65473501238227,41.02420816731381,39.7146804039409,40.97554623101718,-0.05994539155863521,0.04866193629663229,0.07721032322983495,0.0030155990505991155
8.0,598.0,39.617014811085575,41.042130368999594,39.75879302762572,40.95355523928686,39.812870096038544,40.909336926392264,-0.05407706841282334,0.04421831289459277,0.06985405158878964,0.0033313024979337857
8.0,603.0,39.7146804039409,40.97554623101718,39.85672756122563,40.887813874868286,39.91346308568933,40.84226158097967,-0.05673552446369712,0.04555229388861903,0.0727594063656782,0.0032030025780956928
8.0,608.0,39.812870096038544,40.909336926392264,39.95522950204037,40.82241900534605,40.01001130231086,40.778592760324905,-0.054781800270490066,0.04382624502114396,0.07015543737679363,0.0033145577056025166
8.0,613.0,39.91346308568933,40.84226158097967,40.05617909894465,40.75614927737688,40.11427724107974,40.710608591567734,-0.05809814213509412,0.04554068580914361,0.07381970051088485,0.0031548365824566322
8.0,618.0,40.01001130231086,40.778592760324905,40.1530990873336,40.69323060735295,40.21426373623866,40.64616111131876,-0.061164648905055685,0.047069496034190195,0.0771793478373028,0.0030090029290372744
8.0,623.0,40.11427724107974,40.710608591567734,40.25779354622353,40.626035376430536,40.31658301184266,40.580959378189704,-0.05878946561912812,0.04507599824083286,0.07408135315442216,0.0031437663614012346
8.0,628.0,40.21426373623866,40.64616111131876,40.35821278763111,40.56232729366661,40.414771276293855,40.51909503105606,-0.05655848866274482,0.043232262610551686,0.07118912255563725,0.003270078045501279
8.0,633.0,40.31658301184266,40.580959378189704,40.460993141106314,40.497867762233284,40.51593380864477,40.456073515602,-0.05494066753845317,0.04179424663128373,0.06903068883509285,0.0033649782084499424
8.0,638.0,40.414771276293855,40.51909503105606,40.5596379566842,40.436704354482785,40.62182481359176,40.39087523181305,-0.06218685690755876,0.04582912266973693,0.0772496838616119,0.003009980483293484
8.0,643.0,40.51593380864477,40.456073515602,40.6612824621021,40.37439552101271,40.72417606246787,40.32859917780503,-0.06289360036576852,0.04579634320767667,0.07780044998690117,0.002987929624070351
8.0,648.0,40.62182481359176,40.39087523181305,40.76768803220038,40.309934794672465,40.826417227231815,40.2671112949656,-0.05872919503143237,0.04282349970686283,0.0726840455408455,0.003211944367515707
8.0,653.0,40.72417606246787,40.32859917780503,40.86934256482654,40.24820865850448,40.92938990811658,40.20533826458847,-0.06004734329004435,0.04287039391601155,0.07378044531382576,0.0032879020943664687
8.0,658.0,40.826417227231815,40.2671112949656,40.98851648541914,40.17204487075581,41.02943487562819,40.138545543347405,-0.040918390209050415,0.033499327408407,0.052882129250964936,0.0065652582171144
8.0,663.0,40.92938990811658,40.20533826458847,41.10878914605215,40.091419698844774,41.12767341647078,40.068295255107365,-0.018884270418624283,0.02312444373740874,0.029855578497297794,0.009636846643463093
8.0,668.0,41.02943487562819,40.138545543347405,41.157654630076244,40.04001903825748,41.22424183972001,39.999228569191885,-0.06658720964376386,0.040790469065598245,0.07808789185740696,-0.0024093273782119784
8.0,673.0,41.12767341647078,40.068295255107365,41.26095307769301,39.96679612804753,41.320839646078205,39.929551076650604,-0.05988656838519546,0.03724505139692269,0.0705237188931079,-0.0020436203615018522
8.0,678.0,41.22424183972001,39.999228569191885,41.359855790366375,39.89574960086741,41.426133810734,39.85270053225773,-0.06627802036762631,0.04304906860968316,0.07903162842819762,-0.0011092954021808545
8.0,683.0,41.320839646078205,39.929551076650604,41.45657752892637,39.82474320489976,41.52569715477549,39.77919334798397,-0.06911962584912601,0.045549856915791054,0.08277869377184087,-0.0010470130787614274
8.0,688.0,41.426133810734,39.85270053225773,41.56200396599871,39.74650000340045,41.62546078283276,39.70471454776726,-0.06345681683404791,0.04178545563318892,0.07597889118158481,-0.0014199098182311465
8.0,693.0,41.52569715477549,39.77919334798397,41.66167687516245,39.67172293846771,41.72584712328604,39.62892811471796,-0.06417024812358818,0.04279482374975174,0.07713117193466716,-0.0014061287132633993
8.0,698.0,41.62546078283276,39.70471454776726,41.761442320821615,39.596039664555526,41.82005730426274,39.55702608608185,-0.05861498344112448,0.03901357847367848,0.07041147341964352,-0.0017279032027985861
8.0,703.0,41.72584712328604,39.62892811471796,41.861739809121666,39.51910014965093,41.92240122252737,39.478050528874334,-0.06066141340570397,0.04104962077659735,0.07324533051519512,-0.0016357360714349676
8.0,708.0,41.82005730426274,39.55702608608185,41.95579661655528,39.44616240672506,42.02276471485,39.399718631321775,-0.06696809829471562,0.04644377540328293,0.08149693529772319,-0.001305153750082222
8.0,713.0,41.92240122252737,39.478050528874334,42.05888463765265,39.36520643648947,42.12418457599284,39.31906017933364,-0.0652999383401891,0.04614625715583287,0.0799597335958841,-0.000819706970435874
8.0,718.0,42.02276471485,39.399718631321775,42.1857107331917,39.263742170280906,42.21883741698677,39.23668693537022,-0.033126683795074996,0.027055234910683623,0.042771052305632586,0.002807840914758053
8.0,723.0,42.12418457599284,39.31906017933364,42.324034186710335,39.14654349258365,42.31308505331168,39.15253902132679,0.010949133398653998,-0.005995528743135026,0.01248318417276933,0.001984584157412317
8.0,728.0,42.21883741698677,39.23668693537022,42.410799512730144,39.0603076866232,42.41004570405163,39.06455179585331,0.0007538086785103815,-0.0042441092301146455,0.0043105325286954856,-0.0028013853603662264
8.0,733.0,42.31308505331168,39.15253902132679,42.50487224262058,38.974051463401516,42.503940632874674,38.97740191621809,0.0009316097459048933,-0.0033504528165764214,0.0034775610411277983,-0.0019083052006458878
8.0,738.0,42.41004570405163,39.06455179585331,42.60023112478672,38.88365810733962,42.59537668164641,38.890633856823015,0.0048544431403101385,-0.006975749483395077,0.008498629245801399,-0.0022376329703490683
8.0,743.0,42.503940632874674,38.97740191621809,42.69227905437043,38.79416251629037,42.68970422027751,38.79911463497578,0.0025748340929183655,-0.004952118685409346,0.005581509659620337,-0.002041197748852586
8.0,748.0,42.59537668164641,38.890633856823015,42.78189714972901,38.705151392415104,42.77494385939701,38.71460625210919,0.00695329033199954,-0.009454859694088213,0.011736380118076106,-0.0026055643781264237
8.0,753.0,42.68970422027751,38.79911463497578,42.87427631423733,38.61134741195649,42.871326981453095,38.616910009754186,0.0029493327842331496,-0.005562597797698743,0.006296114526524702,-0.002141641837491881
8.0,758.0,42.77494385939701,38.71460625210919,42.95768726001039,38.524797030958695,42.95926667000158,38.5257217533685,-0.001579409991194325,-0.0009247224098061224,0.001830204211415245,-0.0015980111084157311
8.0,763.0,42.871326981453095,38.616910009754186,43.05192861902355,38.42481650836612,43.045279229072854,38.43457210921587,0.006649389950695195,-0.009755600849750579,0.01180619052260552,-0.0026512632706808814
8.0,768.0,42.95926667000158,38.5257217533685,43.13784675509347,38.33156544660745,43.137116675277724,38.33503923630906,0.0007300798157459099,-0.0034737897016086094,0.0035496804684874966,-0.001919051559207241
8.0,773.0,43.045279229072854,38.43457210921587,43.25002270612322,38.214089140730565,43.22219766891455,38.241362008905064,0.027825037208664583,-0.027272868174499365,0.03896205890513473,-0.0005069486995717964
8.0,778.0,43.137116675277724,38.33503923630906,43.406122679464524,38.063578339296775,43.311800036609974,38.1503492593464,0.09432264285455005,-0.08677092004962361,0.12816377616676708,0.0032293755243705258
8.0,783.0,43.22219766891455,38.241362008905064,43.42615866691947,38.04338755059549,43.4076733773467,38.065701552408896,0.018485289572772956,-0.022314001813406037,0.028976207611037655,-0.0028983527839934187
8.0,788.0,43.311800036609974,38.1503492593464,43.51099172064475,37.972083496186734,43.5079833116139,37.98590140964354,0.003008409030854864,-0.013817913456804831,0.014141614377314819,-0.007762337586746049
8.0,793.0,43.4076733773467,38.065701552408896,43.61672039134192,37.90037800683495,43.61168875169283,37.90399973489064,0.005031639649089925,-0.0036217280556911646,0.006199541246549965,0.0014355309448347287
8.0,798.0,43.5079833116139,37.98590140964354,43.69277503610809,37.84708189381397,43.71793668123325,37.821792319585285,-0.025161645125159282,0.025289574228686718,0.035674514013125776,0.00340187670253278
8.0,803.0,43.61168875169283,37.90399973489064,43.861295600254415,37.7187156125112,43.83634338454456,37.732631879424964,0.02495221570985251,-0.013916266913767572,0.028570536460595774,0.008168949394728453
8.0,808.0,43.71793668123325,37.821792319585285,43.98738543875892,37.626760803531425,43.97566444493189,37.630841762254676,0.01172099382703351,-0.004080958723250205,0.012411120835534138,0.006534783604077555
8.0,813.0,43.83634338454456,37.732631879424964,44.13963006826262,37.519109259206104,44.13259033397273,37.52005182920569,0.007039734289890021,-0.000942569999587306,0.007102555672177119,0.005672445854888131
8.0,818.0,43.97566444493189,37.630841762254676,44.32962456206443,37.38961419069682,44.3317988209995,37.38509960097348,-0.0021742589350708386,0.004514589723335405,0.005010880390388601,0.0039956243775437494
8.0,823.0,44.13259033397273,37.52005182920569,44.551173557021514,37.24515958668576,44.55551727031575,37.24078297331585,-0.004343713294232998,0.004376613369906579,0.006166246003213098,0.0027059635821080614
8.0,828.0,44.3317988209995,37.38509960097348,44.83278485085613,37.07138035662817,44.80915518110067,37.085930186713625,0.023629669755457883,-0.01454983008545696,0.027749934202943066,0.004014918631835784
8.0,833.0,44.55551727031575,37.24078297331585,45.11457064108718,36.90701562556197,45.10135608342617,36.91785833494561,0.013214557661008541,-0.0108427093836454,0.01709353330807623,0.0010247628262406439
8.0,838.0,44.80915518110067,37.085930186713625,45.286727914688406,36.79768863706085,45.40224520804293,36.735943211900015,-0.11551729335452166,0.061745425160836476,0.13098374934413456,-0.009390902498695453
8.0,843.0,45.10135608342617,36.91785833494561,45.4596273762273,36.682085658152644,45.70412397767469,36.524084914862705,-0.24449660144738772,0.1580007432899393,0.2911062057042001,0.0005321416989710893
8.0,848.0,45.40224520804293,36.735943211900015,45.930079221189,36.348517824419744,46.00501405188442,36.278152120553095,-0.07493483069542606,0.0703657038666492,0.10279377963671311,0.013286881722193389
8.0,853.0,45.70412397767469,36.524084914862705,46.370302812181194,35.97412737749817,46.31939757754599,36.0033882686809,0.050905234635202135,-0.02926089118273012,0.05871577868062857,0.0014102624277196882
8.0,858.0,46.00501405188442,36.278152120553095,46.66670902815067,35.68588334374742,46.64463574223196,35.69876827760649,0.022073285918708052,-0.012884933859069747,0.025558784630761246,-0.0003162737490353118
8.0,863.0,46.31939757754599,36.0033882686809,46.96735490117778,35.381042166428884,46.952804884173,35.387248326303755,0.014550017004779647,-0.006206159874871275,0.015818325297952344,0.0007213678014944547
8.0,868.0,46.64463574223196,35.69876827760649,47.27581079971402,35.044705082567816,47.25318064221346,35.05957009595534,0.022630157500564962,-0.014865013387520776,0.027075683768125757,0.0003180705732169775
8.0,873.0,46.952804884173,35.387248326303755,47.564321086281865,34.70393769811455,47.55492309777723,34.70333950802769,0.009397988504638022,0.000598190086861905,0.009417006919044303,0.002414508432933782
8.0,878.0,47.25318064221346,35.05957009595534,47.842283980908554,34.348512982177624,47.83828480145226,34.34041212093838,0.003999179456293689,0.008100861239242363,0.009034234286374291,0.0034948589713955647
8.0,883.0,47.55492309777723,34.70333950802769,48.11832011953083,33.964992413098166,48.119961523415206,33.947741489090724,-0.0016414038843777234,0.01725092400744188,0.017328836828309768,0.004674341985418384
8.0,888.0,47.83828480145226,34.34041212093838,48.37449707250273,33.576886609176626,48.38121776562704,33.549839551958605,-0.0067206931243148915,0.027047057218020143,0.02786953570165942,0.005831844330512981
8.0,893.0,48.119961523415206,33.947741489090724,48.6293521736387,33.15671651346815,48.63268212938887,33.13122656298214,-0.0033299557501678123,0.025489950486004886,0.025706539655835758,0.006782818617678044
8.0,898.0,48.38121776562704,33.549839551958605,48.86259532534581,32.77781712575192,48.889382481169704,32.71427879352664,-0.02678715582389657,0.06353833222528493,0.06895412517829806,0.009022018080264371
8.0,903.0,48.63268212938887,33.13122656298214,49.062116219770154,32.480595555400726,49.172565217895084,32.31844554975849,-0.11044899812493014,0.16215000564223203,0.19619277641283508,-0.004175613186764182
8.0,908.0,48.889382481169704,32.71427879352664,49.39404250076892,32.00318381903247,49.49345977255807,31.940405090710822,-0.09941727178915016,0.06277872832164988,0.11757960137575428,-0.03648542029892432
8.0,913.0,49.172565217895084,32.31844554975849,49.76241906469814,31.611571019542403,49.823731066427364,31.581654037183597,-0.061312001729220356,0.02991698235880591,0.06822160500531356,-0.020522730674004785
8.0,918.0,49.49345977255807,31.940405090710822,50.1184441696517,31.26543942352799,50.18760832013596,31.2168850993045,-0.06916415048425506,0.04855432422349182,0.08450563361698818,-0.014581687223277018
8.0,923.0,49.823731066427364,31.581654037183597,50.477742229502944,30.929426820457504,50.55768203109226,30.87703125947373,-0.0799398015893189,0.052395560983775624,0.09558068156769037,-0.016251423548263144
8.0,928.0,50.18760832013596,31.2168850993045,50.870845170300015,30.59321335445259,50.94165974253325,30.553807223366157,-0.07081457223323184,0.03940613108643376,0.0810404023174664,-0.015142678788830688
8.0,933.0,50.55768203109226,30.87703125947373,51.26810692906803,30.282637007638815,51.31857642647068,30.262614088107753,-0.05046949740264495,0.020022919531061945,0.054296293378305,-0.01282735203445895
8.0,938.0,50.94165974253325,30.553807223366157,51.67786170071939,29.9898284126385,51.74780019609238,29.959542630738405,-0.06993849537298757,0.030285781900094122,0.0762143144057432,-0.014811961399728735
8.0,943.0,51.31857642647068,30.262614088107753,52.0779016439134,29.728624857275417,52.18720552918539,29.67796023183543,-0.10930388527199142,0.0506646254399854,0.12047507462760368,-0.018706193191083242
8.0,948.0,51.74780019609238,29.959542630738405,52.531083140397094,29.45983586921297,52.629657767974294,29.42133541207322,-0.09857462757720015,0.03850045713975092,0.10582647306772303,-0.017496301696267258
8.0,953.0,52.18720552918539,29.67796023183543,53.006271810317656,29.200342759055324,53.072956460463395,29.189308369030595,-0.06668465014573854,0.01103439002472939,0.06759142200218453,-0.019772825627538015
8.0,958.0,52.629657767974294,29.42133541207322,53.43468943482324,28.976154224423357,53.52730199677037,28.95840618221277,-0.09261256194712786,0.01774804221058801,0.09429782411444822,-0.0213513567866529
8.0,963.0,53.072956460463395,29.189308369030595,53.81266703811543,28.801399090007777,53.94983730910668,28.713167956279687,-0.13717027099124834,0.08823113372809033,0.1630963402494264,0.014741382731969899
8.0,968.0,53.52730199677037,28.95840618221277,54.37787385197199,28.499706169030578,54.34335952451438,28.458335069634575,0.03451432745760741,0.041371099396002364,0.05387770100036619,0.042886218508382916
8.0,973.0,53.94983730910668,28.713167956279687,54.78473287995211,28.16055282009033,54.69376300253412,28.223506256674014,0.09096987741799012,-0.06295343658368324,0.11062844921239733,-0.007873402449997903
8.0,978.0,54.34335952451438,28.458335069634575,55.14397545194651,27.8994970128772,55.04156003412221,27.98134984623155,0.10241541782429664,-0.0818528333543469,0.1311060797074634,-0.012997888712095618
8.0,983.0,54.69376300253412,28.223506256674014,55.45956998156082,27.669736892717474,55.33229911051692,27.771353547378485,0.12727087104389767,-0.10161665466101155,0.1628613493766023,-0.013571737795689875
8.0,988.0,55.04156003412221,27.98134984623155,55.747966035506174,27.447746723228484,55.611645623686016,27.56302116877118,0.13632041182015797,-0.1152744455426955,0.178525775377096,-0.016466488508053434
8.0,993.0,55.33229911051692,27.771353547378485,55.97086474789181,27.270760057414886,55.85334473045573,27.377449780467,0.1175200174360782,-0.10668972305211355,0.15872508151868378,-0.017705566661021188
8.0,998.0,55.611645623686016,27.56302116877118,56.17418825966417,27.106386122760025,56.07559926797319,27.202312822039687,0.09858899169098123,-0.09592669927966213,0.1375562463770188,-0.018254963136638987
8.0,1003.0,55.85334473045573,27.377449780467,56.343137108806516,26.96784406365339,56.282362887167835,27.035394881780142,0.06077422163868107,-0.06755081812675101,0.09086593996311777,-0.01694530695961327
8.0,1008.0,56.07559926797319,27.202312822039687,56.49701530989127,26.840331064340887,56.47106641109849,26.87961033528944,0.02594889879277673,-0.039279270948551215,0.04707660220117282,-0.015046024042613348
8.0,1013.0,56.282362887167835,27.035394881780142,56.646621962898884,26.715498915726783,56.631138086077996,26.74481879789323,0.015483876820887588,-0.029319882166447542,0.03315729077682295,-0.013444978076458171
8.0,1018.0,56.47106641109849,26.87961033528944,56.84123769345519,26.565534529996185,56.80154514292777,26.60647613262801,0.03969255052741971,-0.04094160263182545,0.05702379672938364,-0.006837378356854162
8.0,1023.0,56.631138086077996,26.74481879789323,56.97564634071996,26.4743427183115,56.97377359868987,26.486613930982216,0.0018727420300947983,-0.01227121267071496,0.01241329219511081,-0.008426072520204109
8.0,1028.0,56.80154514292777,26.60647613262801,57.1261705625593,26.376526259555032,57.12799308885191,26.389065020319705,-0.0018225262926065966,-0.01253876076467364,0.012670521836173971,-0.01014814236142303
8.0,1033.0,56.97377359868987,26.486613930982216,57.332109164620675,26.26470328079447,57.285009821861586,26.29180001141022,0.04709934275908978,-0.027096730615749465,0.05433765635726956,0.006491353683269585
8.0,1038.0,57.12799308885191,26.389065020319705,57.46908063774925,26.184436197975668,57.432789723873256,26.20313987541441,0.03629091387599459,-0.018703677438743682,0.04082717207556049,0.0060585794743343024
8.0,1043.0,57.285009821861586,26.29180001141022,57.61074312853273,26.102082139436718,57.57354085862344,26.121485155664548,0.03720226990929376,-0.01940301622783025,0.04195814492016286,0.005432553578304745
8.0,1048.0,57.432789723873256,26.20313987541441,57.74883342255963,26.02512891440467,57.71258395814562,26.043382303033873,0.03624946441400567,-0.01825338862920134,0.04058583332581604,0.005261934484565689
8.0,1053.0,57.57354085862344,26.121485155664548,57.881127025288606,25.95368725372353,57.845732616160376,25.970897394885526,0.03539440912823011,-0.017210141161996262,0.039356742196888915,0.0051221520591328016
8.0,1058.0,57.71258395814562,26.043382303033873,58.01263791431429,25.88479772614043,57.97880359884351,25.900667536811692,0.0338343154707772,-0.01586981067126203,0.03737126963481139,0.0048965803419668275
8.0,1063.0,57.845732616160376,25.970897394885526,58.13930946336154,25.820333718532165,58.109939266941744,25.833586891546872,0.029370196419797878,-0.013253173014707187,0.032221965065701234,0.004314968640571792
8.0,1068.0,57.97880359884351,25.900667536811692,58.266975514522144,25.75731609792629,58.23864240191442,25.769764080310278,0.028333112607725752,-0.012447982383989142,0.030947011737390284,0.004072841401897231
8.0,1073.0,58.109939266941744,25.833586891546872,58.39088356983454,25.69762821424194,58.36070077678084,25.711046496174344,0.030182793053704415,-0.013418281932402465,0.0330310654769141,0.0037745207126539393
8.0,1078.0,58.23864240191442,25.769764080310278,58.51079212613656,25.63148854941093,58.48043356066434,25.651170360054348,0.030358565472219823,-0.01968181064341934,0.03618032846360674,-0.001689696048204681
8.0,1083.0,58.36070077678084,25.711046496174344,58.652848815922376,25.54454839593113,58.60352219827805,25.57901167522527,0.049326617644325665,-0.03446327929414039,0.06017335646227012,-0.0046692053449671755
8.0,1088.0,58.48043356066434,25.651170360054348,58.73393973080328,25.501242385246076,58.712963800364896,25.504558938740498,0.020975930438382306,-0.0033165534944217256,0.021236505947005838,0.008247487720434488
8.0,1093.0,58.60352219827805,25.57901167522527,58.83147491079052,25.42670083232237,58.824310263398566,25.426526416562115,0.007164647391952883,0.0001744157602558971,0.0071667700610835074,0.003862613792896541
8.0,1098.0,58.712963800364896,25.504558938740498,58.930073649250176,25.347173802833872,58.92876081961556,25.35231923969431,0.0013128296346138768,-0.005145436860438224,0.00531027702989936,-0.0037290215236736035
8.0,1103.0,58.824310263398566,25.426526416562115,59.04052500747223,25.268772867174125,59.03685273491749,25.27364796844357,0.003672272554744893,-0.0048751012694445706,0.006103457880879711,-0.0021361168016846848
8.0,1108.0,58.92876081961556,25.35231923969431,59.142511063861534,25.19308492748656,59.14203675076705,25.195211958077536,0.0004743130944859786,-0.0021270305909766307,0.0021792732840447662,-0.0014399407848766368
8.0,1113.0,59.03685273491749,25.27364796844357,59.24913548780174,25.111949000756155,59.243152153501946,25.118045516532174,0.00598333429979192,-0.006096515776018663,0.008542118820896307,-0.0020767872947407007
8.0,1118.0,59.14203675076705,25.195211958077536,59.33706329325881,25.041621582795887,59.34518260308933,25.038367654794342,-0.008119309830519228,0.0032539280015448924,0.008747070341731803,-0.0024011456262854614
8.0,1123.0,59.243152153501946,25.118045516532174,59.48855174869883,24.92143462600998,59.460139061723225,24.94632917298476,0.028412686975606505,-0.02489454697478166,0.03777590833128186,-0.006006579452044082
8.0,1128.0,59.34518260308933,25.038367654794342,59.60090412823184,24.82835281643054,59.589453260880205,24.83982241965701,0.011450867351634031,-0.011469603226469616,0.016207225588525644,-0.004269627017930211
8.0,1133.0,59.460139061723225,24.94632917298476,59.7406874611862,24.70899053166975,59.73612790991886,24.71503513991025,0.004559551267341533,-0.006044608240500793,0.007571446132717704,-0.0037636428158290824
8.0,1138.0,59.589453260880205,24.83982241965701,59.911455888467955,24.55784074668385,59.904194102663254,24.56676708275237,0.007261785804701049,-0.008926336068519447,0.011507085151397329,-0.004457508836631652
8.0,1143.0,59.73612790991886,24.71503513991025,60.1154007020112,24.36953754850873,60.09055902618591,24.39544975556381,0.024841675825292953,-0.025912207055078795,0.035896397204653,-0.00677130260931591
8.0,1148.0,59.904194102663254,24.56676708275237,60.34300963292942,24.149638864679034,60.30303404901807,24.19060182268199,0.03997558391134959,-0.04096295800295735,0.05723645025161326,-0.007945794292623765
8.0,1153.0,60.09055902618591,24.39544975556381,60.58201736635872,23.905826945475436,60.52712911229572,23.962754814638586,0.054888254063001796,-0.05692786916315029,0.0790790915573857,-0.008765303279782422
8.0,1158.0,60.30303404901807,24.19060182268199,60.8259577372601,23.641438721005304,60.75825801537718,23.71397250661097,0.06769972188291717,-0.07253378560566404,0.09921896188386961,-0.009390432018283379
8.0,1163.0,60.52712911229572,23.962754814638586,61.06390292383877,23.366467504442788,61.00263364379982,23.434163330582013,0.0612692800389496,-0.06769582613922509,0.09130525479490992,-0.007766641171611521
8.0,1168.0,60.75825801537718,23.71397250661097,61.29730492653353,23.07840364167089,61.24439876117515,23.138462613430107,0.05290616535837955,-0.06005897175921859,0.08003838092879452,-0.006032698725464303
8.0,1173.0,61.00263364379982,23.434163330582013,61.53560948070854,22.76315738175405,61.48713065984673,22.820211241279495,0.04847882086180988,-0.05705385952544617,0.07486881165679604,-0.004951466666413329
8.0,1178.0,61.24439876117515,23.138462613430107,61.76529173007514,22.436296155020166,61.72746280651366,22.48097120762434,0.03782892356148437,-0.04467505260417326,0.05853962575048013,-0.003031038542156583
8.0,1183.0,61.48713065984673,22.820211241279495,61.991115183681785,22.089378325545937,61.96084916298581,22.124746221107163,0.030266020695975726,-0.03536789556122599,0.046550188455032275,-0.0015690950288413943
8.0,1188.0,61.72746280651366,22.48097120762434,62.210626106170714,21.72359139546903,62.18610444912002,21.75135099947878,0.024521657050691203,-0.02775960400975208,0.03703926672181777,-0.00038503657804811464
8.0,1193.0,61.96084916298581,22.124746221107163,62.42153988774426,21.34092043244847,62.39950548136845,21.36522866188113,0.022034406375809112,-0.02430822943265909,0.03280861293144059,0.0006911713891355475
8.0,1198.0,62.18610444912002,21.75135099947878,62.63657638623243,20.923806800477152,62.61658755814817,20.963474943775367,0.019988828084258614,-0.039668143298214886,0.0444197573261016,-0.007817513413939325
8.0,1203.0,62.39950548136845,21.36522866188113,62.83705718052825,20.500438641714364,62.83021713124838,20.566682184088098,0.006840049279865923,-0.06624354237373353,0.06659574446142655,-0.024697930541101032
8.0,1208.0,62.61658755814817,20.963474943775367,63.05547491402692,20.08155946276682,63.04573411755276,20.143495569822466,0.009740796474154934,-0.06193610705564723,0.06269740403844089,-0.019397276856767624
8.0,1213.0,62.83021713124838,20.566682184088098,63.25448379771109,19.671239735981107,63.24776278645475,19.725543012993217,0.006721011256338727,-0.05430327701211013,0.054717619525723155,-0.018064360012028047
8.0,1218.0,63.04573411755276,20.143495569822466,63.45268423747515,19.234666649810247,63.44755162027369,19.290147996208265,0.005132617201454082,-0.05548134639801816,0.055718251565115944,-0.018718029894225774
8.0,1223.0,63.24776278645475,19.725543012993217,63.63819087967633,18.805088075836657,63.63015703547679,18.870194424268146,0.00803384419953801,-0.06510634843148821,0.0656001467887443,-0.019171444821613367
8.0,1228.0,63.44755162027369,19.290147996208265,63.82037501920427,18.358674889149814,63.812791363589945,18.426099203104464,0.007583655614325835,-0.06742431395464976,0.0678494653238467,-0.0192468803372714
8.0,1233.0,63.63015703547679,18.870194424268146,63.98567682547744,17.928971864075933,63.99077374670874,17.966324505462318,-0.005096921231299234,-0.03735264138638428,0.03769878545229138,-0.017860128550667653
8.0,1238.0,63.812791363589945,18.426099203104464,64.14974446680955,17.475291331570332,64.15391815243086,17.51747777117076,-0.004173685621310597,-0.042186439600428116,0.04239239717008351,-0.018120761246848804
8.0,1243.0,63.99077374670874,17.966324505462318,64.30833979412178,17.006413817269546,64.30531059168757,17.073206784412175,0.003029202434206013,-0.06679296714262861,0.06686162222907596,-0.01924468482115249
8.0,1248.0,64.15391815243086,17.51747777117076,64.4523878442592,16.54940922834614,64.4652319888439,16.568936190040432,-0.012844144584690298,-0.01952696169429302,0.023372511271209522,-0.017150701060591356
8.0,1253.0,64.30531059168757,17.073206784412175,64.58401257249649,16.099714759151773,64.59901709133182,16.113324019017032,-0.015004518835326053,-0.01360925986525885,0.020257036791194304,-0.017174794606065857
13.0,3.0,43.46298505443551,-73.28713521404188,43.38781457901199,-73.36437706236399,43.463564564714545,-73.28654455546682,-0.07574998570255786,-0.07783250689716681,0.10860920524446922,-0.00047247028749275444
13.0,8.0,43.46327771427655,-73.28683692355446,43.388106425817114,-73.36407933574931,43.463840034312646,-73.28626378836702,-0.07573360849553268,-0.07781554738228635,0.1085856292064446,-0.00047262545513993004
13.0,13.0,43.463564564714545,-73.28654455546682,43.388392190839454,-73.36378808664944,43.464137616191465,-73.28596048507593,-0.0757454253520109,-0.0778276015735031,0.10860250931005691,-0.0004725182662084215
13.0,18.0,43.463840034312646,-73.28626378836702,43.388666726785615,-73.36350819917973,43.464424604105936,-73.28566798075214,-0.07575787732032069,-0.07784021842759614,0.10862023559602804,-0.0004724739510275633
13.0,23.0,43.464137616191465,-73.28596048507593,43.388963435164655,-73.36320552569873,43.464697932546855,-73.28538939956961,-0.07573449738220006,-0.0778161261291217,0.10858666391172464,-0.00047264047358019923
13.0,28.0,43.464424604105936,-73.28566798075214,43.389249334710144,-73.36291413329761,43.46498599515747,-73.28509580242472,-0.07573666044732619,-0.07781833087288703,0.10858975253473832,-0.00047256287285390997
13.0,33.0,43.464697932546855,-73.28538939956961,43.38952176113075,-73.36263638763549,43.46525076061039,-73.28482595115193,-0.07572899947963663,-0.0778104364835599,0.10857875200953875,-0.00047257164310599015
13.0,38.0,43.46498599515747,-73.28509580242472,43.389808843518416,-73.36234369126386,43.46555542713332,-73.28451543370296,-0.07574658361490094,-0.07782825756089551,0.10860378724655172,-0.00047252954643850487
13.0,43.0,43.46525076061039,-73.28482595115193,43.3900727352601,-73.36207464482666,43.465832794944916,-73.28423274045791,-0.0757600596848178,-0.07784190436875349,0.10862296589212302,-0.0004724929315145232
13.0,48.0,43.46555542713332,-73.28451543370296,43.39037653001092,-73.36176479645333,43.46611782835157,-73.28394223578597,-0.07574129834065246,-0.07782256066735727,0.10859601844981347,-0.0004726165638548885
13.0,53.0,43.465832794944916,-73.28423274045791,43.41596442059681,-73.33292785903423,43.465474542082326,-73.28455275473402,-0.049510121485518255,-0.04837510430020586,0.0692199598783947,-0.0018302235010909662
13.0,58.0,43.46611782835157,-73.28394223578597,43.43506757205145,-73.31424774503898,43.459444234211546,-73.29019162080688,-0.024376662160094043,-0.02405612423210357,0.03424790170415936,0.00019120163280517133
13.0,63.0,43.465474542082326,-73.28455275473402,43.39817485597956,-73.3490111211357,43.44053437092992,-73.30803239974809,-0.042359514950355504,-0.040978721387617156,0.05893711999574922,-0.0012693463505200064
13.0,68.0,43.459444234211546,-73.29019162080688,43.38645625511161,-73.35967227040523,43.40536065122812,-73.34118112405444,-0.01890439611651118,-0.018491146350783083,0.0264442561985782,-0.00021442787783376716
13.0,73.0,43.44053437092992,-73.30803239974809,43.356508809467876,-73.38730695314845,43.35011557840579,-73.39294539628939,0.006393231062084226,0.005638443140938421,0.008524402880366115,0.00085877741409357
13.0,78.0,43.40536065122812,-73.34118112405444,43.30470644835233,-73.43489748004977,43.26944797862737,-73.46793083269388,0.035258469724958275,0.03303335264411089,0.048315236460727246,0.0018834233676239263
13.0,83.0,43.35011557840579,-73.39294539628939,43.225148809896105,-73.5073856651422,43.16642412463258,-73.56267812038523,0.058724685263527476,0.055292455243034055,0.08065881393935374,0.0022364682759721255
13.0,88.0,43.26944797862737,-73.46793083269388,43.10748506265005,-73.61321412555954,43.021467508084704,-73.69410076036533,0.08601755456534477,0.08088663480579328,0.1180748380630176,0.002252684871379085
13.0,93.0,43.16642412463258,-73.56267812038523,42.949996442625945,-73.75219800869388,42.84664576932609,-73.84970605883898,0.10335067329985748,0.09750805014509467,0.14208863963960022,0.0009466234643564775
13.0,98.0,43.021467508084704,-73.69410076036533,42.710301384665165,-73.95813988370993,42.64295754467758,-74.02711863548016,0.06734383998758631,0.06897875177023138,0.09640156108721906,-0.004848108867689049
13.0,103.0,42.84664576932609,-73.84970605883898,42.41635739377867,-74.20326441590699,42.41881554837393,-74.2176484327553,-0.002458154595259998,0.014384016848310921,0.014592548259529256,-0.012610901627275961
13.0,108.0,42.64295754467758,-74.02711863548016,42.11027879261126,-74.45191469504927,42.15151140550564,-74.43864803598126,-0.041232612894376075,-0.013266659068008835,0.04331434645615987,-0.017049346824057565
13.0,113.0,42.41881554837393,-74.2176484327553,41.817422454157565,-74.69187545007318,41.892793476788,-74.653871385591,-0.07537102263043494,-0.03800406448218041,0.08441030724694268,-0.018852372117678765
13.0,118.0,42.15151140550564,-74.43864803598126,41.544790900709,-74.93623649151621,41.60050748147296,-74.92689069131593,-0.05571658076395636,-0.009345800200279086,0.05649496750516818,-0.025353305531671033
13.0,123.0,41.892793476788,-74.653871385591,41.32463014043827,-75.18589679377413,41.323257856652695,-75.20030841946573,0.0013722837855780767,0.0144116256915936,0.014476813111412374,-0.0057289932437116775
13.0,128.0,41.60050748147296,-74.92689069131593,41.01317390659466,-75.54067975574787,41.032495245531074,-75.49514744326451,-0.019321338936414634,-0.04553231248335976,0.04946216350280415,0.0185861993968599
13.0,133.0,41.323257856652695,-75.20030841946573,40.72473526089485,-75.84215433713914,40.738867550194826,-75.80367565282181,-0.014132289299972456,-0.03847868431732593,0.040991837573479684,0.016495437792023004
13.0,138.0,41.032495245531074,-75.49514744326451,40.42802378979791,-76.16468077145726,40.43489188993672,-76.1354028558545,-0.006868100138810007,-0.02927791560276205,0.030072697610277324,0.014802077638818911
13.0,143.0,40.738867550194826,-75.80367565282181,40.13375924157946,-76.49867573787317,40.133580714117095,-76.47735771386485,0.00017852746236712846,-0.021318024008323277,0.021318771532953463,0.014007416201026412
13.0,148.0,40.43489188993672,-76.1354028558545,39.83277945615565,-76.85407968611773,39.845816050759524,-76.81696146531281,-0.013036594603875074,-0.03711822080491345,0.03934101059439239,0.01455575892955663
13.0,153.0,40.133580714117095,-76.47735771386485,39.537347921399174,-77.21752763384251,39.551812025745484,-77.17804432228372,-0.014464104346309625,-0.03948331155878293,0.04204928306391031,0.014363984695277221
13.0,158.0,39.845816050759524,-76.81696146531281,39.257451069957725,-77.57625864320885,39.25567534439233,-77.55721211805954,0.0017757255653947368,-0.019046525149306603,0.019129122341256678,0.012987837885638065
13.0,163.0,39.551812025745484,-77.17804432228372,38.97343056467464,-77.95576404051049,38.97225282872035,-77.93587535493891,0.0011777359542932686,-0.01988868557157275,0.01992352568555378,0.012807027317745856
13.0,168.0,39.25567534439233,-77.55721211805954,38.689105801092296,-78.35256321283525,38.69023931960837,-78.32926432283237,-0.0011335185160703531,-0.023298890002877215,0.023326447213248013,0.012787717036000679
13.0,173.0,38.97225282872035,-77.93587535493891,38.44712488140676,-78.69056767061998,38.40071826213268,-78.73455739790647,0.046406619274080185,0.04398972728648687,0.06394271200996184,0.011075857270183231
13.0,178.0,38.69023931960837,-78.32926432283237,38.25189078095583,-78.92934182692056,38.080577746376726,-79.11969713376281,0.17131303457910718,0.19035530684224966,0.25609236353259224,0.022018453247256264
13.0,183.0,38.40071826213268,-78.73455739790647,37.815491851200406,-79.41734386773206,37.73527724198858,-79.47531084133844,0.08021460921182921,0.057966973606383476,0.09896743686733347,0.019661976456868402
13.0,188.0,38.080577746376726,-79.11969713376281,37.42309197607614,-79.79736896706213,37.37649295935168,-79.81703655721435,0.04659901672445699,0.01966759015222408,0.05057946680306233,0.013134213878033929
13.0,193.0,37.73527724198858,-79.47531084133844,37.0453002743282,-80.12200040128975,37.00596437661456,-80.1421477113377,0.03933589771364154,0.02014731004794612,0.04419532725420348,0.007945373453589253
13.0,198.0,37.37649295935168,-79.81703655721435,36.65812665330544,-80.43543838514054,36.61117335152043,-80.45946964533411,0.04695330178500967,0.02403126019356705,0.052745748786088086,0.008601088283591185
13.0,203.0,37.00596437661456,-80.1421477113377,36.26118400865922,-80.73036366374748,36.19771632340334,-80.762902766411,0.06346768525587976,0.032539102663520225,0.071322789302484,0.010416462751920541
13.0,208.0,36.61117335152043,-80.45946964533411,35.840657496203406,-81.01523926643206,35.77549831790376,-81.04510236682061,0.0651591782996448,0.02986310038855322,0.07167651834109764,0.010493358974621447
13.0,213.0,36.19771632340334,-80.762902766411,35.398344327894684,-81.28983835624778,35.37977901530388,-81.28628103246966,0.018565312590801852,-0.00355732377812501,0.018903052241810034,0.008637447338173398
13.0,218.0,35.77549831790376,-81.04510236682061,34.966134215804736,-81.53532063568986,34.90492154968042,-81.54809120532066,0.061212666124319526,0.012770569630802697,0.06253061604320395,0.016282859243489597
14.0,3.0,-0.810587212308334,-95.4262025891078,-0.9006576545309473,-95.43947151756808,-0.8331459867299099,-95.42929625345195,-0.06751166780103734,-0.010175264116128346,0.06827416267601231,-0.0016002531273757725
14.0,8.0,-0.8149995747138242,-95.4267967735362,-0.9112786264675002,-95.44071735745496,-0.8707479925017667,-95.4345238495069,-0.04053063396573353,-0.006193507948054844,0.04100111986722913,-0.0007104493575655902
14.0,13.0,-0.8331459867299099,-95.42929625345195,-0.9415040093209842,-95.44454729391977,-0.9353360467209269,-95.443344711661,-0.006167962600057364,-0.001202582258770235,0.0062841042897787205,0.00040004542995841774
14.0,18.0,-0.8707479925017667,-95.4345238495069,-0.99763267117143,-95.45164471751998,-1.0288936551306493,-95.45579083533319,0.03126098395921939,0.004146117813206729,0.03153473340650848,0.001465135577534138
14.0,23.0,-0.9353360467209269,-95.443344711661,-1.0901180776026855,-95.46301516366997,-1.1583439735256884,-95.47238194716658,0.06822589592300288,0.009366783496616904,0.06886588057644305,0.002167102581663638
14.0,28.0,-1.0288936551306493,-95.45579083533319,-1.2238394871451206,-95.47872764674844,-1.329885147596496,-95.49324532475698,0.10604566045137531,0.014517678008544976,0.10703478441762836,0.002484030737334386
14.0,33.0,-1.1583439735256884,-95.47238194716658,-1.4143925513510631,-95.49953617511903,-1.5513694328019565,-95.5182927452097,0.13697688145089337,0.018756570090673108,0.13825510830916313,0.001784366000628701
14.0,38.0,-1.329885147596496,-95.49324532475698,-1.6834795392788342,-95.52570605624811,-1.8027204395757013,-95.54414553383226,0.11924090029686707,0.01843947758415254,0.12065822241846537,-0.002167724988109132
14.0,43.0,-1.5513694328019565,-95.5182927452097,-2.050843677162503,-95.5559538935782,-2.095336537116156,-95.57079885115147,0.04449285995365315,0.014844957573259876,0.04690402277211708,-0.009614398163331652
14.0,48.0,-1.8027204395757013,-95.54414553383226,-2.4366956360876535,-95.58253769325091,-2.3982743775428057,-95.5944910304308,-0.03842125854484779,0.011953337179889445,0.04023773574526985,-0.01615090791918794
14.0,53.0,-2.095336537116156,-95.57079885115147,-2.8360860195887856,-95.6066588532194,-2.7529997522849503,-95.61893107532515,-0.08308626730383528,0.012272222105750075,0.08398770892158702,-0.019316791047436332
14.0,58.0,-2.3982743775428057,-95.5944910304308,-3.1789827843398544,-95.63966358837366,-3.118933468437486,-95.66150927557709,-0.060049315902368505,0.021845687203423836,0.06389956486340329,-0.024480779678889952
14.0,63.0,-2.7529997522849503,-95.61893107532515,-3.4959090538138162,-95.69991600929968,-3.515878863058323,-95.72377290022798,0.019969809244506642,0.023856890928300345,0.03111180685892098,-0.01648772791421127
14.0,68.0,-3.118933468437486,-95.66150927557709,-3.935824753034708,-95.81191172951092,-3.8910435543270334,-95.7873607093435,-0.04478119870767472,-0.024551020167422166,0.051069642146361456,0.017786245471639095
14.0,73.0,-3.515878863058323,-95.72377290022798,-4.361605695815652,-95.89296996357146,-4.300746784038681,-95.86334550956217,-0.06085891177697089,-0.029624454009294254,0.06768615381321291,0.01883615474735212
14.0,78.0,-3.8910435543270334,-95.7873607093435,-4.758459010614015,-95.97237974030692,-4.74680965424694,-95.95461869571778,-0.011649356367074759,-0.017761044589136077,0.021240579292109367,0.014738640031009886
14.0,83.0,-4.300746784038681,-95.86334550956217,-5.185853123846619,-96.06790306723724,-5.1856492840906565,-96.05313238893513,-0.00020383975596249826,-0.014770678302113538,0.014772084759797396,0.013770226614457483
14.0,88.0,-4.74680965424694,-95.95461869571778,-5.64548189178063,-96.18017469629625,-5.612653830749566,-96.15739823279527,-0.03282806103106406,-0.022776463500974842,0.03995558635122886,0.01484604227487285
14.0,93.0,-5.1856492840906565,-96.05313238893513,-6.093522613351369,-96.29898902665789,-6.055161768525201,-96.27434460457886,-0.03836084482616808,-0.024644422079035166,0.045594977304380606,0.014765075867637645
14.0,98.0,-5.612653830749566,-96.15739823279527,-6.5264502844038255,-96.42280804164778,-6.510008679910945,-96.40412714495608,-0.016441604492880124,-0.018680896691705584,0.02488578428554086,0.013538718399061178
14.0,103.0,-6.055161768525201,-96.27434460457886,-6.972605121865257,-96.55985131701463,-6.94775757378081,-96.53836500575159,-0.024847548084447446,-0.021486311263046787,0.032849082445350876,0.013671297937286385
14.0,108.0,-6.510008679910945,-96.40412714495608,-7.429061614671607,-96.7101418749474,-7.426141140186079,-96.69575614672564,-0.002920474485527791,-0.01438572822175388,0.014679180756799233,0.012490327600328754
14.0,113.0,-6.94775757378081,-96.53836500575159,-7.850168232885276,-96.85578984215584,-7.866470998407967,-96.84872690737063,0.016302765522690166,-0.007062934785210473,0.017766969676001342,0.011655682682626178
14.0,118.0,-7.426141140186079,-96.69575614672564,-8.195520300996337,-96.96097325352197,-8.340265436113889,-96.98951051633277,0.14474513511755127,0.028537262810800712,0.14753145260903142,0.016312603137128345
14.0,123.0,-7.866470998407967,-96.84872690737063,-8.602158466653234,-97.05331075871332,-8.806476834874259,-97.08490325128376,0.20431836822102412,0.03159249257043939,0.2067464175731112,0.024089023314787017
14.0,128.0,-8.340265436113889,-96.98951051633277,-9.262714620867843,-97.17649222746846,-9.311140818346962,-97.16305490984996,0.04842619747911847,-0.013437317618496536,0.050255926089038866,0.015612288965543009
14.0,133.0,-8.806476834874259,-97.08490325128376,-9.738244232366066,-97.22483576760206,-9.78615215453424,-97.21769531051613,0.0479079221681733,-0.007140457085924368,0.04843712557396112,0.009377196900878015
14.0,138.0,-9.311140818346962,-97.16305490984996,-10.251155560996894,-97.26170770458745,-10.301389426804493,-97.25474882593215,0.05023386580759848,-0.006958878655296985,0.05071358068717845,0.008342107116624753
14.0,143.0,-9.78615215453424,-97.21769531051613,-10.730893821489802,-97.27792000870026,-10.787205879505997,-97.26862518507991,0.056312058016194655,-0.009294823620351167,0.05707400129790018,0.009097849575503414
14.0,148.0,-10.301389426804493,-97.25474882593215,-11.249057399307144,-97.27289376250441,-11.293578235380036,-97.26154398632515,0.04452083607289126,-0.011349776179258697,0.04594477406570331,0.008076639992036228
14.0,153.0,-10.787205879505997,-97.26862518507991,-11.734849946452412,-97.24759967367352,-11.803707548119315,-97.23208504485324,0.06885760166690247,-0.015514628820284315,0.07058380136227438,0.011150305489361134
14.0,158.0,-11.293578235380036,-97.26154398632515,-12.245023300630265,-97.20378305645589,-12.287660132747847,-97.18325904861074,0.04263683211758185,-0.020524007845153847,0.04731949229493905,0.01368721702674458
14.0,163.0,-11.803707548119315,-97.23208504485324,-12.676794466784418,-97.13743733166221,-12.777179699076928,-97.11300539257029,0.10038523229250984,-0.02443193909192587,0.10331560632456616,0.012913037695287066
14.0,168.0,-12.287660132747847,-97.18325904861074,-13.150344574309793,-97.05283772780403,-13.246618280956861,-97.02569558511067,0.09627370664706802,-0.027142142693364235,0.1000266089675775,0.012068152897696027
14.0,173.0,-12.777179699076928,-97.11300539257029,-13.623204347652129,-96.9482111990973,-13.643742661477443,-96.93638104858017,0.020538313825314347,-0.011830150517127436,0.02370178887858444,0.0050976200807220096
14.0,178.0,-13.246618280956861,-97.02569558511067,-14.0605655192121,-96.85088325556758,-14.05800893874004,-96.84560096219991,-0.002556580472059977,-0.005282293367670832,0.005868451834364637,0.0031694036615430576
14.0,183.0,-13.643742661477443,-96.93638104858017,-14.367503708131927,-96.7887184906607,-14.451249373971383,-96.78618375036415,0.08374566583945509,-0.0025347402965536503,0.08378401670524425,-0.013164383488657895
14.0,188.0,-14.05800893874004,-96.84560096219991,-14.757970875565436,-96.72738815892767,-14.792199310689266,-96.76097332133077,0.03422843512383089,0.03358516240309939,0.047953612008574086,-0.03353828551760829
14.0,193.0,-14.451249373971383,-96.78618375036415,-15.099610448193463,-96.734499767156,-15.091941937357273,-96.74674655710896,-0.007668510836190023,0.012246789952968129,0.014449564789186038,-0.007742007194710965
14.0,198.0,-14.792199310689266,-96.76097332133077,-15.409728126233562,-96.73750425437701,-15.371068128537512,-96.73967987349897,-0.03865999769604933,0.002175619121956629,0.038721166568459205,0.0030419194820319184
14.0,203.0,-15.091941937357273,-96.74674655710896,-15.673563699945367,-96.73854216755808,-15.644456408480611,-96.73927764438501,-0.029107291464756102,0.0007354768269323131,0.029116581917821637,0.0025886388739317923
14.0,208.0,-15.371068128537512,-96.73967987349897,-15.919108558371635,-96.74509955256089,-15.886443424969455,-96.74432153754901,-0.03266513340217969,-0.0007780150118747997,0.032674397431948124,0.0034691786482765608
14.0,213.0,-15.644456408480611,-96.73927764438501,-16.158748256006152,-96.75654009494255,-16.103739163845148,-96.75315204177468,-0.05500909216100425,-0.0033880531678676107,0.055113329827240126,0.006000786202366104
14.0,218.0,-15.886443424969455,-96.74432153754901,-16.370359589737358,-96.77057649695024,-16.316873554898148,-96.7657787543731,-0.053486034839210106,-0.0047977425771392745,0.053700784506911,0.006240855622555053
14.0,223.0,-16.103739163845148,-96.75315204177468,-16.56070746297783,-96.78637890546231,-16.51741361049055,-96.78126012578194,-0.043293852487281015,-0.005118779680373109,0.04359540765501166,0.005574969322221346
34.0,3.0,-30.91530832776672,257.04797913444514,-30.840401448952043,256.99684923812055,-30.89472255391995,257.0336430668729,0.054321104967907985,-0.0367938287523657,0.06560920879871125,-0.0014904669072582921
34.0,8.0,-30.911668859256896,257.04542399248953,-30.83106913523237,256.9900694132319,-30.86078555336352,257.01005760348505,0.029716418131151556,-0.01998819025317289,0.03581331115859672,-0.0005131658946394557
34.0,13.0,-30.89472255391995,257.0336430668729,-30.803085285576536,256.97013503013056,-30.80656072402565,256.9721668962654,0.0034754384491151313,-0.0020318661348142086,0.004025810775904976,0.00044341815608850416
34.0,18.0,-30.86078555336352,257.01005760348505,-30.753015576843218,256.9343865396664,-30.71883086427401,256.91037590852704,-0.034184712569206965,0.024010631139333327,0.04177445369060402,0.0017910218508840892
34.0,23.0,-30.80656072402565,256.9721668962654,-30.6759607279421,256.87895860679413,-30.60872955286395,256.83197481546244,-0.06723117507815246,0.04698379133168373,0.08202138471330746,0.002590721071881519
34.0,28.0,-30.71883086427401,256.91037590852704,-30.551378020709283,256.78822288974067,-30.46131367968852,256.7254925909175,-0.09006434102076355,0.06273029882316905,0.1097573501591054,0.002248074892519991
34.0,33.0,-30.60872955286395,256.83197481546244,-30.389940963665424,256.66840757387246,-30.281836615835978,256.5934804192827,-0.10810434782944611,0.07492715458977273,0.1315318536117756,0.000991648300721626
34.0,38.0,-30.46131367968852,256.7254925909175,-30.159848921251225,256.4931418478831,-30.068891504087325,256.4333943112619,-0.09095741716389938,0.05974753662121657,0.1088256397611851,-0.003452895555460689
34.0,43.0,-30.281836615835978,256.5934804192827,-29.8715665681201,256.2668599595099,-29.83805286991843,256.2555026144572,-0.03351369820166994,0.01135734505265873,0.035385834083680526,-0.010696752772642594
34.0,48.0,-30.068891504087325,256.4333943112619,-29.56211627814897,256.0173587126612,-29.58592183693337,256.05587042572364,0.023805558784399494,-0.03851171306246215,0.04527534287051748,-0.016692166599989622
34.0,53.0,-29.83805286991843,256.2555026144572,-29.261992480802274,255.77365188373614,-29.30876142578413,255.83525699933986,0.046768944981856464,-0.061605115603725835,0.07734678069101739,-0.01955694049197787
34.0,58.0,-29.58592183693337,256.05587042572364,-28.97862700354093,255.56239276455582,-28.997492639424365,255.61535627784258,0.018865635883436482,-0.052963513286755415,0.05622317989017273,-0.027065583993875597
34.0,63.0,-29.30876142578413,255.83525699933986,-28.691739844695476,255.39571843396715,-28.6684369242836,255.39810808624765,-0.02330292041187576,-0.0023896522804989218,0.02342512620550655,-0.010916960157592026
34.0,68.0,-28.997492639424365,255.61535627784258,-28.287256577324115,255.1744481391939,-28.33857570446166,255.18677188433793,0.05131912713754616,-0.01232374514401613,0.0527780968256178,0.01815165741140412
34.0,73.0,-28.6684369242836,255.39810808624765,-27.927257438269308,254.9527940833167,-27.982645903335257,254.9674424281142,0.05538846506594908,-0.014648344797507207,0.05729272264143604,0.017377465903339218
34.0,78.0,-28.33857570446166,255.18677188433793,-27.57048346447286,254.74139207364107,-27.59926247425542,254.74118291755659,0.028779009782557097,0.00020915608448035528,0.028779769810271107,0.014847265495979145
34.0,83.0,-27.982645903335257,254.9674424281142,-27.189556122335887,254.52662913694692,-27.22214797006958,254.52831224533148,0.032591847733694834,-0.0016831083845545436,0.03263527834308307,0.014767852739876464
34.0,88.0,-27.59926247425542,254.74118291755659,-26.78344719842257,254.30806388229,-26.863726702129302,254.33458924239537,0.08027950370673054,-0.026525360105353002,0.08454817232866489,0.016842187557510102
34.0,93.0,-27.22214797006958,254.52831224533148,-26.387066913878073,254.1047692244692,-26.422185167472385,254.10706860745998,0.03511825359431242,-0.002299382990770482,0.03519344964127106,0.014363621051197428
34.0,98.0,-26.863726702129302,254.33458924239537,-26.012515193042294,253.92152851618778,-25.9944758148673,253.89754289253406,-0.01803937817499346,0.023985623653715038,0.03001215265518428,0.012015829934027833
34.0,103.0,-26.422185167472385,254.10706860745998,-25.553281734357537,253.70786391754496,-25.569684545963963,253.69973935111614,0.01640281160642587,0.00812456642881898,0.018304666297209345,0.013789347912544603
34.0,108.0,-25.9944758148673,253.89754289253406,-25.109835587519903,253.51032916107556,-25.156518911488355,253.51721505037565,0.04668332396845187,-0.006885889300093595,0.04718843299153487,0.013666522910748935
34.0,113.0,-25.569684545963963,253.69973935111614,-24.707579762927587,253.33779730072436,-24.693972335373964,253.31822099597787,-0.013607427553623097,0.019576304746493634,0.023841010720074142,0.012208541706158427
34.0,118.0,-25.156518911488355,253.51721505037565,-24.450111061851885,253.20736644817057,-24.26219900473101,253.0980989940268,-0.18791205712087589,0.10926745414377592,0.21737138207791176,0.020124104248847474
34.0,123.0,-24.693972335373964,253.31822099597787,-23.944112786593262,252.92106016821432,-23.849452372979048,252.84451153514982,-0.09466041361421418,0.07654863306450466,0.12173860164162509,0.020670255729808462
34.0,128.0,-24.26219900473101,253.0980989940268,-23.461509823093547,252.6049332318597,-23.46309490663594,252.58506718527343,0.0015850835423947274,0.01986604658625879,0.019929182040509717,0.010154511777247799
34.0,133.0,-23.849452372979048,252.84451153514982,-23.072330289627875,252.31301878451967,-23.052847658285728,252.28531711648728,-0.01948263134214656,0.02770166803239249,0.033866729038849734,0.007187083560345031
34.0,138.0,-23.46309490663594,252.58506718527343,-22.705999705211315,252.02158700354659,-22.65724309460587,251.96878662018838,-0.04875661060544445,0.05280038335820336,0.07186854360917701,0.010156608658952735
34.0,143.0,-23.052847658285728,252.28531711648728,-22.31983053156515,251.6884372242838,-22.296346848585618,251.65390326478524,-0.023483682979531295,0.03453395949856031,0.04176215661255213,0.007742978395388177
34.0,148.0,-22.65724309460587,251.96878662018838,-21.950068267042326,251.33968423766876,-21.924364258103957,251.30026352582507,-0.025704008938369327,0.03942071184368956,0.04706047808689343,0.008279268997713474
34.0,153.0,-22.296346848585618,251.65390326478524,-21.611452529313663,250.99351892645012,-21.583750165130937,250.9471739229959,-0.027702364182726313,0.04634500345423476,0.05399333594514632,0.010869384248800573
34.0,158.0,-21.924364258103957,251.30026352582507,-21.268079146200012,250.61634052287138,-21.246101419802443,250.56564085430384,-0.02197772639756934,0.05069966856754604,0.05525827404529961,0.014980198674443888
34.0,163.0,-21.583750165130937,250.9471739229959,-21.008678595762497,250.2882704403959,-20.942991461812912,250.19241532766225,-0.06568713394958436,0.0958551127336591,0.11620241909570184,0.013615481020917475
34.0,168.0,-21.246101419802443,250.56564085430384,-20.70511200322197,249.88764013019295,-20.667964870004045,249.82449113896553,-0.03714713321792473,0.0631489912274219,0.07326462037949323,0.009355726621598337
34.0,173.0,-20.942991461812912,250.19241532766225,-20.43304806278755,249.5049856874814,-20.42284208328785,249.47203044282853,-0.010205979499698259,0.03295524465286803,0.03449942271515058,0.009421612580977179
34.0,178.0,-20.667964870004045,249.82449113896553,-20.188322534700518,249.16774463838917,-20.185474785788653,249.14848474657737,-0.0028477489118650112,0.019259891811799434,0.019469286234149605,0.006113295886127524
34.0,183.0,-20.42284208328785,249.47203044282853,-19.983563144335086,248.87229188716472,-19.950510374280384,248.87133282089536,-0.03305277005470231,0.0009590662693597096,0.0330666813635425,-0.023435363606852607
34.0,188.0,-20.185474785788653,249.14848474657737,-19.74829119684239,248.62015403698285,-19.723339800875625,248.63622663069538,-0.024951395966766654,-0.01607259371252212,0.02967996680150072,-0.024927799613009394
34.0,193.0,-19.950510374280384,248.87133282089536,-19.50437853024412,248.40956565611208,-19.50400434127075,248.4192661792241,-0.00037418897337104795,-0.009700523112030623,0.009707737431288136,-0.0039977247544663586
34.0,198.0,-19.723339800875625,248.63622663069538,-19.286977207216616,248.21320718643412,-19.300841898352683,248.22750768997483,0.013864691136067364,-0.014300503540709997,0.019918184199780965,0.0018468389675795338
34.0,203.0,-19.50400434127075,248.4192661792241,-19.085666713662675,248.03327638196674,-19.11239202845209,248.05770638426625,0.02672531478941309,-0.024430002299510534,0.03620866557810867,0.0034645872708706227
34.0,208.0,-19.300841898352683,248.22750768997483,-18.899213108717863,247.874486367532,-18.933511307874944,247.90324653706688,0.034298199157081655,-0.028760169534876923,0.044760627979215165,0.004812446963895822
34.0,213.0,-19.11239202845209,248.05770638426625,-18.727460297743928,247.73396517538168,-18.76410073670718,247.7626769175863,0.03664043896325353,-0.028711742204620805,0.046549821781017714,0.00545670926415609
34.0,218.0,-18.933511307874944,247.90324653706688,-18.565079625367837,247.60578899044478,-18.60401003282357,247.63471284031044,0.03893040745573373,-0.028923849865662987,0.048499131082122095,0.0059168887872825815
34.0,223.0,-18.76410073670718,247.7626769175863,-18.41119386143006,247.48839276751394,-18.454603391849055,247.51938818132425,0.043409530418994535,-0.030995413810302352,0.05333950701374633,0.006489503706507915
34.0,228.0,-18.60401003282357,247.63471284031044,-18.26521365501421,247.3805839882896,-18.304412002807297,247.40728455044388,0.03919834779308573,-0.026700562154275076,0.04742816135021486,0.006041836128231504
34.0,233.0,-18.454603391849055,247.51938818132425,-18.137371107182776,247.28545164325664,-18.159050194073725,247.30143545292367,0.02167908689094844,-0.015983809667034166,0.026934457111612024,0.0022679658617320575
34.0,238.0,-18.304412002807297,247.40728455044388,-18.01892573176061,247.18483951892728,-18.028881795175533,247.1980845421725,0.009956063414922056,-0.01324502324521859,0.016569666245532234,-0.002862264438757589
34.0,243.0,-18.159050194073725,247.30143545292367,-17.895086998314508,247.08238877669388,-17.922313120976387,247.10106109482876,0.027226122661879515,-0.018672318134889565,0.03301389434359774,0.004055848807877349
34.0,248.0,-18.028881795175533,247.1980845421725,-17.794620328082555,246.98659313261325,-17.79882769454574,246.9764800353487,0.004207366463184314,0.010113097264564885,0.010953386181363179,0.010867080032990306
34.0,253.0,-17.922313120976387,247.10106109482876,-17.711517605048506,246.8852774922304,-17.698720442841662,246.8740076308488,-0.012797162206844348,0.011269861381578039,0.017052188601709442,-1.9833986869999265e-05
34.0,258.0,-17.79882769454574,246.9764800353487,-17.59706726176685,246.76139876094445,-17.59141242505301,246.76173136730014,-0.0056548367138375966,-0.0003326063556983172,0.005664609893718764,-0.004016223441727141
34.0,263.0,-17.698720442841662,246.8740076308488,-17.501826402573137,246.66145695738888,-17.490983593582463,246.65380433202074,-0.010842808990673802,0.007652625368137933,0.013271366991885383,-0.001626780854304122
34.0,268.0,-17.59141242505301,246.76173136730014,-17.400425537522892,246.55027800000096,-17.401221188783918,246.5549554934015,0.0007956512610256539,-0.004677493400549793,0.004744681806123418,-0.002817100972955733
34.0,273.0,-17.490983593582463,246.65380433202074,-17.305131527822876,246.44298940787235,-17.305756665361514,246.44729988827066,0.0006251375386376878,-0.00431048039831694,0.004355575531027852,-0.0026044807669112213
34.0,278.0,-17.401221188783918,246.5549554934015,-17.219641349949317,246.34444674859307,-17.21541190783443,246.34288927766494,-0.004229442114887405,0.0015574709281338528,0.004507093996708452,-0.0017673792727357363
34.0,283.0,-17.305756665361514,246.44729988827066,-17.128486977135545,246.23685175185832,-17.127767178238813,246.23916103168239,-0.0007197988967320157,-0.00230927982406115,0.002418860011979305,-0.0020439496119187828
34.0,288.0,-17.21541190783443,246.34288927766494,-17.04203457779226,246.13227152726313,-17.039857226362294,246.13260183212714,-0.0021773514299674446,-0.0003303048640077577,0.002202262598503743,-0.0016889646960014382
34.0,293.0,-17.127767178238813,246.23916103168239,-16.952765750633716,246.02277869991124,-16.955740895219396,246.02908657959892,0.002975144585679601,-0.006307879687682316,0.00697429791878536,-0.002329877470005459
34.0,298.0,-17.039857226362294,246.13260183212714,-16.87546748933218,245.92640614427782,-16.87463717767805,245.93712984757252,-0.000830311654130611,-0.010723703294701181,0.010755799821295025,-0.008836821240275072
34.0,303.0,-16.955740895219396,246.02908657959892,-16.897381626235703,245.94767489454551,-16.77946188203026,245.83541344614207,-0.11791974420544094,0.11226144840344432,0.1628118511384101,-0.011717061500117643
34.0,308.0,-16.87463717767805,245.93712984757252,-16.775257114624047,245.8324719462993,-16.69360258058726,245.74262811901679,-0.08165453403678669,0.08984382728252172,0.12140583276571332,0.0006175482715478076
34.0,313.0,-16.77946188203026,245.83541344614207,-16.682649084981794,245.73306535502547,-16.605834100036628,245.64763141673086,-0.07681498494516603,0.08543393829461365,0.11488907574114232,0.0012374373165259245
34.0,318.0,-16.69360258058726,245.74262811901679,-16.59925842646504,245.64224541696038,-16.517023987557295,245.55150831275282,-0.08223443890774362,0.09073710420756242,0.12245703337271184,0.000840305699155941
34.0,323.0,-16.605834100036628,245.64763141673086,-16.5125064021119,245.54830589393075,-16.4304417710565,245.45779652487974,-0.08206463105539896,0.0905093690510057,0.12217425897573475,0.0008133852983154277
34.0,328.0,-16.517023987557295,245.55150831275282,-16.424438646210767,245.45301544629035,-16.34541612026945,245.36576947736165,-0.07902252594131554,0.0872459689286984,0.1177132902456358,0.0008373800479828386
34.0,333.0,-16.4304417710565,245.45779652487974,-16.338477557311425,245.3599995818036,-16.255983155498896,245.26897229148042,-0.08249440181252865,0.0910272903231828,0.12284662760527021,0.00085683789564861
34.0,338.0,-16.34541612026945,245.36576947736165,-16.254140373152747,245.26866326048741,-16.171036087065374,245.1770306658676,-0.08310428608737297,0.0916325946198242,0.12370470792517545,0.0008206666262682294
34.0,343.0,-16.255983155498896,245.26897229148042,-16.165148138921904,245.17237573691233,-16.085372948394713,245.08431312180159,-0.07977519052719018,0.08806261511074354,0.11882384105806565,0.0008463681387067545
34.0,348.0,-16.171036087065374,245.1770306658676,-16.080629648758304,245.0808930822304,-15.999115393074764,244.9909522473774,-0.08151425568354043,0.08994083485299598,0.12138339117727556,0.0008453050803949315
34.0,353.0,-16.085372948394713,245.08431312180159,-15.979646274477968,244.97209069027488,-15.913791305463606,244.89927059249953,-0.06585496901436194,0.07282009777534881,0.09818168660139187,0.0005875850164325236
34.0,358.0,-15.999115393074764,244.9909522473774,-15.828218701240816,244.81448030881623,-15.823253550774862,244.81179579309347,-0.004965150465954693,0.002684515722762626,0.005644408189999183,-0.002236858716265888
34.0,363.0,-15.913791305463606,244.89927059249953,-15.724695069224197,244.71488623636745,-15.72726917370553,244.7259451153026,0.002574104481332995,-0.011058878935159555,0.011354506470266963,-0.005530495529609825
34.0,368.0,-15.823253550774862,244.81179579309347,-15.608965166132524,244.62251880066808,-15.635575447523712,244.64492348412713,0.026610281391187485,-0.022404683459058106,0.034786159842942865,0.003812035574160433
34.0,373.0,-15.72726917370553,244.7259451153026,-15.511948012161737,244.53989930051986,-15.537911792610217,244.5603296069519,0.025963780448480023,-0.02043030643204702,0.03303808886851985,0.004296981937937372
34.0,378.0,-15.635575447523712,244.64492348412713,-15.420532106183218,244.46232459013765,-15.450389812271183,244.4861425235141,0.029857706087964786,-0.02381793337644922,0.03819393359108569,0.004316504163767498
34.0,383.0,-15.537911792610217,244.5603296069519,-15.321185418519807,244.38043884280367,-15.350304752902636,244.40311273766704,0.029119334382828654,-0.02267389486337379,0.0369058415860459,0.004198213048534183
34.0,388.0,-15.450389812271183,244.4861425235141,-15.232199467753276,244.30865853771417,-15.251099766541717,244.32264863555406,0.01890029878844146,-0.013990097839894133,0.023514764125165538,0.0030534520227507578
34.0,393.0,-15.350304752902636,244.40311273766704,-15.130500097168301,244.22835458733744,-15.158303251854036,244.24900133452465,0.02780315468573491,-0.020646747187214487,0.03463096273411486,0.004004854580574202
34.0,398.0,-15.251099766541717,244.32264863555406,-15.029685950653079,244.15054121824897,-15.05418946953633,244.16818546299413,0.024503518883252084,-0.017644244745156357,0.030195062680658056,0.003617367374039615
34.0,403.0,-15.158303251854036,244.24900133452465,-14.935384284846016,244.07933598134468,-14.958971526193439,244.0959136525207,0.02358724134742296,-0.016577671176008835,0.0288301428369936,0.0034960062391602435
34.0,408.0,-15.05418946953633,244.16818546299413,-14.829589654392056,244.0012249222414,-14.855976779009486,244.0194569217847,0.026387124617430757,-0.018231999543303345,0.032073137559690566,0.003771760313902583
34.0,413.0,-14.958971526193439,244.0959136525207,-14.739171696156667,243.9357819381062,-14.758036317662347,243.9478082826152,0.01886462150567958,-0.01202634450899609,0.022372011684281073,0.0035566258724644135
34.0,418.0,-14.855976779009486,244.0194569217847,-14.65005367944789,243.86723652649192,-14.659382143564637,243.868995064818,0.009328464116746815,-0.001758538326072312,0.00949277092432437,0.00526853048024023
34.0,423.0,-14.758036317662347,243.9478082826152,-14.558831575091714,243.7923538850726,-14.567460564731622,243.78614359259777,0.008628989639907658,0.006210292474833068,0.010631424872922816,0.010844878726163463
34.0,428.0,-14.659382143564637,243.868995064818,-14.513964963926744,243.74109853925899,-14.480611625997447,243.70611289330458,-0.033353337929296956,0.03498564595440712,0.04833674144864342,0.005566422842024243
34.0,433.0,-14.567460564731622,243.78614359259777,-14.447745980548996,243.6682865785513,-14.386227009373881,243.61896158461434,-0.061518971175114956,0.04932499393694911,0.07885137184174217,-0.0024245519112155996
34.0,438.0,-14.480611625997447,243.70611289330458,-14.356624162963453,243.58563148039326,-14.296860512907697,243.53556159917562,-0.059763650055755235,0.05006988121763811,0.07796593405542682,-0.001033427140158083
34.0,443.0,-14.386227009373881,243.61896158461434,-14.261845541934347,243.49724941390414,-14.205017521638787,243.44890858328918,-0.05682802029556022,0.048340830614961305,0.07460737091773832,-0.0008217799140888271
34.0,448.0,-14.296860512907697,243.53556159917562,-14.17323267769365,243.41318928744863,-14.115584879522478,243.36362586827784,-0.05764779817117116,0.04956341917079499,0.07602500347835582,-0.000838840786651196
34.0,453.0,-14.205017521638787,243.44890858328918,-14.081986650549698,243.325796026772,-14.028070194327862,243.2792941068117,-0.053916456221836384,0.04650191996029207,0.07119980906936907,-0.0010587077526492683
34.0,458.0,-14.115584879522478,243.36362586827784,-13.993140152521358,243.23980540993142,-13.936258870612798,243.18987625846216,-0.056881281908559345,0.04992915146925725,0.07568619687896225,-0.0008671239897866113
34.0,463.0,-14.028070194327862,243.2792941068117,-13.906236506912403,243.1548079675117,-13.847888723318485,243.10287900318033,-0.05834778359391812,0.051928964331352745,0.07810941804193401,-0.0007653194597019296
34.0,468.0,-13.936258870612798,243.18987625846216,-13.815095242319153,243.06471529078485,-13.761950016908443,243.0173869257808,-0.05314522541070943,0.04732836500403437,0.07116452148304112,-0.001062923596779508
34.0,473.0,-13.847888723318485,243.10287900318033,-13.724064736201433,242.97338412928502,-13.6750776442015,242.92942273920147,-0.04898709199993334,0.04396139008355249,0.06582050592853415,-0.0008599905334457648
34.0,478.0,-13.761950016908443,243.0173869257808,-13.610745134623155,242.85767717338925,-13.591358385571942,242.83686072509698,-0.01938674905121296,0.020816448292265477,0.02844592340352601,0.002554415759175477
34.0,483.0,-13.6750776442015,242.92942273920147,-13.498399907685476,242.73651444815616,-13.50979677512597,242.7443507626302,0.011396867440494063,-0.007836314474047867,0.013830994613272243,0.002446094156802525
34.0,488.0,-13.591358385571942,242.83686072509698,-13.423424535815304,242.64179771747646,-13.427550498839087,242.64960544298165,0.004125963023783541,-0.007807725505188046,0.00883086340274794,-0.0025649103440275045
34.0,493.0,-13.50979677512597,242.7443507626302,-13.342348118974021,242.54746707929746,-13.348172320626333,242.556158677173,0.005824201652311345,-0.008691597875525758,0.010462561756884882,-0.0018533707276903177
34.0,498.0,-13.427550498839087,242.64960544298165,-13.262039303206578,242.45089455924412,-13.26642145057504,242.45777608377102,0.004382147368461986,-0.006881524526903604,0.00815834513693152,-0.00150670643692552
34.0,503.0,-13.348172320626333,242.556158677173,-13.18481744412157,242.35570806249103,-13.18896980292811,242.36250231864386,0.0041523588065395245,-0.006794256152829803,0.007962662891803972,-0.0015303259660892632
34.0,508.0,-13.26642145057504,242.45777608377102,-13.105292959534735,242.25556652536588,-13.111765595537966,242.26545666747705,0.006472636003231003,-0.009890142111174782,0.011819895422953409,-0.001865626105033158
34.0,513.0,-13.18896980292811,242.36250231864386,-13.030011075101163,242.1586581929418,-13.034757188437704,242.16650184278038,0.004746113336540958,-0.007843649838576994,0.009167793332831017,-0.0016319312460406632
34.0,518.0,-13.111765595537966,242.26545666747705,-12.955036392739883,242.0600155222361,-12.960529130012404,242.0690045193805,0.0054927372725206425,-0.008988997144399491,0.010534335878780384,-0.0017440213518937764
34.0,523.0,-13.034757188437704,242.16650184278038,-12.880317191473203,241.9595013669968,-12.885622157055073,241.96840213520647,0.005304965581869325,-0.008900768209684884,0.01036177275119249,-0.0017125866755122177
34.0,528.0,-12.960529130012404,242.0690045193805,-12.808359028638787,241.86053518327805,-12.812323820589423,241.86769481856857,0.0039647919506364815,-0.0071596352905203275,0.008184128096816175,-0.0014877151342528319
34.0,533.0,-12.885622157055073,241.96840213520647,-12.720523969482194,241.74156249263635,-12.741556206309571,241.76896360766122,0.021032236827377204,-0.027401115024872524,0.03454238107845457,-0.0015915463877580473
34.0,538.0,-12.812323820589423,241.86769481856857,-12.634136046504523,241.62958958493215,-12.666589866802225,241.67292477434353,0.03245382029770205,-0.043335189411379815,0.05414045708373455,-0.003021092381237711
34.0,543.0,-12.741556206309571,241.76896360766122,-12.66273951725373,241.66113080840898,-12.583809594738703,241.5796438102966,-0.07892992251502662,0.08148699811238203,0.11344630240600818,-0.010269617317810398
34.0,548.0,-12.666589866802225,241.67292477434353,-12.569299257355068,241.56302757350159,-12.500396056880813,241.48759165428584,-0.06890320047425469,0.07543591921574944,0.10216765115984808,-0.0056790799873803754
34.0,553.0,-12.583809594738703,241.5796438102966,-12.447173030367058,241.44308936313186,-12.419498653987956,241.39839710876365,-0.027674376379101417,0.04469225436821489,0.05256680234221394,0.00716075207888911
34.0,558.0,-12.500396056880813,241.48759165428584,-12.380839294125062,241.36576933129663,-12.339211347580376,241.3108233577854,-0.04162794654468627,0.054945973511223656,0.06893435963743588,0.0033877349331289386
34.0,563.0,-12.419498653987956,241.39839710876365,-12.30065911056137,241.27844319859344,-12.258599026407326,241.2238301132277,-0.042060084154043054,0.054613085365730285,0.06893213889188211,0.0031962698872887163
34.0,568.0,-12.339211347580376,241.3108233577854,-12.220086668401159,241.19204209889128,-12.173475189164366,241.13292820975403,-0.046611479236792874,0.05911388913725091,0.07528002315072149,0.003046800119401616
34.0,573.0,-12.258599026407326,241.2238301132277,-12.13984723461629,241.1066867333896,-12.093625417276531,241.04854498376562,-0.0462218173397595,0.058141749623985106,0.07427596816957867,0.003088274662697898
34.0,578.0,-12.173475189164366,241.13292820975403,-12.055040307050772,241.01738346162435,-12.01010904824529,240.96118685552742,-0.04493125880548199,0.056196606096932555,0.0719505146240039,0.003170322788569324
34.0,583.0,-12.093625417276531,241.04854498376562,-11.975351286851517,240.93433989235754,-11.931894923641732,240.88019841946425,-0.043456363209784854,0.054141472893292075,0.06942445239593772,0.0032661453743952906
34.0,588.0,-12.01010904824529,240.96118685552742,-11.89188852242767,240.84824719263338,-11.847262364428149,240.79344831865862,-0.044626157999521965,0.05479887397476091,0.07067114380495074,0.0032002232528162144
34.0,593.0,-11.931894923641732,240.88019841946425,-11.8136348076279,240.76833747845683,-11.766223975655091,240.71122839397145,-0.047410831972808154,0.05710908448537566,0.07422421787470464,0.0030368268937061016
34.0,598.0,-11.847262364428149,240.79344831865862,-11.728875575557229,240.68265591598865,-11.679665276836047,240.62430671427938,-0.049210298721181545,0.05834920170926239,0.07633009131617825,0.002937476445961096
34.0,603.0,-11.766223975655091,240.71122839397145,-11.647646758101002,240.6013779606828,-11.601588650550257,240.54668885901887,-0.046058107550745575,0.054689101663939255,0.0714999798039463,0.0031413147110910256
34.0,608.0,-11.679665276836047,240.62430671427938,-11.560821710113686,240.5153885710768,-11.515886476825887,240.46233573418476,-0.04493523328779858,0.05305283689204998,0.06952538164529082,0.003222152446164861
34.0,613.0,-11.601588650550257,240.54668885901887,-11.482457420884248,240.43855605587598,-11.431884742066611,240.3805013462509,-0.050572678817637495,0.05805470962508252,0.07699315003586078,0.002894337091967847
34.0,618.0,-11.515886476825887,240.46233573418476,-11.396396058855279,240.3550139313478,-11.34466279722799,240.2964028726173,-0.051733261627289195,0.05861105873049155,0.07817663694548828,0.0028402181234001844
34.0,623.0,-11.431884742066611,240.3805013462509,-11.312005266289288,240.27393075832748,-11.260780503472537,240.21635077099359,-0.05122476281675148,0.05757998733389513,0.07706770573336129,0.0028865472198270625
34.0,628.0,-11.34466279722799,240.2964028726173,-11.224347118420965,240.19057394444832,-11.175558359918828,240.13583757446088,-0.0487887585021376,0.05473636998743814,0.07332402850076926,0.003048004612403954
34.0,633.0,-11.260780503472537,240.21635077099359,-11.14001961036969,240.111204161586,-11.090025480678849,240.0558469629062,-0.04999412969084105,0.05535719867978628,0.07459110167585653,0.0029924882135518027
34.0,638.0,-11.175558359918828,240.13583757446088,-11.054323929885875,240.0313582514187,-11.004493944919975,239.9766651215315,-0.049829984965899854,0.05469312988719821,0.07398895767991154,0.003018669689404674
34.0,643.0,-11.090025480678849,240.0558469629062,-10.96829816953902,239.9520153625187,-10.918397194617901,239.8977619407903,-0.049900974921119,0.054253421728390094,0.07371255705316902,0.003031145313969863
34.0,648.0,-11.004493944919975,239.9766651215315,-10.882259457368756,239.87346284398475,-10.832643433091906,239.81996392273805,-0.0496160242768493,0.05349892124669964,0.0729649535023594,0.00306445426964308
34.0,653.0,-10.918397194617901,239.8977619407903,-10.796436018502163,239.795768014291,-10.744929261636399,239.7408978355659,-0.05150675686576456,0.05487017872511046,0.07525744159984811,0.0031586355117537712
34.0,658.0,-10.832643433091906,239.81996392273805,-10.703385729078912,239.70840623693098,-10.665350660993736,239.66306952757114,-0.03803506808517554,0.04533670935984446,0.05917840501249545,0.006710175547499531
34.0,663.0,-10.744929261636399,239.7408978355659,-10.584709117107828,239.58810024857297,-10.584153343711842,239.57633105535598,-0.0005557733959857813,0.01176919321699188,0.011782308476973993,0.008610100748419391
34.0,668.0,-10.665350660993736,239.66306952757114,-10.556055549933543,239.54289968253033,-10.505554796197064,239.4928038802932,-0.050500753736479,0.05009580223713783,0.07113308322949963,0.0006090963213738476
34.0,673.0,-10.584153343711842,239.57633105535598,-10.477955698828065,239.4560783112809,-10.422045136309801,239.40348841319442,-0.05591056251826387,0.052589898086466746,0.07675733438475865,-0.0018920216603337538
34.0,678.0,-10.505554796197064,239.4928038802932,-10.395898335746462,239.36912894972085,-10.3402034507972,239.31497773417126,-0.05569488494926311,0.05415121554958091,0.07768059188116958,-0.0009657647221983368
34.0,683.0,-10.422045136309801,239.40348841319442,-10.312168180834632,239.27809591006974,-10.26048024162652,239.2278600301438,-0.051687939208111544,0.05023587992593548,0.07207833718610913,-0.0012982898385183186
34.0,688.0,-10.3402034507972,239.31497773417126,-10.230223176271565,239.18804347839355,-10.17776035572512,239.13652529518194,-0.052462820546445244,0.05151818321161272,0.07352870691854857,-0.0013360301397571384
34.0,693.0,-10.26048024162652,239.2278600301438,-10.15040815200947,239.09948570579823,-10.093836180869227,239.0428589217808,-0.056571971140243704,0.056626784017424825,0.08004361677765845,-0.00110427997282736
34.0,698.0,-10.17776035572512,239.13652529518194,-10.067718805883322,239.00677694211345,-10.012749572250023,238.95138834518622,-0.0549692336332992,0.05538859692723008,0.07803533376490034,-0.001234959092275334
34.0,703.0,-10.093836180869227,239.0428589217808,-9.98393635491806,238.9118243790336,-9.933366653821889,238.86089356537354,-0.05056970109617076,0.05093081366004526,0.0717721565025763,-0.001544195860622932
34.0,708.0,-10.012749572250023,238.95138834518622,-9.903074584004436,238.81919837740438,-9.84964447931238,238.76442201924533,-0.053430104692056446,0.05477635815904591,0.07651944524480157,-0.0013735635046485672
34.0,713.0,-9.933366653821889,238.86089356537354,-9.823897280143067,238.7274753104469,-9.76876718495988,238.66991690020038,-0.0551300951831859,0.05755841024651431,0.07970130478864935,-0.0010472154754771479
34.0,718.0,-9.84964447931238,238.76442201924533,-9.723639315137751,238.6092481280871,-9.691674113492965,238.57205369956924,-0.03196520164478578,0.03719442851786425,0.04904283463424937,0.0022538927292672373
34.0,723.0,-9.76876718495988,238.66991690020038,-9.603518848031909,238.46108261641442,-9.616144472791518,238.47271163664067,0.012625624759609266,-0.011629020226251896,0.017165095746689975,0.001854993812309469
34.0,728.0,-9.691674113492965,238.57205369956924,-9.537603936983585,238.3645777678329,-9.541352900103616,238.37274302199387,0.00374896312003159,-0.008165254160957147,0.008984770447172538,-0.002467270248646014
34.0,733.0,-9.616144472791518,238.47271163664067,-9.46306763640111,238.2635912372102,-9.469556762215223,238.2746180880606,0.006489125814113095,-0.011026850850413439,0.012794537643410665,-0.0021289310400022243
34.0,738.0,-9.541352900103616,238.37274302199387,-9.390570244142367,238.1621893727666,-9.399549089213474,238.17679812034274,0.008978845071107244,-0.014608747576147607,0.017147453588056315,-0.002402845559435041
34.0,743.0,-9.469556762215223,238.2746180880606,-9.321148059411406,238.06224831755662,-9.328623043818522,238.07546400202756,0.007474984407116025,-0.013215684470935685,0.015183204797471393,-0.0024962861508733836
34.0,748.0,-9.399549089213474,238.17679812034274,-9.253273803114714,237.962486144173,-9.253393833530913,237.96541531663797,0.00012003041619834676,-0.002929172464973817,0.002931630711800778,-0.0015879143383509264
34.0,753.0,-9.328623043818522,238.07546400202756,-9.184477167821722,237.85935472939875,-9.182503047878834,237.85916960943197,-0.0019741199428882084,0.00018511996677261777,0.001982780610911565,-0.0012764150189521486
34.0,758.0,-9.253393833530913,237.96541531663797,-9.11161874694745,237.7474656697689,-9.114179531335871,237.75432965933604,0.0025607843884216663,-0.006863989567136741,0.007326115577968051,-0.0020123789263166714
34.0,763.0,-9.182503047878834,237.85916960943197,-9.043052019863698,237.63953540209494,-9.0473977160715,237.64940759519766,0.004345696207801453,-0.009872193102722804,0.010786346563500896,-0.002324813245776603
34.0,768.0,-9.114179531335871,237.75432965933604,-8.977051521433644,237.53312116716077,-8.983601855006153,237.54680948372402,0.006550333572509004,-0.013688316563246872,0.015174876613890382,-0.002710846865174643
34.0,773.0,-9.0473977160715,237.64940759519766,-8.908924681996169,237.42173654616516,-8.915704170532111,237.43521057332782,0.006779488535942235,-0.01347402716265833,0.015083463554138574,-0.0022363268147833626
34.0,778.0,-8.983601855006153,237.54680948372402,-8.795058549561322,237.2559374192635,-8.845460358984727,237.32820758917612,0.05040180942340555,-0.07227016991262758,0.08810970350848624,-0.00016345137461104553
34.0,783.0,-8.915704170532111,237.43521057332782,-8.749196081405167,237.2006133434002,-8.771032461768405,237.22970998620767,0.021836380363238206,-0.029096642807473927,0.036379144163019274,0.0012764725741811755
34.0,788.0,-8.845460358984727,237.32820758917612,-8.68741586321364,237.1187031412309,-8.693498934056182,237.13839467911208,0.006083070842541005,-0.019691537881186605,0.02060971651919501,-0.006310866288894212
34.0,793.0,-8.771032461768405,237.22970998620767,-8.600073595095052,237.02694324441717,-8.608220946626888,237.03926067725507,0.008147351531835767,-0.012317432837903652,0.014768157931833403,-0.00026122627779967544
34.0,798.0,-8.693498934056182,237.13839467911208,-8.538195738475505,236.9656197818116,-8.522731826151624,236.941681109624,-0.01546391232388089,0.023938672187597376,0.02849899314828374,0.003340939833306855
34.0,803.0,-8.608220946626888,237.03926067725507,-8.403553199635306,236.81495218269794,-8.429746015293267,236.83818731613258,0.026192815657960722,-0.02323513343463901,0.035013354849505525,0.008778216372784309
34.0,808.0,-8.522731826151624,236.941681109624,-8.302726769705632,236.70602679397982,-8.315106955806835,236.71412276459645,0.012380186101202284,-0.008095970616636805,0.014792354380755239,0.006736996584744027
34.0,813.0,-8.429746015293267,236.83818731613258,-8.183269608359417,236.58064852802858,-8.186802392221404,236.57964177006053,0.0035327838619867435,0.0010067579680423933,0.0036734348261172156,0.005297250279382659
34.0,818.0,-8.315106955806835,236.71412276459645,-8.026633477147175,236.4215931968194,-8.025901098077066,236.41715876344242,-0.000732379070109701,0.00443443337698568,0.004494505365138568,0.004147852454690293
34.0,823.0,-8.186802392221404,236.57964177006053,-7.843908140375209,236.24330924829292,-7.837831101362513,236.23538196485194,-0.006077039012696517,0.007927283440977817,0.009988604803246376,0.002545488214241387
34.0,828.0,-8.025901098077066,236.41715876344242,-7.6124736161247935,236.02805404877347,-7.628140263912458,236.04229119512092,0.0156666477876648,-0.014237146347454654,0.021169321883838976,0.003743020213319292
34.0,833.0,-7.837831101362513,236.23538196485194,-7.368482755680642,235.81186365421465,-7.37937325514614,235.82457387818644,0.010890499465498138,-0.012710223971794221,0.016737764845438225,0.0013424501998658966
34.0,838.0,-7.628140263912458,236.04229119512092,-7.227140361117365,235.67598763418593,-7.123800958338636,235.5911078638997,-0.10333940277872866,0.0848797702862214,0.1337296061854144,-0.009856214281925735
34.0,843.0,-7.37937325514614,235.82457387818644,-7.0806123724016325,235.5285733419056,-6.873525228432223,235.33068147194467,-0.2070871439694093,0.19789186996092667,0.2864372137031765,-0.0016918684991298336
34.0,848.0,-7.123800958338636,235.5911078638997,-6.700423445701072,235.12953111818226,-6.62656901941336,235.03118298349062,-0.07385442628771255,0.0983481346916335,0.12299118618669735,0.014023039809952231
34.0,853.0,-6.873525228432223,235.33068147194467,-6.335982040203818,234.67323101290043,-6.388968310977854,234.7242623806901,0.052986270774036726,-0.051031367789676096,0.07356456612408402,-0.0003177412241371913
34.0,858.0,-6.62656901941336,235.03118298349062,-6.0986877349458055,234.33022349676628,-6.142046999071053,234.38306018680328,0.0433592641252476,-0.052836690036997425,0.06835013971857502,-0.004420962910142823
34.0,863.0,-6.388968310977854,234.7242623806901,-5.877796313682392,233.99699920265283,-5.902997336123968,234.02587743797503,0.025201022441575738,-0.028878235322196133,0.03832810988589106,-0.0017150456635652842
34.0,868.0,-6.142046999071053,234.38306018680328,-5.651042952643927,233.62841609361473,-5.6750648048170165,233.65639094261115,0.02402185217308972,-0.027974848996421997,0.03687331769990854,-0.0009995118429421135
34.0,873.0,-5.902997336123968,234.02587743797503,-5.4354598540259085,233.2459905800887,-5.454475023839557,233.2665073312718,0.019015169813648924,-0.02051675118312346,0.027973447448466256,0.00012737976317334085
34.0,878.0,-5.6750648048170165,233.65639094261115,-5.233446251966086,232.85353636603097,-5.240120662848887,232.85030780610563,0.006674410882800963,0.0032285599253327746,0.0074142673153803065,0.0027028696467767954
34.0,883.0,-5.454475023839557,233.2665073312718,-5.041426501423175,232.4422464666548,-5.049555763547372,232.4414658310969,0.008129262124196401,0.0007806355579020874,0.00816665748994993,0.002691223062931014
34.0,888.0,-5.240120662848887,232.85030780610563,-4.8585378602921585,232.005944999738,-4.864702137230224,231.99977164147077,0.006164276938065427,0.006173358267233198,0.008724027880788882,0.003360675056141682
34.0,893.0,-5.049555763547372,232.4414658310969,-4.696768232936508,231.57638043623126,-4.703153238634603,231.56674765233385,0.006385005698095192,0.009632783897416175,0.011556765264511883,0.005049380215322419
34.0,898.0,-4.864702137230224,231.99977164147077,-4.535806650786872,231.15865563668103,-4.528342051970109,231.1115609335033,-0.0074645988167629795,0.04709470317772002,0.04768261006795634,0.008195334399688337
34.0,903.0,-4.703153238634603,231.56674765233385,-4.404134554989242,230.8596524855228,-4.329584236604348,230.68079865367656,-0.0745503183848939,0.17885383184622583,0.19376904586999202,-0.0009144136639522848
34.0,908.0,-4.528342051970109,231.1115609335033,-4.170612218660252,230.33623051522054,-4.092895774048624,230.2636074900633,-0.07771644461162808,0.07262302515724173,0.10636705103584294,-0.033289570708546545
34.0,913.0,-4.329584236604348,230.68079865367656,-3.8869909832096377,229.88707348691736,-3.8355325544268544,229.8505965592831,-0.05145842878278328,0.03647692763425425,0.06307563826413015,-0.0200566148865835
34.0,918.0,-4.092895774048624,230.2636074900633,-3.6098671476515656,229.491754642603,-3.5655744992946112,229.45140114554704,-0.044292648356954345,0.040353497055974685,0.05991864003062292,-0.012313106024394394
34.0,923.0,-3.8355325544268544,229.8505965592831,-3.3193774829490845,229.09634065541715,-3.278781016024725,229.0632181129041,-0.040596466924359476,0.03312254251304125,0.0523944267004501,-0.01131216039625782
34.0,928.0,-3.5655744992946112,229.45140114554704,-3.0179975993322654,228.71645020051534,-2.9895439105754886,228.7032823794832,-0.028453688756776785,0.013167821032141092,0.0313528932413266,-0.010292352927572024
34.0,933.0,-3.278781016024725,229.0632181129041,-2.6998950476667405,228.35004169040394,-2.63858568093852,228.30269140589513,-0.061309366728220294,0.04735028450880918,0.07746539802828473,-0.01442032421442041
34.0,938.0,-2.9895439105754886,228.7032823794832,-2.3817413690183167,228.01220529272666,-2.305026963824965,227.9538465555418,-0.07671440519335171,0.058358737184875054,0.09638901477856834,-0.01614395696724702
34.0,943.0,-2.63858568093852,228.30269140589513,-1.9987055979756951,227.63876637464315,-1.9466578366172271,227.6092250775492,-0.052047761358468,0.029541297093942376,0.059846952273450015,-0.013065699749220672
34.0,948.0,-2.305026963824965,227.9538465555418,-1.6372992279053995,227.31599745399336,-1.556382578714348,227.26540517477616,-0.08091664919105157,0.050592279217198666,0.09543103705136342,-0.01624960238924189
34.0,953.0,-1.9466578366172271,227.6092250775492,-1.2440344194989492,226.98915105510108,-1.1737791313600388,226.95617029354642,-0.07025528813891047,0.03298076155465424,0.07761144338437659,-0.017992995202661954
34.0,958.0,-1.556382578714348,227.26540517477616,-0.8509839724112475,226.67311740245066,-0.7830110486095173,226.63328060537378,-0.06797292380173015,0.039836797076873154,0.0787863488905266,-0.0075731598521662224
34.0,963.0,-1.1737791313600388,226.95617029354642,-0.5209994371517068,226.42409759360103,-0.45273793525682166,226.3236498326003,-0.06826150189488517,0.10044776100073705,0.12144704743634817,0.030375166542279675
34.0,968.0,-0.7830110486095173,226.63328060537378,-0.01828852914544421,225.95047223934165,-0.1068440835074492,225.97533241149384,0.08855555436200499,-0.024860172152187943,0.09197888000948065,0.030394704274207762
34.0,973.0,-0.45273793525682166,226.3236498326003,0.22510421996832888,225.61605011028107,0.17993362877155422,225.67711836923198,0.04517059119677466,-0.06106825895091106,0.07595863716761686,-0.012374618123106473
34.0,978.0,-0.1068440835074492,225.97533241149384,0.5546938455926763,225.2622456328968,0.46142940213493333,225.3736332081184,0.09326444345774298,-0.11138757522161313,0.14527714316861087,-0.012507168727246443
34.0,983.0,0.17993362877155422,225.67711836923198,0.8040010453772761,224.97916539765956,0.7019216378327662,225.1052294520665,0.10207940754450995,-0.12606405440695312,0.16221082349263072,-0.013750305191709056
34.0,988.0,0.46142940213493333,225.3736332081184,1.031088501125064,224.70936427517108,0.9213991411500094,224.85275417009325,0.10968935997505447,-0.1433898949221657,0.18053370227613125,-0.016900574962318893
34.0,993.0,0.7019216378327662,225.1052294520665,1.2100897793593168,224.4905465876133,1.1170286155154847,224.6214156296832,0.09306116384383212,-0.1308690420699179,0.16058358069325304,-0.018122420575632847
34.0,998.0,0.9213991411500094,224.85275417009325,1.3652305552293218,224.29771847188533,1.293310095239242,224.40761874022655,0.07192045999007979,-0.10990026834122091,0.13134162153200726,-0.018186390890518433
34.0,1003.0,1.1170286155154847,224.6214156296832,1.498602230650802,224.1297954732898,1.456559571897836,224.20491359415647,0.04204265875296609,-0.07511812086667646,0.08608319950814428,-0.01681769897924601
34.0,1008.0,1.293310095239242,224.40761874022655,1.6186036247025737,223.97721053923854,1.6047495113443662,224.01680773459782,0.01385411335820752,-0.03959719535927775,0.04195085621608779,-0.014758482302029917
34.0,1013.0,1.456559571897836,224.20491359415647,1.7359883204257,223.8269232433995,1.7416351000567312,223.84004407351472,-0.005646779631031107,-0.013120830115212812,0.014284337685510773,-0.012665637922693597
34.0,1018.0,1.6047495113443662,224.01680773459782,1.8937685642076556,223.63997293676906,1.8741928446480123,223.68179115862785,0.019575719559643323,-0.04181822185879014,0.046173287469150344,-0.010951882285019199
34.0,1023.0,1.7416351000567312,223.84004407351472,2.0162920719209403,223.51552661427127,2.0148785994075444,223.53658813696032,0.0014134725133958526,-0.02106152268905248,0.021108899604849088,-0.011941711902466734
34.0,1028.0,1.8741928446480123,223.68179115862785,2.149300745703586,223.3934549182219,2.1421703805357897,223.4124652303003,0.007130365167796526,-0.01901031207842152,0.020303548279675284,-0.006050813596013227
34.0,1033.0,2.0148785994075444,223.53658813696032,2.3166405151107123,223.2498559758752,2.2735379802473243,223.2869077028766,0.043102534863388,-0.037051727001397694,0.0568388862086132,0.007690005265990174
34.0,1038.0,2.1421703805357897,223.4124652303003,2.428044250730301,223.14674344370118,2.396911877223304,223.1724296968418,0.031132373506996824,-0.025686253140605686,0.04036097472289827,0.005738121559090037
34.0,1043.0,2.2735379802473243,223.2869077028766,2.5495609893797604,223.0373634092973,2.5180304123854036,223.06326461642342,0.031530576994356796,-0.025901207126111103,0.04080502194812264,0.005306939199483329
34.0,1048.0,2.396911877223304,223.1724296968418,2.6664634446135174,222.9355840877388,2.6391476865837284,222.95712646254407,0.027315758029788917,-0.02154237480527854,0.03478828177695871,0.004756775679866987
34.0,1053.0,2.5180304123854036,223.06326461642342,2.7818554975402026,222.8377135391912,2.75513856662242,222.85821803593555,0.026716930917782378,-0.020504496744337075,0.03367831326542477,0.004596350758634515
34.0,1058.0,2.6391476865837284,222.95712646254407,2.898059862277877,222.74169842412923,2.8674868433471943,222.76487923820414,0.03057301893068276,-0.023180814074919454,0.0383674292559701,0.0049209697528755925
34.0,1063.0,2.75513856662242,222.85821803593555,3.010126289641197,222.6514730467241,2.9817170463039164,222.6723889666124,0.028409243337280454,-0.020915919888295775,0.03527833346078611,0.004581830679625254
34.0,1068.0,2.8674868433471943,222.76487923820414,3.119339692803813,222.56571351249733,3.087624962586353,222.58874449427353,0.03171473021745985,-0.023030981776201997,0.039195028183967535,0.004853285933504425
34.0,1073.0,2.9817170463039164,222.6723889666124,3.2284620798405044,222.48168420024334,3.2030109244929514,222.49956742703768,0.025451155347552934,-0.01788322679433918,0.031105805070807006,0.003994443476737719
34.0,1078.0,3.087624962586353,222.58874449427353,3.325577825460412,222.39712912698306,3.3017438493270723,222.41780616668368,0.023833976133339707,-0.020677039700615296,0.03155310427050607,0.0009208547711027082
34.0,1083.0,3.2030109244929514,222.49956742703768,3.4507240939282373,222.27740978907426,3.4035267804360343,222.32118035202274,0.04719731349220302,-0.04377056294848103,0.06436962468205193,-0.000545266695135216
34.0,1088.0,3.3017438493270723,222.41780616668368,3.511711256493807,222.21975762745464,3.4868744697696386,222.2325005456178,0.024836786724168558,-0.012742918163155537,0.027915012772605257,0.00766936246071126
