timestamp,x,y,yaw,speed,nearest_path_index,reference_x,reference_y,reference_yaw,reference_speed,cte,heading_error,speed_error,steering_command,acceleration_command,solver_status,solver_time_ms,iteration_count,state_valid,fallback_active
1640.617,-0.01523783742633337,-1.4998343110949732,-0.17453633234644045,0.00011037144400527992,0,nan,nan,nan,2.0,0.5001593927246125,-0.17458160843488635,1.9998896285559946,0.0,-1.0,SOLVER_EXCEPTION,0.0,0,True,True
1640.719,-0.015302663346889218,-1.4998228623133532,-0.1745363505402871,9.695077536084836e-05,0,nan,nan,nan,2.0,0.500170722951805,-0.17458162644988517,1.9999030492246392,0.0,-1.0,SOLVER_EXCEPTION,0.0,0,True,True
1640.82,-0.015368792410886886,-1.4998111837451145,-0.17453636873123635,8.427673377042946e-05,0,nan,nan,nan,2.0,0.5001820457419018,-0.17458164410093158,1.9999157232662295,0.0,-1.0,SOLVER_EXCEPTION,0.0,0,True,True
1640.918,-0.015434135486649698,-1.4997996443049477,-0.17453638638543548,7.266316939013432e-05,0,nan,nan,nan,2.0,0.5001940486360297,-0.17458166247293017,1.9999273368306099,0.0,-1.0,SOLVER_EXCEPTION,0.0,0,True,True
1641.02,-0.015503310843229551,-1.4997874284019501,-0.17453640475788895,6.126439357129655e-05,0,nan,nan,nan,2.0,0.5002057789159615,-0.17458168012564013,1.9999387356064287,0.0,-1.0,SOLVER_EXCEPTION,0.0,0,True,True
1641.115,-0.015569444119424038,-1.4997757499786852,-0.17453642204849393,5.115969722023151e-05,0,nan,nan,nan,2.0,0.5002181828009866,-0.1745816985006332,1.9999488403027799,0.0,-1.0,SOLVER_EXCEPTION,0.0,0,True,True
1641.215,-0.01563933406570402,-1.4997634084256712,-0.17453644006169602,4.1269329822849676e-05,0,nan,nan,nan,2.0,0.5002302772037633,-0.17458171615360518,1.9999587306701772,0.0,-1.0,SOLVER_EXCEPTION,0.0,0,True,True
1641.321,-0.015713043255737184,-1.4997503927088063,-0.1745364587940918,3.168820967166575e-05,0,nan,nan,nan,2.0,0.5002430391554311,-0.17458173452424175,1.9999683117903284,0.0,-1.0,SOLVER_EXCEPTION,0.0,0,True,True
1641.415,-0.015780513267826177,-1.4997384789309582,-0.17453647572923822,2.3715940733073423e-05,0,nan,nan,nan,2.0,0.5002552035213736,-0.17458175181659374,1.999976284059267,0.0,-1.0,SOLVER_EXCEPTION,0.0,0,True,True
1641.514,-0.01585531584640668,-1.4997252705920114,-0.17453649428270374,1.5991273112073447e-05,0,nan,nan,nan,2.0,0.50026853967116,-0.17458177055246393,1.9999840087268879,0.0,-1.0,SOLVER_EXCEPTION,0.0,0,True,True
1641.619,-0.015930979375631163,-1.4997119104389236,-0.1745365128337859,1.033207261712774e-05,0,nan,nan,nan,2.0,0.5002817699698451,-0.17458178892563492,1.999989667927383,0.0,-1.0,SOLVER_EXCEPTION,0.0,0,True,True
1641.721,-0.016004468964334002,-1.4996989343304574,-0.17453653066705166,9.427899903953789e-06,0,nan,nan,nan,2.0,0.500294482124499,-0.17458180639859,1.9999905721000961,0.0,-1.0,SOLVER_EXCEPTION,0.0,0,True,True
1641.82,-0.0160794175848336,-1.4996857007693323,-0.1745365486798066,1.3238404812466672e-05,0,nan,nan,nan,2.0,0.5003078458296747,-0.1745818245892372,1.9999867615951876,0.0,-1.0,SOLVER_EXCEPTION,0.0,0,True,True
1641.913,-0.016151248061433095,-1.49967301792363,-0.1745365657937197,1.8393369410346698e-05,0,nan,nan,nan,2.0,0.5003209296723147,-0.17458184224471784,1.9999816066305895,0.0,-1.0,SOLVER_EXCEPTION,0.0,0,True,True
1642.015,-0.016229014401629285,-1.4996592871523657,-0.17453658416571588,2.4200225791442735e-05,0,nan,nan,nan,2.0,0.5003339870170614,-0.17458185971451234,1.9999757997742085,0.0,-1.0,SOLVER_EXCEPTION,0.0,0,True,True
1642.115,-0.01630586465392217,-1.49964571827231,-0.17453660218108627,2.9782899004364662e-05,0,nan,nan,nan,2.0,0.500348097956527,-0.17458187845090833,1.9999702171009957,0.0,-1.0,SOLVER_EXCEPTION,0.0,0,True,True
1642.222,-0.01638794377695196,-1.4996312263096487,-0.17453662127560163,3.544921085746339e-05,0,nan,nan,nan,2.0,0.5003617683142063,-0.17458189646430755,1.9999645507891426,0.0,-1.0,SOLVER_EXCEPTION,0.0,0,True,True
1642.316,-0.01646123086374786,-1.4996182867906,-0.17453663820651347,4.02215727545445e-05,0,nan,nan,nan,2.0,0.5003755327123677,-0.17458191447632165,1.9999597784272454,0.0,-1.0,SOLVER_EXCEPTION,0.0,0,True,True
1642.417,-0.016541254241718827,-1.4996041580288446,-0.17453665657956566,4.512166811532817e-05,0,nan,nan,nan,2.0,0.5003895243910237,-0.17458193267129385,1.9999548783318846,0.0,-1.0,SOLVER_EXCEPTION,0.0,0,True,True
1642.519,-0.016620973758073036,-1.49959008302439,-0.17453667477365636,4.968976725019489e-05,0,nan,nan,nan,2.0,0.5004034608124456,-0.17458195068318316,1.9999503102327498,0.0,-1.0,SOLVER_EXCEPTION,0.0,0,True,True
1642.617,-0.016699549785712968,-1.4995762100069614,-0.1745366926081188,5.3899973600960696e-05,0,nan,nan,nan,2.0,0.5004174749220774,-0.1745819686967165,1.999946100026399,0.0,-1.0,SOLVER_EXCEPTION,0.0,0,True,True
1642.722,-0.01678092886288851,-1.4995618421892785,-0.174536710980768,5.797034672158577e-05,0,nan,nan,nan,2.0,0.5004311382033463,-0.1745819861696294,1.9999420296532784,0.0,-1.0,SOLVER_EXCEPTION,0.0,0,True,True
1642.822,-0.016863512227371556,-1.4995472618388068,-0.17453672953573296,6.181646489286126e-05,0,nan,nan,nan,2.0,0.5004455749987158,-0.1745820045434474,1.999938183535107,0.0,-1.0,SOLVER_EXCEPTION,0.0,0,True,True
1642.923,-0.01694486244120615,-1.4995328992853012,-0.17453674772701236,6.53414014962971e-05,0,nan,nan,nan,2.0,0.5004597931611328,-0.1745820225581629,1.9999346585985036,0.0,-1.0,SOLVER_EXCEPTION,0.0,0,True,True
1643.013,-0.01701683172153985,-1.4995201930174822,-0.17453676376010802,6.825435105555812e-05,0,nan,nan,nan,2.0,0.5004739278485649,-0.17458204039016767,1.9999317456489445,0.0,-1.0,SOLVER_EXCEPTION,0.0,0,True,True
1643.118,-0.01710124615822267,-1.499505289610512,-0.17453678249700447,7.14394427802478e-05,0,nan,nan,nan,2.0,0.5004884042581826,-0.17458205858448395,1.9999285605572197,0.0,-1.0,SOLVER_EXCEPTION,0.0,0,True,True
1643.22,-0.017184345452598827,-1.4994906184568881,-0.17453680086939433,7.434498012033092e-05,0,nan,nan,nan,2.0,0.5005025012512992,-0.17458207623698918,1.9999256550198796,0.0,-1.0,SOLVER_EXCEPTION,0.0,0,True,True
1643.318,-0.017266090758764528,-1.4994761864095636,-0.1745368188819986,7.699417476825473e-05,0,nan,nan,nan,2.0,0.5005173674321828,-0.17458209479158127,1.9999230058252317,0.0,-1.0,SOLVER_EXCEPTION,0.0,0,True,True
1643.418,-0.01734726821516284,-1.4994618546670848,-0.17453683671669423,7.943218570530668e-05,0,nan,nan,nan,2.0,0.5005318461406426,-0.1745821128050955,1.9999205678142946,0.0,-1.0,SOLVER_EXCEPTION,0.0,0,True,True
1643.518,-0.017429499687410865,-1.4994473368903045,-0.1745368547291902,8.171743672393337e-05,0,nan,nan,nan,2.0,0.5005463664404509,-0.17458213082106777,1.999918282563276,0.0,-1.0,SOLVER_EXCEPTION,0.0,0,True,True
1643.618,-0.017509472642288706,-1.49943321789241,-0.1745368722036526,8.377240946508675e-05,0,nan,nan,nan,2.0,0.5005609252786688,-0.17458214883371204,1.999916227590535,0.0,-1.0,SOLVER_EXCEPTION,0.0,0,True,True
1643.718,-0.01759211785334736,-1.4994186271574255,-0.1745368902163007,8.573250903497828e-05,0,nan,nan,nan,2.0,0.5005753736433425,-0.17458216666843063,1.9999142674909651,0.0,-1.0,SOLVER_EXCEPTION,0.0,0,True,True
1643.823,-0.017681583689641713,-1.499402832307162,-0.17453690967154123,8.767824873022614e-05,0,nan,nan,nan,2.0,0.5005901471253067,-0.174582184860411,1.9999123217512698,0.0,-1.0,SOLVER_EXCEPTION,0.0,0,True,True
1643.917,-0.017758783810841304,-1.4993892029544502,-0.17453692642417534,8.92186642012254e-05,0,nan,nan,nan,2.0,0.5006048047833376,-0.17458220287629045,1.9999107813357988,0.0,-1.0,SOLVER_EXCEPTION,0.0,0,True,True
1644.019,-0.0178452760561277,-1.4993739331498948,-0.17453694515863888,9.080103388880296e-05,0,nan,nan,nan,2.0,0.5006194902631007,-0.17458222088981445,1.9999091989661113,0.0,-1.0,SOLVER_EXCEPTION,0.0,0,True,True
1644.12,-0.017929422371944833,-1.4993590775390533,-0.17453696335297428,9.220338581808051e-05,0,nan,nan,nan,2.0,0.5006333178916245,-0.17458223782101,1.9999077966141818,0.0,-1.0,SOLVER_EXCEPTION,0.0,0,True,True
1644.22,-0.018011197335033553,-1.4993446406036408,-0.1745369810062059,9.344422000887739e-05,0,nan,nan,nan,2.0,0.5006479033504072,-0.17458225565597552,1.999906555779991,0.0,-1.0,SOLVER_EXCEPTION,0.0,0,True,True
1644.318,-0.018094759475377534,-1.4993298881766102,-0.17453699902301603,9.459513425539037e-05,0,nan,nan,nan,2.0,0.5006636908661463,-0.17458227493241152,1.9999054048657445,0.0,-1.0,SOLVER_EXCEPTION,0.0,0,True,True
1644.417,-0.018177592753122033,-1.4993152644458405,-0.17453701685390935,9.562579051035082e-05,0,nan,nan,nan,2.0,0.5006784654606229,-0.17458229294531202,1.9999043742094897,0.0,-1.0,SOLVER_EXCEPTION,0.0,0,True,True
1644.525,-0.01825716949619368,-1.499301215656227,-0.17453703396805498,9.65185125748969e-05,0,nan,nan,nan,2.0,0.5006931093649406,-0.17458231078049646,1.999903481487425,0.0,-1.0,SOLVER_EXCEPTION,0.0,0,True,True
1644.619,-0.0183452150539975,-1.4992856717662018,-0.17453705288423596,9.740132026530626e-05,0,nan,nan,nan,2.0,0.5007080647990453,-0.17458232897110326,1.9999025986797347,0.0,-1.0,SOLVER_EXCEPTION,0.0,0,True,True
1644.719,-0.018429988018377433,-1.4992707056485537,-0.1745370710789449,9.815311904287734e-05,0,nan,nan,nan,2.0,0.5007227378075426,-0.17458234680730067,1.999901846880957,0.0,-1.0,SOLVER_EXCEPTION,0.0,0,True,True
1644.82,-0.018514831524576104,-1.4992557270891893,-0.17453708927094258,9.881473931553945e-05,0,nan,nan,nan,2.0,0.5007375712374696,-0.17458236482235368,1.9999011852606845,0.0,-1.0,SOLVER_EXCEPTION,0.0,0,True,True
1644.929,-0.018606464378955634,-1.4992395499295008,-0.17453710890759608,9.943338156451435e-05,0,nan,nan,nan,2.0,0.5007516729956751,-0.17458238193463727,1.9999005666184355,0.0,-1.0,SOLVER_EXCEPTION,0.0,0,True,True
1645.017,-0.018680488598831608,-1.4992264814626257,-0.1745371247583889,9.986449349727778e-05,0,nan,nan,nan,2.0,0.5007674175688407,-0.1745824010311181,1.9999001355065027,0.0,-1.0,SOLVER_EXCEPTION,0.0,0,True,True
1645.116,-0.018764649210456796,-1.4992116234931079,-0.17453714277535282,0.00010028445667091242,0,nan,nan,nan,2.0,0.5007819818999276,-0.17458241868475577,1.9998997155433291,0.0,-1.0,SOLVER_EXCEPTION,0.0,0,True,True
1645.217,-0.018849689973294687,-1.4991966101464582,-0.1745371609711818,0.0001006370579677096,0,nan,nan,nan,2.0,0.5007969988501711,-0.17458243687966535,1.9998993629420323,0.0,-1.0,SOLVER_EXCEPTION,0.0,0,True,True
1645.323,-0.018938132291933116,-1.4991809962829779,-0.1745371798839697,0.00010093175346051947,0,nan,nan,nan,2.0,0.5008127652759506,-0.17458245597454347,1.9998990682465394,0.0,-1.0,SOLVER_EXCEPTION,0.0,0,True,True
1645.421,-0.019020702934056118,-1.4991664190267036,-0.17453719753699393,0.00010114451881081747,0,nan,nan,nan,2.0,0.5008260069505477,-0.1745824720086162,1.9998988554811892,0.0,-1.0,SOLVER_EXCEPTION,0.0,0,True,True
1645.518,-0.01910329141495069,-1.4991518386231455,-0.17453721519325757,0.00010130066564517637,0,nan,nan,nan,2.0,0.5008417813900524,-0.17458249110254975,1.9998986993343548,0.0,-1.0,SOLVER_EXCEPTION,0.0,0,True,True
1645.612,-0.019182520750654034,-1.499137851254023,-0.1745372321254407,0.00010140008518972393,0,nan,nan,nan,2.0,0.5008563676667331,-0.17458250875549997,1.9998985999148102,0.0,-1.0,SOLVER_EXCEPTION,0.0,0,True,True
1645.717,-0.01927102974917852,-1.4991222256265821,-0.17453725104196202,0.0001014563234996845,0,nan,nan,nan,2.0,0.5008716995862348,-0.17458252731158774,1.9998985436765002,0.0,-1.0,SOLVER_EXCEPTION,0.0,0,True,True
1645.819,-0.0193536409397736,-1.4991076412143312,-0.17453726869470493,0.00010145955382013594,0,nan,nan,nan,2.0,0.5008861388788955,-0.17458254478654656,1.9998985404461798,0.0,-1.0,SOLVER_EXCEPTION,0.0,0,True,True
1645.916,-0.019438779033748476,-1.4990926106931937,-0.17453728689195044,0.0001014162136184631,0,nan,nan,nan,2.0,0.500901322128495,-0.17458256316041965,1.9998985837863816,0.0,-1.0,SOLVER_EXCEPTION,0.0,0,True,True
1646.019,-0.01952559621493541,-1.499077283738329,-0.17453730544655557,0.00010132605341257306,0,nan,nan,nan,2.0,0.5009156111930385,-0.1745825804530292,1.9998986739465874,0.0,-1.0,SOLVER_EXCEPTION,0.0,0,True,True
1646.116,-0.019607345714200544,-1.499062851442474,-0.17453732291849194,0.00010120130142720837,0,nan,nan,nan,2.0,0.5009310890857394,-0.17458259918812002,1.9998987986985728,0.0,-1.0,SOLVER_EXCEPTION,0.0,0,True,True
1646.215,-0.01968992404114474,-1.4990482728188923,-0.17453734057504885,0.00010103848672732959,0,nan,nan,nan,2.0,0.5009459690752831,-0.17458261720510837,1.9998989615132727,0.0,-1.0,SOLVER_EXCEPTION,0.0,0,True,True
1646.323,-0.01977922366548795,-1.4990325075912765,-0.1745373596705272,0.00010082324012805617,0,nan,nan,nan,2.0,0.5009606971051102,-0.1745826350367814,1.999899176759872,0.0,-1.0,SOLVER_EXCEPTION,0.0,0,True,True
1646.418,-0.01986007769111353,-1.4990182333696562,-0.17453737696261407,0.00010059540632835162,0,nan,nan,nan,2.0,0.5009757188123961,-0.17458265323232602,1.9998994045936715,0.0,-1.0,SOLVER_EXCEPTION,0.0,0,True,True
1646.524,-0.01994932714292339,-1.4990024769854198,-0.17453739605793037,0.00010030993906060193,0,nan,nan,nan,2.0,0.5009904387124587,-0.1745826710680607,1.9998996900609394,0.0,-1.0,SOLVER_EXCEPTION,0.0,0,True,True
1646.623,-0.020034337281038615,-1.498987469016673,-0.1745374142542999,0.00010000697113413199,0,nan,nan,nan,2.0,0.5010060454395497,-0.17458268998478887,1.999899993028866,0.0,-1.0,SOLVER_EXCEPTION,0.0,0,True,True
1646.715,-0.020111744750050196,-1.4989738032390116,-0.1745374308257132,9.970637664009332e-05,0,nan,nan,nan,2.0,0.5010203092005556,-0.1745827072776538,1.9999002936233599,0.0,-1.0,SOLVER_EXCEPTION,0.0,0,True,True
1646.815,-0.020195010184262674,-1.4989591032697764,-0.17453744866261092,9.93584654555396e-05,0,nan,nan,nan,2.0,0.5010351614929061,-0.17458272529267038,1.9999006415345444,0.0,-1.0,SOLVER_EXCEPTION,0.0,0,True,True
1646.92,-0.020280761926400184,-1.4989439643483569,-0.1745374670355166,9.89751428666083e-05,0,nan,nan,nan,2.0,0.5010500074451582,-0.1745827433048701,1.9999010248571334,0.0,-1.0,SOLVER_EXCEPTION,0.0,0,True,True
1647.018,-0.020363953456620405,-1.4989292774076934,-0.1745374848720852,9.858070973080006e-05,0,nan,nan,nan,2.0,0.501064846647448,-0.17458276132301664,1.999901419290269,0.0,-1.0,SOLVER_EXCEPTION,0.0,0,True,True
1647.122,-0.02045298321765591,-1.4989135597516583,-0.17453750396645656,9.813561137993719e-05,0,nan,nan,nan,2.0,0.501079678721651,-0.17458277933666944,1.9999018643886202,0.0,-1.0,SOLVER_EXCEPTION,0.0,0,True,True
1647.216,-0.020532733471062756,-1.4988994803265419,-0.17453752108190815,9.771816461712449e-05,0,nan,nan,nan,2.0,0.5010943551060043,-0.17458279717250447,1.9999022818353829,0.0,-1.0,SOLVER_EXCEPTION,0.0,0,True,True
1647.318,-0.02061663786158112,-1.498884667502696,-0.17453753909794292,9.726117890826716e-05,0,nan,nan,nan,2.0,0.5011091719679138,-0.17458281518649255,1.9999027388210917,0.0,-1.0,SOLVER_EXCEPTION,0.0,0,True,True
1647.415,-0.02069881950432201,-1.4988701588080668,-0.17453755675240346,9.679711107967935e-05,0,nan,nan,nan,2.0,0.5011241287653126,-0.17458283338246305,1.9999032028889203,0.0,-1.0,SOLVER_EXCEPTION,0.0,0,True,True
1647.518,-0.020785144786794385,-1.4988549185666569,-0.17453757530820643,9.629339117099644e-05,0,nan,nan,nan,2.0,0.5011389290395688,-0.1745828513967651,1.999903706608829,0.0,-1.0,SOLVER_EXCEPTION,0.0,0,True,True
1647.618,-0.020868905904129275,-1.4988401310007768,-0.17453759332280294,9.57899164178825e-05,0,nan,nan,nan,2.0,0.5011537206612976,-0.17458286941128165,1.9999042100835822,0.0,-1.0,SOLVER_EXCEPTION,0.0,0,True,True
1647.724,-0.020950942846771518,-1.498825647817895,-0.174537610976871,9.52838076615992e-05,0,nan,nan,nan,2.0,0.501168207823244,-0.17458288706761582,1.9999047161923384,0.0,-1.0,SOLVER_EXCEPTION,0.0,0,True,True
1647.815,-0.021034602839920293,-1.498810878080118,-0.17453762899156702,9.475552412916562e-05,0,nan,nan,nan,2.0,0.5011831293165437,-0.17458290526117537,1.999905244475871,0.0,-1.0,SOLVER_EXCEPTION,0.0,0,True,True
1647.916,-0.021119045815074452,-1.4987959700996725,-0.1745376471869372,9.421080657187812e-05,0,nan,nan,nan,2.0,0.5011978937137822,-0.17458292327881475,1.9999057891934282,0.0,-1.0,SOLVER_EXCEPTION,0.0,0,True,True
1648.019,-0.021204269085065362,-1.4987809243470498,-0.17453766556253514,9.365038509646391e-05,0,nan,nan,nan,2.0,0.501212648618507,-0.17458294129245733,1.9999063496149034,0.0,-1.0,SOLVER_EXCEPTION,0.0,0,True,True
1648.125,-0.021292773984486285,-1.4987652992247904,-0.17453768465789102,9.305799233780037e-05,0,nan,nan,nan,2.0,0.501227099050902,-0.1745829589464969,1.9999069420076623,0.0,-1.0,SOLVER_EXCEPTION,0.0,0,True,True
1648.217,-0.021370372966690462,-1.4987515994784504,-0.17453770141280164,9.253072669692046e-05,0,nan,nan,nan,2.0,0.5012424238970207,-0.17458297768238795,1.999907469273303,0.0,-1.0,SOLVER_EXCEPTION,0.0,0,True,True
1648.321,-0.021457092466943342,-1.4987362895327232,-0.17453772015045793,9.193358763355395e-05,0,nan,nan,nan,2.0,0.501257001972172,-0.17458299551727885,1.9999080664123665,0.0,-1.0,SOLVER_EXCEPTION,0.0,0,True,True
1648.417,-0.021537086369556997,-1.4987221669475408,-0.17453773744436094,9.137605104906098e-05,0,nan,nan,nan,2.0,0.5012712759656973,-0.1745830129926822,1.999908623948951,0.0,-1.0,SOLVER_EXCEPTION,0.0,0,True,True
1648.516,-0.021619524321039668,-1.4987076128631331,-0.17453775528024273,9.079547272814186e-05,0,nan,nan,nan,2.0,0.501286422398657,-0.1745830315499881,1.999909204527272,0.0,-1.0,SOLVER_EXCEPTION,0.0,0,True,True
1648.617,-0.021703568795105162,-1.4986927751390817,-0.1745377734738501,9.019793002922607e-05,0,nan,nan,nan,2.0,0.5013009703431409,-0.1745830493829219,1.9999098020699708,0.0,-1.0,SOLVER_EXCEPTION,0.0,0,True,True
1648.716,-0.02178505957762202,-1.4986783882458092,-0.17453779113078305,8.961381315704995e-05,0,nan,nan,nan,2.0,0.5013158017167004,-0.17458306757846787,1.999910386186843,0.0,-1.0,SOLVER_EXCEPTION,0.0,0,True,True
1648.818,-0.021869816126949413,-1.4986634247790378,-0.1745378095061587,8.900186829896774e-05,0,nan,nan,nan,2.0,0.5013300356847086,-0.17458308505475673,1.999910998131701,0.0,-1.0,SOLVER_EXCEPTION,0.0,0,True,True
1648.917,-0.021952020577571212,-1.498648911861854,-0.17453782734182363,8.840468328819186e-05,0,nan,nan,nan,2.0,0.501345139288912,-0.17458310361152485,1.9999115953167117,0.0,-1.0,SOLVER_EXCEPTION,0.0,0,True,True
1649.019,-0.02203665470591221,-1.4986339699784723,-0.1745378457170887,8.778658742196189e-05,0,nan,nan,nan,2.0,0.5013597922678172,-0.17458312162582956,1.999912213412578,0.0,-1.0,SOLVER_EXCEPTION,0.0,0,True,True
1649.12,-0.022121226292694366,-1.4986190391217742,-0.17453786409132274,8.71662075338685e-05,0,nan,nan,nan,2.0,0.501374434648465,-0.1745831396402968,1.999912833792466,0.0,-1.0,SOLVER_EXCEPTION,0.0,0,True,True
1649.219,-0.022202422241922655,-1.4986047042089146,-0.17453788174561646,8.656850164061554e-05,0,nan,nan,nan,2.0,0.5013890663933137,-0.1745831576577146,1.9999134314983593,0.0,-1.0,SOLVER_EXCEPTION,0.0,0,True,True
1649.318,-0.022283560126470738,-1.498590379534139,-0.1745378994040306,8.596968541464304e-05,0,nan,nan,nan,2.0,0.5014033951610016,-0.17458317531331513,1.9999140303145853,0.0,-1.0,SOLVER_EXCEPTION,0.0,0,True,True
1649.417,-0.022367120961335682,-1.4985756270784827,-0.1745379175961375,8.535162174432634e-05,0,nan,nan,nan,2.0,0.501418297882269,-0.17458319368774866,1.9999146483782557,0.0,-1.0,SOLVER_EXCEPTION,0.0,0,True,True
1649.515,-0.022446487794581336,-1.4985616150499403,-0.17453793489457414,8.476391396249886e-05,0,nan,nan,nan,2.0,0.5014327516516535,-0.17458321152463352,1.9999152360860375,0.0,-1.0,SOLVER_EXCEPTION,0.0,0,True,True
1649.616,-0.022531579637253576,-1.498546592269589,-0.17453795345019052,8.413327194523874e-05,0,nan,nan,nan,2.0,0.501447340776234,-0.17458322953878325,1.9999158667280548,0.0,-1.0,SOLVER_EXCEPTION,0.0,0,True,True
1649.719,-0.02261578195205429,-1.4985317265180014,-0.17453797182659814,8.350916338976755e-05,0,nan,nan,nan,2.0,0.5014614820106666,-0.17458324701521732,1.9999164908366103,0.0,-1.0,SOLVER_EXCEPTION,0.0,0,True,True
1649.82,-0.022699921234862964,-1.498516871878709,-0.17453799020159924,8.288578672642926e-05,0,nan,nan,nan,2.0,0.5014766325782651,-0.17458326575023708,1.9999171142132737,0.0,-1.0,SOLVER_EXCEPTION,0.0,0,True,True
1649.917,-0.022775757575365017,-1.4985034830966468,-0.17453800677581388,8.23244618772258e-05,0,nan,nan,nan,2.0,0.5014908985131136,-0.17458328340587315,1.9999176755381227,0.0,-1.0,SOLVER_EXCEPTION,0.0,0,True,True
1650.019,-0.022863894242779473,-1.498487922696325,-0.1745380260525262,8.16730542587148e-05,0,nan,nan,nan,2.0,0.5015057358671471,-0.1745833017827425,1.9999183269457412,0.0,-1.0,SOLVER_EXCEPTION,0.0,0,True,True
1650.122,-0.022948670925406933,-1.498472955480555,-0.17453804460987765,8.104778702425391e-05,0,nan,nan,nan,2.0,0.5015196903367503,-0.17458331907761737,1.9999189522129757,0.0,-1.0,SOLVER_EXCEPTION,0.0,0,True,True
1650.217,-0.023025984314083654,-1.4984593058863873,-0.174538061543726,8.047888685233164e-05,0,nan,nan,nan,2.0,0.5015339254512176,-0.17458333673237325,1.9999195211131477,0.0,-1.0,SOLVER_EXCEPTION,0.0,0,True,True
1650.32,-0.023111460881084067,-1.4984442150767703,-0.17453808028007853,7.985170297000972e-05,0,nan,nan,nan,2.0,0.5015488759124136,-0.17458335528925017,1.99992014829703,0.0,-1.0,SOLVER_EXCEPTION,0.0,0,True,True
1650.423,-0.023191947055100436,-1.4984300053028505,-0.17453809793683364,7.926308246763492e-05,0,nan,nan,nan,2.0,0.5015635252310561,-0.1745833734857971,1.9999207369175325,0.0,-1.0,SOLVER_EXCEPTION,0.0,0,True,True
1650.515,-0.023271555744434506,-1.498415950433526,-0.1745381154107814,7.868289189098555e-05,0,nan,nan,nan,2.0,0.5015777292006737,-0.17458339114046417,1.999921317108109,0.0,-1.0,SOLVER_EXCEPTION,0.0,0,True,True
1650.623,-0.023356847558039382,-1.4984008921981176,-0.1745381341489051,7.806381251940452e-05,0,nan,nan,nan,2.0,0.5015925022797432,-0.17458340951667806,1.9999219361874805,0.0,-1.0,SOLVER_EXCEPTION,0.0,0,True,True
1650.721,-0.0234404372911637,-1.498386134448036,-0.1745381525247805,7.74597709577234e-05,0,nan,nan,nan,2.0,0.5016078432471106,-0.17458342861324416,1.9999225402290424,0.0,-1.0,SOLVER_EXCEPTION,0.0,0,True,True
1650.825,-0.02351987295892121,-1.4983721100847152,-0.17453817000072472,7.688840485507862e-05,0,nan,nan,nan,2.0,0.501621582362208,-0.1745834457288704,1.999923111595145,0.0,-1.0,SOLVER_EXCEPTION,0.0,0,True,True
1650.915,-0.023599253811585143,-1.4983580953841913,-0.17453818747432695,7.632015890348464e-05,0,nan,nan,nan,2.0,0.5016360345707369,-0.17458346374378797,1.9999236798410964,0.0,-1.0,SOLVER_EXCEPTION,0.0,0,True,True
1651.018,-0.02368185017689955,-1.4983435129720593,-0.17453820567129055,7.573200390759549e-05,0,nan,nan,nan,2.0,0.5016506209285959,-0.17458348194115514,1.9999242679960925,0.0,-1.0,SOLVER_EXCEPTION,0.0,0,True,True
1651.117,-0.023762753959252148,-1.4983292293704205,-0.17453822350731263,7.51590986070359e-05,0,nan,nan,nan,2.0,0.5016649083934104,-0.17458349977671306,1.999924840901393,0.0,-1.0,SOLVER_EXCEPTION,0.0,0,True,True
1651.218,-0.023845234364375467,-1.4983146674028742,-0.17453824170550572,7.45784361193464e-05,0,nan,nan,nan,2.0,0.5016788976266289,-0.17458351725360766,1.9999254215638806,0.0,-1.0,SOLVER_EXCEPTION,0.0,0,True,True
1651.319,-0.02392847255070171,-1.4982999716322327,-0.1745382600803271,7.399600983127998e-05,0,nan,nan,nan,2.0,0.5016934537077969,-0.17458353545039396,1.9999260039901687,0.0,-1.0,SOLVER_EXCEPTION,0.0,0,True,True
1651.418,-0.024010021590786915,-1.4982855740694154,-0.1745382780957181,7.342903169112934e-05,0,nan,nan,nan,2.0,0.5017081435959606,-0.17458355382723623,1.999926570968309,0.0,-1.0,SOLVER_EXCEPTION,0.0,0,True,True
1651.516,-0.024089885255531927,-1.4982714740465473,-0.17453829575101606,7.287740254124815e-05,0,nan,nan,nan,2.0,0.5017226793271714,-0.17458357202034192,1.9999271225974589,0.0,-1.0,SOLVER_EXCEPTION,0.0,0,True,True
1651.619,-0.024172951889088055,-1.4982568085231964,-0.17453831413022938,7.230758402997649e-05,0,nan,nan,nan,2.0,0.5017369175010736,-0.17458358985727518,1.9999276924159701,0.0,-1.0,SOLVER_EXCEPTION,0.0,0,True,True
1651.718,-0.024252706864283186,-1.4982427276630412,-0.1745383317843546,7.176424040465052e-05,0,nan,nan,nan,2.0,0.5017512897981693,-0.1745836078756482,1.9999282357595953,0.0,-1.0,SOLVER_EXCEPTION,0.0,0,True,True
1651.817,-0.024334848222869448,-1.4982282254705837,-0.17453834998254625,7.120870908379429e-05,0,nan,nan,nan,2.0,0.5017657960022006,-0.1745836260699023,1.9999287912909163,0.0,-1.0,SOLVER_EXCEPTION,0.0,0,True,True
1651.915,-0.02441449669500312,-1.4982141633879367,-0.17453836763641425,7.067393036837612e-05,0,nan,nan,nan,2.0,0.5017798619716706,-0.17458364372815138,1.9999293260696316,0.0,-1.0,SOLVER_EXCEPTION,0.0,0,True,True
1652.017,-0.024496529156562603,-1.4981996803939568,-0.1745383858349233,7.01273903883713e-05,0,nan,nan,nan,2.0,0.5017944923544706,-0.17458366210463572,1.9999298726096115,0.0,-1.0,SOLVER_EXCEPTION,0.0,0,True,True
1652.115,-0.024576884226093994,-1.4981854935344003,-0.1745384036714089,6.959613888247329e-05,0,nan,nan,nan,2.0,0.5018088263317878,-0.17458368011908298,1.9999304038611174,0.0,-1.0,SOLVER_EXCEPTION,0.0,0,True,True
1652.217,-0.024654754610425923,-1.4981717453379502,-0.17453842096665836,6.908529896933631e-05,0,nan,nan,nan,2.0,0.5018225781434078,-0.17458369741428514,1.9999309147010307,0.0,-1.0,SOLVER_EXCEPTION,0.0,0,True,True
1652.324,-0.024746352411910776,-1.4981555735196934,-0.17453844132338928,6.84894579721326e-05,0,nan,nan,nan,2.0,0.501837466284874,-0.17458371615410462,1.999931510542028,0.0,-1.0,SOLVER_EXCEPTION,0.0,0,True,True
1652.421,-0.024824117696555088,-1.4981418438533585,-0.17453845862117562,6.798804612822369e-05,0,nan,nan,nan,2.0,0.5018514863886255,-0.17458373380970071,1.9999320119538717,0.0,-1.0,SOLVER_EXCEPTION,0.0,0,True,True
1652.518,-0.024902644662028406,-1.4981279796987528,-0.1745384760975979,6.748579164455772e-05,0,nan,nan,nan,2.0,0.5018657835871463,-0.17458375182456587,1.9999325142083555,0.0,-1.0,SOLVER_EXCEPTION,0.0,0,True,True
1652.618,-0.02498354983929671,-1.4981136956503358,-0.17453849411358988,6.6972704280724e-05,0,nan,nan,nan,2.0,0.5018803574200243,-0.17458377020082283,1.9999330272957192,0.0,-1.0,SOLVER_EXCEPTION,0.0,0,True,True
1652.715,-0.025061979355806105,-1.4980998486763732,-0.1745385115901097,6.64795750766682e-05,0,nan,nan,nan,2.0,0.5018946364453911,-0.1745837882201693,1.9999335204249233,0.0,-1.0,SOLVER_EXCEPTION,0.0,0,True,True
1652.821,-0.025147631727431015,-1.498084726470189,-0.174538530687295,6.594587447827208e-05,0,nan,nan,nan,2.0,0.5019089066008677,-0.17458380623608516,1.9999340541255217,0.0,-1.0,SOLVER_EXCEPTION,0.0,0,True,True
1652.917,-0.02522354076800462,-1.4980713244702866,-0.17453854762204768,6.547709227475627e-05,0,nan,nan,nan,2.0,0.5019231679664049,-0.17458382425210717,1.9999345229077252,0.0,-1.0,SOLVER_EXCEPTION,0.0,0,True,True
1653.017,-0.025306667629317412,-1.4980566481255229,-0.17453856617990493,6.496840557906265e-05,0,nan,nan,nan,2.0,0.5019365657128908,-0.17458384118515236,1.9999350315944209,0.0,-1.0,SOLVER_EXCEPTION,0.0,0,True,True
1653.117,-0.025386517388460813,-1.49804255035416,-0.17453858401643582,6.448427155045201e-05,0,nan,nan,nan,2.0,0.5019516646680913,-0.174583860286202,1.9999355157284495,0.0,-1.0,SOLVER_EXCEPTION,0.0,0,True,True
1653.218,-0.02546873722415651,-1.4980280341227985,-0.1745386023934701,6.399048627567991e-05,0,nan,nan,nan,2.0,0.5019660424842707,-0.17458387848059198,1.9999360095137244,0.0,-1.0,SOLVER_EXCEPTION,0.0,0,True,True
1653.318,-0.025549296506637915,-1.4980138110577574,-0.17453862040907211,6.351122635033407e-05,0,nan,nan,nan,2.0,0.50198012722064,-0.17458389631851334,1.9999364887736497,0.0,-1.0,SOLVER_EXCEPTION,0.0,0,True,True
1653.42,-0.02563061322795963,-1.497999454250465,-0.17453863860716504,6.303219429661314e-05,0,nan,nan,nan,2.0,0.5019943459015329,-0.17458391433371023,1.9999369678057033,0.0,-1.0,SOLVER_EXCEPTION,0.0,0,True,True
1653.517,-0.025709468805289373,-1.4979855319578883,-0.17453865626238318,6.257203943810527e-05,0,nan,nan,nan,2.0,0.5020085562951186,-0.17458393235297587,1.999937427960562,0.0,-1.0,SOLVER_EXCEPTION,0.0,0,True,True
1653.62,-0.025792299505489526,-1.4979709078271586,-0.17453867482109522,6.20935185623665e-05,0,nan,nan,nan,2.0,0.5020230424492961,-0.17458395073021915,1.9999379064814375,0.0,-1.0,SOLVER_EXCEPTION,0.0,0,True,True
1653.715,-0.025868653473312117,-1.4979574271821137,-0.1745386919366516,6.165665508502174e-05,0,nan,nan,nan,2.0,0.5020368106621207,-0.17458396820639033,1.999938343344915,0.0,-1.0,SOLVER_EXCEPTION,0.0,0,True,True
1653.816,-0.025948981662345442,-1.4979432448578396,-0.17453870995354578,6.12015465971779e-05,0,nan,nan,nan,2.0,0.5020511386043038,-0.17458398640109696,1.9999387984534027,0.0,-1.0,SOLVER_EXCEPTION,0.0,0,True,True
1653.915,-0.02602444904568712,-1.4979299207222871,-0.17453872688837188,6.0778090600748014e-05,0,nan,nan,nan,2.0,0.5020651749517722,-0.17458400423910003,1.9999392219093992,0.0,-1.0,SOLVER_EXCEPTION,0.0,0,True,True
1654.025,-0.02611752468011909,-1.4979134877495381,-0.1745387477874163,6.026141282016708e-05,0,nan,nan,nan,2.0,0.5020803368809016,-0.174584023518646,1.9999397385871798,0.0,-1.0,SOLVER_EXCEPTION,0.0,0,True,True
1654.116,-0.02618969762217656,-1.4979007452422726,-0.1745387640041817,5.9865016768396964e-05,0,nan,nan,nan,2.0,0.5020936493533175,-0.17458404045306608,1.9999401349832315,0.0,-1.0,SOLVER_EXCEPTION,0.0,0,True,True
1654.217,-0.026271450877935424,-1.4978863112695513,-0.17453878238172074,5.942041306332594e-05,0,nan,nan,nan,2.0,0.5021076625792649,-0.1745840582904563,1.9999405795869367,0.0,-1.0,SOLVER_EXCEPTION,0.0,0,True,True
1654.317,-0.026351557497665896,-1.4978721680084377,-0.17453880039746736,5.898927591186302e-05,0,nan,nan,nan,2.0,0.5021219512042253,-0.17458407648802599,1.999941010724088,0.0,-1.0,SOLVER_EXCEPTION,0.0,0,True,True
1654.416,-0.026430820956944382,-1.49785817360079,-0.17453881823540385,5.8567164365375175e-05,0,nan,nan,nan,2.0,0.5021358080634152,-0.17458409414395026,1.9999414328356346,0.0,-1.0,SOLVER_EXCEPTION,0.0,0,True,True
1654.526,-0.02651804292207327,-1.4978427740624425,-0.17453883787399188,5.810771056115393e-05,0,nan,nan,nan,2.0,0.5021502229033119,-0.17458411252113848,1.9999418922894387,0.0,-1.0,SOLVER_EXCEPTION,0.0,0,True,True
1654.617,-0.02659162281433011,-1.4978297830997738,-0.17453885444975697,5.772424684631974e-05,0,nan,nan,nan,2.0,0.5021643476494656,-0.17458413053651656,1.9999422757531538,0.0,-1.0,SOLVER_EXCEPTION,0.0,0,True,True
1654.719,-0.026672360449335405,-1.4978155283856207,-0.17453887264698817,5.7307794740985985e-05,0,nan,nan,nan,2.0,0.5021783239625304,-0.1745841483751529,1.999942692205259,0.0,-1.0,SOLVER_EXCEPTION,0.0,0,True,True
1654.819,-0.02675305636979902,-1.497801281025226,-0.1745388908434524,5.6896038604126635e-05,0,nan,nan,nan,2.0,0.5021925753381261,-0.17458416657280207,1.999943103961396,0.0,-1.0,SOLVER_EXCEPTION,0.0,0,True,True
1654.923,-0.026836106098941243,-1.4977866180746773,-0.17453890958218338,5.647698914794674e-05,0,nan,nan,nan,2.0,0.5022062554515135,-0.17458418405003906,1.999943523010852,0.0,-1.0,SOLVER_EXCEPTION,0.0,0,True,True
1655.02,-0.026913526968641053,-1.497772948924115,-0.1745389270580129,5.609054982992776e-05,0,nan,nan,nan,2.0,0.5022199289233287,-0.17458420152710374,1.99994390945017,0.0,-1.0,SOLVER_EXCEPTION,0.0,0,True,True
1655.121,-0.026992505790022797,-1.4977590046971825,-0.1745389448949148,5.570056653266291e-05,0,nan,nan,nan,2.0,0.502234581846736,-0.17458422026466236,1.9999442994334673,0.0,-1.0,SOLVER_EXCEPTION,0.0,0,True,True
1655.219,-0.027072243477129495,-1.4977449264775604,-0.17453896291214693,5.531111073043292e-05,0,nan,nan,nan,2.0,0.5022478194109337,-0.17458423720024285,1.9999446888892696,0.0,-1.0,SOLVER_EXCEPTION,0.0,0,True,True
1655.317,-0.02715034890265697,-1.4977311364345895,-0.17453898057012557,5.49338241595354e-05,0,nan,nan,nan,2.0,0.502263021085332,-0.17458425665859156,1.9999450661758404,0.0,-1.0,SOLVER_EXCEPTION,0.0,0,True,True
1655.418,-0.02723080689712901,-1.497716931019782,-0.1745389987662421,5.454935784030424e-05,0,nan,nan,nan,2.0,0.502277089692993,-0.17458427467839988,1.9999454506421597,0.0,-1.0,SOLVER_EXCEPTION,0.0,0,True,True
1655.516,-0.02730804214051734,-1.4977032945938764,-0.1745390162433906,5.4184420964338015e-05,0,nan,nan,nan,2.0,0.5022910110490469,-0.1745842925130341,1.9999458155790357,0.0,-1.0,SOLVER_EXCEPTION,0.0,0,True,True
1655.621,-0.027391607679153558,-1.497688540500083,-0.17453903516241223,5.3793990961989595e-05,0,nan,nan,nan,2.0,0.5023052069853933,-0.17458431071087332,1.999946206009038,0.0,-1.0,SOLVER_EXCEPTION,0.0,0,True,True
1655.719,-0.027470360749186528,-1.4976746360718844,-0.1745390530000781,5.343026612553125e-05,0,nan,nan,nan,2.0,0.5023185535330358,-0.1745843278280308,1.9999465697338745,0.0,-1.0,SOLVER_EXCEPTION,0.0,0,True,True
1655.819,-0.027546693189960673,-1.4976611590148785,-0.17453907029574767,5.308151479248766e-05,0,nan,nan,nan,2.0,0.5023330174288888,-0.17458434638763665,1.9999469184852074,0.0,-1.0,SOLVER_EXCEPTION,0.0,0,True,True
1655.921,-0.027629349133160414,-1.4976465654856062,-0.17453908903396428,5.270820747556743e-05,0,nan,nan,nan,2.0,0.5023473342421455,-0.1745843647640104,1.9999472917925245,0.0,-1.0,SOLVER_EXCEPTION,0.0,0,True,True
1656.02,-0.02770958384056599,-1.497632399434719,-0.1745391072318387,5.235000578729275e-05,0,nan,nan,nan,2.0,0.5023616445062563,-0.17458438314084201,1.9999476499942128,0.0,-1.0,SOLVER_EXCEPTION,0.0,0,True,True
1656.118,-0.02778660707888792,-1.497618800383877,-0.17453912470962227,5.201006451702514e-05,0,nan,nan,nan,2.0,0.5023753874895256,-0.17458440079802262,1.999947989935483,0.0,-1.0,SOLVER_EXCEPTION,0.0,0,True,True
1656.222,-0.027869945798299888,-1.4976040862760531,-0.17453914362671838,5.1646395490047924e-05,0,nan,nan,nan,2.0,0.5023894048537816,-0.17458441881786468,1.99994835360451,0.0,-1.0,SOLVER_EXCEPTION,0.0,0,True,True
1656.317,-0.027943728380204955,-1.4975910593711288,-0.17453916038332132,5.132813791346425e-05,0,nan,nan,nan,2.0,0.5024032760606023,-0.17458443665291323,1.9999486718620865,0.0,-1.0,SOLVER_EXCEPTION,0.0,0,True,True
1656.416,-0.028022238771961423,-1.4975771977258006,-0.1745391782207309,5.099317124733034e-05,0,nan,nan,nan,2.0,0.5024168613291059,-0.17458445413018753,1.9999490068287527,0.0,-1.0,SOLVER_EXCEPTION,0.0,0,True,True
1656.518,-0.028101508708481375,-1.4975632019660416,-0.1745391962383394,5.0658893035164876e-05,0,nan,nan,nan,2.0,0.5024314207748187,-0.17458447286839895,1.9999493411069649,0.0,-1.0,SOLVER_EXCEPTION,0.0,0,True,True
1656.618,-0.02818232977841747,-1.4975489323335527,-0.17453921461859698,5.0322055935115254e-05,0,nan,nan,nan,2.0,0.5024454142562806,-0.17458449088833605,1.9999496779440649,0.0,-1.0,SOLVER_EXCEPTION,0.0,0,True,True
1656.721,-0.02826390851603497,-1.4975345289174604,-0.17453923317489167,4.998603733449358e-05,0,nan,nan,nan,2.0,0.5024594019430854,-0.17458450890486477,1.9999500139626656,0.0,-1.0,SOLVER_EXCEPTION,0.0,0,True,True
1656.816,-0.02834070359539115,-1.4975209700893086,-0.17453925065179854,4.967339567888645e-05,0,nan,nan,nan,2.0,0.5024732441086155,-0.17458452674357883,1.999950326604321,0.0,-1.0,SOLVER_EXCEPTION,0.0,0,True,True
1656.916,-0.02841905094393063,-1.4975071371852042,-0.17453926849051823,4.9358164208348725e-05,0,nan,nan,nan,2.0,0.5024873601983473,-0.17458454493932507,1.9999506418357917,0.0,-1.0,SOLVER_EXCEPTION,0.0,0,True,True
1657.018,-0.028500530852356473,-1.497492751192948,-0.17453928704993124,4.9034139823250226e-05,0,nan,nan,nan,2.0,0.5025013309013874,-0.17458456295935187,1.9999509658601768,0.0,-1.0,SOLVER_EXCEPTION,0.0,0,True,True
1657.121,-0.028581977523393927,-1.4974783710586372,-0.17453930560646916,4.871412466441764e-05,0,nan,nan,nan,2.0,0.5025151564547856,-0.17458458079464023,1.9999512858753357,0.0,-1.0,SOLVER_EXCEPTION,0.0,0,True,True
1657.219,-0.02865785941657242,-1.4974649734283993,-0.1745393229054471,4.841951418945191e-05,0,nan,nan,nan,2.0,0.5025292557943962,-0.17458459899280943,1.9999515804858106,0.0,-1.0,SOLVER_EXCEPTION,0.0,0,True,True
1657.315,-0.028734503111931944,-1.4974514412858555,-0.17453934038070387,4.8125264479429145e-05,0,nan,nan,nan,2.0,0.5025432101147437,-0.17458461701076322,1.9999518747355205,0.0,-1.0,SOLVER_EXCEPTION,0.0,0,True,True
1657.416,-0.028813487451097915,-1.4974374958748953,-0.1745393584007231,4.782561990027727e-05,0,nan,nan,nan,2.0,0.5025571591018343,-0.17458463503078248,1.9999521743800996,0.0,-1.0,SOLVER_EXCEPTION,0.0,0,True,True
1657.515,-0.0288924419142992,-1.4974235557289266,-0.1745393764174835,4.752958741229209e-05,0,nan,nan,nan,2.0,0.5025711028225807,-0.174584653047543,1.9999524704125877,0.0,-1.0,SOLVER_EXCEPTION,0.0,0,True,True
1657.62,-0.02897531233868879,-1.4974089241763764,-0.174539395337452,4.722266051360984e-05,0,nan,nan,nan,2.0,0.5025850413370796,-0.1745846710644705,1.9999527773394863,0.0,-1.0,SOLVER_EXCEPTION,0.0,0,True,True
1657.718,-0.029052629068014806,-1.497395273171598,-0.17453941299418158,4.693974441921241e-05,0,nan,nan,nan,2.0,0.5025989747104341,-0.17458468908245628,1.9999530602555808,0.0,-1.0,SOLVER_EXCEPTION,0.0,0,True,True
1657.815,-0.029129918135191037,-1.4973816270442417,-0.17453943065058306,4.666017213754801e-05,0,nan,nan,nan,2.0,0.5026124852264375,-0.17458470655997083,1.9999533398278624,0.0,-1.0,SOLVER_EXCEPTION,0.0,0,True,True
1657.918,-0.029210332830185252,-1.497367429048275,-0.17453944902935847,4.6372853060540415e-05,0,nan,nan,nan,2.0,0.5026266870670468,-0.1745847249383865,1.9999536271469394,0.0,-1.0,SOLVER_EXCEPTION,0.0,0,True,True
1658.022,-0.029292294171376167,-1.497352957969551,-0.17453946776998058,4.608360980539922e-05,0,nan,nan,nan,2.0,0.5026407445881351,-0.1745847431366685,1.9999539163901947,0.0,-1.0,SOLVER_EXCEPTION,0.0,0,True,True
1658.118,-0.02936871181343645,-1.4973394656765757,-0.17453948524571444,4.581711378057258e-05,0,nan,nan,nan,2.0,0.5026546580033987,-0.1745847611547462,1.9999541828862195,0.0,-1.0,SOLVER_EXCEPTION,0.0,0,True,True
1658.216,-0.029445103641877322,-1.4973259779352042,-0.17453950272307978,4.5553805059095244e-05,0,nan,nan,nan,2.0,0.5026682884527374,-0.17458477881484047,1.999954446194941,0.0,-1.0,SOLVER_EXCEPTION,0.0,0,True,True
1658.319,-0.02952619281804226,-1.497311660821186,-0.17453952128302905,4.527775619752248e-05,0,nan,nan,nan,2.0,0.5026824703713549,-0.17458479719201403,1.9999547222438026,0.0,-1.0,SOLVER_EXCEPTION,0.0,0,True,True
1658.418,-0.029604892993739557,-1.4972977655025885,-0.1745395392999035,4.501299089936263e-05,0,nan,nan,nan,2.0,0.5026963694407822,-0.17458481520928126,1.9999549870091007,0.0,-1.0,SOLVER_EXCEPTION,0.0,0,True,True
1658.518,-0.0296835667190318,-1.4972838748458444,-0.1745395573185509,4.4751596985160266e-05,0,nan,nan,nan,2.0,0.5027102638452653,-0.1745848332275708,1.9999552484030148,0.0,-1.0,SOLVER_EXCEPTION,0.0,0,True,True
1658.622,-0.029764573342866984,-1.4972695722848854,-0.1745395758769429,4.448568096235079e-05,0,nan,nan,nan,2.0,0.5027234592580538,-0.17458485034494942,1.9999555143190377,0.0,-1.0,SOLVER_EXCEPTION,0.0,0,True,True
1658.719,-0.029839263915238796,-1.4972563848807554,-0.17453959299555344,4.4243523118541496e-05,0,nan,nan,nan,2.0,0.5027380388807897,-0.17458486926504602,1.9999557564768815,0.0,-1.0,SOLVER_EXCEPTION,0.0,0,True,True
1658.815,-0.029917074866872725,-1.4972426465351871,-0.17453961083481803,4.399415806998746e-05,0,nan,nan,nan,2.0,0.5027508093281996,-0.1745848858411425,1.9999560058419301,0.0,-1.0,SOLVER_EXCEPTION,0.0,0,True,True
1658.918,-0.029998003487843088,-1.4972283577231116,-0.17453962939166143,4.373792896972379e-05,0,nan,nan,nan,2.0,0.5027657959240585,-0.17458490530057924,1.9999562620710303,0.0,-1.0,SOLVER_EXCEPTION,0.0,0,True,True
1659.017,-0.03007497902617086,-1.4972147668645035,-0.1745396470517044,4.3497262998291175e-05,0,nan,nan,nan,2.0,0.5027799452280852,-0.17458492368176382,1.9999565027370017,0.0,-1.0,SOLVER_EXCEPTION,0.0,0,True,True
1659.117,-0.030153501159280522,-1.4972009029294926,-0.17453966506902863,4.325466652308697e-05,0,nan,nan,nan,2.0,0.5027935354106953,-0.17458494133852476,1.999956745333477,0.0,-1.0,SOLVER_EXCEPTION,0.0,0,True,True
1659.22,-0.03023513842394979,-1.4971864889780635,-0.1745396838070582,4.300552413885737e-05,0,nan,nan,nan,2.0,0.5028075373146675,-0.17458495953847697,1.999956994475861,0.0,-1.0,SOLVER_EXCEPTION,0.0,0,True,True
1659.315,-0.03030968825613341,-1.4971733263827156,-0.17453970092555884,4.278088230185955e-05,0,nan,nan,nan,2.0,0.5028208420562768,-0.17458497683423824,1.9999572191176982,0.0,-1.0,SOLVER_EXCEPTION,0.0,0,True,True
1659.418,-0.030389707435129285,-1.4971591981081982,-0.17453971930349188,4.2542542945980486e-05,0,nan,nan,nan,2.0,0.5028345585356699,-0.1745849946745568,1.999957457457054,0.0,-1.0,SOLVER_EXCEPTION,0.0,0,True,True
1659.517,-0.03046734982548333,-1.49714548947423,-0.17453973714295962,4.2314235039148255e-05,0,nan,nan,nan,2.0,0.5028486864351127,-0.1745850130518143,1.9999576857649608,0.0,-1.0,SOLVER_EXCEPTION,0.0,0,True,True
1659.615,-0.03054496956149699,-1.4971317848348613,-0.17453975498247593,4.2088708628807564e-05,0,nan,nan,nan,2.0,0.5028628100909999,-0.1745850314301549,1.9999579112913712,0.0,-1.0,SOLVER_EXCEPTION,0.0,0,True,True
1659.715,-0.03062335061622963,-1.4971179457679091,-0.17453977299973364,4.1863714091717834e-05,0,nan,nan,nan,2.0,0.5028766527466987,-0.17458504944847464,1.9999581362859082,0.0,-1.0,SOLVER_EXCEPTION,0.0,0,True,True
1659.817,-0.03070170911762463,-1.4971041106778888,-0.1745397910174925,4.16415048059472e-05,0,nan,nan,nan,2.0,0.5028904914237852,-0.17458506746958813,1.999958358495194,0.0,-1.0,SOLVER_EXCEPTION,0.0,0,True,True
1659.915,-0.030780045342213253,-1.4970902795131604,-0.17453980903608585,4.142216314490556e-05,0,nan,nan,nan,2.0,0.5029043261744535,-0.17458508548685492,1.9999585778368552,0.0,-1.0,SOLVER_EXCEPTION,0.0,0,True,True
1660.022,-0.030855227414489608,-1.4970770052459375,-0.1745398263363942,4.121421641768204e-05,0,nan,nan,nan,2.0,0.5029177421735277,-0.17458510296645358,1.9999587857835823,0.0,-1.0,SOLVER_EXCEPTION,0.0,0,True,True
1660.12,-0.030940566112845805,-1.4970619376996546,-0.17453984597469097,4.098104340061507e-05,0,nan,nan,nan,2.0,0.5029319840824106,-0.17458512152309202,1.9999590189565994,0.0,-1.0,SOLVER_EXCEPTION,0.0,0,True,True
1660.218,-0.031017270881174803,-1.497048394569783,-0.1745398636350348,4.0774208201801766e-05,0,nan,nan,nan,2.0,0.502945945548104,-0.1745851397223781,1.9999592257917982,0.0,-1.0,SOLVER_EXCEPTION,0.0,0,True,True
1660.316,-0.03109395529598432,-1.4970348550259003,-0.1745398812922344,4.0569879684407644e-05,0,nan,nan,nan,2.0,0.5029592123184506,-0.17458515701970567,1.9999594301203156,0.0,-1.0,SOLVER_EXCEPTION,0.0,0,True,True
1660.416,-0.031172183973673964,-1.4970210428194932,-0.17453989931008726,4.036392615897462e-05,0,nan,nan,nan,2.0,0.5029734426715506,-0.17458517557981246,1.999959636073841,0.0,-1.0,SOLVER_EXCEPTION,0.0,0,True,True
1660.518,-0.031249609994216707,-1.4970073723241812,-0.1745399171494304,4.016270383322809e-05,0,nan,nan,nan,2.0,0.502987254848116,-0.17458519359817126,1.9999598372961667,0.0,-1.0,SOLVER_EXCEPTION,0.0,0,True,True
1660.625,-0.03133561543727503,-1.4969921870228888,-0.1745399369697887,3.994196699861518e-05,0,nan,nan,nan,2.0,0.5030012014888856,-0.17458521179773934,1.9999600580330015,0.0,-1.0,SOLVER_EXCEPTION,0.0,0,True,True
1660.715,-0.03140596537803804,-1.4969797658836914,-0.1745399531862775,3.976368663892825e-05,0,nan,nan,nan,2.0,0.5030148684388269,-0.17458522963704892,1.999960236313361,0.0,-1.0,SOLVER_EXCEPTION,0.0,0,True,True
1660.817,-0.03148176891566734,-1.4969663818413488,-0.17453997066500035,3.957378462945887e-05,0,nan,nan,nan,2.0,0.5030283939456908,-0.17458524729505998,1.9999604262153705,0.0,-1.0,SOLVER_EXCEPTION,0.0,0,True,True
1660.919,-0.03156536577447634,-1.4969516217847627,-0.17453998994609776,3.936706904060528e-05,0,nan,nan,nan,2.0,0.5030423300127016,-0.17458526549442288,1.9999606329309594,0.0,-1.0,SOLVER_EXCEPTION,0.0,0,True,True
1661.02,-0.03164425454944988,-1.4969376929938025,-0.1745400081464776,3.917446379316437e-05,0,nan,nan,nan,2.0,0.5030565384391364,-0.17458528405591434,1.999960825536207,0.0,-1.0,SOLVER_EXCEPTION,0.0,0,True,True
1661.119,-0.03172156217737099,-1.4969240433662863,-0.17454002598311874,3.898801400821596e-05,0,nan,nan,nan,2.0,0.5030700538048248,-0.17458530171285602,1.9999610119859919,0.0,-1.0,SOLVER_EXCEPTION,0.0,0,True,True
1661.215,-0.03179650941262848,-1.4969108104920186,-0.1745400432838119,3.8809540004752015e-05,0,nan,nan,nan,2.0,0.5030838416835224,-0.17458531973153235,1.9999611904599952,0.0,-1.0,SOLVER_EXCEPTION,0.0,0,True,True
1661.315,-0.03187456110364737,-1.4968970294795758,-0.17454006130106825,3.8625837461341685e-05,0,nan,nan,nan,2.0,0.5030976262625249,-0.174585337749817,1.9999613741625386,0.0,-1.0,SOLVER_EXCEPTION,0.0,0,True,True
1661.415,-0.03195259430390461,-1.4968832517280675,-0.174540079319805,3.8444460699950485e-05,0,nan,nan,nan,2.0,0.50311126978243,-0.17458535558962307,1.9999615555393,0.0,-1.0,SOLVER_EXCEPTION,0.0,0,True,True
1661.515,-0.032030609241824326,-1.4968694771936752,-0.17454009733835626,3.8265420313357524e-05,0,nan,nan,nan,2.0,0.5031253234429053,-0.17458537396841578,1.9999617345796867,0.0,-1.0,SOLVER_EXCEPTION,0.0,0,True,True
1661.615,-0.03210782626376787,-1.4968558435376462,-0.17454011517802834,3.809040763682404e-05,0,nan,nan,nan,2.0,0.5031389605950468,-0.17458539180808774,1.999961909592363,0.0,-1.0,SOLVER_EXCEPTION,0.0,0,True,True
1661.72,-0.03219048372514979,-1.496841249294878,-0.17454013427788248,3.790544802590138e-05,0,nan,nan,nan,2.0,0.5031527323727709,-0.1745854098263555,1.999962094551974,0.0,-1.0,SOLVER_EXCEPTION,0.0,0,True,True
1661.815,-0.032264546733093924,-1.4968281725098413,-0.17454015139662377,3.774178923447533e-05,0,nan,nan,nan,2.0,0.5031665010473345,-0.17458542784747877,1.9999622582107655,0.0,-1.0,SOLVER_EXCEPTION,0.0,0,True,True
1661.915,-0.032339373424400124,-1.4968149608803267,-0.17454016869390906,3.7578378965243834e-05,0,nan,nan,nan,2.0,0.5031801290191688,-0.1745854456846181,1.9999624216210348,0.0,-1.0,SOLVER_EXCEPTION,0.0,0,True,True
1662.02,-0.032424313728567085,-1.496799963556025,-0.17454018833599524,3.7395312416074005e-05,0,nan,nan,nan,2.0,0.5031940292464989,-0.17458546388499263,1.999962604687584,0.0,-1.0,SOLVER_EXCEPTION,0.0,0,True,True
1662.125,-0.032503001917113916,-1.496786070117421,-0.17454020653609753,3.722797778097176e-05,0,nan,nan,nan,2.0,0.5032076512651571,-0.17458548172405441,1.999962772022219,0.0,-1.0,SOLVER_EXCEPTION,0.0,0,True,True
1662.215,-0.03257622113912575,-1.4967731422934805,-0.17454022347370945,3.7074079064349066e-05,0,nan,nan,nan,2.0,0.5032214079428271,-0.17458549974333692,1.9999629259209357,0.0,-1.0,SOLVER_EXCEPTION,0.0,0,True,True
1662.315,-0.03265409790165638,-1.4967593921127225,-0.17454024149239286,3.691240441175897e-05,0,nan,nan,nan,2.0,0.5032352992303734,-0.1745855179431839,1.9999630875955883,0.0,-1.0,SOLVER_EXCEPTION,0.0,0,True,True
1662.416,-0.032725730103733655,-1.4967467444888152,-0.17454025807163354,3.6765540246199384e-05,0,nan,nan,nan,2.0,0.5032480876203697,-0.17458553470169313,1.9999632344597538,0.0,-1.0,SOLVER_EXCEPTION,0.0,0,True,True
1662.517,-0.03280980266635192,-1.4967319003465154,-0.1745402775323116,3.659524934654266e-05,0,nan,nan,nan,2.0,0.503262660637039,-0.17458555380184881,1.9999634047506534,0.0,-1.0,SOLVER_EXCEPTION,0.0,0,True,True
1662.619,-0.032890743879535514,-1.4967176090813146,-0.17454029627207673,3.643345477192573e-05,0,nan,nan,nan,2.0,0.5032764058735862,-0.17458557182083467,1.999963566545228,0.0,-1.0,SOLVER_EXCEPTION,0.0,0,True,True
1662.716,-0.032966221804702045,-1.4967042824274128,-0.17454031375145473,3.628453952410165e-05,0,nan,nan,nan,2.0,0.5032905605703822,-0.17458559038151433,1.999963715460476,0.0,-1.0,SOLVER_EXCEPTION,0.0,0,True,True
1662.822,-0.03304868614194542,-1.4966897222233035,-0.17454033285166648,3.612383748429961e-05,0,nan,nan,nan,2.0,0.5033041628327622,-0.17458560822124092,1.9999638761625158,0.0,-1.0,SOLVER_EXCEPTION,0.0,0,True,True
1662.919,-0.03312335596590675,-1.4966765382409375,-0.17454035015001979,3.598019981135699e-05,0,nan,nan,nan,2.0,0.5033176250904272,-0.17458562587986792,1.9999640198001887,0.0,-1.0,SOLVER_EXCEPTION,0.0,0,True,True
1663.017,-0.033199567025178844,-1.4966630821287772,-0.17454036781047846,3.583541612420157e-05,0,nan,nan,nan,2.0,0.5033314967745636,-0.1745856440801039,1.9999641645838757,0.0,-1.0,SOLVER_EXCEPTION,0.0,0,True,True
1663.118,-0.03327809605326676,-1.4966492167414305,-0.1745403860090663,3.568800784335891e-05,0,nan,nan,nan,2.0,0.503345228466508,-0.1745856620994397,1.9999643119921566,0.0,-1.0,SOLVER_EXCEPTION,0.0,0,True,True
1663.217,-0.03335350084206578,-1.496635902977726,-0.17454040348815128,3.554826603656142e-05,0,nan,nan,nan,2.0,0.5033588202765472,-0.1745856799389962,1.9999644517339634,0.0,-1.0,SOLVER_EXCEPTION,0.0,0,True,True
1663.319,-0.03343433197446713,-1.496621631112285,-0.17454042222855054,3.540034294722491e-05,0,nan,nan,nan,2.0,0.5033721350603384,-0.17458569741652852,1.9999645996570528,0.0,-1.0,SOLVER_EXCEPTION,0.0,0,True,True
1663.416,-0.03351048552016149,-1.4966081851358075,-0.17454043988888307,3.526279551222915e-05,0,nan,nan,nan,2.0,0.5033855846830257,-0.17458571507719078,1.9999647372044878,0.0,-1.0,SOLVER_EXCEPTION,0.0,0,True,True
1663.518,-0.0335889560084153,-1.4965943300654443,-0.17454045808781052,3.512274759686003e-05,0,nan,nan,nan,2.0,0.5034001295217776,-0.17458573417821244,1.9999648772524032,0.0,-1.0,SOLVER_EXCEPTION,0.0,0,True,True
1663.615,-0.03366508199715784,-1.4965808889452221,-0.1745404757480461,3.498866303083368e-05,0,nan,nan,nan,2.0,0.5034138485170285,-0.1745857521968861,1.9999650113369691,0.0,-1.0,SOLVER_EXCEPTION,0.0,0,True,True
1663.716,-0.033741971257471394,-1.4965673130539447,-0.17454049358687393,3.485483367280909e-05,0,nan,nan,nan,2.0,0.5034274279134935,-0.17458577003772824,1.9999651451663272,0.0,-1.0,SOLVER_EXCEPTION,0.0,0,True,True
1663.817,-0.03381729417665266,-1.496554013717951,-0.17454051106573806,3.4725376943156895e-05,0,nan,nan,nan,2.0,0.503440867813379,-0.17458578769579747,1.9999652746230567,0.0,-1.0,SOLVER_EXCEPTION,0.0,0,True,True
1663.918,-0.033897262310329974,-1.4965398941987076,-0.17454052962759464,3.458971623209876e-05,0,nan,nan,nan,2.0,0.5034549909532955,-0.17458580625765396,1.9999654102837678,0.0,-1.0,SOLVER_EXCEPTION,0.0,0,True,True
1664.017,-0.03397255914459771,-1.4965265994597108,-0.17454054710642675,3.446352646427574e-05,0,nan,nan,nan,2.0,0.5034682891014657,-0.17458582373648612,1.9999655364735358,0.0,-1.0,SOLVER_EXCEPTION,0.0,0,True,True
1664.121,-0.03405793229010302,-1.4965115255983854,-0.1745405669287678,3.432232878867748e-05,0,nan,nan,nan,2.0,0.5034824074201792,-0.17458584229540008,1.9999656776712114,0.0,-1.0,SOLVER_EXCEPTION,0.0,0,True,True
1664.216,-0.034133202806846424,-1.4964982354969294,-0.1745405844076264,3.4199449253198033e-05,0,nan,nan,nan,2.0,0.5034961121940502,-0.1745858603168764,1.9999658005507468,0.0,-1.0,SOLVER_EXCEPTION,0.0,0,True,True
1664.315,-0.03420846122448531,-1.4964849475276096,-0.17454060188545437,3.4078045157676e-05,0,nan,nan,nan,2.0,0.5035096776868172,-0.1745858781550078,1.9999659219548422,0.0,-1.0,SOLVER_EXCEPTION,0.0,0,True,True
1664.419,-0.034288361720753585,-1.4964708399277813,-0.17454062044657617,3.395083908616046e-05,0,nan,nan,nan,2.0,0.5035233779755598,-0.17458589617667863,1.999966049160914,0.0,-1.0,SOLVER_EXCEPTION,0.0,0,True,True
1664.515,-0.034363595651964306,-1.496457556273706,-0.1745406379276597,3.383264310920905e-05,0,nan,nan,nan,2.0,0.5035370760531368,-0.17458591419721436,1.9999661673568907,0.0,-1.0,SOLVER_EXCEPTION,0.0,0,True,True
1664.613,-0.034438817926824704,-1.496444274673868,-0.17454065540645528,3.371578979963444e-05,0,nan,nan,nan,2.0,0.5035506349978505,-0.17458593203651462,1.9999662842102004,0.0,-1.0,SOLVER_EXCEPTION,0.0,0,True,True
1664.719,-0.03451790522010473,-1.496430310643394,-0.17454067378739485,3.359455091544946e-05,0,nan,nan,nan,2.0,0.5035646026091162,-0.1745859504174545,1.9999664054490847,0.0,-1.0,SOLVER_EXCEPTION,0.0,0,True,True
1664.821,-0.03460085583383286,-1.4964156644817828,-0.17454069306578293,3.346889104703855e-05,0,nan,nan,nan,2.0,0.5035770620376853,-0.17458596681538818,1.999966531108953,0.0,-1.0,SOLVER_EXCEPTION,0.0,0,True,True
1664.919,-0.0346760422537123,-1.4964023892003953,-0.17454071054632778,3.335662117065389e-05,0,nan,nan,nan,2.0,0.5035918467916969,-0.174585986277354,1.9999666433788295,0.0,-1.0,SOLVER_EXCEPTION,0.0,0,True,True
1665.017,-0.034752767483719915,-1.4963888422150644,-0.1745407283869195,3.3243424069794044e-05,0,nan,nan,nan,2.0,0.5036056710807042,-0.17458600447743233,1.9999667565759303,0.0,-1.0,SOLVER_EXCEPTION,0.0,0,True,True
1665.112,-0.03482638198389656,-1.4963758444709592,-0.1745407455073405,3.313623143817999e-05,0,nan,nan,nan,2.0,0.5036190827482836,-0.17458602213740004,1.999966863768562,0.0,-1.0,SOLVER_EXCEPTION,0.0,0,True,True
1665.216,-0.0349038597276361,-1.4963621646105125,-0.17454076352651346,3.3024623634965034e-05,0,nan,nan,nan,2.0,0.5036327661166472,-0.17458604015657286,1.9999669753763651,0.0,-1.0,SOLVER_EXCEPTION,0.0,0,True,True
1665.32,-0.03498752294632274,-1.4963473926055972,-0.17454078298743,3.290577020880729e-05,0,nan,nan,nan,2.0,0.5036465842895569,-0.17458605835805496,1.9999670942297911,0.0,-1.0,SOLVER_EXCEPTION,0.0,0,True,True
1665.415,-0.03506110478971977,-1.496334400616903,-0.17454080010763035,3.280258988942949e-05,0,nan,nan,nan,2.0,0.503660263662249,-0.1745860763773468,1.9999671974101105,0.0,-1.0,SOLVER_EXCEPTION,0.0,0,True,True
1665.521,-0.035140097339809565,-1.4963204532807641,-0.1745408184873289,3.269318532619198e-05,0,nan,nan,nan,2.0,0.5036738043211252,-0.17458609421841986,1.9999673068146737,0.0,-1.0,SOLVER_EXCEPTION,0.0,0,True,True
1665.622,-0.0352167557100825,-1.4963069180766093,-0.17454083632896428,3.258840065624841e-05,0,nan,nan,nan,2.0,0.5036877533269728,-0.1745861125982584,1.9999674115993438,0.0,-1.0,SOLVER_EXCEPTION,0.0,0,True,True
1665.714,-0.03529262933872572,-1.4962935214258013,-0.17454085398720168,3.2485908744362046e-05,0,nan,nan,nan,2.0,0.5037014269034661,-0.17458613061726114,1.9999675140912556,0.0,-1.0,SOLVER_EXCEPTION,0.0,0,True,True
1665.818,-0.03537313710112297,-1.496279306544656,-0.1745408727282266,3.237854351060997e-05,0,nan,nan,nan,2.0,0.5037148251844041,-0.1745861482799289,1.9999676214564894,0.0,-1.0,SOLVER_EXCEPTION,0.0,0,True,True
1665.921,-0.0354474418580059,-1.4962661868951117,-0.17454089003020543,3.228086215482913e-05,0,nan,nan,nan,2.0,0.5037287684435168,-0.17458616666026483,1.999967719137845,0.0,-1.0,SOLVER_EXCEPTION,0.0,0,True,True
1666.015,-0.035524832464289044,-1.4962525223882084,-0.17454090804890712,3.218014953352953e-05,0,nan,nan,nan,2.0,0.5037424364543919,-0.17458618467896647,1.9999678198504665,0.0,-1.0,SOLVER_EXCEPTION,0.0,0,True,True
1666.122,-0.035607629051582025,-1.4962379033669015,-0.17454092733262566,3.207401586297001e-05,0,nan,nan,nan,2.0,0.5037561026577198,-0.1745862026990017,1.999967925984137,0.0,-1.0,SOLVER_EXCEPTION,0.0,0,True,True
1666.218,-0.03568267761830231,-1.4962246523748852,-0.17454094481056587,3.197888511049718e-05,0,nan,nan,nan,2.0,0.503769767074305,-0.17458622071907692,1.9999680211148896,0.0,-1.0,SOLVER_EXCEPTION,0.0,0,True,True
1666.318,-0.03575771677411614,-1.496211403041477,-0.17454096229024288,3.188499840098886e-05,0,nan,nan,nan,2.0,0.5037830198735141,-0.17458623819947805,1.999968115001599,0.0,-1.0,SOLVER_EXCEPTION,0.0,0,True,True
1666.415,-0.03583429354338615,-1.4961978822147113,-0.17454098013128239,3.179041166956692e-05,0,nan,nan,nan,2.0,0.5037966808365218,-0.17458625622244828,1.9999682095883304,0.0,-1.0,SOLVER_EXCEPTION,0.0,0,True,True
1666.518,-0.03591395417337627,-1.4961838168804968,-0.17454099869406914,3.169331224471558e-05,0,nan,nan,nan,2.0,0.5038107498309262,-0.17458627478132893,1.9999683066877554,0.0,-1.0,SOLVER_EXCEPTION,0.0,0,True,True
1666.619,-0.03598741850695826,-1.4961708455956313,-0.17454101581076856,3.1604701251992134e-05,0,nan,nan,nan,2.0,0.5038241341912224,-0.17458629244082813,1.999968395298748,0.0,-1.0,SOLVER_EXCEPTION,0.0,0,True,True
1666.718,-0.03606860593801823,-1.4961565106731531,-0.1745410347332829,3.150817549974759e-05,0,nan,nan,nan,2.0,0.5038379265908478,-0.17458631064256158,1.9999684918245002,0.0,-1.0,SOLVER_EXCEPTION,0.0,0,True,True
1666.817,-0.036145144598930715,-1.496142996559865,-0.17454105257465244,3.141839592459261e-05,0,nan,nan,nan,2.0,0.503851034632215,-0.1745863279443789,1.9999685816040753,0.0,-1.0,SOLVER_EXCEPTION,0.0,0,True,True
1666.918,-0.03622399310424617,-1.496129074604646,-0.17454107095496998,3.1326935267879484e-05,0,nan,nan,nan,2.0,0.5038653698261863,-0.1745863468642832,1.9999686730647321,0.0,-1.0,SOLVER_EXCEPTION,0.0,0,True,True
1667.019,-0.03630205919475705,-1.4961152907921507,-0.17454108915700395,3.1237704970897196e-05,0,nan,nan,nan,2.0,0.5038786112330724,-0.17458636434442454,1.999968762295029,0.0,-1.0,SOLVER_EXCEPTION,0.0,0,True,True
1667.12,-0.036377797671180566,-1.4961019179548942,-0.1745411068164011,3.115205935371774e-05,0,nan,nan,nan,2.0,0.5038926700518329,-0.1745863829081773,1.9999688479406463,0.0,-1.0,SOLVER_EXCEPTION,0.0,0,True,True
1667.224,-0.0364604819283866,-1.4960873187241104,-0.17454112609978317,3.105993654112258e-05,0,nan,nan,nan,2.0,0.5039061813239664,-0.1745864007458664,1.9999689400634588,0.0,-1.0,SOLVER_EXCEPTION,0.0,0,True,True
1667.318,-0.036530021615914995,-1.4960750403752652,-0.17454114231775886,3.098330793395981e-05,0,nan,nan,nan,2.0,0.5039199639787306,-0.17458641894781834,1.999969016692066,0.0,-1.0,SOLVER_EXCEPTION,0.0,0,True,True
1667.422,-0.036612687399894886,-1.4960604443988728,-0.17454116160060418,3.0893455700375496e-05,0,nan,nan,nan,2.0,0.503933472190587,-0.17458643678840868,1.9999691065442997,0.0,-1.0,SOLVER_EXCEPTION,0.0,0,True,True
1667.525,-0.03668298419450039,-1.4960480323647032,-0.17454117799999624,3.081796387437422e-05,0,nan,nan,nan,2.0,0.5039469789148949,-0.1745864546300555,1.9999691820361256,0.0,-1.0,SOLVER_EXCEPTION,0.0,0,True,True
1667.619,-0.03676563186715753,-1.4960334395789479,-0.1745411972810491,3.07302730986323e-05,0,nan,nan,nan,2.0,0.5039608933998331,-0.1745864730108928,1.9999692697269014,0.0,-1.0,SOLVER_EXCEPTION,0.0,0,True,True
1667.716,-0.0368405471577339,-1.4960202120681068,-0.17454121476168627,3.065185119389456e-05,0,nan,nan,nan,2.0,0.5039745335572449,-0.17458649103128376,1.9999693481488061,0.0,-1.0,SOLVER_EXCEPTION,0.0,0,True,True
1667.819,-0.03691931565502339,-1.4960063042066267,-0.1745412331427152,3.057043392411294e-05,0,nan,nan,nan,2.0,0.5039881722554556,-0.1745865090517711,1.999969429566076,0.0,-1.0,SOLVER_EXCEPTION,0.0,0,True,True
1667.919,-0.03699267081580586,-1.4959933521556377,-0.17454125026288203,3.049556420783613e-05,0,nan,nan,nan,2.0,0.5040015367798119,-0.17458652671370833,1.9999695044357921,0.0,-1.0,SOLVER_EXCEPTION,0.0,0,True,True
1668.023,-0.03707605519699058,-1.495978629277861,-0.17454126972549538,3.0411538723263814e-05,0,nan,nan,nan,2.0,0.5040150362888313,-0.1745865445531014,1.9999695884612767,0.0,-1.0,SOLVER_EXCEPTION,0.0,0,True,True
1668.116,-0.03714939487779288,-1.4959656799536263,-0.17454128684559445,3.0338590434173314e-05,0,nan,nan,nan,2.0,0.5040289434317445,-0.17458656293595887,1.999969661409566,0.0,-1.0,SOLVER_EXCEPTION,0.0,0,True,True
1668.217,-0.03722349933323169,-1.4959525955925204,-0.17454130414583774,3.026576701367255e-05,0,nan,nan,nan,2.0,0.5040424401596839,-0.17458658077589728,1.9999697342329863,0.0,-1.0,SOLVER_EXCEPTION,0.0,0,True,True
1668.321,-0.03730222745981367,-1.4959386948431692,-0.17454132252826404,3.018942093696811e-05,0,nan,nan,nan,2.0,0.5040557992331103,-0.17458659843741842,1.999969810579063,0.0,-1.0,SOLVER_EXCEPTION,0.0,0,True,True
1668.418,-0.037382491044966965,-1.495924522979918,-0.17454134127061943,3.0112557015319142e-05,0,nan,nan,nan,2.0,0.5040697021935555,-0.17458661681955645,1.9999698874429848,0.0,-1.0,SOLVER_EXCEPTION,0.0,0,True,True
1668.516,-0.03745811653018168,-1.4959111700463135,-0.17454135892998773,3.0040999541964575e-05,0,nan,nan,nan,2.0,0.504083603762546,-0.17458663519961393,1.999969959000458,0.0,-1.0,SOLVER_EXCEPTION,0.0,0,True,True
1668.618,-0.03753604955429135,-1.4958974096756161,-0.17454137713318355,2.996832807348423e-05,0,nan,nan,nan,2.0,0.5040972314185943,-0.17458665322030065,1.9999700316719264,0.0,-1.0,SOLVER_EXCEPTION,0.0,0,True,True
1668.718,-0.037611660523051406,-1.4958840592991514,-0.17454139479221809,2.989854038374732e-05,0,nan,nan,nan,2.0,0.504110857770543,-0.17458667124307325,1.9999701014596163,0.0,-1.0,SOLVER_EXCEPTION,0.0,0,True,True
1668.815,-0.037688035908546455,-1.4958705739491227,-0.17454141263490414,2.982910462431527e-05,0,nan,nan,nan,2.0,0.5041239378577516,-0.17458668854386117,1.9999701708953757,0.0,-1.0,SOLVER_EXCEPTION,0.0,0,True,True
1668.919,-0.03776826102200227,-1.495856408861807,-0.17454143137624398,2.9756971311672563e-05,0,nan,nan,nan,2.0,0.5041378341656841,-0.17458670692432232,1.9999702430286883,0.0,-1.0,SOLVER_EXCEPTION,0.0,0,True,True
1669.019,-0.037845393289332216,-1.4958427898657405,-0.1745414493962336,2.9688489079527787e-05,0,nan,nan,nan,2.0,0.5041517291681578,-0.17458672530530706,1.9999703115109204,0.0,-1.0,SOLVER_EXCEPTION,0.0,0,True,True
1669.118,-0.03792251852432585,-1.49582917210758,-0.17454146741693266,2.9620909016623656e-05,0,nan,nan,nan,2.0,0.5041653504669728,-0.17458674332552038,1.9999703790909833,0.0,-1.0,SOLVER_EXCEPTION,0.0,0,True,True
1669.215,-0.037997323366656684,-1.4958159640514712,-0.1745414848981585,2.9556244048682894e-05,0,nan,nan,nan,2.0,0.5041786981525012,-0.1745867609896652,1.9999704437559513,0.0,-1.0,SOLVER_EXCEPTION,0.0,0,True,True
1669.314,-0.038074435004580506,-1.4958023486886278,-0.17454150291898293,2.9490326088531717e-05,0,nan,nan,nan,2.0,0.5041924532253379,-0.17458677918828025,1.9999705096739115,0.0,-1.0,SOLVER_EXCEPTION,0.0,0,True,True
1669.417,-0.038153081897115616,-1.4957884622475313,-0.17454152130360323,2.9424163707507116e-05,0,nan,nan,nan,2.0,0.5042059347395038,-0.17458679703025126,1.9999705758362925,0.0,-1.0,SOLVER_EXCEPTION,0.0,0,True,True
1669.522,-0.03823403466655771,-1.495774168661447,-0.1745415402241419,2.9356686543258714e-05,0,nan,nan,nan,2.0,0.5042191427779487,-0.1745868145115499,1.9999706433134568,0.0,-1.0,SOLVER_EXCEPTION,0.0,0,True,True
1669.615,-0.03830572961131199,-1.495761509698648,-0.1745415569839164,2.9297776200258193e-05,0,nan,nan,nan,2.0,0.5042324858703168,-0.17458683217213755,1.9999707022237998,0.0,-1.0,SOLVER_EXCEPTION,0.0,0,True,True
1669.72,-0.03838666873942923,-1.495747218515283,-0.17454157590933522,2.9232226504621917e-05,0,nan,nan,nan,2.0,0.5042470530867419,-0.17458685145641528,1.9999707677734955,0.0,-1.0,SOLVER_EXCEPTION,0.0,0,True,True
1669.821,-0.03846451777419062,-1.495733472937374,-0.17454159411053446,2.9169845321434827e-05,0,nan,nan,nan,2.0,0.5042606661328907,-0.1745868694768733,1.9999708301546786,0.0,-1.0,SOLVER_EXCEPTION,0.0,0,True,True
1669.921,-0.03854081895080397,-1.4957200006570273,-0.1745416119503414,2.9109448526309523e-05,0,nan,nan,nan,2.0,0.5042740058310184,-0.17458688713788462,1.9999708905514737,0.0,-1.0,SOLVER_EXCEPTION,0.0,0,True,True
1670.018,-0.038612490207951475,-1.4957073458662076,-0.17454162870989254,2.9053423349982252e-05,0,nan,nan,nan,2.0,0.5042877527745713,-0.17458690533995203,1.99997094657665,0.0,-1.0,SOLVER_EXCEPTION,0.0,0,True,True
1670.119,-0.03869417348777567,-1.4956929232774017,-0.174541647813282,2.8990463749648097e-05,0,nan,nan,nan,2.0,0.5043010903279648,-0.17458692300077594,1.9999710095362504,0.0,-1.0,SOLVER_EXCEPTION,0.0,0,True,True
1670.215,-0.03876814485955091,-1.495679862356746,-0.17454166511589753,2.8934193998267352e-05,0,nan,nan,nan,2.0,0.5043151072506141,-0.17458694156354992,1.9999710658060017,0.0,-1.0,SOLVER_EXCEPTION,0.0,0,True,True
1670.317,-0.038846733335650446,-1.4956659862026098,-0.17454168349707075,2.8875093868204812e-05,0,nan,nan,nan,2.0,0.5043289869737158,-0.17458695994584517,1.9999711249061318,0.0,-1.0,SOLVER_EXCEPTION,0.0,0,True,True
1670.421,-0.03892685636657623,-1.495651839094516,-0.17454170223848758,2.8815532661554592e-05,0,nan,nan,nan,2.0,0.504342457421586,-0.17458697778738097,1.9999711844673385,0.0,-1.0,SOLVER_EXCEPTION,0.0,0,True,True
1670.517,-0.03900004010043822,-1.4956389172355586,-0.17454171936022456,2.8762006997119386e-05,0,nan,nan,nan,2.0,0.5043552466028893,-0.17458699472702754,1.9999712379930028,0.0,-1.0,SOLVER_EXCEPTION,0.0,0,True,True
1670.617,-0.039077840202500616,-1.4956251802756355,-0.17454173756377017,2.870573103275505e-05,0,nan,nan,nan,2.0,0.5043695313166803,-0.17458701365118712,1.9999712942689671,0.0,-1.0,SOLVER_EXCEPTION,0.0,0,True,True
1670.715,-0.03915332380264238,-1.4956118523296569,-0.1745417552235814,2.865176291900559e-05,0,nan,nan,nan,2.0,0.504382862709671,-0.1745870313118023,1.999971348237081,0.0,-1.0,SOLVER_EXCEPTION,0.0,0,True,True
1670.818,-0.039230342262582776,-1.4955982533764403,-0.17454177324501094,2.8597364422848317e-05,0,nan,nan,nan,2.0,0.5043964651796954,-0.1745870493353614,1.999971402635577,0.0,-1.0,SOLVER_EXCEPTION,0.0,0,True,True
1670.915,-0.03930735511396024,-1.495584655409462,-0.1745417912664351,2.854371086383879e-05,0,nan,nan,nan,2.0,0.504409930653045,-0.1745870671754548,1.9999714562891362,0.0,-1.0,SOLVER_EXCEPTION,0.0,0,True,True
1671.016,-0.0393851324727835,-1.4955709224537515,-0.1745418094689323,2.849021166786265e-05,0,nan,nan,nan,2.0,0.5044239391696873,-0.17458708573851434,1.9999715097883322,0.0,-1.0,SOLVER_EXCEPTION,0.0,0,True,True
1671.118,-0.03946290425340328,-1.4955571904795018,-0.17454182767196402,2.843744681510068e-05,0,nan,nan,nan,2.0,0.5044375386941438,-0.1745871037603628,1.9999715625531849,0.0,-1.0,SOLVER_EXCEPTION,0.0,0,True,True
1671.217,-0.039534511020884185,-1.4955445470443771,-0.1745418444323275,2.838942271604948e-05,0,nan,nan,nan,2.0,0.5044504573608928,-0.17458712088114936,1.999971610577284,0.0,-1.0,SOLVER_EXCEPTION,0.0,0,True,True
1671.317,-0.039616891595378206,-1.4955300013012185,-0.17454186371508773,2.8334815577388143e-05,0,nan,nan,nan,2.0,0.5044647349006345,-0.17458713980552698,1.9999716651844226,0.0,-1.0,SOLVER_EXCEPTION,0.0,0,True,True
1671.421,-0.0396969566567272,-1.4955158643989315,-0.1745418824567109,2.8282475812490758e-05,0,nan,nan,nan,2.0,0.5044783316070669,-0.17458715782624878,1.9999717175241876,0.0,-1.0,SOLVER_EXCEPTION,0.0,0,True,True
1671.521,-0.039772397435637034,-1.4955025439945901,-0.1745419001207555,2.8233890881196883e-05,0,nan,nan,nan,2.0,0.5044911116759094,-0.17458717476631103,1.9999717661091188,0.0,-1.0,SOLVER_EXCEPTION,0.0,0,True,True
1671.619,-0.039847833284918865,-1.49548922445622,-0.17454191778170172,2.8185837065004088e-05,0,nan,nan,nan,2.0,0.5045055222836952,-0.17458719386834387,1.999971814162935,0.0,-1.0,SOLVER_EXCEPTION,0.0,0,True,True
1671.716,-0.039920955225615985,-1.4954763134785185,-0.1745419349036877,2.8139860034908903e-05,0,nan,nan,nan,2.0,0.5045185725334813,-0.17458721117322673,1.9999718601399652,0.0,-1.0,SOLVER_EXCEPTION,0.0,0,True,True
1671.821,-0.040002538583197945,-1.4954619084834764,-0.17454195400645292,2.8089149727392917e-05,0,nan,nan,nan,2.0,0.5045327093872987,-0.17458722991509124,1.9999719108502727,0.0,-1.0,SOLVER_EXCEPTION,0.0,0,True,True
1671.918,-0.04007872934349074,-1.4954484556460903,-0.17454197184915254,2.804244781963404e-05,0,nan,nan,nan,2.0,0.5045463016272254,-0.17458724793626068,1.9999719575521804,0.0,-1.0,SOLVER_EXCEPTION,0.0,0,True,True
1672.016,-0.040154915319063546,-1.4954350036497137,-0.17454198968846196,2.7996187777623807e-05,0,nan,nan,nan,2.0,0.5045596211882935,-0.17458726559720894,1.9999720038122224,0.0,-1.0,SOLVER_EXCEPTION,0.0,0,True,True
1672.115,-0.040231096569589696,-1.49542155248612,-0.1745420075308338,2.7950651724862874e-05,0,nan,nan,nan,2.0,0.504573483538221,-0.1745872839828504,1.999972049348275,0.0,-1.0,SOLVER_EXCEPTION,0.0,0,True,True
1672.222,-0.0403103508978988,-1.4954075587126239,-0.1745420260958973,2.790396228320151e-05,0,nan,nan,nan,2.0,0.5045869373381869,-0.17458730182243265,1.9999720960377168,0.0,-1.0,SOLVER_EXCEPTION,0.0,0,True,True
1672.321,-0.04038960023992993,-1.4953935658169777,-0.17454204465884557,2.7857791480200072e-05,0,nan,nan,nan,2.0,0.5046003903264042,-0.17458731966454533,1.9999721422085197,0.0,-1.0,SOLVER_EXCEPTION,0.0,0,True,True
1672.419,-0.04046499795611764,-1.4953802529925373,-0.17454206232102923,2.781443019848613e-05,0,nan,nan,nan,2.0,0.5046141142661078,-0.17458733786854808,1.9999721855698016,0.0,-1.0,SOLVER_EXCEPTION,0.0,0,True,True
1672.517,-0.040538852675682704,-1.4953672126092037,-0.1745420796198463,2.777234899572833e-05,0,nan,nan,nan,2.0,0.5046279732504274,-0.17458735624990585,1.9999722276510044,0.0,-1.0,SOLVER_EXCEPTION,0.0,0,True,True
1672.624,-0.04062193425030652,-1.4953525430560126,-0.1745420990849125,2.7725789727475837e-05,0,nan,nan,nan,2.0,0.5046414238245198,-0.17458737409359193,1.9999722742102726,0.0,-1.0,SOLVER_EXCEPTION,0.0,0,True,True
1672.715,-0.040690395703401834,-1.4953404549470304,-0.1745421151241096,2.7687828069374566e-05,0,nan,nan,nan,2.0,0.5046548736265296,-0.17458739193658745,1.9999723121719306,0.0,-1.0,SOLVER_EXCEPTION,0.0,0,True,True
1672.822,-0.040772698665398614,-1.4953259228666351,-0.1745421344097972,2.7642902997403967e-05,0,nan,nan,nan,2.0,0.5046691377362574,-0.17458741085860074,1.9999723570970025,0.0,-1.0,SOLVER_EXCEPTION,0.0,0,True,True
1672.918,-0.040846536327394975,-1.4953128854862165,-0.1745421517098505,2.7602925376700273e-05,0,nan,nan,nan,2.0,0.504682042629606,-0.17458742797950677,1.9999723970746233,0.0,-1.0,SOLVER_EXCEPTION,0.0,0,True,True
1673.018,-0.04092421541882592,-1.4952991698285234,-0.17454216991379495,2.7561609048780053e-05,0,nan,nan,nan,2.0,0.504695761819688,-0.17458744618332656,1.9999724383909512,0.0,-1.0,SOLVER_EXCEPTION,0.0,0,True,True
1673.115,-0.04100035210214055,-1.4952857265099724,-0.17454218775730954,2.7521533672109017e-05,0,nan,nan,nan,2.0,0.5047082578419412,-0.17458746276343184,1.999972478466328,0.0,-1.0,SOLVER_EXCEPTION,0.0,0,True,True
1673.222,-0.041082636619388394,-1.495271197675124,-0.17454220703929998,2.7478703859013676e-05,0,nan,nan,nan,2.0,0.504722790472886,-0.1745874820480986,1.999972521296141,0.0,-1.0,SOLVER_EXCEPTION,0.0,0,True,True
1673.319,-0.04115645794310348,-1.4952581631698605,-0.1745422243411195,2.7440835815072692e-05,0,nan,nan,nan,2.0,0.5047363716142108,-0.17458750007018864,1.999972559164185,0.0,-1.0,SOLVER_EXCEPTION,0.0,0,True,True
1673.415,-0.04123104440877013,-1.495244993562585,-0.17454224182279116,2.740303368830496e-05,0,nan,nan,nan,2.0,0.5047500878364496,-0.17458751827361674,1.9999725969663118,0.0,-1.0,SOLVER_EXCEPTION,0.0,0,True,True
1673.522,-0.04131254692066361,-1.495230602798151,-0.17454226092626837,2.7362232964262234e-05,0,nan,nan,nan,2.0,0.5047636675386579,-0.17458753629607227,1.9999726377670357,0.0,-1.0,SOLVER_EXCEPTION,0.0,0,True,True
1673.626,-0.04139250729331854,-1.4952164843245366,-0.17454227967148453,2.7322827661986805e-05,0,nan,nan,nan,2.0,0.5047771107515682,-0.17458755413892169,1.999972677172338,0.0,-1.0,SOLVER_EXCEPTION,0.0,0,True,True
1673.715,-0.04146170033065058,-1.4952042670190422,-0.17454229589177,2.728910883420268e-05,0,nan,nan,nan,2.0,0.5047908248444049,-0.17458757233922606,1.9999727108911658,0.0,-1.0,SOLVER_EXCEPTION,0.0,0,True,True
1673.817,-0.04154011529692729,-1.49519042141097,-0.17454231427432204,2.7251273985128368e-05,0,nan,nan,nan,2.0,0.5048044024640941,-0.17458759036476668,1.9999727487260148,0.0,-1.0,SOLVER_EXCEPTION,0.0,0,True,True
1673.915,-0.04161545139968312,-1.4951771194292207,-0.17454233193508942,2.721541088868488e-05,0,nan,nan,nan,2.0,0.5048179794087492,-0.17458760838698106,1.9999727845891113,0.0,-1.0,SOLVER_EXCEPTION,0.0,0,True,True
1674.024,-0.04169693328630079,-1.4951627322954257,-0.17454235104204613,2.7177245255638105e-05,0,nan,nan,nan,2.0,0.504831555683894,-0.1745876264086874,1.9999728227547444,0.0,-1.0,SOLVER_EXCEPTION,0.0,0,True,True
1674.116,-0.0417661127142998,-1.4951505173840696,-0.17454236726184474,2.7145178144042935e-05,0,nan,nan,nan,2.0,0.5048448597947895,-0.17458764407005,1.999972854821856,0.0,-1.0,SOLVER_EXCEPTION,0.0,0,True,True
1674.215,-0.04184528104801343,-1.4951365387457671,-0.17454238582643575,2.7108956719932042e-05,0,nan,nan,nan,2.0,0.5048587062643015,-0.17458766245649526,1.9999728910432801,0.0,-1.0,SOLVER_EXCEPTION,0.0,0,True,True
1674.315,-0.04192290836620322,-1.4951228321984316,-0.17454240402679252,2.707374669000363e-05,0,nan,nan,nan,2.0,0.504872280586179,-0.17458768047877804,1.99997292625331,0.0,-1.0,SOLVER_EXCEPTION,0.0,0,True,True
1674.417,-0.0420013005355879,-1.4951089906016541,-0.17454242241280496,2.7038875989976934e-05,0,nan,nan,nan,2.0,0.504885854271824,-0.17458769849990796,1.99997296112401,0.0,-1.0,SOLVER_EXCEPTION,0.0,0,True,True
1674.516,-0.042077383507209874,-1.495095556733337,-0.1745424402532173,2.7005239823178203e-05,0,nan,nan,nan,2.0,0.5048995630579711,-0.1745877167052412,1.9999729947601768,0.0,-1.0,SOLVER_EXCEPTION,0.0,0,True,True
1674.615,-0.04215269456711536,-1.4950822591588766,-0.17454245791784737,2.6972580004903903e-05,0,nan,nan,nan,2.0,0.5049129997697847,-0.17458773454790677,1.9999730274199952,0.0,-1.0,SOLVER_EXCEPTION,0.0,0,True,True
1674.713,-0.04222800228881796,-1.4950689621711564,-0.17454247557975738,2.6940193180304242e-05,0,nan,nan,nan,2.0,0.504926300167171,-0.17458775220981693,1.9999730598068197,0.0,-1.0,SOLVER_EXCEPTION,0.0,0,True,True
1674.816,-0.042307917082183136,-1.4950548517167226,-0.17454249432201474,2.6906195212732802e-05,0,nan,nan,nan,2.0,0.5049401428215041,-0.17458777059161124,1.9999730938047873,0.0,-1.0,SOLVER_EXCEPTION,0.0,0,True,True
1674.918,-0.042385523132823,-1.495041148911931,-0.17454251252714373,2.687379160875947e-05,0,nan,nan,nan,2.0,0.5049537134489057,-0.17458778861542523,1.9999731262083913,0.0,-1.0,SOLVER_EXCEPTION,0.0,0,True,True
1675.018,-0.04246312577046169,-1.4950274467066595,-0.17454253072860007,2.6841627379912828e-05,0,nan,nan,nan,2.0,0.5049672834875082,-0.1745878066370956,1.9999731583726201,0.0,-1.0,SOLVER_EXCEPTION,0.0,0,True,True
1675.116,-0.04253688356929983,-1.4950144233791156,-0.17454254803253055,2.6811595293844104e-05,0,nan,nan,nan,2.0,0.5049807172526697,-0.17458782448132526,1.999973188404706,0.0,-1.0,SOLVER_EXCEPTION,0.0,0,True,True
1675.217,-0.042615247935652016,-1.4950005866723202,-0.1745425664154153,2.6779948741500908e-05,0,nan,nan,nan,2.0,0.504994286140995,-0.1745878425033065,1.9999732200512585,0.0,-1.0,SOLVER_EXCEPTION,0.0,0,True,True
1675.314,-0.04269053603159207,-1.494987293137189,-0.17454258407764275,2.6749974081238898e-05,0,nan,nan,nan,2.0,0.5050078544626195,-0.17458786052844433,1.9999732500259189,0.0,-1.0,SOLVER_EXCEPTION,0.0,0,True,True
1675.419,-0.042767357468962215,-1.4949737288596285,-0.17454260210092815,2.6719757788049046e-05,0,nan,nan,nan,2.0,0.5050212865491279,-0.17458787837037626,1.9999732802422119,0.0,-1.0,SOLVER_EXCEPTION,0.0,0,True,True
1675.515,-0.042844943930920816,-1.494960029500176,-0.17454262030432405,2.668964947966331e-05,0,nan,nan,nan,2.0,0.505035125101764,-0.1745878967551442,1.9999733103505204,0.0,-1.0,SOLVER_EXCEPTION,0.0,0,True,True
1675.617,-0.04292329536336394,-1.4949461950682672,-0.17454263868743936,2.6659600236705774e-05,0,nan,nan,nan,2.0,0.5050481491030047,-0.17458791405721508,1.9999733403997633,0.0,-1.0,SOLVER_EXCEPTION,0.0,0,True,True
1675.72,-0.04300241171327765,-1.4949322255738837,-0.17454265725201631,2.6629695457944134e-05,0,nan,nan,nan,2.0,0.5050622578768785,-0.17458793280071117,1.9999733703045421,0.0,-1.0,SOLVER_EXCEPTION,0.0,0,True,True
1675.815,-0.043075380259082516,-1.49491934158868,-0.17454267437571777,2.6602543976057203e-05,0,nan,nan,nan,2.0,0.5050758234629378,-0.17458795082327017,1.9999733974560239,0.0,-1.0,SOLVER_EXCEPTION,0.0,0,True,True
1675.918,-0.043153722433711704,-1.494905508785568,-0.1745426927582395,2.6573536526758603e-05,0,nan,nan,nan,2.0,0.5050893885221963,-0.17458796884866512,1.9999734264634732,0.0,-1.0,SOLVER_EXCEPTION,0.0,0,True,True
1676.022,-0.043234365584658103,-1.4948912696982173,-0.1745427116841785,2.6544288736190737e-05,0,nan,nan,nan,2.0,0.5051030887069313,-0.174587987050149,1.9999734557112638,0.0,-1.0,SOLVER_EXCEPTION,0.0,0,True,True
1676.118,-0.04330809365611462,-1.4948782515987507,-0.17454272898552362,2.651769203545552e-05,0,nan,nan,nan,2.0,0.5051165170918236,-0.17458800489491022,1.9999734823079645,0.0,-1.0,SOLVER_EXCEPTION,0.0,0,True,True
1676.218,-0.04338412295395242,-1.494864827170597,-0.1745427468296114,2.6490799786788702e-05,0,nan,nan,nan,2.0,0.5051300806151343,-0.17458802291667297,1.999973509200213,0.0,-1.0,SOLVER_EXCEPTION,0.0,0,True,True
1676.321,-0.04346398911785986,-1.4948507252688679,-0.17454276557334733,2.646275955827083e-05,0,nan,nan,nan,2.0,0.5051436436369067,-0.17458804094291702,1.9999735372404417,0.0,-1.0,SOLVER_EXCEPTION,0.0,0,True,True
1676.42,-0.043540012744848255,-1.4948373018387295,-0.17454278341735213,2.643649830046843e-05,0,nan,nan,nan,2.0,0.5051567992981194,-0.174588058423073,1.9999735635016995,0.0,-1.0,SOLVER_EXCEPTION,0.0,0,True,True
1676.515,-0.04360989065419566,-1.4948249635512174,-0.17454279981891238,2.6412615201543836e-05,0,nan,nan,nan,2.0,0.5051702257361268,-0.17458807626651396,1.9999735873847984,0.0,-1.0,SOLVER_EXCEPTION,0.0,0,True,True
1676.622,-0.043694355433270195,-1.4948100496690706,-0.1745428196448422,2.638410007034112e-05,0,nan,nan,nan,2.0,0.5051843297693204,-0.17458809501110917,1.9999736158999297,0.0,-1.0,SOLVER_EXCEPTION,0.0,0,True,True
1676.718,-0.04376806747870553,-1.4947970343862191,-0.1745428369462533,2.6359517932764086e-05,0,nan,nan,nan,2.0,0.505197890855531,-0.17458811303417265,1.9999736404820672,0.0,-1.0,SOLVER_EXCEPTION,0.0,0,True,True
1676.822,-0.04384868721547261,-1.4947827994168805,-0.17454285587255397,2.633303215288486e-05,0,nan,nan,nan,2.0,0.5052114514714613,-0.17458813105991977,1.9999736669678472,0.0,-1.0,SOLVER_EXCEPTION,0.0,0,True,True
1676.918,-0.04392239414851956,-1.4947697850323618,-0.1745428731737828,2.630907856908266e-05,0,nan,nan,nan,2.0,0.5052250116254388,-0.17458814908248366,1.999973690921431,0.0,-1.0,SOLVER_EXCEPTION,0.0,0,True,True
1677.018,-0.043997634171369294,-1.4947564999510554,-0.17454289083665606,2.628489809733306e-05,0,nan,nan,nan,2.0,0.5052385713207024,-0.17458816710619818,1.9999737151019026,0.0,-1.0,SOLVER_EXCEPTION,0.0,0,True,True
1677.119,-0.04407517487925624,-1.4947428086360643,-0.17454290904113634,2.6260384410182613e-05,0,nan,nan,nan,2.0,0.5052521305653572,-0.17458818512935448,1.9999737396155899,0.0,-1.0,SOLVER_EXCEPTION,0.0,0,True,True
1677.218,-0.0441496422325267,-1.4947296599803315,-0.17454292652439013,2.6237101678301158e-05,0,nan,nan,nan,2.0,0.5052656893630291,-0.17458820315444967,1.9999737628983216,0.0,-1.0,SOLVER_EXCEPTION,0.0,0,True,True
1677.315,-0.04422717789996229,-1.4947159695517098,-0.17454294472749274,2.621309746708538e-05,0,nan,nan,nan,2.0,0.5052785698134172,-0.17458822027594945,1.999973786902533,0.0,-1.0,SOLVER_EXCEPTION,0.0,0,True,True
1677.419,-0.044306246328781294,-1.494702008482289,-0.17454296329185698,2.6188985824108467e-05,0,nan,nan,nan,2.0,0.5052928056436542,-0.1745882392009297,1.9999738110141758,0.0,-1.0,SOLVER_EXCEPTION,0.0,0,True,True
1677.521,-0.04438454455021381,-1.4946881834060453,-0.17454298167666618,2.6165444070078514e-05,0,nan,nan,nan,2.0,0.5053056852726876,-0.17458825632485553,1.99997383455593,0.0,-1.0,SOLVER_EXCEPTION,0.0,0,True,True
1677.616,-0.04445823470235196,-1.4946751719714715,-0.17454299897698958,2.6143417174650615e-05,0,nan,nan,nan,2.0,0.5053199202063232,-0.17458827524955245,1.9999738565828253,0.0,-1.0,SOLVER_EXCEPTION,0.0,0,True,True
1677.72,-0.044534992944290225,-1.494661618805003,-0.17454301700463315,2.6121091244885768e-05,0,nan,nan,nan,2.0,0.5053334768569914,-0.17458829327414938,1.999973878908755,0.0,-1.0,SOLVER_EXCEPTION,0.0,0,True,True
1677.815,-0.0446109812871184,-1.494648201576555,-0.17454303484474637,2.6098851883596715e-05,0,nan,nan,nan,2.0,0.5053470330939116,-0.1745883112965605,1.9999739011481164,0.0,-1.0,SOLVER_EXCEPTION,0.0,0,True,True
1677.92,-0.044690037450386445,-1.4946342426625687,-0.1745430534105679,2.6076328518961003e-05,0,nan,nan,nan,2.0,0.5053605889234166,-0.17458832931955426,1.999973923671481,0.0,-1.0,SOLVER_EXCEPTION,0.0,0,True,True
1678.016,-0.04476525367742634,-1.4946209617626132,-0.17454307107386652,2.605504980501606e-05,0,nan,nan,nan,2.0,0.505373602139133,-0.17458834662516498,1.999973944950195,0.0,-1.0,SOLVER_EXCEPTION,0.0,0,True,True
1678.118,-0.044841235208918404,-1.494607545731172,-0.17454308891771322,2.6033873089266015e-05,0,nan,nan,nan,2.0,0.5053876993766439,-0.174588365369722,1.9999739661269107,0.0,-1.0,SOLVER_EXCEPTION,0.0,0,True,True
1678.219,-0.04492028437519006,-1.4945935880465862,-0.17454310748399596,2.601217893063836e-05,0,nan,nan,nan,2.0,0.5054005762884382,-0.17458838249281383,1.9999739878210694,0.0,-1.0,SOLVER_EXCEPTION,0.0,0,True,True
1678.325,-0.04500240093219219,-1.4945790887513704,-0.17454312676784497,2.5989762980552095e-05,0,nan,nan,nan,2.0,0.5054144016358958,-0.17458840087715322,1.9999740102370194,0.0,-1.0,SOLVER_EXCEPTION,0.0,0,True,True
1678.417,-0.04507300382744244,-1.4945666224186818,-0.1745431433519009,2.5970914663525743e-05,0,nan,nan,nan,2.0,0.5054282265845752,-0.17458841926066038,1.9999740290853365,0.0,-1.0,SOLVER_EXCEPTION,0.0,0,True,True
1678.517,-0.04514974403883437,-1.4945530724201634,-0.17454316137471956,2.595045767511818e-05,0,nan,nan,nan,2.0,0.5054416445393043,-0.17458843710590077,1.9999740495423248,0.0,-1.0,SOLVER_EXCEPTION,0.0,0,True,True
1678.617,-0.04522648212409496,-1.4945395227940437,-0.1745431793990784,2.5930424955540308e-05,0,nan,nan,nan,2.0,0.5054553331881129,-0.17458845530795974,1.9999740695750445,0.0,-1.0,SOLVER_EXCEPTION,0.0,0,True,True
1678.717,-0.04530321811027524,-1.4945259735381378,-0.1745431974258223,2.5910674542780706e-05,0,nan,nan,nan,2.0,0.505469021458686,-0.17458847351304208,1.9999740893254572,0.0,-1.0,SOLVER_EXCEPTION,0.0,0,True,True
1678.816,-0.0453784173649696,-1.4945126956188939,-0.17454321508784346,2.5891432123701788e-05,0,nan,nan,nan,2.0,0.5054824383151554,-0.17458849135735788,1.9999741085678764,0.0,-1.0,SOLVER_EXCEPTION,0.0,0,True,True
1678.918,-0.045457451197350035,-1.494498740627997,-0.17454323365073468,2.587138287105262e-05,0,nan,nan,nan,2.0,0.5054961258544352,-0.1745885095623394,1.9999741286171289,0.0,-1.0,SOLVER_EXCEPTION,0.0,0,True,True
1679.026,-0.04554031932107553,-1.494484108615074,-0.17454325311922253,2.5850883595974073e-05,0,nan,nan,nan,2.0,0.5055104906059108,-0.1745885286678761,1.999974149116404,0.0,-1.0,SOLVER_EXCEPTION,0.0,0,True,True
1679.117,-0.04561014158143923,-1.4944717801057625,-0.17454326951880628,2.5833622866043592e-05,0,nan,nan,nan,2.0,0.505523228829314,-0.17458854560966763,1.999974166377134,0.0,-1.0,SOLVER_EXCEPTION,0.0,0,True,True
1679.214,-0.045686100209462316,-1.4944583680983987,-0.17454328736489338,2.581526407831192e-05,0,nan,nan,nan,2.0,0.5055367797945963,-0.17458856363455855,1.9999741847359216,0.0,-1.0,SOLVER_EXCEPTION,0.0,0,True,True
1679.318,-0.04576359138883565,-1.4944446854848976,-0.17454330556994252,2.5796764195713185e-05,0,nan,nan,nan,2.0,0.5055503304189728,-0.17458858165667568,1.9999742032358043,0.0,-1.0,SOLVER_EXCEPTION,0.0,0,True,True
1679.415,-0.04583724455344945,-1.4944316805489906,-0.1745433228718849,2.5779238713812523e-05,0,nan,nan,nan,2.0,0.5055637452030105,-0.1745885995019445,1.9999742207612863,0.0,-1.0,SOLVER_EXCEPTION,0.0,0,True,True
1679.523,-0.04592163665405254,-1.494416779436732,-0.17454334269847405,2.575952265182463e-05,0,nan,nan,nan,2.0,0.5055774306567403,-0.17458861770820766,1.9999742404773482,0.0,-1.0,SOLVER_EXCEPTION,0.0,0,True,True
1679.615,-0.045991450223098515,-1.4944044524544005,-0.17454335910085678,2.5743423618962094e-05,0,nan,nan,nan,2.0,0.5055905737955024,-0.17458863519230938,1.999974256576381,0.0,-1.0,SOLVER_EXCEPTION,0.0,0,True,True
1679.719,-0.04606816666316885,-1.4943909066298973,-0.174543377125233,2.5725931606402924e-05,0,nan,nan,nan,2.0,0.505604258594645,-0.17458865339470453,1.9999742740683937,0.0,-1.0,SOLVER_EXCEPTION,0.0,0,True,True
1679.819,-0.04614718268520919,-1.4943769547664634,-0.17454339569049093,2.5708161974355012e-05,0,nan,nan,nan,2.0,0.5056180785539374,-0.174588671781982,1.9999742918380257,0.0,-1.0,SOLVER_EXCEPTION,0.0,0,True,True
1679.915,-0.046222361199999215,-1.4943636804897658,-0.17454341335514126,2.569150807649708e-05,0,nan,nan,nan,2.0,0.5056313562438555,-0.17458868944529948,1.9999743084919235,0.0,-1.0,SOLVER_EXCEPTION,0.0,0,True,True
1680.017,-0.04629830510421036,-1.4943502710667196,-0.17454343119880006,2.56748024282468e-05,0,nan,nan,nan,2.0,0.505645175560466,-0.1745887078288595,1.9999743251975717,0.0,-1.0,SOLVER_EXCEPTION,0.0,0,True,True
1680.118,-0.04637808270099676,-1.4943361847261092,-0.1745434499450981,2.56575794841483e-05,0,nan,nan,nan,2.0,0.5056587235981964,-0.17458872585403684,1.9999743424205159,0.0,-1.0,SOLVER_EXCEPTION,0.0,0,True,True
1680.216,-0.046453256023692574,-1.4943229113608796,-0.17454346760789857,2.5641408057517135e-05,0,nan,nan,nan,2.0,0.505672135854209,-0.17458874369806576,1.9999743585919425,0.0,-1.0,SOLVER_EXCEPTION,0.0,0,True,True
1680.318,-0.04653149589486292,-1.494309096532926,-0.1745434859951904,2.5625043612416985e-05,0,nan,nan,nan,2.0,0.5056862251797154,-0.17458876244397903,1.9999743749563876,0.0,-1.0,SOLVER_EXCEPTION,0.0,0,True,True
1680.417,-0.046605131809814376,-1.4942960946245127,-0.17454350329860194,2.560965744109487e-05,0,nan,nan,nan,2.0,0.5056993658946966,-0.17458877992866118,1.9999743903425589,0.0,-1.0,SOLVER_EXCEPTION,0.0,0,True,True
1680.514,-0.04668183424750258,-1.4942825512576092,-0.17454352132241016,2.559384397706792e-05,0,nan,nan,nan,2.0,0.5057125063334685,-0.17458879741270472,1.999974406156023,0.0,-1.0,SOLVER_EXCEPTION,0.0,0,True,True
1680.616,-0.04676006903100905,-1.4942687373222463,-0.17454353970691552,2.5577904835803698e-05,0,nan,nan,nan,2.0,0.505726459283945,-0.17458881597625497,1.9999744220951643,0.0,-1.0,SOLVER_EXCEPTION,0.0,0,True,True
1680.717,-0.046834467200710134,-1.4942556008176733,-0.17454355719188824,2.556299676612255e-05,0,nan,nan,nan,2.0,0.5057398700850281,-0.17458883382194745,1.999974437003234,0.0,-1.0,SOLVER_EXCEPTION,0.0,0,True,True
1680.818,-0.046914999592572226,-1.4942413811890702,-0.17454357611927693,2.5547144238591846e-05,0,nan,nan,nan,2.0,0.5057535515266873,-0.1745888520280814,1.9999744528557615,0.0,-1.0,SOLVER_EXCEPTION,0.0,0,True,True
1680.923,-0.04699553023034702,-1.4942271618685534,-0.17454359504261605,2.5531213400288227e-05,0,nan,nan,nan,2.0,0.5057670972267032,-0.17458887005133672,1.9999744687865997,0.0,-1.0,SOLVER_EXCEPTION,0.0,0,True,True
1681.018,-0.04706838979124806,-1.494214297030561,-0.17454361216664413,2.5517205222058402e-05,0,nan,nan,nan,2.0,0.5057806426521783,-0.17458888807559791,1.9999744827947779,0.0,-1.0,SOLVER_EXCEPTION,0.0,0,True,True
1681.135,-0.047142014872721925,-1.494201297023658,-0.17454362947313537,2.5503265002280553e-05,0,nan,nan,nan,2.0,0.5057940523537068,-0.17458890592073217,1.9999744967349977,0.0,-1.0,SOLVER_EXCEPTION,0.0,0,True,True
1681.222,-0.04722484140145409,-1.4941866723107782,-0.17454364893969163,2.5487664452444527e-05,0,nan,nan,nan,2.0,0.5058075972402625,-0.174588923945314,1.9999745123355475,0.0,-1.0,SOLVER_EXCEPTION,0.0,0,True,True
1681.32,-0.04729846350111214,-1.4941736728257429,-0.17454366624237627,2.5473924311886885e-05,0,nan,nan,nan,2.0,0.5058212773054247,-0.17458894215060416,1.999974526075688,0.0,-1.0,SOLVER_EXCEPTION,0.0,0,True,True
1681.42,-0.047371317348614966,-1.4941608089906477,-0.17454368336801898,2.5460633027652358e-05,0,nan,nan,nan,2.0,0.5058346862187221,-0.17458895999807833,1.9999745393669723,0.0,-1.0,SOLVER_EXCEPTION,0.0,0,True,True
1681.519,-0.047452605332699155,-1.4941464559332518,-0.1745437024728236,2.5445829283300143e-05,0,nan,nan,nan,2.0,0.5058483657585161,-0.17458897820003205,1.9999745541707168,0.0,-1.0,SOLVER_EXCEPTION,0.0,0,True,True
1681.617,-0.04752775691829328,-1.4941331863821328,-0.1745437201369921,2.5432321061797787e-05,0,nan,nan,nan,2.0,0.5058619095989747,-0.17458899622724466,1.9999745676789382,0.0,-1.0,SOLVER_EXCEPTION,0.0,0,True,True
1681.715,-0.04760290712190671,-1.4941199170720794,-0.1745437378009394,2.541901708727877e-05,0,nan,nan,nan,2.0,0.5058754531881463,-0.1745890142516675,1.9999745809829128,0.0,-1.0,SOLVER_EXCEPTION,0.0,0,True,True
1681.818,-0.04768189004905299,-1.49410597101544,-0.17454375636729103,2.540524072098725e-05,0,nan,nan,nan,2.0,0.5058892673914431,-0.17458903263680892,1.999974594759279,0.0,-1.0,SOLVER_EXCEPTION,0.0,0,True,True
1681.917,-0.047757037471509604,-1.494092702193379,-0.17454377403190302,2.539228939546474e-05,0,nan,nan,nan,2.0,0.5059026750503028,-0.174589050482707,1.9999746077106046,0.0,-1.0,SOLVER_EXCEPTION,0.0,0,True,True
1682.015,-0.0478306499827959,-1.4940797043900584,-0.17454379133680217,2.537980307240343e-05,0,nan,nan,nan,2.0,0.5059158116162619,-0.17458906796686158,1.9999746201969275,0.0,-1.0,SOLVER_EXCEPTION,0.0,0,True,True
1682.119,-0.04791269577495031,-1.4940652175154523,-0.17454381062231314,2.5365935362988393e-05,0,nan,nan,nan,2.0,0.5059296250813833,-0.17458908635314163,1.999974634064637,0.0,-1.0,SOLVER_EXCEPTION,0.0,0,True,True
1682.217,-0.04798783916196243,-1.4940519494007716,-0.17454382828553963,2.5353371948904208e-05,0,nan,nan,nan,2.0,0.5059431674545486,-0.1745891043768495,1.999974646628051,0.0,-1.0,SOLVER_EXCEPTION,0.0,0,True,True
1682.317,-0.04806374801745525,-1.494038546125403,-0.17454384613180213,2.534102958484896e-05,0,nan,nan,nan,2.0,0.5059567095944466,-0.1745891224012861,1.999974658970415,0.0,-1.0,SOLVER_EXCEPTION,0.0,0,True,True
1682.417,-0.048141189054658175,-1.4940248723101717,-0.17454386433913857,2.5328569621723324e-05,0,nan,nan,nan,2.0,0.5059702515024445,-0.17458914042583595,1.9999746714303783,0.0,-1.0,SOLVER_EXCEPTION,0.0,0,True,True
1682.516,-0.04821709531796793,-1.4940114694888704,-0.17454388218438702,2.5316479870894346e-05,0,nan,nan,nan,2.0,0.5059835223517669,-0.17458915809337716,1.999974683520129,0.0,-1.0,SOLVER_EXCEPTION,0.0,0,True,True
1682.615,-0.04829223361115315,-1.4939982022669178,-0.174543899848167,2.530455913973006e-05,0,nan,nan,nan,2.0,0.5059973346382702,-0.17458917647822636,1.9999746954408604,0.0,-1.0,SOLVER_EXCEPTION,0.0,0,True,True
1682.718,-0.04837197087548845,-1.4939841229999367,-0.17454391859352275,2.5292065551316045e-05,0,nan,nan,nan,2.0,0.5060108758707488,-0.17458919450260701,1.9999747079344488,0.0,-1.0,SOLVER_EXCEPTION,0.0,0,True,True
1682.816,-0.048447106672923075,-1.4939708562148875,-0.17454393625853815,2.5280550302792672e-05,0,nan,nan,nan,2.0,0.5060241460662341,-0.17458921216702006,1.9999747194496973,0.0,-1.0,SOLVER_EXCEPTION,0.0,0,True,True
1682.92,-0.04852607464935072,-1.493956912778699,-0.17454395482483773,2.526850602847454e-05,0,nan,nan,nan,2.0,0.5060379576796239,-0.1745892305560064,1.9999747314939715,0.0,-1.0,SOLVER_EXCEPTION,0.0,0,True,True
1683.018,-0.04860197468674426,-1.4939435110475172,-0.17454397267098506,2.525723780693712e-05,0,nan,nan,nan,2.0,0.5060514982629242,-0.17458924857981772,1.999974742762193,0.0,-1.0,SOLVER_EXCEPTION,0.0,0,True,True
1683.118,-0.048678640191507666,-1.4939299741569267,-0.17454399069602508,2.524581329002448e-05,0,nan,nan,nan,2.0,0.5060650386329545,-0.17458926660503327,1.99997475418671,0.0,-1.0,SOLVER_EXCEPTION,0.0,0,True,True
1683.229,-0.0487606709629177,-1.493915489913816,-0.17454400998385297,2.523388276928656e-05,0,nan,nan,nan,2.0,0.506078578795612,-0.17458928463007206,1.9999747661172307,0.0,-1.0,SOLVER_EXCEPTION,0.0,0,True,True
1683.315,-0.0488289011398118,-1.493903442452484,-0.17454402602676358,2.522403306104813e-05,0,nan,nan,nan,2.0,0.506092118751104,-0.17458930265682282,1.9999747759669388,0.0,-1.0,SOLVER_EXCEPTION,0.0,0,True,True
1683.416,-0.0489055631624111,-1.4938899061710236,-0.1745440440526238,2.521311332114569e-05,0,nan,nan,nan,2.0,0.5061056585035486,-0.17458932068268318,1.9999747868866788,0.0,-1.0,SOLVER_EXCEPTION,0.0,0,True,True
1683.518,-0.04898375724345101,-1.4938760993701694,-0.17454406243803255,2.5202092594816224e-05,0,nan,nan,nan,2.0,0.5061190626611456,-0.17458933852456937,1.9999747979074052,0.0,-1.0,SOLVER_EXCEPTION,0.0,0,True,True
1683.618,-0.049059650371689974,-1.4938626988503054,-0.17454408028439744,2.5191574520538467e-05,0,nan,nan,nan,2.0,0.506132737408455,-0.1745893567319805,1.9999748084254794,0.0,-1.0,SOLVER_EXCEPTION,0.0,0,True,True
1683.715,-0.04913630898397785,-1.4938491631654272,-0.17454409830943413,2.5181020672902614e-05,0,nan,nan,nan,2.0,0.5061462765660456,-0.17458937475694247,1.9999748189793272,0.0,-1.0,SOLVER_EXCEPTION,0.0,0,True,True
1683.816,-0.0492137330612943,-1.4938354923207635,-0.1745441165157846,2.5170548666630698e-05,0,nan,nan,nan,2.0,0.5061590031972405,-0.17458939170359145,1.9999748294513333,0.0,-1.0,SOLVER_EXCEPTION,0.0,0,True,True
1683.918,-0.049291922584439735,-1.4938216863185767,-0.1745441349023185,2.5160087672017622e-05,0,nan,nan,nan,2.0,0.5061734896890918,-0.174589410989471,1.999974839912328,0.0,-1.0,SOLVER_EXCEPTION,0.0,0,True,True
1684.019,-0.049365511700164504,-1.4938086926128342,-0.17454415220435318,2.515022865093671e-05,0,nan,nan,nan,2.0,0.5061868928865745,-0.17458942883441253,1.999974849771349,0.0,-1.0,SOLVER_EXCEPTION,0.0,0,True,True
1684.119,-0.04944293252428652,-1.4937950223372332,-0.174544170412141,2.5140223275265355e-05,0,nan,nan,nan,2.0,0.5062004312845928,-0.17458944686089817,1.9999748597767248,0.0,-1.0,SOLVER_EXCEPTION,0.0,0,True,True
1684.217,-0.04952188533055038,-1.493781081555951,-0.17454418897630344,2.5129891485432024e-05,0,nan,nan,nan,2.0,0.5062139694982069,-0.1745894648883728,1.9999748701085145,0.0,-1.0,SOLVER_EXCEPTION,0.0,0,True,True
1684.315,-0.0495954714214496,-1.4937680883798627,-0.174544206283277,2.512068513047846e-05,0,nan,nan,nan,2.0,0.5062273721520001,-0.17458948273203978,1.9999748793148695,0.0,-1.0,SOLVER_EXCEPTION,0.0,0,True,True
1684.418,-0.04967442211528542,-1.4937541479683547,-0.17454422484893406,2.511068778010184e-05,0,nan,nan,nan,2.0,0.5062410453844989,-0.17458950093897796,1.99997488931222,0.0,-1.0,SOLVER_EXCEPTION,0.0,0,True,True
1684.518,-0.04974877275845678,-1.493741019791141,-0.17454424233398097,2.5101470576899464e-05,0,nan,nan,nan,2.0,0.5062544476850227,-0.17458951878477258,1.999974898529423,0.0,-1.0,SOLVER_EXCEPTION,0.0,0,True,True
1684.615,-0.04982542192223263,-1.4937274857597724,-0.17454426035855805,2.509200231050834e-05,0,nan,nan,nan,2.0,0.506268120562738,-0.17458953698861768,1.9999749079976894,0.0,-1.0,SOLVER_EXCEPTION,0.0,0,True,True
1684.718,-0.049904369529954674,-1.4937135458886042,-0.1745442789268448,2.5082508206237267e-05,0,nan,nan,nan,2.0,0.5062817932635575,-0.1745895551964156,1.9999749174917938,0.0,-1.0,SOLVER_EXCEPTION,0.0,0,True,True
1684.817,-0.0499810167041445,-1.4937000122046846,-0.17454429695179932,2.507334622850745e-05,0,nan,nan,nan,2.0,0.5062951950504339,-0.17458957304307043,1.9999749266537714,0.0,-1.0,SOLVER_EXCEPTION,0.0,0,True,True
1684.92,-0.05005842937440676,-1.4936863433560983,-0.17454431515966545,2.5064253641603634e-05,0,nan,nan,nan,2.0,0.5063087320402164,-0.1745895910675621,1.9999749357463583,0.0,-1.0,SOLVER_EXCEPTION,0.0,0,True,True
1685.016,-0.050133541732300155,-1.4936730806731373,-0.1745443328235426,2.5055458561634692e-05,0,nan,nan,nan,2.0,0.5063213212926767,-0.17458960783292765,1.9999749445414383,0.0,-1.0,SOLVER_EXCEPTION,0.0,0,True,True
1685.118,-0.050210952506103086,-1.4936594121558056,-0.17454435103024793,2.504654481707458e-05,0,nan,nan,nan,2.0,0.5063355347931823,-0.1745896267611271,1.999974953455183,0.0,-1.0,SOLVER_EXCEPTION,0.0,0,True,True
1685.221,-0.050287595905956856,-1.493645879132321,-0.1745443690562712,2.5037840456089507e-05,0,nan,nan,nan,2.0,0.5063492066591835,-0.17458964496532703,1.999974962159544,0.0,-1.0,SOLVER_EXCEPTION,0.0,0,True,True
1685.315,-0.050362705550655314,-1.4936326169240277,-0.1745443867208709,2.5029374418135927e-05,0,nan,nan,nan,2.0,0.5063628783619313,-0.17458966317142988,1.9999749706255818,0.0,-1.0,SOLVER_EXCEPTION,0.0,0,True,True
1685.418,-0.05044164638564554,-1.4936186782367276,-0.17454440528945103,2.5020713606103853e-05,0,nan,nan,nan,2.0,0.5063764145424017,-0.17458968119840224,1.999974979286394,0.0,-1.0,SOLVER_EXCEPTION,0.0,0,True,True
1685.517,-0.05051675426290659,-1.493605416336946,-0.1745444229541472,2.501247195314818e-05,0,nan,nan,nan,2.0,0.5063899505676083,-0.17458969922343215,1.9999749875280468,0.0,-1.0,SOLVER_EXCEPTION,0.0,0,True,True
1685.617,-0.05059262768873876,-1.4935920192629653,-0.1745444408008209,2.5004312776910647e-05,0,nan,nan,nan,2.0,0.5064030803642344,-0.174589716709717,1.999974995687223,0.0,-1.0,SOLVER_EXCEPTION,0.0,0,True,True
1685.716,-0.050669266647489684,-1.4935784870154143,-0.17454445882695238,2.499612918691879e-05,0,nan,nan,nan,2.0,0.5064170221568988,-0.17458973527771082,1.999975003870813,0.0,-1.0,SOLVER_EXCEPTION,0.0,0,True,True
1685.817,-0.05074437199393987,-1.4935652255586265,-0.17454447649360064,2.4988275970256615e-05,0,nan,nan,nan,2.0,0.5064301516607698,-0.17458975276312527,1.9999750117240298,0.0,-1.0,SOLVER_EXCEPTION,0.0,0,True,True
1685.922,-0.05082637384027848,-1.493550746375256,-0.1745444957803868,2.4979673542074002e-05,0,nan,nan,nan,2.0,0.5064438224396343,-0.17458977096802242,1.999975020326458,0.0,-1.0,SOLVER_EXCEPTION,0.0,0,True,True
1686.018,-0.050901477494109636,-1.493537485213669,-0.17454451344465768,2.4971867002161913e-05,0,nan,nan,nan,2.0,0.5064572223642404,-0.17458978881498366,1.9999750281329978,0.0,-1.0,SOLVER_EXCEPTION,0.0,0,True,True
1686.117,-0.05097658035420447,-1.4935242241911317,-0.17454453111390955,2.49644784927193e-05,0,nan,nan,nan,2.0,0.5064710282003412,-0.17458980720086625,1.9999750355215073,0.0,-1.0,SOLVER_EXCEPTION,0.0,0,True,True
1686.215,-0.05105244877389696,-1.493510827990843,-0.17454454895734212,2.4956701218440294e-05,0,nan,nan,nan,2.0,0.5064845631883232,-0.17458982522984057,1.9999750432987815,0.0,-1.0,SOLVER_EXCEPTION,0.0,0,True,True
1686.319,-0.05113214808102966,-1.4934967553634186,-0.17454456770743,2.494899395329173e-05,0,nan,nan,nan,2.0,0.5064979626891316,-0.17458984307338188,1.9999750510060468,0.0,-1.0,SOLVER_EXCEPTION,0.0,0,True,True
1686.42,-0.0512095475456568,-1.4934830888205688,-0.1745445859124813,2.4941362641344485e-05,0,nan,nan,nan,2.0,0.5065113620525711,-0.17458986091978268,1.9999750586373586,0.0,-1.0,SOLVER_EXCEPTION,0.0,0,True,True
1686.515,-0.05128234829071838,-1.4934702342800625,-0.17454460303734365,2.4934297795550537e-05,0,nan,nan,nan,2.0,0.5065253026617188,-0.1745898794893539,1.9999750657022044,0.0,-1.0,SOLVER_EXCEPTION,0.0,0,True,True
1686.618,-0.05135974620908193,-1.49345656800674,-0.17454462124514616,2.492703991470646e-05,0,nan,nan,nan,2.0,0.5065387017537151,-0.17458989733318253,1.9999750729600854,0.0,-1.0,SOLVER_EXCEPTION,0.0,0,True,True
1686.72,-0.05143867595442503,-1.4934426312560183,-0.17454463981300772,2.491960529460942e-05,0,nan,nan,nan,2.0,0.5065522360550769,-0.17458991536143564,1.9999750803947054,0.0,-1.0,SOLVER_EXCEPTION,0.0,0,True,True
1686.816,-0.051512240819073345,-1.49342964178797,-0.1745446571180613,2.4912789601310993e-05,0,nan,nan,nan,2.0,0.5065659055667814,-0.17458993356683639,1.9999750872103987,0.0,-1.0,SOLVER_EXCEPTION,0.0,0,True,True
1686.918,-0.05158350612471858,-1.4934170583562139,-0.17454467388287595,2.4906260764738055e-05,0,nan,nan,nan,2.0,0.5065786275661064,-0.17458995051293558,1.9999750937392353,0.0,-1.0,SOLVER_EXCEPTION,0.0,0,True,True
1687.018,-0.05166549875070838,-1.4934025807821418,-0.1745446931707494,2.4898784500742693e-05,0,nan,nan,nan,2.0,0.5065929735140245,-0.17458996962157958,1.9999751012154992,0.0,-1.0,SOLVER_EXCEPTION,0.0,0,True,True
1687.119,-0.051744425443081415,-1.4933886445624494,-0.17454471173876582,2.489180502483998e-05,0,nan,nan,nan,2.0,0.5066065072969321,-0.1745899876471504,1.9999751081949753,0.0,-1.0,SOLVER_EXCEPTION,0.0,0,True,True
1687.216,-0.05181952003392065,-1.4933753849830558,-0.17454472940350613,2.488507450385243e-05,0,nan,nan,nan,2.0,0.5066196349454263,-0.17459000513431056,1.999975114925496,0.0,-1.0,SOLVER_EXCEPTION,0.0,0,True,True
1687.319,-0.051895380202845294,-1.493361990221851,-0.17454474725154528,2.487855806856486e-05,0,nan,nan,nan,2.0,0.5066335744864517,-0.17459002369904653,1.9999751214419315,0.0,-1.0,SOLVER_EXCEPTION,0.0,0,True,True
1687.425,-0.05197813596641506,-1.493347377892056,-0.17454476671914987,2.4871376328498908e-05,0,nan,nan,nan,2.0,0.506646701896216,-0.17459004118530785,1.9999751286236715,0.0,-1.0,SOLVER_EXCEPTION,0.0,0,True,True
1687.515,-0.05204863097932905,-1.4933349304629895,-0.1745447833037526,2.48653927797871e-05,0,nan,nan,nan,2.0,0.5066605058539856,-0.17459005957314222,1.9999751346072203,0.0,-1.0,SOLVER_EXCEPTION,0.0,0,True,True
1687.618,-0.052126021576602836,-1.493321265467,-0.17454480151017346,2.4858859486785554e-05,0,nan,nan,nan,2.0,0.5066741743563079,-0.1745900777797007,1.9999751411405131,0.0,-1.0,SOLVER_EXCEPTION,0.0,0,True,True
1687.718,-0.05220417771767572,-1.4933074652957847,-0.17454481989825196,2.4852437847462675e-05,0,nan,nan,nan,2.0,0.5066877074088696,-0.1745900958070865,1.9999751475621526,0.0,-1.0,SOLVER_EXCEPTION,0.0,0,True,True
1687.815,-0.05227850203130797,-1.493294341716233,-0.1745448373839752,2.4846298867242697e-05,0,nan,nan,nan,2.0,0.5067012403440736,-0.17459011383600664,1.9999751537011328,0.0,-1.0,SOLVER_EXCEPTION,0.0,0,True,True
1687.918,-0.05235665682608511,-1.4932805417788404,-0.1745448557714369,2.484004629361592e-05,0,nan,nan,nan,2.0,0.506714637838644,-0.17459013168031934,1.9999751599537063,0.0,-1.0,SOLVER_EXCEPTION,0.0,0,True,True
1688.016,-0.052432512303016744,-1.4932671478354564,-0.17454487361929338,2.4834045426325804e-05,0,nan,nan,nan,2.0,0.5067277645672799,-0.1745901491669235,1.9999751659545737,0.0,-1.0,SOLVER_EXCEPTION,0.0,0,True,True
1688.117,-0.052508367150085326,-1.4932537540019153,-0.1745448914659187,2.4828061384100826e-05,0,nan,nan,nan,2.0,0.5067411618423185,-0.17459016701439767,1.9999751719386158,0.0,-1.0,SOLVER_EXCEPTION,0.0,0,True,True
1688.222,-0.05258422137489405,-1.493240360275705,-0.17454490931048555,2.4822084117966882e-05,0,nan,nan,nan,2.0,0.5067553709554484,-0.17459018594054498,1.999975177915882,0.0,-1.0,SOLVER_EXCEPTION,0.0,0,True,True
1688.316,-0.05266160737550087,-1.4932266960809966,-0.17454492751958148,2.481619617119305e-05,0,nan,nan,nan,2.0,0.5067687680076745,-0.17459020378797874,1.9999751838038289,0.0,-1.0,SOLVER_EXCEPTION,0.0,0,True,True
1688.416,-0.052738226555709554,-1.493213167281806,-0.17454494554490563,2.4810335595603663e-05,0,nan,nan,nan,2.0,0.5067823002779124,-0.17459022181433914,1.9999751896644045,0.0,-1.0,SOLVER_EXCEPTION,0.0,0,True,True
1688.522,-0.05282020840207725,-1.4931986915855961,-0.17454496483540244,2.4804273820214822e-05,0,nan,nan,nan,2.0,0.5067958324402222,-0.17459023984406485,1.9999751957261798,0.0,-1.0,SOLVER_EXCEPTION,0.0,0,True,True
1688.615,-0.05289069691390613,-1.493186245288718,-0.17454498141919564,2.479898413748832e-05,0,nan,nan,nan,2.0,0.5068093644983581,-0.17459025787119709,1.9999752010158625,0.0,-1.0,SOLVER_EXCEPTION,0.0,0,True,True
1688.718,-0.05297037897209868,-1.493172175666583,-0.17454500016711422,2.4793186346634742e-05,0,nan,nan,nan,2.0,0.5068230317721997,-0.17459027607535482,1.9999752068136534,0.0,-1.0,SOLVER_EXCEPTION,0.0,0,True,True
1688.82,-0.05304852806512689,-1.4931583767229641,-0.17454501855668522,2.478762263889107e-05,0,nan,nan,nan,2.0,0.5068362929867555,-0.17459029374445567,1.999975212377361,0.0,-1.0,SOLVER_EXCEPTION,0.0,0,True,True
1688.915,-0.053121313441201086,-1.4931455248587404,-0.17454503568066085,2.4782359208494144e-05,0,nan,nan,nan,2.0,0.5068496894216198,-0.17459031158904237,1.9999752176407914,0.0,-1.0,SOLVER_EXCEPTION,0.0,0,True,True
1689.019,-0.0531986952207155,-1.493131861397801,-0.17454505388878974,2.4776953961338615e-05,0,nan,nan,nan,2.0,0.506863627022625,-0.17459033015825653,1.9999752230460386,0.0,-1.0,SOLVER_EXCEPTION,0.0,0,True,True
1689.126,-0.05328297174890726,-1.493116980514572,-0.17454507371882516,2.477109733789065e-05,0,nan,nan,nan,2.0,0.5068766173142039,-0.17459034746303637,1.9999752289026622,0.0,-1.0,SOLVER_EXCEPTION,0.0,0,True,True
1689.218,-0.053353457052771454,-1.4931045347750562,-0.17454509030467164,2.4766322713535155e-05,0,nan,nan,nan,2.0,0.5068908253423273,-0.17459036639293046,1.9999752336772865,0.0,-1.0,SOLVER_EXCEPTION,0.0,0,True,True
1689.319,-0.05342240961489734,-1.4930923596733696,-0.17454510652934316,2.476169234350653e-05,0,nan,nan,nan,2.0,0.506903409507971,-0.17459038315940267,1.9999752383076566,0.0,-1.0,SOLVER_EXCEPTION,0.0,0,True,True
1689.421,-0.05350898276159142,-1.4930770732660625,-0.17454512689815113,2.4755775099376642e-05,0,nan,nan,nan,2.0,0.5069176173370523,-0.17459040208829668,1.9999752442249006,0.0,-1.0,SOLVER_EXCEPTION,0.0,0,True,True
1689.521,-0.05358482946634738,-1.4930636808484103,-0.1745451447454707,2.475079277454253e-05,0,nan,nan,nan,2.0,0.5069314191307441,-0.1745904204762616,1.9999752492072254,0.0,-1.0,SOLVER_EXCEPTION,0.0,0,True,True
1689.62,-0.05366144177025816,-1.493050153245381,-0.17454516277349583,2.474583575668047e-05,0,nan,nan,nan,2.0,0.5069448148968035,-0.17459043832123422,1.9999752541642433,0.0,-1.0,SOLVER_EXCEPTION,0.0,0,True,True
1689.716,-0.05373422297248771,-1.493037302107165,-0.17454517989893212,2.4741108971108185e-05,0,nan,nan,nan,2.0,0.5069582105731705,-0.17459045616846236,1.999975258891029,0.0,-1.0,SOLVER_EXCEPTION,0.0,0,True,True
1689.818,-0.05381083425838057,-1.4930237746804726,-0.1745451979265247,2.473628057392222e-05,0,nan,nan,nan,2.0,0.5069718767787976,-0.1745904743771982,1.9999752637194261,0.0,-1.0,SOLVER_EXCEPTION,0.0,0,True,True
1689.918,-0.05388897724240665,-1.4930099767983114,-0.17454521631734707,2.4731486223857097e-05,0,nan,nan,nan,2.0,0.5069852722772915,-0.17459049222517953,1.9999752685137762,0.0,-1.0,SOLVER_EXCEPTION,0.0,0,True,True
1690.02,-0.05396099089844496,-1.4929972611820028,-0.17454523326138252,2.4726964156960325e-05,0,nan,nan,nan,2.0,0.5069985323843857,-0.17459050989144176,1.999975273035843,0.0,-1.0,SOLVER_EXCEPTION,0.0,0,True,True
1690.12,-0.05404372944786329,-1.492982651846404,-0.17454525273110721,2.4721883495934187e-05,0,nan,nan,nan,2.0,0.5070121983246642,-0.17459052809967934,1.999975278116504,0.0,-1.0,SOLVER_EXCEPTION,0.0,0,True,True
1690.218,-0.054118806522474,-1.492969395313463,-0.17454527039767206,2.471731615086907e-05,0,nan,nan,nan,2.0,0.5070259994831464,-0.1745905464879698,1.999975282683849,0.0,-1.0,SOLVER_EXCEPTION,0.0,0,True,True
1690.315,-0.05419388312906525,-1.4929561388605743,-0.17454528806281186,2.4712766763473806e-05,0,nan,nan,nan,2.0,0.5070396652503475,-0.17459056469287138,1.9999752872332366,0.0,-1.0,SOLVER_EXCEPTION,0.0,0,True,True
1690.417,-0.05427202359655318,-1.4929423414147183,-0.17454530645441016,2.4708329911620403e-05,0,nan,nan,nan,2.0,0.5070529250208143,-0.17459058236328762,1.9999752916700884,0.0,-1.0,SOLVER_EXCEPTION,0.0,0,True,True
1690.515,-0.054346333190175955,-1.492929220392352,-0.1745453239383485,2.470385042483074e-05,0,nan,nan,nan,2.0,0.5070665906209672,-0.17459060056840814,1.9999752961495751,0.0,-1.0,SOLVER_EXCEPTION,0.0,0,True,True
1690.615,-0.05442370662796908,-1.4929155583790281,-0.17454534214673423,2.4699441065290446e-05,0,nan,nan,nan,2.0,0.5070802561374855,-0.1745906187767936,1.9999753005589347,0.0,-1.0,SOLVER_EXCEPTION,0.0,0,True,True
1690.722,-0.05450567599220239,-1.4929010848504585,-0.17454536143913202,2.469492769960218e-05,0,nan,nan,nan,2.0,0.5070933803687031,-0.17459063626511862,1.9999753050723004,0.0,-1.0,SOLVER_EXCEPTION,0.0,0,True,True
1690.816,-0.054576919967406344,-1.4928885051275955,-0.17454537820431298,2.4690909440018314e-05,0,nan,nan,nan,2.0,0.5071073163258741,-0.1745906548343723,1.9999753090905599,0.0,-1.0,SOLVER_EXCEPTION,0.0,0,True,True
1690.915,-0.0546535259565095,-1.4928749786193682,-0.17454539623144208,2.4686666961130663e-05,0,nan,nan,nan,2.0,0.5071207110032974,-0.17459067268018824,1.999975313333039,0.0,-1.0,SOLVER_EXCEPTION,0.0,0,True,True
1691.027,-0.05473855808226407,-1.4928599642859939,-0.1745454162413335,2.468195430692154e-05,0,nan,nan,nan,2.0,0.5071338350068327,-0.1745906901674501,1.9999753180456932,0.0,-1.0,SOLVER_EXCEPTION,0.0,0,True,True
1691.123,-0.054808268699565926,-1.4928476553078625,-0.1745454326464897,2.4678200505981935e-05,0,nan,nan,nan,2.0,0.5071469589395545,-0.1745907076549824,1.999975321799494,0.0,-1.0,SOLVER_EXCEPTION,0.0,0,True,True
1691.215,-0.05488334126932784,-1.4928343995547073,-0.17454545031277754,2.4674154023122376e-05,0,nan,nan,nan,2.0,0.5071613004751487,-0.17459072676461185,1.999975325845977,0.0,-1.0,SOLVER_EXCEPTION,0.0,0,True,True
1691.319,-0.05496224362781069,-1.4928204675655583,-0.17454546888276656,2.4670038905629677e-05,0,nan,nan,nan,2.0,0.5071748301485374,-0.17459074479179826,1.9999753299610943,0.0,-1.0,SOLVER_EXCEPTION,0.0,0,True,True
1691.414,-0.05503501724855371,-1.4928076177402625,-0.1745454860101771,2.4666367338114117e-05,0,nan,nan,nan,2.0,0.5071882244542254,-0.17459076264023654,1.9999753336326618,0.0,-1.0,SOLVER_EXCEPTION,0.0,0,True,True
1691.517,-0.05511391874735,-1.4927936858998994,-0.1745455045796327,2.466231473791841e-05,0,nan,nan,nan,2.0,0.5072018892771754,-0.17459078084911095,1.999975337685262,0.0,-1.0,SOLVER_EXCEPTION,0.0,0,True,True
1691.619,-0.05519205377950395,-1.4927798893937119,-0.1745455229678416,2.4658359888558045e-05,0,nan,nan,nan,2.0,0.5072152834400473,-0.1745907986942945,1.9999753416401114,0.0,-1.0,SOLVER_EXCEPTION,0.0,0,True,True
1691.724,-0.05527248645712572,-1.4927656871846544,-0.17454554189548044,2.4654264618848218e-05,0,nan,nan,nan,2.0,0.5072289481199247,-0.17459081690263734,1.999975345735381,0.0,-1.0,SOLVER_EXCEPTION,0.0,0,True,True
1691.818,-0.055342960437999265,-1.4927532434083433,-0.17454555848266387,2.4650838593364494e-05,0,nan,nan,nan,2.0,0.5072424774360147,-0.1745908349314349,1.9999753491614067,0.0,-1.0,SOLVER_EXCEPTION,0.0,0,True,True
1691.915,-0.05541956220861435,-1.4927397176292945,-0.17454557650989283,2.4647082064156455e-05,0,nan,nan,nan,2.0,0.5072556008072515,-0.17459085241829753,1.9999753529179358,0.0,-1.0,SOLVER_EXCEPTION,0.0,0,True,True
1692.021,-0.05549999364473388,-1.4927255156357704,-0.17454559544007905,2.4643227709621772e-05,0,nan,nan,nan,2.0,0.5072696711542531,-0.17459087116763383,1.9999753567722904,0.0,-1.0,SOLVER_EXCEPTION,0.0,0,True,True
1692.118,-0.05557429659084037,-1.4927123957637394,-0.17454561292644405,2.4639650106930175e-05,0,nan,nan,nan,2.0,0.5072829296844579,-0.17459088883543972,1.999975360349893,0.0,-1.0,SOLVER_EXCEPTION,0.0,0,True,True
1692.221,-0.055650897188560235,-1.4926988701878843,-0.17454563095522638,2.4636096970321742e-05,0,nan,nan,nan,2.0,0.5072961881507322,-0.17459090650358844,1.9999753639030298,0.0,-1.0,SOLVER_EXCEPTION,0.0,0,True,True
1692.318,-0.05572366740550034,-1.4926860209510233,-0.17454564808038803,2.4632655340753856e-05,0,nan,nan,nan,2.0,0.5073101230019673,-0.17459092507110974,1.9999753673446592,0.0,-1.0,SOLVER_EXCEPTION,0.0,0,True,True
1692.419,-0.055804863249189866,-1.492671683976912,-0.17454566718987718,2.4628893513347216e-05,0,nan,nan,nan,2.0,0.5073235166285669,-0.17459094291998278,1.9999753711064867,0.0,-1.0,SOLVER_EXCEPTION,0.0,0,True,True
1692.515,-0.05587916474248464,-1.492658564355739,-0.17454568467750212,2.46255752737746e-05,0,nan,nan,nan,2.0,0.5073370454824114,-0.1745909609469587,1.9999753744247262,0.0,-1.0,SOLVER_EXCEPTION,0.0,0,True,True
1692.615,-0.05595576386087804,-1.492645039035022,-0.17454570270608047,2.4622163976221133e-05,0,nan,nan,nan,2.0,0.507349897833944,-0.17459097807417567,1.9999753778360239,0.0,-1.0,SOLVER_EXCEPTION,0.0,0,True,True
1692.716,-0.056033128604939926,-1.4926313785245287,-0.1745457209145476,2.4618729396635237e-05,0,nan,nan,nan,2.0,0.5073642382869784,-0.1745909971840618,1.9999753812706034,0.0,-1.0,SOLVER_EXCEPTION,0.0,0,True,True
1692.82,-0.05611279093252573,-1.4926173123209698,-0.1745457396644576,2.4615320478630728e-05,0,nan,nan,nan,2.0,0.5073777669535664,-0.17459101521251652,1.9999753846795214,0.0,-1.0,SOLVER_EXCEPTION,0.0,0,True,True
1692.915,-0.05618555907303773,-1.4926044634428444,-0.17454575679165196,2.4612176717110852e-05,0,nan,nan,nan,2.0,0.5073912955582806,-0.17459103324241365,1.9999753878232829,0.0,-1.0,SOLVER_EXCEPTION,0.0,0,True,True
1693.02,-0.05626445470326604,-1.4925905326139814,-0.17454577536147894,2.4608888018068397e-05,0,nan,nan,nan,2.0,0.5074046888194629,-0.17459105108908535,1.999975391111982,0.0,-1.0,SOLVER_EXCEPTION,0.0,0,True,True
1693.119,-0.056341818026781336,-1.4925768723474229,-0.17454579356813676,2.4605544168403303e-05,0,nan,nan,nan,2.0,0.5074183525909912,-0.17459106929799306,1.9999753944558316,0.0,-1.0,SOLVER_EXCEPTION,0.0,0,True,True
1693.219,-0.05641688310033887,-1.492563617889277,-0.17454581123877322,2.4602562026547347e-05,0,nan,nan,nan,2.0,0.5074318810195872,-0.17459108732593087,1.9999753974379735,0.0,-1.0,SOLVER_EXCEPTION,0.0,0,True,True
1693.324,-0.05649041592237616,-1.492550633982116,-0.17454582854518186,2.459953588940787e-05,0,nan,nan,nan,2.0,0.5074447329733824,-0.17459110445337078,1.9999754004641106,0.0,-1.0,SOLVER_EXCEPTION,0.0,0,True,True
1693.415,-0.056568544212982935,-1.49253683863933,-0.1745458469329589,2.4596303151004275e-05,0,nan,nan,nan,2.0,0.5074589377048273,-0.1745911233849058,1.999975403696849,0.0,-1.0,SOLVER_EXCEPTION,0.0,0,True,True
1693.524,-0.056651267916091014,-1.4925222318688673,-0.17454586640376424,2.4592996676873538e-05,0,nan,nan,nan,2.0,0.5074724659631956,-0.1745911414135719,1.999975407003323,0.0,-1.0,SOLVER_EXCEPTION,0.0,0,True,True
1693.618,-0.056722501915491934,-1.492509653868038,-0.17454588317014003,2.4590195370610003e-05,0,nan,nan,nan,2.0,0.5074859941662772,-0.17459115943962544,1.9999754098046294,0.0,-1.0,SOLVER_EXCEPTION,0.0,0,True,True
1693.718,-0.05679986325980936,-1.4924959939423341,-0.17454590138077516,2.4587296445500634e-05,0,nan,nan,nan,2.0,0.5074993870334892,-0.1745911772895412,1.9999754127035545,0.0,-1.0,SOLVER_EXCEPTION,0.0,0,True,True
1693.817,-0.05687645833504852,-1.4924824693171894,-0.17454591940865258,2.4584307430873253e-05,0,nan,nan,nan,2.0,0.5075130504089673,-0.17459119549641766,1.999975415692569,0.0,-1.0,SOLVER_EXCEPTION,0.0,0,True,True
1693.922,-0.05695611688497456,-1.4924684037637381,-0.17454593815793146,2.458127918320069e-05,0,nan,nan,nan,2.0,0.5075265784505675,-0.1745912135268508,1.9999754187208167,0.0,-1.0,SOLVER_EXCEPTION,0.0,0,True,True
1694.021,-0.057026583788040805,-1.4924559612057213,-0.17454595474334628,2.457859184849226e-05,0,nan,nan,nan,2.0,0.5075401064392849,-0.1745912315560103,1.9999754214081515,0.0,-1.0,SOLVER_EXCEPTION,0.0,0,True,True
1694.116,-0.05710394389835326,-1.492442301492317,-0.17454597295349095,2.4575771561087723e-05,0,nan,nan,nan,2.0,0.5075534990966293,-0.17459124940427362,1.9999754242284389,0.0,-1.0,SOLVER_EXCEPTION,0.0,0,True,True
1694.215,-0.05718130370422722,-1.4924286418299955,-0.17454599116361924,2.4573059756719423e-05,0,nan,nan,nan,2.0,0.5075671622623301,-0.17459126761113053,1.9999754269402432,0.0,-1.0,SOLVER_EXCEPTION,0.0,0,True,True
1694.321,-0.05726172694648414,-1.492414441246243,-0.17454601009180637,2.457001883142035e-05,0,nan,nan,nan,2.0,0.5075805548186765,-0.17459128546022207,1.9999754299811685,0.0,-1.0,SOLVER_EXCEPTION,0.0,0,True,True
1694.415,-0.05733449055612356,-1.4924015931463133,-0.17454602721916979,2.4567443495588622e-05,0,nan,nan,nan,2.0,0.5075942178824073,-0.1745913036711335,1.9999754325565045,0.0,-1.0,SOLVER_EXCEPTION,0.0,0,True,True
1694.518,-0.05741338133485839,-1.4923876631510002,-0.17454604578995017,2.456475814984316e-05,0,nan,nan,nan,2.0,0.5076076103417021,-0.1745913215166941,1.9999754352418502,0.0,-1.0,SOLVER_EXCEPTION,0.0,0,True,True
1694.621,-0.05749150588748222,-1.4923738684499843,-0.17454606417908256,2.4561996017281643e-05,0,nan,nan,nan,2.0,0.5076212733060017,-0.17459133972737328,1.9999754380039827,0.0,-1.0,SOLVER_EXCEPTION,0.0,0,True,True
1694.715,-0.05756350276611405,-1.4923611557292136,-0.1745460811253494,2.4559505779747365e-05,0,nan,nan,nan,2.0,0.50763480094612,-0.1745913577554088,1.9999754404942203,0.0,-1.0,SOLVER_EXCEPTION,0.0,0,True,True
1694.821,-0.05764009492223691,-1.4923476316054278,-0.17454609915594782,2.455700434032794e-05,0,nan,nan,nan,2.0,0.5076481932621479,-0.17459137560470062,1.9999754429956598,0.0,-1.0,SOLVER_EXCEPTION,0.0,0,True,True
1694.922,-0.057720516392201666,-1.4923334313251266,-0.17454611808573423,2.4554277948772524e-05,0,nan,nan,nan,2.0,0.5076619913587722,-0.17459139399357415,1.9999754457220513,0.0,-1.0,SOLVER_EXCEPTION,0.0,0,True,True
1695.018,-0.05779557616257592,-1.492320177775482,-0.17454613575160235,2.4551665284767993e-05,0,nan,nan,nan,2.0,0.5076752483078056,-0.17459141166350145,1.9999754483347152,0.0,-1.0,SOLVER_EXCEPTION,0.0,0,True,True
1695.116,-0.05787140158953318,-1.4923067890307036,-0.17454615360175252,2.4549293727600316e-05,0,nan,nan,nan,2.0,0.5076891815851954,-0.1745914302318119,1.9999754507062724,0.0,-1.0,SOLVER_EXCEPTION,0.0,0,True,True
1695.215,-0.05794722675877784,-1.4922934003297692,-0.17454617145235912,2.4546947672168883e-05,0,nan,nan,nan,2.0,0.5077023031714426,-0.17459144772165391,1.999975453052328,0.0,-1.0,SOLVER_EXCEPTION,0.0,0,True,True
1695.32,-0.058027647114798735,-1.4922792002398761,-0.17454619038296057,2.4544412606427622e-05,0,nan,nan,nan,2.0,0.5077161010834923,-0.17459146610932752,1.9999754555873936,0.0,-1.0,SOLVER_EXCEPTION,0.0,0,True,True
1695.418,-0.05810193995440719,-1.49226608210412,-0.17454620786955324,2.454200395983071e-05,0,nan,nan,nan,2.0,0.5077285462192247,-0.17459148269851177,1.9999754579960403,0.0,-1.0,SOLVER_EXCEPTION,0.0,0,True,True
1695.521,-0.05817623255601048,-1.492252964009991,-0.17454622535770425,2.4539659069908576e-05,0,nan,nan,nan,2.0,0.5077428851348547,-0.17459150180971372,1.99997546034093,0.0,-1.0,SOLVER_EXCEPTION,0.0,0,True,True
1695.618,-0.058255886217839684,-1.4922388992924558,-0.17454624410795658,2.4537271732079792e-05,0,nan,nan,nan,2.0,0.5077565476431853,-0.1745915200167425,1.999975462728268,0.0,-1.0,SOLVER_EXCEPTION,0.0,0,True,True
1695.719,-0.05833171012880103,-1.4922255108065268,-0.1745462619577321,2.453500206977174e-05,0,nan,nan,nan,2.0,0.5077698042915965,-0.17459153768683455,1.9999754649979302,0.0,-1.0,SOLVER_EXCEPTION,0.0,0,True,True
1695.815,-0.058406767906350576,-1.4922122575978765,-0.17454627962583405,2.4532733606563644e-05,0,nan,nan,nan,2.0,0.5077834667149317,-0.17459155589535236,1.9999754672663934,0.0,-1.0,SOLVER_EXCEPTION,0.0,0,True,True
1695.916,-0.058484123128876575,-1.492198598719081,-0.17454629783607103,2.453054079913564e-05,0,nan,nan,nan,2.0,0.5077971290968861,-0.17459157410528015,1.999975469459201,0.0,-1.0,SOLVER_EXCEPTION,0.0,0,True,True
1696.015,-0.05855994632968949,-1.4921852103546052,-0.17454631568582823,2.452834837899379e-05,0,nan,nan,nan,2.0,0.5078103856249427,-0.17459159177275563,1.999975471651621,0.0,-1.0,SOLVER_EXCEPTION,0.0,0,True,True
1696.117,-0.05863576930017515,-1.4921718220280995,-0.17454633353230742,2.452603890322669e-05,0,nan,nan,nan,2.0,0.5078241831956553,-0.1745916101623668,1.9999754739610969,0.0,-1.0,SOLVER_EXCEPTION,0.0,0,True,True
1696.222,-0.05871848500892428,-1.492157216625346,-0.17454635300401664,2.4523722235000706e-05,0,nan,nan,nan,2.0,0.5078375749158884,-0.17459162801137618,1.999975476277765,0.0,-1.0,SOLVER_EXCEPTION,0.0,0,True,True
1696.315,-0.0587897122109715,-1.4921446397877964,-0.17454636977203056,2.4521751767065203e-05,0,nan,nan,nan,2.0,0.5078512371365976,-0.17459164622275747,1.9999754782482329,0.0,-1.0,SOLVER_EXCEPTION,0.0,0,True,True
1696.418,-0.05886859802370615,-1.4921307106402009,-0.17454638834242528,2.451957584798154e-05,0,nan,nan,nan,2.0,0.5078639524351557,-0.17459166316901964,1.999975480424152,0.0,-1.0,SOLVER_EXCEPTION,0.0,0,True,True
1696.515,-0.05894212245151575,-1.4921177281702565,-0.1745464056502203,2.451756630412917e-05,0,nan,nan,nan,2.0,0.5078782909240812,-0.17459168228027977,1.999975482433696,0.0,-1.0,SOLVER_EXCEPTION,0.0,0,True,True
1696.616,-0.0590194760572874,-1.4921040695672325,-0.17454642386139907,2.4515547627054623e-05,0,nan,nan,nan,2.0,0.5078918177613801,-0.17459170030885707,1.999975484452373,0.0,-1.0,SOLVER_EXCEPTION,0.0,0,True,True
1696.719,-0.05909912706289103,-1.4920900053026949,-0.17454644261073277,2.451333736674034e-05,0,nan,nan,nan,2.0,0.5079053445610804,-0.17459171834037246,1.9999754866626334,0.0,-1.0,SOLVER_EXCEPTION,0.0,0,True,True
1696.818,-0.05917494847718066,-1.4920766172409474,-0.1745464604614098,2.451146325191385e-05,0,nan,nan,nan,2.0,0.5079191418601453,-0.1745917367307892,1.999975488536748,0.0,-1.0,SOLVER_EXCEPTION,0.0,0,True,True
1696.915,-0.05924770620451063,-1.492063770144854,-0.17454647758979955,2.450955488772244e-05,0,nan,nan,nan,2.0,0.5079322627852308,-0.17459175421985895,1.9999754904451124,0.0,-1.0,SOLVER_EXCEPTION,0.0,0,True,True
1697.021,-0.05933042002250835,-1.492049165063094,-0.17454649706133574,2.450743658617031e-05,0,nan,nan,nan,2.0,0.5079459247451021,-0.1745917724271333,1.999975492563414,0.0,-1.0,SOLVER_EXCEPTION,0.0,0,True,True
1697.123,-0.059407006675809344,-1.4920356418757177,-0.17454651509021388,2.450548381582884e-05,0,nan,nan,nan,2.0,0.5079594514024597,-0.1745917904563874,1.999975494516184,0.0,-1.0,SOLVER_EXCEPTION,0.0,0,True,True
1697.219,-0.05948206139796048,-1.4920223891863866,-0.1745465327585542,2.4503538503509893e-05,0,nan,nan,nan,2.0,0.5079729780242781,-0.17459180848809908,1.9999754964614964,0.0,-1.0,SOLVER_EXCEPTION,0.0,0,True,True
1697.32,-0.05955788178770482,-1.4920090012979237,-0.1745465506084563,2.450173129432253e-05,0,nan,nan,nan,2.0,0.5079860988159624,-0.17459182597505096,1.9999754982687057,0.0,-1.0,SOLVER_EXCEPTION,0.0,0,True,True
1697.417,-0.05963293612269495,-1.491995748674017,-0.17454656827676268,2.449984513143104e-05,0,nan,nan,nan,2.0,0.5079997606365213,-0.17459184418554852,1.9999755001548685,0.0,-1.0,SOLVER_EXCEPTION,0.0,0,True,True
1697.52,-0.059708756126251275,-1.4919823608514011,-0.17454658612784682,2.4498114770353843e-05,0,nan,nan,nan,2.0,0.5080135576885415,-0.17459186257539416,1.9999755018852297,0.0,-1.0,SOLVER_EXCEPTION,0.0,0,True,True
1697.618,-0.059786873506309124,-1.4919685673702663,-0.1745466045171149,2.4496218569008572e-05,0,nan,nan,nan,2.0,0.5080270841771325,-0.17459188060356645,1.999975503781431,0.0,-1.0,SOLVER_EXCEPTION,0.0,0,True,True
1697.717,-0.05986269312556856,-1.4919551796130488,-0.17454662236744317,2.4494483698034757e-05,0,nan,nan,nan,2.0,0.5080406106327626,-0.17459189863685065,1.999975505516302,0.0,-1.0,SOLVER_EXCEPTION,0.0,0,True,True
1697.818,-0.059939278410862794,-1.4919416566571655,-0.1745466403974079,2.449271349245056e-05,0,nan,nan,nan,2.0,0.5080541370568278,-0.17459191666552387,1.9999755072865075,0.0,-1.0,SOLVER_EXCEPTION,0.0,0,True,True
1697.922,-0.060017395209058494,-1.4919278632747612,-0.1745466587852843,2.449078552028162e-05,0,nan,nan,nan,2.0,0.5080673929215846,-0.17459193433355935,1.9999755092144798,0.0,-1.0,SOLVER_EXCEPTION,0.0,0,True,True
1698.017,-0.060093214270482816,-1.49191447561108,-0.174546676636457,2.4489180141172133e-05,0,nan,nan,nan,2.0,0.5080811898104682,-0.17459195272446149,1.999975510819859,0.0,-1.0,SOLVER_EXCEPTION,0.0,0,True,True
1698.119,-0.060166735613828924,-1.4919014936634467,-0.1745466939444518,2.4487466681720948e-05,0,nan,nan,nan,2.0,0.5080944456138068,-0.1745919703952019,1.9999755125333183,0.0,-1.0,SOLVER_EXCEPTION,0.0,0,True,True
1698.224,-0.060250978615412065,-1.491886618548615,-0.17454671377691539,2.4485617396595627e-05,0,nan,nan,nan,2.0,0.5081079719150461,-0.17459198842457102,1.9999755143826035,0.0,-1.0,SOLVER_EXCEPTION,0.0,0,True,True
1698.32,-0.06032220207606511,-1.4918740423436179,-0.17454673054579786,2.4484130856733277e-05,0,nan,nan,nan,2.0,0.5081213629226056,-0.174592006274505,1.9999755158691432,0.0,-1.0,SOLVER_EXCEPTION,0.0,0,True,True
1698.43,-0.06040874220558887,-1.4918587616128896,-0.17454675091779429,2.448216223384028e-05,0,nan,nan,nan,2.0,0.5081352949508071,-0.17459202484387948,1.999975517837766,0.0,-1.0,SOLVER_EXCEPTION,0.0,0,True,True
1698.513,-0.060473072777780655,-1.4918474025097126,-0.17454676606486969,2.448091915991763e-05,0,nan,nan,nan,2.0,0.5081486859006195,-0.174592042694929,1.9999755190808401,0.0,-1.0,SOLVER_EXCEPTION,0.0,0,True,True
1698.618,-0.06055348582319294,-1.4918332036602084,-0.17454678499717682,2.4479249193318904e-05,0,nan,nan,nan,2.0,0.5081622120828372,-0.17459206072344768,1.9999755207508068,0.0,-1.0,SOLVER_EXCEPTION,0.0,0,True,True
1698.716,-0.06062853783038832,-1.4918199514280714,-0.17454680266681935,2.4477719520570627e-05,0,nan,nan,nan,2.0,0.5081758734985172,-0.17459207893638773,1.9999755222804794,0.0,-1.0,SOLVER_EXCEPTION,0.0,0,True,True
1698.817,-0.060705887179952116,-1.4918062935429388,-0.17454682087413537,2.4475985837505016e-05,0,nan,nan,nan,2.0,0.5081893996245543,-0.17459209696368738,1.9999755240141626,0.0,-1.0,SOLVER_EXCEPTION,0.0,0,True,True
1698.915,-0.060781704696058717,-1.4917929061396715,-0.17454683872506918,2.4474513102858216e-05,0,nan,nan,nan,2.0,0.5082030609835465,-0.17459211517579032,1.9999755254868972,0.0,-1.0,SOLVER_EXCEPTION,0.0,0,True,True
1699.016,-0.0608582878833593,-1.4917793835365338,-0.17454685675519616,2.447298360151235e-05,0,nan,nan,nan,2.0,0.5082163165332946,-0.1745921328452682,1.9999755270163986,0.0,-1.0,SOLVER_EXCEPTION,0.0,0,True,True
1699.119,-0.06093716839807752,-1.491765455283742,-0.17454687532605243,2.4471421482255506e-05,0,nan,nan,nan,2.0,0.5082299778376614,-0.1745921510555899,1.9999755285785177,0.0,-1.0,SOLVER_EXCEPTION,0.0,0,True,True
1699.216,-0.06101145377716499,-1.491752338411077,-0.1745468928169076,2.4470087552062183e-05,0,nan,nan,nan,2.0,0.5082437743752349,-0.1745921694469672,1.999975529912448,0.0,-1.0,SOLVER_EXCEPTION,0.0,0,True,True
1699.317,-0.061088036487747514,-1.4917388158885017,-0.17454691084620558,2.4468519169791993e-05,0,nan,nan,nan,2.0,0.5082568945859379,-0.17459218693660317,1.9999755314808303,0.0,-1.0,SOLVER_EXCEPTION,0.0,0,True,True
1699.418,-0.061163853218333716,-1.4917254286154953,-0.17454692869697222,2.446717415955131e-05,0,nan,nan,nan,2.0,0.5082705558115915,-0.17459220514452456,1.9999755328258404,0.0,-1.0,SOLVER_EXCEPTION,0.0,0,True,True
1699.515,-0.06124043562224624,-1.4917119061433357,-0.17454694672611426,2.4465678308410973e-05,0,nan,nan,nan,2.0,0.5082836759729747,-0.1745922226341352,1.9999755343216916,0.0,-1.0,SOLVER_EXCEPTION,0.0,0,True,True
1699.624,-0.06132391027049741,-1.4916971666779957,-0.17454696637772354,2.4464016651682042e-05,0,nan,nan,nan,2.0,0.5082976076650209,-0.17459224120703176,1.9999755359833482,0.0,-1.0,SOLVER_EXCEPTION,0.0,0,True,True
1699.716,-0.061394365798799734,-1.4916847260505053,-0.1745469829673123,2.4462883916773398e-05,0,nan,nan,nan,2.0,0.5083111335552075,-0.17459225923666777,1.9999755371160832,0.0,-1.0,SOLVER_EXCEPTION,0.0,0,True,True
1699.817,-0.06147247939115493,-1.4916709332064406,-0.1745470013578491,2.446141568574854e-05,0,nan,nan,nan,2.0,0.508324659419463,-0.17459227726662752,1.9999755385843143,0.0,-1.0,SOLVER_EXCEPTION,0.0,0,True,True
1699.918,-0.06154906119734985,-1.4916574108341163,-0.17454701938838804,2.4460065339898896e-05,0,nan,nan,nan,2.0,0.5083373737108277,-0.17459229421422995,1.9999755399346602,0.0,-1.0,SOLVER_EXCEPTION,0.0,0,True,True
1700.018,-0.061623345411960996,-1.491644294155304,-0.17454703687794673,2.445877593903527e-05,0,nan,nan,nan,2.0,0.5083517110772636,-0.17459231332531155,1.999975541224061,0.0,-1.0,SOLVER_EXCEPTION,0.0,0,True,True
1700.116,-0.06170069275140742,-1.4916306366070573,-0.1745470550899175,2.4457510119624933e-05,0,nan,nan,nan,2.0,0.5083646958389341,-0.17459233063796686,1.9999755424898804,0.0,-1.0,SOLVER_EXCEPTION,0.0,0,True,True
1700.219,-0.06177957157399455,-1.491616708636181,-0.17454707365934446,2.4456041951197586e-05,0,nan,nan,nan,2.0,0.5083787626400772,-0.17459234938888413,1.9999755439580489,0.0,-1.0,SOLVER_EXCEPTION,0.0,0,True,True
1700.319,-0.06185538700299683,-1.4916033215804967,-0.1745470915092017,2.4454740455994144e-05,0,nan,nan,nan,2.0,0.508392288386724,-0.17459236741805517,1.999975545259544,0.0,-1.0,SOLVER_EXCEPTION,0.0,0,True,True
1700.418,-0.061931968108447186,-1.4915897993245184,-0.17454710954039893,2.4453516945662283e-05,0,nan,nan,nan,2.0,0.508405678853958,-0.17459238526970822,1.9999755464830544,0.0,-1.0,SOLVER_EXCEPTION,0.0,0,True,True
1700.519,-0.06200854907897134,-1.4915762770909633,-0.17454712757085394,2.4452235546012036e-05,0,nan,nan,nan,2.0,0.508419339812645,-0.17459240347804617,1.999975547764454,0.0,-1.0,SOLVER_EXCEPTION,0.0,0,True,True
1700.615,-0.06208283249303948,-1.4915631605454458,-0.17454714506046876,2.4451033582127534e-05,0,nan,nan,nan,2.0,0.5084319186956477,-0.17459242024799426,1.999975548966418,0.0,-1.0,SOLVER_EXCEPTION,0.0,0,True,True
1700.719,-0.062160944815481324,-1.4915493679113228,-0.17454716345105012,2.4449754198241903e-05,0,nan,nan,nan,2.0,0.5084463911504014,-0.17459243954210146,1.9999755502458016,0.0,-1.0,SOLVER_EXCEPTION,0.0,0,True,True
1700.817,-0.06223752539264417,-1.4915358457435897,-0.17454718148426474,2.444864666081614e-05,0,nan,nan,nan,2.0,0.508459781529937,-0.17459245739308438,1.9999755513533393,0.0,-1.0,SOLVER_EXCEPTION,0.0,0,True,True
1700.917,-0.062311808429618414,-1.4915227292597766,-0.1745471989714365,2.444736497125286e-05,0,nan,nan,nan,2.0,0.5084733071457803,-0.17459247542335588,1.9999755526350287,0.0,-1.0,SOLVER_EXCEPTION,0.0,0,True,True
1701.017,-0.06238685715017347,-1.4915094775756532,-0.1745472166438732,2.4446327595831487e-05,0,nan,nan,nan,2.0,0.5084864269724093,-0.1745924929132774,1.9999755536724042,0.0,-1.0,SOLVER_EXCEPTION,0.0,0,True,True
1701.116,-0.06246420315461031,-1.4914958202479076,-0.17454723485353205,2.44450617826765e-05,0,nan,nan,nan,2.0,0.5085000878025384,-0.17459251112293384,1.9999755549382172,0.0,-1.0,SOLVER_EXCEPTION,0.0,0,True,True
1701.217,-0.06254231483298327,-1.4914820277197192,-0.17454725324403914,2.444384951362123e-05,0,nan,nan,nan,2.0,0.5085140191230053,-0.17459252969465888,1.9999755561504864,0.0,-1.0,SOLVER_EXCEPTION,0.0,0,True,True
1701.318,-0.06262119218346522,-1.4914680999930796,-0.1745472718165559,2.4442701054045796e-05,0,nan,nan,nan,2.0,0.5085275446556851,-0.17459254772529542,1.999975557298946,0.0,-1.0,SOLVER_EXCEPTION,0.0,0,True,True
1701.419,-0.06269700621523139,-1.4914547131681095,-0.17454728966862648,2.444168163637929e-05,0,nan,nan,nan,2.0,0.5085410701692165,-0.17459256575543103,1.9999755583183636,0.0,-1.0,SOLVER_EXCEPTION,0.0,0,True,True
1701.517,-0.0627735859269272,-1.4914411911423602,-0.17454730769784418,2.44404550884443e-05,0,nan,nan,nan,2.0,0.5085541898979058,-0.17459258324614702,1.9999755595449116,0.0,-1.0,SOLVER_EXCEPTION,0.0,0,True,True
1701.619,-0.06284633654407874,-1.4914283452353152,-0.17454732482851631,2.443953008538781e-05,0,nan,nan,nan,2.0,0.5085678506279728,-0.1745926014585759,1.9999755604699145,0.0,-1.0,SOLVER_EXCEPTION,0.0,0,True,True
1701.71,-0.0629213844394893,-1.4914150936869481,-0.17454734249711726,2.4438325652035088e-05,0,nan,nan,nan,2.0,0.5085811055742422,-0.17459261912717672,1.999975561674348,0.0,-1.0,SOLVER_EXCEPTION,0.0,0,True,True
1701.815,-0.063001792776536,-1.4914008956188205,-0.174547361431555,2.4437319025166954e-05,0,nan,nan,nan,2.0,0.5085951720288697,-0.1745926378791185,1.9999755626809748,0.0,-1.0,SOLVER_EXCEPTION,0.0,0,True,True
1701.919,-0.06307990361291795,-1.4913871032288735,-0.17454737982222057,2.44362241632575e-05,0,nan,nan,nan,2.0,0.5086081564310283,-0.17459265518838185,1.9999755637758367,0.0,-1.0,SOLVER_EXCEPTION,0.0,0,True,True
1702.018,-0.0631572485423533,-1.4913734460779822,-0.17454739803109737,2.4434990353357072e-05,0,nan,nan,nan,2.0,0.5086216818307772,-0.1745926732215337,1.9999755650096467,0.0,-1.0,SOLVER_EXCEPTION,0.0,0,True,True
1702.119,-0.06323306177974435,-1.4913600593834204,-0.17454741588357686,2.4434076971035564e-05,0,nan,nan,nan,2.0,0.5086349367058673,-0.17459269089182738,1.999975565923029,0.0,-1.0,SOLVER_EXCEPTION,0.0,0,True,True
1702.22,-0.06330964069884173,-1.4913465374866577,-0.17454743391325572,2.443301704250355e-05,0,nan,nan,nan,2.0,0.5086490030850852,-0.1745927096429809,1.9999755669829575,0.0,-1.0,SOLVER_EXCEPTION,0.0,0,True,True
1702.315,-0.06338315636016376,-1.4913335564837464,-0.17454745122621199,2.4432193611964276e-05,0,nan,nan,nan,2.0,0.5086626636848367,-0.17459272785627133,1.999975567806388,0.0,-1.0,SOLVER_EXCEPTION,0.0,0,True,True
1702.418,-0.06346279821582843,-1.4913194937473648,-0.17454746997825382,2.443114901902479e-05,0,nan,nan,nan,2.0,0.5086761890143134,-0.17459274588688123,1.999975568850981,0.0,-1.0,SOLVER_EXCEPTION,0.0,0,True,True
1702.516,-0.06354320574339908,-1.4913052958110276,-0.1745474889084985,2.4429994556961885e-05,0,nan,nan,nan,2.0,0.5086898495792521,-0.17459276409856184,1.9999755700054431,0.0,-1.0,SOLVER_EXCEPTION,0.0,0,True,True
1702.615,-0.06361289217497847,-1.491292990948511,-0.17454750531783517,2.4429166830805253e-05,0,nan,nan,nan,2.0,0.5087024281046779,-0.1745927808654777,1.9999755708331692,0.0,-1.0,SOLVER_EXCEPTION,0.0,0,True,True
1702.719,-0.06369406527408121,-1.4912786578289325,-0.1745475244304611,2.4428107665564656e-05,0,nan,nan,nan,2.0,0.5087171706581106,-0.17459280052021287,1.9999755718923344,0.0,-1.0,SOLVER_EXCEPTION,0.0,0,True,True
1702.816,-0.06376221995819428,-1.4912666234312657,-0.17454754047840906,2.4427301959342328e-05,0,nan,nan,nan,2.0,0.5087304254150451,-0.17459281819045147,1.9999755726980406,0.0,-1.0,SOLVER_EXCEPTION,0.0,0,True,True
1702.917,-0.06384492441255482,-1.4912520199101553,-0.1745475599517934,2.442626545805838e-05,0,nan,nan,nan,2.0,0.5087439506609661,-0.17459283622106092,1.999975573734542,0.0,-1.0,SOLVER_EXCEPTION,0.0,0,True,True
1703.02,-0.06392303406951282,-1.4912382277134613,-0.17454757834573706,2.4425398063001358e-05,0,nan,nan,nan,2.0,0.5087574758900786,-0.174592854254783,1.999975574601937,0.0,-1.0,SOLVER_EXCEPTION,0.0,0,True,True
1703.117,-0.06399731472749448,-1.4912251116184552,-0.17454759583396875,2.442444255201311e-05,0,nan,nan,nan,2.0,0.5087710011048427,-0.17459287228588538,1.999975575557448,0.0,-1.0,SOLVER_EXCEPTION,0.0,0,True,True
1703.218,-0.06407618996653273,-1.4912111842356113,-0.1745476144074236,2.442357460043179e-05,0,nan,nan,nan,2.0,0.5087845263030724,-0.17459289031538372,1.9999755764253995,0.0,-1.0,SOLVER_EXCEPTION,0.0,0,True,True
1703.315,-0.06414817310652297,-1.4911984738229196,-0.1745476313567289,2.4422717974670623e-05,0,nan,nan,nan,2.0,0.5087977809829053,-0.1745929079867885,1.9999755772820254,0.0,-1.0,SOLVER_EXCEPTION,0.0,0,True,True
1703.423,-0.06423011126067413,-1.4911840056026235,-0.17454765065078073,2.4421832301846592e-05,0,nan,nan,nan,2.0,0.5088115766551643,-0.17459292637793133,1.9999755781676982,0.0,-1.0,SOLVER_EXCEPTION,0.0,0,True,True
1703.518,-0.06430515732774772,-1.4911707543514454,-0.17454766832113433,2.442092737738073e-05,0,nan,nan,nan,2.0,0.5088251018077152,-0.17459294441117157,1.9999755790726226,0.0,-1.0,SOLVER_EXCEPTION,0.0,0,True,True
1703.617,-0.06438096908174307,-1.4911573678969279,-0.1745476861737658,2.442017513886169e-05,0,nan,nan,nan,2.0,0.5088383564439368,-0.17459296208239738,1.999975579824861,0.0,-1.0,SOLVER_EXCEPTION,0.0,0,True,True
1703.717,-0.06445754652120192,-1.4911438462400566,-0.17454770420404306,2.4419258741440384e-05,0,nan,nan,nan,2.0,0.5088521520704176,-0.17459298047305394,1.9999755807412585,0.0,-1.0,SOLVER_EXCEPTION,0.0,0,True,True
1703.819,-0.0645364211907835,-1.4911299189491352,-0.17454772277777753,2.4418472621146808e-05,0,nan,nan,nan,2.0,0.5088656771804284,-0.17459299850394583,1.9999755815273788,0.0,-1.0,SOLVER_EXCEPTION,0.0,0,True,True
1703.915,-0.06460916958947861,-1.4911170734018682,-0.17454773990564545,2.4417580791376455e-05,0,nan,nan,nan,2.0,0.5088792022762404,-0.17459301653570503,1.9999755824192087,0.0,-1.0,SOLVER_EXCEPTION,0.0,0,True,True
1704.017,-0.06468038636707234,-1.4911044983002326,-0.17454775667506262,2.4416809055333594e-05,0,nan,nan,nan,2.0,0.5088927273574161,-0.17459303456940312,1.9999755831909447,0.0,-1.0,SOLVER_EXCEPTION,0.0,0,True,True
1704.117,-0.06476462116924431,-1.4910896245384835,-0.17454777651001163,2.4415974103457353e-05,0,nan,nan,nan,2.0,0.508905981925009,-0.17459305223920563,1.9999755840258966,0.0,-1.0,SOLVER_EXCEPTION,0.0,0,True,True
1704.216,-0.06484043240359544,-1.4910762381676594,-0.1745477943622831,2.4415205202963555e-05,0,nan,nan,nan,2.0,0.5089197774799513,-0.17459307063125928,1.999975584794797,0.0,-1.0,SOLVER_EXCEPTION,0.0,0,True,True
1704.319,-0.06491241471170481,-1.4910635278879094,-0.17454781131142788,2.441444196859753e-05,0,nan,nan,nan,2.0,0.5089327615200615,-0.1745930879414872,1.9999755855580315,0.0,-1.0,SOLVER_EXCEPTION,0.0,0,True,True
1704.416,-0.06499358616287951,-1.4910491950326374,-0.17454783042379024,2.4413589247243618e-05,0,nan,nan,nan,2.0,0.5089465570496117,-0.17459310633204606,1.9999755864107527,0.0,-1.0,SOLVER_EXCEPTION,0.0,0,True,True
1704.515,-0.06506939715255251,-1.4910358087010973,-0.1745478482759033,2.441283791420285e-05,0,nan,nan,nan,2.0,0.5089594058140955,-0.17459312346322253,1.999975587162086,0.0,-1.0,SOLVER_EXCEPTION,0.0,0,True,True
1704.619,-0.06514827112852968,-1.4910218815203278,-0.17454786685077778,2.441218067612799e-05,0,nan,nan,nan,2.0,0.5089738775666547,-0.1745931427596017,1.999975587819324,0.0,-1.0,SOLVER_EXCEPTION,0.0,0,True,True
1704.719,-0.06522331619225294,-1.4910086304283992,-0.17454788451954317,2.4411321771314584e-05,0,nan,nan,nan,2.0,0.5089874025564249,-0.17459316078896947,1.9999755886782287,0.0,-1.0,SOLVER_EXCEPTION,0.0,0,True,True
1704.819,-0.06530219000446544,-1.4909947032736706,-0.17454790309409618,2.4410668995752765e-05,0,nan,nan,nan,2.0,0.5090009275336962,-0.17459317882144587,1.9999755893310043,0.0,-1.0,SOLVER_EXCEPTION,0.0,0,True,True
1704.921,-0.06538029797031224,-1.490980911346575,-0.17454792148658413,2.4409925115015446e-05,0,nan,nan,nan,2.0,0.5090143172490856,-0.17459319667398088,1.999975590074885,0.0,-1.0,SOLVER_EXCEPTION,0.0,0,True,True
1705.015,-0.06545151398729712,-1.490968336365099,-0.17454793825597278,2.4409255122465847e-05,0,nan,nan,nan,2.0,0.5090279774513728,-0.1745932148860323,1.9999755907448775,0.0,-1.0,SOLVER_EXCEPTION,0.0,0,True,True
1705.118,-0.06552885603907205,-1.4909546796763355,-0.174547956466607,2.4408469913793523e-05,0,nan,nan,nan,2.0,0.5090413671433153,-0.1745932327358939,1.9999755915300863,0.0,-1.0,SOLVER_EXCEPTION,0.0,0,True,True
1705.221,-0.06560849529987459,-1.4909406173562794,-0.17454797521982082,2.4407714928259455e-05,0,nan,nan,nan,2.0,0.5090550273210994,-0.17459325094868916,1.9999755922850717,0.0,-1.0,SOLVER_EXCEPTION,0.0,0,True,True
1705.314,-0.06568047687073768,-1.490927907193232,-0.1745479921720542,2.4407201879635315e-05,0,nan,nan,nan,2.0,0.5090669292495461,-0.17459326681592824,1.9999755927981204,0.0,-1.0,SOLVER_EXCEPTION,0.0,0,True,True
1705.415,-0.065757818699433,-1.4909142505393707,-0.1745480103822708,2.4406413371727042e-05,0,nan,nan,nan,2.0,0.5090820771454909,-0.17459328701233012,1.9999755935866284,0.0,-1.0,SOLVER_EXCEPTION,0.0,0,True,True
1705.519,-0.0658374577336064,-1.4909001882555288,-0.1745480291374052,2.440577958518517e-05,0,nan,nan,nan,2.0,0.5090956020396232,-0.17459330504615478,1.9999755942204147,0.0,-1.0,SOLVER_EXCEPTION,0.0,0,True,True
1705.622,-0.06591633093184346,-1.490886261196662,-0.17454804770919274,2.440504297963819e-05,0,nan,nan,nan,2.0,0.5091089916749539,-0.17459332289659235,1.9999755949570204,0.0,-1.0,SOLVER_EXCEPTION,0.0,0,True,True
1705.717,-0.06598907799048419,-1.4908734158618555,-0.17454806483969282,2.440441730175665e-05,0,nan,nan,nan,2.0,0.5091226517962835,-0.17459334110909275,1.9999755955826983,0.0,-1.0,SOLVER_EXCEPTION,0.0,0,True,True
1705.817,-0.06606641953157623,-1.4908597592534476,-0.1745480830538709,2.440386414783928e-05,0,nan,nan,nan,2.0,0.5091361766583568,-0.1745933591407094,1.999975596135852,0.0,-1.0,SOLVER_EXCEPTION,0.0,0,True,True
1705.92,-0.06614222948911287,-1.4908463730829329,-0.17454810090318393,2.4403091421195907e-05,0,nan,nan,nan,2.0,0.5091497015097501,-0.17459337717247525,1.9999755969085788,0.0,-1.0,SOLVER_EXCEPTION,0.0,0,True,True
1706.015,-0.06621650786814305,-1.4908332573505427,-0.17454811839446008,2.4402488812655142e-05,0,nan,nan,nan,2.0,0.5091630911021355,-0.17459339502451954,1.9999755975111873,0.0,-1.0,SOLVER_EXCEPTION,0.0,0,True,True
1706.116,-0.0662953807172787,-1.490819330346363,-0.17454813696931917,2.4401950584252737e-05,0,nan,nan,nan,2.0,0.5091767511809979,-0.17459341323862354,1.9999755980494158,0.0,-1.0,SOLVER_EXCEPTION,0.0,0,True,True
1706.216,-0.06637195623209285,-1.4908058089938843,-0.17454815500062806,2.4401240751977608e-05,0,nan,nan,nan,2.0,0.5091902760007548,-0.17459343127022642,1.999975598759248,0.0,-1.0,SOLVER_EXCEPTION,0.0,0,True,True
1706.318,-0.06645006318992025,-1.4907920172236286,-0.1745481733932903,2.440064815391274e-05,0,nan,nan,nan,2.0,0.5092038008114985,-0.17459344930203358,1.999975599351846,0.0,-1.0,SOLVER_EXCEPTION,0.0,0,True,True
1706.419,-0.06652740432744689,-1.4907783606775866,-0.17454819160756396,2.440014136579004e-05,0,nan,nan,nan,2.0,0.5092173256119706,-0.1745934673333207,1.9999755998586342,0.0,-1.0,SOLVER_EXCEPTION,0.0,0,True,True
1706.518,-0.06660244814160445,-1.4907651097813903,-0.17454820927740677,2.4399420159246392e-05,0,nan,nan,nan,2.0,0.5092307151539263,-0.17459348518616302,1.9999756005798408,0.0,-1.0,SOLVER_EXCEPTION,0.0,0,True,True
1706.62,-0.06668132065674837,-1.4907511828282631,-0.17454822785247176,2.4398947597939124e-05,0,nan,nan,nan,2.0,0.5092443751830473,-0.17459350340051172,1.9999756010524021,0.0,-1.0,SOLVER_EXCEPTION,0.0,0,True,True
1706.714,-0.06675330134146243,-1.4907384728026256,-0.17454824480089778,2.439827887331975e-05,0,nan,nan,nan,2.0,0.509257899954155,-0.1745935214309573,1.9999756017211268,0.0,-1.0,SOLVER_EXCEPTION,0.0,0,True,True
1706.818,-0.06683293948286417,-1.4907244106562707,-0.17454826355542302,2.4397721416590393e-05,0,nan,nan,nan,2.0,0.509271424716072,-0.17459353946413936,1.9999756022785835,0.0,-1.0,SOLVER_EXCEPTION,0.0,0,True,True
1706.917,-0.06690874880667,-1.4907110245833428,-0.17454828140805242,2.439720831764756e-05,0,nan,nan,nan,2.0,0.5092848142215509,-0.17459355731650827,1.9999756027916824,0.0,-1.0,SOLVER_EXCEPTION,0.0,0,True,True
1707.017,-0.06698455807212875,-1.4906976385199582,-0.1745482992603874,2.439666701910848e-05,0,nan,nan,nan,2.0,0.50929847421257,-0.17459357552977206,1.999975603332981,0.0,-1.0,SOLVER_EXCEPTION,0.0,0,True,True
1707.117,-0.06706036727975113,-1.490684252464793,-0.1745483171109863,2.4396044981628992e-05,0,nan,nan,nan,2.0,0.5093119989474192,-0.17459359356286308,1.9999756039550183,0.0,-1.0,SOLVER_EXCEPTION,0.0,0,True,True
1707.218,-0.06713770792787731,-1.4906705959938673,-0.17454833532532793,2.4395549221293844e-05,0,nan,nan,nan,2.0,0.5093251179311982,-0.17459361105466842,1.9999756044507786,0.0,-1.0,SOLVER_EXCEPTION,0.0,0,True,True
1707.317,-0.06721504851731652,-1.4906569395313563,-0.1745483535388386,2.439506912534296e-05,0,nan,nan,nan,2.0,0.5093390483905538,-0.17459362962570513,1.9999756049308746,0.0,-1.0,SOLVER_EXCEPTION,0.0,0,True,True
1707.418,-0.06729009180615811,-1.4906436887144496,-0.1745483712098196,2.439450846528129e-05,0,nan,nan,nan,2.0,0.5093525730993372,-0.1745936476584422,1.9999756054915347,0.0,-1.0,SOLVER_EXCEPTION,0.0,0,True,True
1707.516,-0.0673666665353777,-1.490630167481962,-0.17454838924207075,2.439393578099454e-05,0,nan,nan,nan,2.0,0.5093654215642007,-0.17459366479011784,1.999975606064219,0.0,-1.0,SOLVER_EXCEPTION,0.0,0,True,True
1707.616,-0.06744400695557129,-1.4906165110447418,-0.17454840745572564,2.439347227059578e-05,0,nan,nan,nan,2.0,0.5093793519972889,-0.17459368336441727,1.9999756065277294,0.0,-1.0,SOLVER_EXCEPTION,0.0,0,True,True
1707.718,-0.06752211306595136,-1.4906027194038662,-0.17454842584897515,2.4392959972744193e-05,0,nan,nan,nan,2.0,0.5093926061872769,-0.1745937010355494,1.9999756070400272,0.0,-1.0,SOLVER_EXCEPTION,0.0,0,True,True
1707.821,-0.06760098486572615,-1.490588792560293,-0.17454844442365566,2.439246489000366e-05,0,nan,nan,nan,2.0,0.509406536603108,-0.1745937196109999,1.99997560753511,0.0,-1.0,SOLVER_EXCEPTION,0.0,0,True,True
1707.918,-0.06767526213984079,-1.4905756769956446,-0.17454846191289933,2.439186203570668e-05,0,nan,nan,nan,2.0,0.5094199260244355,-0.1745937374607025,1.9999756081379643,0.0,-1.0,SOLVER_EXCEPTION,0.0,0,True,True
1708.014,-0.06775107085324171,-1.4905622910153633,-0.17454847976536264,2.4391374796663202e-05,0,nan,nan,nan,2.0,0.5094337211770839,-0.17459375585660775,1.9999756086252034,0.0,-1.0,SOLVER_EXCEPTION,0.0,0,True,True
1708.118,-0.06782841100331419,-1.490548634618974,-0.17454849798022729,2.439098842323759e-05,0,nan,nan,nan,2.0,0.5094467048434731,-0.17459377316729308,1.9999756090115768,0.0,-1.0,SOLVER_EXCEPTION,0.0,0,True,True
1708.217,-0.06790192238454501,-1.4905356542889274,-0.17454851529115825,2.4390475336283316e-05,0,nan,nan,nan,2.0,0.5094604999803203,-0.17459379156030108,1.9999756095246637,0.0,-1.0,SOLVER_EXCEPTION,0.0,0,True,True
1708.318,-0.06798079391870486,-1.4905217274840876,-0.17454853386537483,2.439002858458575e-05,0,nan,nan,nan,2.0,0.5094742951103193,-0.17459380995346319,1.9999756099714154,0.0,-1.0,SOLVER_EXCEPTION,0.0,0,True,True
1708.418,-0.06805813391515854,-1.4905080711099872,-0.17454855207696005,2.4389485744202344e-05,0,nan,nan,nan,2.0,0.5094878197401261,-0.17459382798541156,1.9999756105142559,0.0,-1.0,SOLVER_EXCEPTION,0.0,0,True,True
1708.518,-0.0681339423777731,-1.490494685167266,-0.1745485699299276,2.438900886422187e-05,0,nan,nan,nan,2.0,0.5095012091153364,-0.17459384583866555,1.9999756109911357,0.0,-1.0,SOLVER_EXCEPTION,0.0,0,True,True
1708.618,-0.0682112822750547,-1.4904810288079196,-0.1745485881450685,2.438867547299151e-05,0,nan,nan,nan,2.0,0.509514733730712,-0.17459386387129916,1.999975611324527,0.0,-1.0,SOLVER_EXCEPTION,0.0,0,True,True
1708.716,-0.06828402767808525,-1.4904681837238443,-0.17454860527342522,2.4388085251595433e-05,0,nan,nan,nan,2.0,0.5095282583387895,-0.17459388190348468,1.9999756119147485,0.0,-1.0,SOLVER_EXCEPTION,0.0,0,True,True
1708.816,-0.06836213322103511,-1.490454392167776,-0.17454862366964283,2.4387771880519722e-05,0,nan,nan,nan,2.0,0.5095420534311993,-0.17459390029970212,1.9999756122281194,0.0,-1.0,SOLVER_EXCEPTION,0.0,0,True,True
1708.918,-0.06844023871495528,-1.4904406006181858,-0.17454864206321072,2.438731810847899e-05,0,nan,nan,nan,2.0,0.5095554427795271,-0.17459391815127523,1.9999756126818915,0.0,-1.0,SOLVER_EXCEPTION,0.0,0,True,True
1709.023,-0.06852064137875691,-1.4904264034416128,-0.17454866099552793,2.4386761531782434e-05,0,nan,nan,nan,2.0,0.509568832120931,-0.17459393600386575,1.9999756132384683,0.0,-1.0,SOLVER_EXCEPTION,0.0,0,True,True
1709.118,-0.0685933866026761,-1.4904135583845952,-0.1745486781277784,2.4386383074348867e-05,0,nan,nan,nan,2.0,0.5095824919473748,-0.1745939542189454,1.9999756136169256,0.0,-1.0,SOLVER_EXCEPTION,0.0,0,True,True
1709.217,-0.06866996047831164,-1.490400037277472,-0.17454869616115726,2.438597876204305e-05,0,nan,nan,nan,2.0,0.5095960165216188,-0.1745939722508787,1.999975614021238,0.0,-1.0,SOLVER_EXCEPTION,0.0,0,True,True
1709.315,-0.06874500283318002,-1.4903867865994436,-0.17454871383544748,2.4385656537052447e-05,0,nan,nan,nan,2.0,0.5096095410890301,-0.17459399028299138,1.999975614343463,0.0,-1.0,SOLVER_EXCEPTION,0.0,0,True,True
1709.415,-0.06882157662080086,-1.4903732655047792,-0.1745487318677669,2.438523121138676e-05,0,nan,nan,nan,2.0,0.5096232008961618,-0.17459400849782636,1.9999756147687886,0.0,-1.0,SOLVER_EXCEPTION,0.0,0,True,True
1709.519,-0.06889891610216685,-1.4903596092062776,-0.17454875007887144,2.4384640911208283e-05,0,nan,nan,nan,2.0,0.5096365902048732,-0.1745940263512029,1.9999756153590889,0.0,-1.0,SOLVER_EXCEPTION,0.0,0,True,True
1709.619,-0.06897778701316318,-1.4903456824924348,-0.17454876865488833,2.4384332264386275e-05,0,nan,nan,nan,2.0,0.5096501147538252,-0.17459404438432902,1.9999756156677355,0.0,-1.0,SOLVER_EXCEPTION,0.0,0,True,True
1709.715,-0.06904900051528752,-1.4903331078916222,-0.17454878542611826,2.438399923513704e-05,0,nan,nan,nan,2.0,0.5096633688062652,-0.1745940620561779,1.999975616000765,0.0,-1.0,SOLVER_EXCEPTION,0.0,0,True,True
1709.821,-0.06913016854886102,-1.4903187755582055,-0.1745488045406158,2.438352493277997e-05,0,nan,nan,nan,2.0,0.5096771638334453,-0.17459408044927072,1.9999756164750673,0.0,-1.0,SOLVER_EXCEPTION,0.0,0,True,True
1709.915,-0.06920444491602668,-1.490305660126377,-0.1745488220353218,2.4383292856154898e-05,0,nan,nan,nan,2.0,0.5096906883644295,-0.17459409848289642,1.9999756167071439,0.0,-1.0,SOLVER_EXCEPTION,0.0,0,True,True
1710.015,-0.06928025271486707,-1.490292274278469,-0.17454883988498313,2.43827201122687e-05,0,nan,nan,nan,2.0,0.5097042128896968,-0.17459411651504242,1.9999756172798877,0.0,-1.0,SOLVER_EXCEPTION,0.0,0,True,True
1710.119,-0.069359889147869,-1.490278212384514,-0.17454885864214065,2.4382474677484447e-05,0,nan,nan,nan,2.0,0.5097177374088002,-0.17459413455077133,1.9999756175253225,0.0,-1.0,SOLVER_EXCEPTION,0.0,0,True,True
1710.215,-0.069434165397241,-1.4902650969687603,-0.17454887613261713,2.4382015478374978e-05,0,nan,nan,nan,2.0,0.5097312619227605,-0.17459415258444366,1.9999756179845216,0.0,-1.0,SOLVER_EXCEPTION,0.0,0,True,True
1710.318,-0.06951303601335315,-1.4902511702969372,-0.17454889470797544,2.4381660293810926e-05,0,nan,nan,nan,2.0,0.5097447864305595,-0.17459417061675753,1.9999756183397062,0.0,-1.0,SOLVER_EXCEPTION,0.0,0,True,True
1710.423,-0.06958960938736224,-1.4902376492609686,-0.17454891274067408,2.4381291978735436e-05,0,nan,nan,nan,2.0,0.5097583109339608,-0.17459418864926946,1.9999756187080213,0.0,-1.0,SOLVER_EXCEPTION,0.0,0,True,True
1710.518,-0.06966465125662442,-1.490224398651215,-0.1745489304134286,2.4380920827276212e-05,0,nan,nan,nan,2.0,0.5097717001858556,-0.1745942065028303,1.9999756190791727,0.0,-1.0,SOLVER_EXCEPTION,0.0,0,True,True
1710.615,-0.06974045882229415,-1.490211012836839,-0.1745489482671616,2.4380588896809776e-05,0,nan,nan,nan,2.0,0.5097853599228052,-0.174594224719133,1.9999756194111031,0.0,-1.0,SOLVER_EXCEPTION,0.0,0,True,True
1710.716,-0.06981779781584768,-1.4901973566061255,-0.1745489664819187,2.438032042695612e-05,0,nan,nan,nan,2.0,0.5097988844105371,-0.17459424275119773,1.999975619679573,0.0,-1.0,SOLVER_EXCEPTION,0.0,0,True,True
1710.817,-0.06989360530770607,-1.4901839708020714,-0.17454898433560265,2.4379974099480878e-05,0,nan,nan,nan,2.0,0.509812273646984,-0.17459426060495264,1.9999756200259005,0.0,-1.0,SOLVER_EXCEPTION,0.0,0,True,True
1710.92,-0.06997324142203856,-1.4901699089520117,-0.17454900309122923,2.4379653842669777e-05,0,nan,nan,nan,2.0,0.5098259333688109,-0.17459427881737843,1.9999756203461574,0.0,-1.0,SOLVER_EXCEPTION,0.0,0,True,True
1711.022,-0.07005134603456481,-1.4901561175267,-0.17454902148503074,2.4379310239224767e-05,0,nan,nan,nan,2.0,0.509839728330517,-0.17459429721090425,1.9999756206897608,0.0,-1.0,SOLVER_EXCEPTION,0.0,0,True,True
1711.122,-0.07012868487914889,-1.490142461317096,-0.17454903969643934,2.437881302990817e-05,0,nan,nan,nan,2.0,0.5098523060848265,-0.17459431398260872,1.9999756211869701,0.0,-1.0,SOLVER_EXCEPTION,0.0,0,True,True
1711.218,-0.07019989784287224,-1.4901298867917612,-0.17454905646912464,2.4378594897240833e-05,0,nan,nan,nan,2.0,0.5098665067700454,-0.17459433291977788,1.9999756214051028,0.0,-1.0,SOLVER_EXCEPTION,0.0,0,True,True
1711.319,-0.0702795338096581,-1.4901158249617286,-0.17454907522384414,2.4378221116241473e-05,0,nan,nan,nan,2.0,0.5098796254934548,-0.1745943504127574,1.9999756217788838,0.0,-1.0,SOLVER_EXCEPTION,0.0,0,True,True
1711.419,-0.07035610681959792,-1.4901023039760872,-0.1745490932587556,2.4377983918382577e-05,0,nan,nan,nan,2.0,0.5098927442136787,-0.17459436790396188,1.9999756220160816,0.0,-1.0,SOLVER_EXCEPTION,0.0,0,True,True
1711.518,-0.07043114833637337,-1.490089053414357,-0.17454911093236403,2.437771125607197e-05,0,nan,nan,nan,2.0,0.5099070801291292,-0.17459438701889463,1.999975622288744,0.0,-1.0,SOLVER_EXCEPTION,0.0,0,True,True
1711.615,-0.07050618982106617,-1.490075802857562,-0.17454912860384003,2.4377276645701e-05,0,nan,nan,nan,2.0,0.5099206045721201,-0.17459440505574575,1.9999756227233543,0.0,-1.0,SOLVER_EXCEPTION,0.0,0,True,True
1711.715,-0.07058276273169928,-1.49006228188475,-0.17454914663737633,2.4376969611901205e-05,0,nan,nan,nan,2.0,0.5099341290119224,-0.1745944230892782,1.999975623030388,0.0,-1.0,SOLVER_EXCEPTION,0.0,0,True,True
1711.817,-0.07066086706687028,-1.4900484904970164,-0.17454916503158097,2.4376652556563457e-05,0,nan,nan,nan,2.0,0.5099476534470204,-0.1745944411209761,1.9999756233474435,0.0,-1.0,SOLVER_EXCEPTION,0.0,0,True,True
1711.918,-0.07073743991206134,-1.4900349695340134,-0.17454918306766692,2.4376451772260977e-05,0,nan,nan,nan,2.0,0.509961042633405,-0.17459445897629156,1.9999756235482278,0.0,-1.0,SOLVER_EXCEPTION,0.0,0,True,True
1712.02,-0.07081630990909471,-1.4900210429454723,-0.17454920164154164,2.437609215808534e-05,0,nan,nan,nan,2.0,0.5099745670604354,-0.17459447701031872,1.999975623907842,0.0,-1.0,SOLVER_EXCEPTION,0.0,0,True,True
1712.119,-0.07089135123446846,-1.4900077924088817,-0.17454921931270395,2.4375686244196945e-05,0,nan,nan,nan,2.0,0.5099882267268632,-0.17459449522436188,1.9999756243137559,0.0,-1.0,SOLVER_EXCEPTION,0.0,0,True,True
1712.22,-0.07096792398482277,-1.4899942714580001,-0.1745492373503551,2.4375612707406116e-05,0,nan,nan,nan,2.0,0.5100017511454739,-0.17459451325892283,1.9999756243872926,0.0,-1.0,SOLVER_EXCEPTION,0.0,0,True,True
1712.318,-0.07104373097727565,-1.4899808857197228,-0.17454925520219045,2.4375225618531175e-05,0,nan,nan,nan,2.0,0.5100152755600176,-0.17459453129188196,1.9999756247743814,0.0,-1.0,SOLVER_EXCEPTION,0.0,0,True,True
1712.417,-0.07111800648664253,-1.4899677704049366,-0.1745492726949675,2.4374914567953874e-05,0,nan,nan,nan,2.0,0.5100287999701943,-0.17459454932502716,1.9999756250854321,0.0,-1.0,SOLVER_EXCEPTION,0.0,0,True,True
1712.518,-0.0711968763263753,-1.4899538438365125,-0.17454929127120206,2.437473782351673e-05,0,nan,nan,nan,2.0,0.5100423243776196,-0.1745945673591076,1.9999756252621765,0.0,-1.0,SOLVER_EXCEPTION,0.0,0,True,True
1712.615,-0.07127191750415995,-1.489940593319914,-0.17454930894410176,2.437440044838749e-05,0,nan,nan,nan,2.0,0.5100555782917272,-0.17459458503406644,1.9999756255995516,0.0,-1.0,SOLVER_EXCEPTION,0.0,0,True,True
1712.719,-0.07135002155725995,-1.4899268019691487,-0.1745493273394392,2.437415456945765e-05,0,nan,nan,nan,2.0,0.5100693731789618,-0.17459460342952537,1.9999756258454306,0.0,-1.0,SOLVER_EXCEPTION,0.0,0,True,True
1712.819,-0.07142582840350507,-1.4899134162493575,-0.17454934519376133,2.437394296429712e-05,0,nan,nan,nan,2.0,0.5100828975749853,-0.1745946214629912,1.9999756260570356,0.0,-1.0,SOLVER_EXCEPTION,0.0,0,True,True
1712.919,-0.07150163522201523,-1.489900030534205,-0.17454936304802623,2.4373688086248914e-05,0,nan,nan,nan,2.0,0.5100962867225263,-0.17459463931736385,1.9999756263119137,0.0,-1.0,SOLVER_EXCEPTION,0.0,0,True,True
1713.016,-0.07157744201280318,-1.489886644821759,-0.17454938090039818,2.4373349926609273e-05,0,nan,nan,nan,2.0,0.5101099463549811,-0.17459465753045755,1.9999756266500734,0.0,-1.0,SOLVER_EXCEPTION,0.0,0,True,True
1713.115,-0.07165478022588988,-1.4898729886947168,-0.17454939911500467,2.4373062690041677e-05,0,nan,nan,nan,2.0,0.5101233354956025,-0.1745946753840344,1.99997562693731,0.0,-1.0,SOLVER_EXCEPTION,0.0,0,True,True
1713.217,-0.07173135268645967,-1.4898594677800456,-0.1745494171490794,2.4372827684941546e-05,0,nan,nan,nan,2.0,0.5101369951213802,-0.1745946935997691,1.999975627172315,0.0,-1.0,SOLVER_EXCEPTION,0.0,0,True,True
1713.318,-0.07180792511990317,-1.489845946868656,-0.17454943518273536,2.4372548491742947e-05,0,nan,nan,nan,2.0,0.5101497080370522,-0.174594710551637,1.9999756274515084,0.0,-1.0,SOLVER_EXCEPTION,0.0,0,True,True
1713.417,-0.07188373180277709,-1.4898325611704344,-0.17454945303716896,2.4372286910598618e-05,0,nan,nan,nan,2.0,0.5101639086301326,-0.1745947294890744,1.9999756277130893,0.0,-1.0,SOLVER_EXCEPTION,0.0,0,True,True
1713.52,-0.07196336707791481,-1.4898184994292993,-0.17454947179259606,2.4372032847264222e-05,0,nan,nan,nan,2.0,0.5101775682459972,-0.17459474770129502,1.9999756279671528,0.0,-1.0,SOLVER_EXCEPTION,0.0,0,True,True
1713.618,-0.0720399394312133,-1.4898049785275578,-0.17454948982731916,2.4371837997748132e-05,0,nan,nan,nan,2.0,0.5101902811521887,-0.1745947646557675,1.9999756281620023,0.0,-1.0,SOLVER_EXCEPTION,0.0,0,True,True
1713.719,-0.07211651175892299,-1.4897914576300404,-0.174549507863266,2.4371643561131873e-05,0,nan,nan,nan,2.0,0.5102046169794209,-0.17459478377188908,1.999975628356439,0.0,-1.0,SOLVER_EXCEPTION,0.0,0,True,True
1713.818,-0.07219078689228346,-1.4897783423613256,-0.17454952535580495,2.437137829026738e-05,0,nan,nan,nan,2.0,0.5102174651241717,-0.17459480090243806,1.9999756286217096,0.0,-1.0,SOLVER_EXCEPTION,0.0,0,True,True
1713.92,-0.07227118778315393,-1.4897641454240738,-0.17454954429267128,2.437119395796566e-05,0,nan,nan,nan,2.0,0.5102316657010734,-0.17459481983964764,1.999975628806042,0.0,-1.0,SOLVER_EXCEPTION,0.0,0,True,True
1714.018,-0.07234622859008612,-1.4897508949531428,-0.17454956196504545,2.4370862887770804e-05,0,nan,nan,nan,2.0,0.5102451900575026,-0.17459483787361618,1.9999756291371122,0.0,-1.0,SOLVER_EXCEPTION,0.0,0,True,True
1714.12,-0.07242433226197048,-1.4897371036489886,-0.17454958036088872,2.4370664920073332e-05,0,nan,nan,nan,2.0,0.5102584439239788,-0.17459485554769527,1.9999756293350799,0.0,-1.0,SOLVER_EXCEPTION,0.0,0,True,True
1714.216,-0.0724978415772953,-1.489724123601311,-0.17454959767576098,2.437051448379154e-05,0,nan,nan,nan,2.0,0.5102719682738531,-0.1745948735845535,1.9999756294855162,0.0,-1.0,SOLVER_EXCEPTION,0.0,0,True,True
1714.322,-0.07257900808719003,-1.4897097914673725,-0.1745496167915936,2.4370265370428677e-05,0,nan,nan,nan,2.0,0.5102861688396474,-0.17459489251885518,1.9999756297346296,0.0,-1.0,SOLVER_EXCEPTION,0.0,0,True,True
1714.417,-0.07265175163480608,-1.4896969466328849,-0.1745496339224708,2.43699494865967e-05,0,nan,nan,nan,2.0,0.5102994226978601,-0.17459491019152873,1.9999756300505134,0.0,-1.0,SOLVER_EXCEPTION,0.0,0,True,True
1714.514,-0.07272832376764213,-1.4896834257582372,-0.17454965195998487,2.436986970635063e-05,0,nan,nan,nan,2.0,0.5103128117963392,-0.17459492804679888,1.9999756301302936,0.0,-1.0,SOLVER_EXCEPTION,0.0,0,True,True
1714.618,-0.07280489587722593,-1.4896699048850743,-0.17454966999432178,2.436965814860695e-05,0,nan,nan,nan,2.0,0.5103262008929252,-0.17459494590287017,1.9999756303418514,0.0,-1.0,SOLVER_EXCEPTION,0.0,0,True,True
1714.718,-0.07288223368483453,-1.4896562488059995,-0.1745496882070297,2.4369319090312888e-05,0,nan,nan,nan,2.0,0.5103398604730763,-0.17459496411819098,1.9999756306809098,0.0,-1.0,SOLVER_EXCEPTION,0.0,0,True,True
1714.82,-0.0729580400286088,-1.4896428631477328,-0.17454970606262976,2.4369156671177513e-05,0,nan,nan,nan,2.0,0.5103533848076313,-0.17459498215256497,1.9999756308433287,0.0,-1.0,SOLVER_EXCEPTION,0.0,0,True,True
1714.915,-0.07303308063014671,-1.4896296126996402,-0.17454972373660352,2.4368954422178928e-05,0,nan,nan,nan,2.0,0.5103669091398995,-0.17459500018728447,1.9999756310455779,0.0,-1.0,SOLVER_EXCEPTION,0.0,0,True,True
1715.019,-0.0731104183709892,-1.4896159566284515,-0.17454974195161835,2.436873602982883e-05,0,nan,nan,nan,2.0,0.5103804334694524,-0.174595018220987,1.9999756312639703,0.0,-1.0,SOLVER_EXCEPTION,0.0,0,True,True
1715.115,-0.07318622464993467,-1.4896025709766605,-0.17454975980767481,2.4368647053699305e-05,0,nan,nan,nan,2.0,0.5103936873105778,-0.17459503589437153,1.9999756313529462,0.0,-1.0,SOLVER_EXCEPTION,0.0,0,True,True
1715.218,-0.07326509378656476,-1.4895886444927795,-0.17454977838184835,2.4368336671936672e-05,0,nan,nan,nan,2.0,0.5104074821218447,-0.17459505429001387,1.9999756316633281,0.0,-1.0,SOLVER_EXCEPTION,0.0,0,True,True
1715.321,-0.0733431971814844,-1.4895748532207151,-0.17454979677936816,2.436821326456177e-05,0,nan,nan,nan,2.0,0.5104210064438162,-0.1745950723274894,1.9999756317867354,0.0,-1.0,SOLVER_EXCEPTION,0.0,0,True,True
1715.416,-0.07341670623898276,-1.4895618732006874,-0.17454981409180073,2.4368017381745272e-05,0,nan,nan,nan,2.0,0.5104342602787106,-0.17459509000019358,1.9999756319826183,0.0,-1.0,SOLVER_EXCEPTION,0.0,0,True,True
1715.519,-0.07349480959197709,-1.4895480819328064,-0.17454983248745135,2.4367795211514956e-05,0,nan,nan,nan,2.0,0.510447784596332,-0.174595108034854,1.9999756322047886,0.0,-1.0,SOLVER_EXCEPTION,0.0,0,True,True
1715.617,-0.07356985004840531,-1.4895348315008823,-0.1745498501606753,2.4367548487865046e-05,0,nan,nan,nan,2.0,0.5104611736692775,-0.1745951258910896,1.999975632451512,0.0,-1.0,SOLVER_EXCEPTION,0.0,0,True,True
1715.715,-0.07364489048543765,-1.4895215810704792,-0.17454986783428802,2.436733274236094e-05,0,nan,nan,nan,2.0,0.5104751037129862,-0.17459514446434765,1.9999756326672575,0.0,-1.0,SOLVER_EXCEPTION,0.0,0,True,True
1715.818,-0.07372299377735399,-1.489507789809172,-0.17454988623271614,2.436729738304623e-05,0,nan,nan,nan,2.0,0.5104886280243692,-0.17459516250204254,1.999975632702617,0.0,-1.0,SOLVER_EXCEPTION,0.0,0,True,True
1715.919,-0.07380109704879288,-1.489493998549532,-0.17454990462812112,2.436708866010715e-05,0,nan,nan,nan,2.0,0.5105021523342592,-0.1745951805366368,1.9999756329113398,0.0,-1.0,SOLVER_EXCEPTION,0.0,0,True,True
1716.02,-0.07387843458197668,-1.489480342500016,-0.17454992284269735,2.4366862878876285e-05,0,nan,nan,nan,2.0,0.5105155413989594,-0.17459519838869308,1.9999756331371212,0.0,-1.0,SOLVER_EXCEPTION,0.0,0,True,True
1716.115,-0.07395194350642434,-1.4894673624949473,-0.17454994015713576,2.4366722258656634e-05,0,nan,nan,nan,2.0,0.5105292009478217,-0.17459521660586308,1.9999756332777414,0.0,-1.0,SOLVER_EXCEPTION,0.0,0,True,True
1716.221,-0.07403234387251412,-1.4894531656158587,-0.17454995909246065,2.436646858184265e-05,0,nan,nan,nan,2.0,0.5105427252522369,-0.17459523464012872,1.999975633531418,0.0,-1.0,SOLVER_EXCEPTION,0.0,0,True,True
1716.318,-0.07410432132579935,-1.4894404560313932,-0.17454997604798367,2.436641223149475e-05,0,nan,nan,nan,2.0,0.5105562495534692,-0.174595252678043,1.9999756335877685,0.0,-1.0,SOLVER_EXCEPTION,0.0,0,True,True
1716.415,-0.07418012734924803,-1.4894270704059531,-0.17454999390113596,2.436616366706143e-05,0,nan,nan,nan,2.0,0.5105695033680995,-0.1745952703518152,1.999975633836333,0.0,-1.0,SOLVER_EXCEPTION,0.0,0,True,True
1716.515,-0.07425669907197933,-1.4894135495738738,-0.17455001193560316,2.436596474640567e-05,0,nan,nan,nan,2.0,0.5105832981530299,-0.1745952887471005,1.9999756340352537,0.0,-1.0,SOLVER_EXCEPTION,0.0,0,True,True
1716.615,-0.07433480221084646,-1.4893997583280945,-0.17455003033332245,2.4365877797495652e-05,0,nan,nan,nan,2.0,0.510596822449267,-0.17459530678202562,1.9999756341222026,0.0,-1.0,SOLVER_EXCEPTION,0.0,0,True,True
1716.715,-0.07441137389755818,-1.489386237499897,-0.174550048369299,2.436575494212199e-05,0,nan,nan,nan,2.0,0.5106098057728775,-0.17459532409519518,1.9999756342450579,0.0,-1.0,SOLVER_EXCEPTION,0.0,0,True,True
1716.815,-0.07448794556674533,-1.489372716673416,-0.1745500664036745,2.4365514835836104e-05,0,nan,nan,nan,2.0,0.5106238710376836,-0.17459534285103384,1.9999756344851642,0.0,-1.0,SOLVER_EXCEPTION,0.0,0,True,True
1716.917,-0.07456528293502851,-1.4893590606402192,-0.17455008462009114,2.4365424402648748e-05,0,nan,nan,nan,2.0,0.510637395329581,-0.17459536088942418,1.9999756345755975,0.0,-1.0,SOLVER_EXCEPTION,0.0,0,True,True
1717.016,-0.0746403231370487,-1.489345810233136,-0.17455010229403645,2.4365238809008553e-05,0,nan,nan,nan,2.0,0.5106509196199852,-0.1745953789240957,1.999975634761191,0.0,-1.0,SOLVER_EXCEPTION,0.0,0,True,True
1717.12,-0.07471995761951149,-1.4893317485788466,-0.17455012105086176,2.4365043823096076e-05,0,nan,nan,nan,2.0,0.5106643086650946,-0.17459539677968294,1.9999756349561768,0.0,-1.0,SOLVER_EXCEPTION,0.0,0,True,True
1717.219,-0.07479729493615596,-1.4893180925506686,-0.17455013926699275,2.4364908385943535e-05,0,nan,nan,nan,2.0,0.5106776977096633,-0.17459541463364925,1.999975635091614,0.0,-1.0,SOLVER_EXCEPTION,0.0,0,True,True
1717.317,-0.07487156937279608,-1.4893049773558036,-0.17455015675928462,2.4364676724661344e-05,0,nan,nan,nan,2.0,0.5106914924816387,-0.17459543302842784,1.9999756353232754,0.0,-1.0,SOLVER_EXCEPTION,0.0,0,True,True
1717.418,-0.07494890665680072,-1.4892913213311174,-0.1745501749758495,2.4364529637741785e-05,0,nan,nan,nan,2.0,0.5107050167649889,-0.17459545106696872,1.9999756354703622,0.0,-1.0,SOLVER_EXCEPTION,0.0,0,True,True
1717.52,-0.07502700963970767,-1.489277530098909,-0.17455019337272878,2.4364415667351134e-05,0,nan,nan,nan,2.0,0.5107181353197213,-0.1745954685597222,1.9999756355843326,0.0,-1.0,SOLVER_EXCEPTION,0.0,0,True,True
1717.62,-0.0751028154602042,-1.4892641444921795,-0.17455021122825626,2.4364301565493862e-05,0,nan,nan,nan,2.0,0.5107320653294933,-0.1745954871363753,1.9999756356984344,0.0,-1.0,SOLVER_EXCEPTION,0.0,0,True,True
1717.717,-0.07517862126546741,-1.4892507588874957,-0.17455022908391543,2.436418128854457e-05,0,nan,nan,nan,2.0,0.5107455896096369,-0.17459550517187417,1.9999756358187115,0.0,-1.0,SOLVER_EXCEPTION,0.0,0,True,True
1717.818,-0.0752544270554571,-1.4892373732835353,-0.17455024693769877,2.4363961117291802e-05,0,nan,nan,nan,2.0,0.5107589786456632,-0.17459552302867287,1.9999756360388827,0.0,-1.0,SOLVER_EXCEPTION,0.0,0,True,True
1717.916,-0.07532793568611498,-1.4892243933059048,-0.17455026425433626,2.436393081172512e-05,0,nan,nan,nan,2.0,0.5107723676798709,-0.17459554088439555,1.9999756360691883,0.0,-1.0,SOLVER_EXCEPTION,0.0,0,True,True
1718.021,-0.07540986716411915,-1.4892099260395149,-0.17455028355012386,2.4363658284076233e-05,0,nan,nan,nan,2.0,0.5107861624419291,-0.17459555928059567,1.9999756363417158,0.0,-1.0,SOLVER_EXCEPTION,0.0,0,True,True
1718.119,-0.07548643862344659,-1.489196405231045,-0.17455030158624393,2.4363573859351382e-05,0,nan,nan,nan,2.0,0.5107995514749194,-0.17459557713363694,1.9999756364261407,0.0,-1.0,SOLVER_EXCEPTION,0.0,0,True,True
1718.218,-0.07556071292508741,-1.489183290048912,-0.1745503190813896,2.4363427080533655e-05,0,nan,nan,nan,2.0,0.5108132109907679,-0.17459559535070612,1.9999756365729195,0.0,-1.0,SOLVER_EXCEPTION,0.0,0,True,True
1718.323,-0.0756418786410119,-1.4891689579948046,-0.17455033819944885,2.4363288277505607e-05,0,nan,nan,nan,2.0,0.5108267352638983,-0.1745956133857196,1.9999756367117225,0.0,-1.0,SOLVER_EXCEPTION,0.0,0,True,True
1718.418,-0.07571385577164684,-1.4891562484374947,-0.17455035515144426,2.4363103279727558e-05,0,nan,nan,nan,2.0,0.5108405300213722,-0.1745956317815036,1.9999756368967203,0.0,-1.0,SOLVER_EXCEPTION,0.0,0,True,True
1718.516,-0.07579042717372746,-1.4891427276344866,-0.17455037319016115,2.4363124498516806e-05,0,nan,nan,nan,2.0,0.5108536485634309,-0.17459564927689097,1.9999756368755015,0.0,-1.0,SOLVER_EXCEPTION,0.0,0,True,True
1718.616,-0.07586699856163212,-1.4891292068316675,-0.17455039122547492,2.4362969081875416e-05,0,nan,nan,nan,2.0,0.5108673080756736,-0.17459566749471866,1.999975637030918,0.0,-1.0,SOLVER_EXCEPTION,0.0,0,True,True
1718.726,-0.07595122707237036,-1.4891143339499422,-0.1745504110648733,2.4362815699203405e-05,0,nan,nan,nan,2.0,0.5108808323438448,-0.17459568552985427,1.9999756371843007,0.0,-1.0,SOLVER_EXCEPTION,0.0,0,True,True
1718.817,-0.0760209070096666,-1.4891020300214763,-0.17455042747756144,2.4362699929766948e-05,0,nan,nan,nan,2.0,0.510894491854267,-0.17459570374689992,1.9999756373000703,0.0,-1.0,SOLVER_EXCEPTION,0.0,0,True,True
1718.918,-0.07609594692954567,-1.4890887796373853,-0.17455044515306165,2.4362620829339372e-05,0,nan,nan,nan,2.0,0.5109078808787519,-0.17459572160047987,1.9999756373791706,0.0,-1.0,SOLVER_EXCEPTION,0.0,0,True,True
1719.019,-0.07617558111633617,-1.4890747180069464,-0.17455046390936169,2.4362393750117945e-05,0,nan,nan,nan,2.0,0.5109215403863213,-0.17459573981751664,1.9999756376062499,0.0,-1.0,SOLVER_EXCEPTION,0.0,0,True,True
1719.117,-0.07624908958378007,-1.489061738041168,-0.17455048122378264,2.4362274887313912e-05,0,nan,nan,nan,2.0,0.5109347941660872,-0.1745957574932544,1.9999756377251128,0.0,-1.0,SOLVER_EXCEPTION,0.0,0,True,True
1719.231,-0.07633791229921369,-1.489046053916573,-0.17455050214562756,2.4362148608012003e-05,0,nan,nan,nan,2.0,0.5109481831875132,-0.1745957753487244,1.999975637851392,0.0,-1.0,SOLVER_EXCEPTION,0.0,0,True,True
1719.322,-0.07640606075023806,-1.4890340204082093,-0.1745505181978487,2.4362037918817217e-05,0,nan,nan,nan,2.0,0.5109610312374755,-0.17459579248390922,1.9999756379620812,0.0,-1.0,SOLVER_EXCEPTION,0.0,0,True,True
1719.427,-0.07648646059526326,-1.489019823573321,-0.17455053713746435,2.4362002977563144e-05,0,nan,nan,nan,2.0,0.5109746907425254,-0.1745958106985288,1.9999756379970224,0.0,-1.0,SOLVER_EXCEPTION,0.0,0,True,True
1719.52,-0.07655767187490524,-1.4890072492338853,-0.17455055390836957,2.436175465207858e-05,0,nan,nan,nan,2.0,0.5109880797609456,-0.17459582855493583,1.999975638245348,0.0,-1.0,SOLVER_EXCEPTION,0.0,0,True,True
1719.619,-0.07662888314391887,-1.488994674895609,-0.17455057068220628,2.4361669217724055e-05,0,nan,nan,nan,2.0,0.511002144992448,-0.17459584731226574,1.9999756383307823,0.0,-1.0,SOLVER_EXCEPTION,0.0,0,True,True
1719.715,-0.07670775152624237,-1.4889807484785098,-0.17455058926079803,2.4361647038415857e-05,0,nan,nan,nan,2.0,0.5110160749804274,-0.1745958658908573,1.9999756383529617,0.0,-1.0,SOLVER_EXCEPTION,0.0,0,True,True
1719.818,-0.07678585418362409,-1.4889669572709516,-0.17455060765739835,2.436146701329721e-05,0,nan,nan,nan,2.0,0.5110287877836265,-0.17459588284446736,1.9999756385329868,0.0,-1.0,SOLVER_EXCEPTION,0.0,0,True,True
1719.916,-0.07686012826767138,-1.4889538421026798,-0.1745506251539035,2.4361462421271304e-05,0,nan,nan,nan,2.0,0.5110431234978885,-0.17459590196326769,1.9999756385375786,0.0,-1.0,SOLVER_EXCEPTION,0.0,0,True,True
1720.019,-0.07693976232481778,-1.4889397804795543,-0.17455064391117064,2.4361340181406847e-05,0,nan,nan,nan,2.0,0.5110561067857803,-0.17459591927563034,1.9999756386598186,0.0,-1.0,SOLVER_EXCEPTION,0.0,0,True,True
1720.117,-0.07701633352188085,-1.4889262596896011,-0.1745506619458184,2.4361113960986135e-05,0,nan,nan,nan,2.0,0.5110700367706505,-0.17459593785434935,1.999975638886039,0.0,-1.0,SOLVER_EXCEPTION,0.0,0,True,True
1720.216,-0.07709137328373884,-1.4889130093154803,-0.17455067962209356,2.436105484254684e-05,0,nan,nan,nan,2.0,0.5110835610274449,-0.17459595589137145,1.9999756389451575,0.0,-1.0,SOLVER_EXCEPTION,0.0,0,True,True
1720.318,-0.07716947588141085,-1.4888992181102754,-0.17455069801899362,2.4360935265675612e-05,0,nan,nan,nan,2.0,0.5110970852836891,-0.1745959739273948,1.9999756390647343,0.0,-1.0,SOLVER_EXCEPTION,0.0,0,True,True
1720.422,-0.07724145277485549,-1.4888865085690413,-0.17455071497421346,2.436089303587496e-05,0,nan,nan,nan,2.0,0.5111103390539934,-0.17459599160427297,1.999975639106964,0.0,-1.0,SOLVER_EXCEPTION,0.0,0,True,True
1720.519,-0.07732414961901657,-1.4888719061177742,-0.17455073445419597,2.4360832922848518e-05,0,nan,nan,nan,2.0,0.5111241337944895,-0.17459601000182046,1.999975639167077,0.0,-1.0,SOLVER_EXCEPTION,0.0,0,True,True
1720.618,-0.07739995504821608,-1.4888585205376494,-0.17455075230827405,2.4360614861834706e-05,0,nan,nan,nan,2.0,0.5111377932913805,-0.17459602821618114,1.9999756393851382,0.0,-1.0,SOLVER_EXCEPTION,0.0,0,True,True
1720.718,-0.07747652617825132,-1.4888449997512245,-0.17455077034718086,2.4360622817677064e-05,0,nan,nan,nan,2.0,0.5111513175451227,-0.17459604625603076,1.9999756393771824,0.0,-1.0,SOLVER_EXCEPTION,0.0,0,True,True
1720.816,-0.07755156587503637,-1.4888317493793823,-0.17455078802167756,2.4360493515397955e-05,0,nan,nan,nan,2.0,0.5111648417994336,-0.17459606429091412,1.9999756395064845,0.0,-1.0,SOLVER_EXCEPTION,0.0,0,True,True
1720.917,-0.07762813698397382,-1.4888182285934755,-0.1745508060575675,2.4360340200654645e-05,0,nan,nan,nan,2.0,0.5111783660522281,-0.17459608232686374,1.9999756396597994,0.0,-1.0,SOLVER_EXCEPTION,0.0,0,True,True
1721.022,-0.07770853663710114,-1.488804031768522,-0.17455082499775545,2.4360329743415963e-05,0,nan,nan,nan,2.0,0.5111918903051269,-0.1745961003629528,1.9999756396702566,0.0,-1.0,SOLVER_EXCEPTION,0.0,0,True,True
1721.118,-0.0777820448813459,-1.4887910518140541,-0.17455084231279516,2.4360251380698623e-05,0,nan,nan,nan,2.0,0.5112054145578417,-0.1745961183995357,1.9999756397486192,0.0,-1.0,SOLVER_EXCEPTION,0.0,0,True,True
1721.219,-0.07785861595919166,-1.4887775310288525,-0.17455086034702996,2.4360015495219142e-05,0,nan,nan,nan,2.0,0.51121893880942,-0.17459613643819072,1.9999756399845048,0.0,-1.0,SOLVER_EXCEPTION,0.0,0,True,True
1721.318,-0.07793595273762616,-1.4887638750362184,-0.1745508785656892,2.4360030398422326e-05,0,nan,nan,nan,2.0,0.5112324630614367,-0.17459615447416166,1.9999756399696016,0.0,-1.0,SOLVER_EXCEPTION,0.0,0,True,True
1721.418,-0.07801175808480258,-1.4887504894591757,-0.17455089641997687,2.435982386185078e-05,0,nan,nan,nan,2.0,0.511245987312715,-0.17459617251063886,1.9999756401761382,0.0,-1.0,SOLVER_EXCEPTION,0.0,0,True,True
1721.516,-0.07808603200165086,-1.488737374298969,-0.17455091391622923,2.435975427811279e-05,0,nan,nan,nan,2.0,0.5112595115636142,-0.17459619054628872,1.9999756402457218,0.0,-1.0,SOLVER_EXCEPTION,0.0,0,True,True
1721.618,-0.07816490017128491,-1.4887234478912752,-0.1745509324959459,2.435978829594542e-05,0,nan,nan,nan,2.0,0.5112727653298963,-0.17459620822186483,1.9999756402117042,0.0,-1.0,SOLVER_EXCEPTION,0.0,0,True,True
1721.719,-0.07824223691026409,-1.4887097918993812,-0.17455095071099214,2.4359595273219553e-05,0,nan,nan,nan,2.0,0.5112865600653653,-0.174596226618855,1.9999756404047269,0.0,-1.0,SOLVER_EXCEPTION,0.0,0,True,True
1721.818,-0.07831880792966152,-1.4886962711167264,-0.17455096874965936,2.435957945501554e-05,0,nan,nan,nan,2.0,0.5113003548001764,-0.17459624501895332,1.9999756404205449,0.0,-1.0,SOLVER_EXCEPTION,0.0,0,True,True
1721.918,-0.07839537893952873,-1.488682750333189,-0.17455098678689507,2.4359533608083604e-05,0,nan,nan,nan,2.0,0.5113136085656501,-0.17459626269530126,1.999975640466392,0.0,-1.0,SOLVER_EXCEPTION,0.0,0,True,True
1722.02,-0.07847348136009627,-1.4886689591342017,-0.17455100518370034,2.4359404301299794e-05,0,nan,nan,nan,2.0,0.5113272680576245,-0.17459628091218748,1.9999756405956988,0.0,-1.0,SOLVER_EXCEPTION,0.0,0,True,True
1722.117,-0.0785469895120353,-1.4886559791827396,-0.1745510224975684,2.4359248656364286e-05,0,nan,nan,nan,2.0,0.5113406570654532,-0.17459629876684435,1.9999756407513436,0.0,-1.0,SOLVER_EXCEPTION,0.0,0,True,True
1722.215,-0.07862279478501845,-1.488642593607853,-0.17455104035548857,2.435924086198306e-05,0,nan,nan,nan,2.0,0.5113543165574429,-0.17459631698554823,1.999975640759138,0.0,-1.0,SOLVER_EXCEPTION,0.0,0,True,True
1722.317,-0.0786993657590777,-1.4886290728258214,-0.17455105839207002,2.435910412159673e-05,0,nan,nan,nan,2.0,0.5113674350788141,-0.17459633448200051,1.9999756408958784,0.0,-1.0,SOLVER_EXCEPTION,0.0,0,True,True
1722.418,-0.0787782338530461,-1.4886151464197168,-0.17455107697089545,2.435907842269606e-05,0,nan,nan,nan,2.0,0.511381094570978,-0.17459635269813356,1.9999756409215772,0.0,-1.0,SOLVER_EXCEPTION,0.0,0,True,True
1722.516,-0.07885327339015832,-1.4886018960525025,-0.17455109464716756,2.4359030378347063e-05,0,nan,nan,nan,2.0,0.5113943483354906,-0.1745963703723894,1.9999756409696217,0.0,-1.0,SOLVER_EXCEPTION,0.0,0,True,True
1722.622,-0.07893443859466483,-1.4885875640236494,-0.1745511137655233,2.435886472043768e-05,0,nan,nan,nan,2.0,0.5114076020992767,-0.1745963880522785,1.9999756411352796,0.0,-1.0,SOLVER_EXCEPTION,0.0,0,True,True
1722.722,-0.07900871240553152,-1.4885744488651287,-0.17455113126255037,2.4358852905082873e-05,0,nan,nan,nan,2.0,0.5114215320760184,-0.1745964066288468,1.9999756411470948,0.0,-1.0,SOLVER_EXCEPTION,0.0,0,True,True
1722.815,-0.07908222049920306,-1.488561468914134,-0.174551148577095,2.4358704411908702e-05,0,nan,nan,nan,2.0,0.5114353268097622,-0.174596425025626,1.999975641295588,0.0,-1.0,SOLVER_EXCEPTION,0.0,0,True,True
1722.917,-0.07915955713121382,-1.4885478129241267,-0.17455116679538735,2.435870226677341e-05,0,nan,nan,nan,2.0,0.5114487158165483,-0.17459644288332,1.9999756412977332,0.0,-1.0,SOLVER_EXCEPTION,0.0,0,True,True
1723.019,-0.07923842517308972,-1.4885338865183944,-0.17455118537220113,2.4358547937398318e-05,0,nan,nan,nan,2.0,0.5114622400657862,-0.17459646091965508,1.9999756414520626,0.0,-1.0,SOLVER_EXCEPTION,0.0,0,True,True
1723.117,-0.0793134646613636,-1.488520636152107,-0.17455120304817084,2.4358412990820754e-05,0,nan,nan,nan,2.0,0.5114757643138945,-0.17459647895967967,1.9999756415870091,0.0,-1.0,SOLVER_EXCEPTION,0.0,0,True,True
1723.216,-0.07938850414201794,-1.4885073857859632,-0.1745512207276564,2.4358519625533722e-05,0,nan,nan,nan,2.0,0.5114892885630277,-0.17459649699707125,1.9999756414803744,0.0,-1.0,SOLVER_EXCEPTION,0.0,0,True,True
1723.32,-0.0794681378681382,-1.4884933241718024,-0.17455123948521067,2.4358413982472075e-05,0,nan,nan,nan,2.0,0.5115026775703747,-0.1745965148512454,1.9999756415860175,0.0,-1.0,SOLVER_EXCEPTION,0.0,0,True,True
1723.415,-0.0795416459157349,-1.4884803442212229,-0.1745512568003039,2.435828414987848e-05,0,nan,nan,nan,2.0,0.5115164723038482,-0.17459653325095426,1.99997564171585,0.0,-1.0,SOLVER_EXCEPTION,0.0,0,True,True
1723.519,-0.07962051391722537,-1.4884664178155995,-0.1745512753804958,2.4358305981187158e-05,0,nan,nan,nan,2.0,0.5115297260681692,-0.1745965509281664,1.9999756416940189,0.0,-1.0,SOLVER_EXCEPTION,0.0,0,True,True
1723.616,-0.07969631907600344,-1.4884530322404963,-0.17455129323518082,2.4358124468401622e-05,0,nan,nan,nan,2.0,0.5115432503175994,-0.17459656896386688,1.9999756418755317,0.0,-1.0,SOLVER_EXCEPTION,0.0,0,True,True
1723.722,-0.07977824989597251,-1.4884385650029242,-0.1745513125357449,2.4358094730056098e-05,0,nan,nan,nan,2.0,0.5115567745668484,-0.17459658700062075,1.9999756419052699,0.0,-1.0,SOLVER_EXCEPTION,0.0,0,True,True
1723.818,-0.07984869508028337,-1.4884261258831288,-0.1745513291299274,2.4358022354013808e-05,0,nan,nan,nan,2.0,0.5115702988167863,-0.1745966050383414,1.999975641977646,0.0,-1.0,SOLVER_EXCEPTION,0.0,0,True,True
1723.919,-0.07992756305099302,-1.488412199476927,-0.17455134771003977,2.4358031888423003e-05,0,nan,nan,nan,2.0,0.5115839583085913,-0.17459662325705638,1.9999756419681116,0.0,-1.0,SOLVER_EXCEPTION,0.0,0,True,True
1724.022,-0.08000489959744206,-1.4883985434867135,-0.17455136592801468,2.4357941726503996e-05,0,nan,nan,nan,2.0,0.5115974825582529,-0.17459664129343766,1.9999756420582735,0.0,-1.0,SOLVER_EXCEPTION,0.0,0,True,True
1724.118,-0.08007764188674116,-1.4883856987420232,-0.17455138306129733,2.4357779482318607e-05,0,nan,nan,nan,2.0,0.511611142050934,-0.17459665951314163,1.9999756422205177,0.0,-1.0,SOLVER_EXCEPTION,0.0,0,True,True
1724.215,-0.08015114987806582,-1.488372718790359,-0.17455140037952502,2.4357839450876745e-05,0,nan,nan,nan,2.0,0.511624531058404,-0.174596677370352,1.999975642160549,0.0,-1.0,SOLVER_EXCEPTION,0.0,0,True,True
1724.318,-0.08023231494432945,-1.4883583867600048,-0.17455141949898795,2.4357744320862216e-05,0,nan,nan,nan,2.0,0.5116380553087739,-0.17459669540745892,1.9999756422556791,0.0,-1.0,SOLVER_EXCEPTION,0.0,0,True,True
1724.418,-0.08030965146243933,-1.4883447307680395,-0.17455143771523865,2.4357597003564986e-05,0,nan,nan,nan,2.0,0.5116517148022407,-0.17459671362365325,1.9999756424029964,0.0,-1.0,SOLVER_EXCEPTION,0.0,0,True,True
1724.519,-0.08038698797367286,-1.4883310747761678,-0.17455145593464633,2.4357609297727432e-05,0,nan,nan,nan,2.0,0.5116652390523655,-0.17459673166316758,1.9999756423907022,0.0,-1.0,SOLVER_EXCEPTION,0.0,0,True,True
1724.618,-0.08046202735427335,-1.4883178244076407,-0.17455147360992482,2.4357472091566778e-05,0,nan,nan,nan,2.0,0.5116787633039601,-0.17459674970101036,1.9999756425279085,0.0,-1.0,SOLVER_EXCEPTION,0.0,0,True,True
1724.715,-0.08053706672845669,-1.4883045740386112,-0.17455149128717207,2.435744554554846e-05,0,nan,nan,nan,2.0,0.5116921523131359,-0.17459676755623654,1.9999756425544544,0.0,-1.0,SOLVER_EXCEPTION,0.0,0,True,True
1724.817,-0.080613637512129,-1.488291053254635,-0.17455150932647476,2.435743358510153e-05,0,nan,nan,nan,2.0,0.5117055413215136,-0.17459678541440438,1.9999756425664148,0.0,-1.0,SOLVER_EXCEPTION,0.0,0,True,True
1724.919,-0.08068714545815434,-1.4882780733005887,-0.17455152664301357,2.4357422908370955e-05,0,nan,nan,nan,2.0,0.5117189303311752,-0.17459680327307314,1.9999756425770916,0.0,-1.0,SOLVER_EXCEPTION,0.0,0,True,True
1725.017,-0.08076754476735787,-1.488263876475488,-0.17455154557998084,2.4357224923066565e-05,0,nan,nan,nan,2.0,0.5117327250686848,-0.17459682167078494,1.999975642775077,0.0,-1.0,SOLVER_EXCEPTION,0.0,0,True,True
1725.118,-0.08084564694698708,-1.488250085274884,-0.17455156398125568,2.4357297339970802e-05,0,nan,nan,nan,2.0,0.5117457083509712,-0.17459683898555323,1.99997564270266,0.0,-1.0,SOLVER_EXCEPTION,0.0,0,True,True
1725.217,-0.0809214519973017,-1.4882366996965315,-0.1745515818371784,2.4357164728615352e-05,0,nan,nan,nan,2.0,0.5117599088162762,-0.17459685792698343,1.9999756428352713,0.0,-1.0,SOLVER_EXCEPTION,0.0,0,True,True
1725.319,-0.08099878845653669,-1.488223043702076,-0.1745516000564419,2.435717179940091e-05,0,nan,nan,nan,2.0,0.5117734330694619,-0.1745968759644443,1.9999756428282005,0.0,-1.0,SOLVER_EXCEPTION,0.0,0,True,True
1725.418,-0.08107459349481756,-1.4882096581236508,-0.17455161791372606,2.4357087138269193e-05,0,nan,nan,nan,2.0,0.5117869573228362,-0.17459689400169331,1.9999756429128617,0.0,-1.0,SOLVER_EXCEPTION,0.0,0,True,True
1725.52,-0.08115039852702995,-1.4881962725439273,-0.17455163576945884,2.4356967565105726e-05,0,nan,nan,nan,2.0,0.5118004815772931,-0.17459691203868788,1.999975643032435,0.0,-1.0,SOLVER_EXCEPTION,0.0,0,True,True
1725.618,-0.0812277349681428,-1.4881826165487395,-0.17455165398893102,2.4356964835060613e-05,0,nan,nan,nan,2.0,0.5118140058312235,-0.1745969300762904,1.999975643035165,0.0,-1.0,SOLVER_EXCEPTION,0.0,0,True,True
1725.716,-0.08130124286703455,-1.488169636592705,-0.17455167130511806,2.4356891172847965e-05,0,nan,nan,nan,2.0,0.5118272596006198,-0.17459694775576473,1.9999756431088271,0.0,-1.0,SOLVER_EXCEPTION,0.0,0,True,True
1725.814,-0.08137857929646958,-1.4881559805964544,-0.1745516895242508,2.4356884645920725e-05,0,nan,nan,nan,2.0,0.5118410543409786,-0.17459696615431008,1.9999756431153541,0.0,-1.0,SOLVER_EXCEPTION,0.0,0,True,True
1725.922,-0.08145897854851931,-1.4881417837678412,-0.1745517084619272,2.4356726743333385e-05,0,nan,nan,nan,2.0,0.5118544433537348,-0.17459698401197432,1.9999756432732567,0.0,-1.0,SOLVER_EXCEPTION,0.0,0,True,True
1726.019,-0.0815355492591783,-1.4881282629795654,-0.17455172650298106,2.4356820281446194e-05,0,nan,nan,nan,2.0,0.5118681028524569,-0.17459700222883656,1.9999756431797187,0.0,-1.0,SOLVER_EXCEPTION,0.0,0,True,True
1726.117,-0.08161058854998801,-1.4881150126054823,-0.17455174417957214,2.4356741794461948e-05,0,nan,nan,nan,2.0,0.5118816271089854,-0.1745970202672944,1.9999756432582056,0.0,-1.0,SOLVER_EXCEPTION,0.0,0,True,True
1726.218,-0.08168715924955568,-1.4881014918159428,-0.17455176221671342,2.4356604105886116e-05,0,nan,nan,nan,2.0,0.5118951513652219,-0.17459703830679896,1.9999756433958942,0.0,-1.0,SOLVER_EXCEPTION,0.0,0,True,True
1726.316,-0.08176219852966875,-1.4880882414408527,-0.174551779894,2.4356580051871995e-05,0,nan,nan,nan,2.0,0.5119081346526254,-0.17459705562310202,1.999975643419948,0.0,-1.0,SOLVER_EXCEPTION,0.0,0,True,True
1726.42,-0.08184259775267227,-1.4880740446102874,-0.17455179883557465,2.4356631692430127e-05,0,nan,nan,nan,2.0,0.5119221998809973,-0.1745970743829215,1.9999756433683076,0.0,-1.0,SOLVER_EXCEPTION,0.0,0,True,True
1726.518,-0.08191763702225041,-1.4880607942350874,-0.17455181651120405,2.4356446399612267e-05,0,nan,nan,nan,2.0,0.5119350479257954,-0.17459709151984404,1.9999756435536005,0.0,-1.0,SOLVER_EXCEPTION,0.0,0,True,True
1726.618,-0.08199344199341592,-1.4880474086509143,-0.17455183437047347,2.4356497220315768e-05,0,nan,nan,nan,2.0,0.5119492483977204,-0.17459711045836102,1.9999756435027798,0.0,-1.0,SOLVER_EXCEPTION,0.0,0,True,True
1726.717,-0.08207001266615978,-1.4880338878582262,-0.17455185240838242,2.435643554770223e-05,0,nan,nan,nan,2.0,0.5119627726571072,-0.17459712849611053,1.9999756435644522,0.0,-1.0,SOLVER_EXCEPTION,0.0,0,True,True
1726.82,-0.0821481147471299,-1.488020096649581,-0.17455187080662424,2.4356337790407955e-05,0,nan,nan,nan,2.0,0.5119762969166542,-0.17459714653573677,1.9999756436622096,0.0,-1.0,SOLVER_EXCEPTION,0.0,0,True,True
1726.918,-0.08222391970298862,-1.4880067110640767,-0.1745518886662375,2.4356399982593743e-05,0,nan,nan,nan,2.0,0.5119898211771553,-0.17459716457460672,1.9999756436000173,0.0,-1.0,SOLVER_EXCEPTION,0.0,0,True,True
1727.02,-0.08230125606694617,-1.4879930550617357,-0.1745519068830962,2.4356248210533583e-05,0,nan,nan,nan,2.0,0.5120033454379566,-0.174597182611548,1.9999756437517895,0.0,-1.0,SOLVER_EXCEPTION,0.0,0,True,True
1727.118,-0.08237706101301051,-1.4879796694757106,-0.1745519247411534,2.435617710938803e-05,0,nan,nan,nan,2.0,0.5120168696991688,-0.1745972006499783,1.9999756438228906,0.0,-1.0,SOLVER_EXCEPTION,0.0,0,True,True
1727.219,-0.08244903742177315,-1.487966959927633,-0.17455194169716493,2.4356162764309472e-05,0,nan,nan,nan,2.0,0.512028906292085,-0.17459721670375083,1.9999756438372356,0.0,-1.0,SOLVER_EXCEPTION,0.0,0,True,True
1727.315,-0.08252790518402135,-1.4879530335080393,-0.17455196027735892,2.4356156326232434e-05,0,nan,nan,nan,2.0,0.5120439182242101,-0.17459723672462912,1.9999756438436738,0.0,-1.0,SOLVER_EXCEPTION,0.0,0,True,True
1727.42,-0.0826075386476276,-1.487938971880365,-0.17455197903658043,2.435604469197155e-05,0,nan,nan,nan,2.0,0.512057172001589,-0.17459725440600637,1.999975643955308,0.0,-1.0,SOLVER_EXCEPTION,0.0,0,True,True
1727.517,-0.08268104645549405,-1.4879259919149597,-0.17455199635390556,2.4356046193495313e-05,0,nan,nan,nan,2.0,0.5120709667508809,-0.1745972728045202,1.9999756439538066,0.0,-1.0,SOLVER_EXCEPTION,0.0,0,True,True
1727.617,-0.08275838279045844,-1.4879123359096216,-0.17455201457284575,2.4355981641892088e-05,0,nan,nan,nan,2.0,0.5120844910147662,-0.17459729084176212,1.999975644018358,0.0,-1.0,SOLVER_EXCEPTION,0.0,0,True,True
1727.718,-0.08283418770822625,-1.4878989503193756,-0.17455203243177558,2.435601446073532e-05,0,nan,nan,nan,2.0,0.5120978800375822,-0.17459730870104728,1.9999756439855392,0.0,-1.0,SOLVER_EXCEPTION,0.0,0,True,True
1727.817,-0.08291075832768456,-1.4878854295205157,-0.174552050470911,2.4356016451218035e-05,0,nan,nan,nan,2.0,0.5121111338180581,-0.17459732637908143,1.9999756439835488,0.0,-1.0,SOLVER_EXCEPTION,0.0,0,True,True
1727.919,-0.08298962606102371,-1.4878715030971303,-0.17455206904855622,2.435583218691236e-05,0,nan,nan,nan,2.0,0.5121249285690197,-0.1745973447770255,1.9999756441678131,0.0,-1.0,SOLVER_EXCEPTION,0.0,0,True,True
1728.015,-0.08306236814101174,-1.4878586583373092,-0.17455208618607274,2.4355844346127154e-05,0,nan,nan,nan,2.0,0.5121384528361035,-0.17459736281613214,1.9999756441556538,0.0,-1.0,SOLVER_EXCEPTION,0.0,0,True,True
1728.115,-0.08314047015921466,-1.4878448671203348,-0.17455210458515466,2.4355792263082046e-05,0,nan,nan,nan,2.0,0.5121521123465139,-0.17459738103575972,1.999975644207737,0.0,-1.0,SOLVER_EXCEPTION,0.0,0,True,True
1728.218,-0.08321933787893156,-1.4878309406949597,-0.17455212316565133,2.4355789085874146e-05,0,nan,nan,nan,2.0,0.5121656366144733,-0.17459739907369398,1.9999756442109142,0.0,-1.0,SOLVER_EXCEPTION,0.0,0,True,True
1728.318,-0.08329131424051783,-1.4878182311411228,-0.17455214012100367,2.4355703661943596e-05,0,nan,nan,nan,2.0,0.5121788903981565,-0.17459741675106333,1.9999756442963381,0.0,-1.0,SOLVER_EXCEPTION,0.0,0,True,True
1728.418,-0.08337018195154344,-1.4878043047143563,-0.17455215870220023,2.4355725537092628e-05,0,nan,nan,nan,2.0,0.5121925499103461,-0.17459743497124958,1.999975644274463,0.0,-1.0,SOLVER_EXCEPTION,0.0,0,True,True
1728.519,-0.08344751824649761,-1.4877906487036503,-0.17455217692257996,2.4355723781869518e-05,0,nan,nan,nan,2.0,0.5122062094225804,-0.17459745319195275,1.9999756442762182,0.0,-1.0,SOLVER_EXCEPTION,0.0,0,True,True
1728.618,-0.0835256202428137,-1.4877768574829102,-0.1745521953211594,2.4355665722051785e-05,0,nan,nan,nan,2.0,0.5122197336941581,-0.17459747122963254,1.999975644334278,0.0,-1.0,SOLVER_EXCEPTION,0.0,0,True,True
1728.719,-0.08360219082334325,-1.4877633366778527,-0.17455221336036245,2.4355667485741317e-05,0,nan,nan,nan,2.0,0.5122328522378019,-0.1745974887244537,1.9999756443325143,0.0,-1.0,SOLVER_EXCEPTION,0.0,0,True,True
1728.816,-0.08367569857695902,-1.4877503567050343,-0.17455223067602313,2.435550632910611e-05,0,nan,nan,nan,2.0,0.5122467822378026,-0.17459750730608237,1.999975644493671,0.0,-1.0,SOLVER_EXCEPTION,0.0,0,True,True
1728.918,-0.08375533197242761,-1.4877362950664348,-0.17455224943700204,2.4355505116693186e-05,0,nan,nan,nan,2.0,0.5122600360256999,-0.17459752498462988,1.9999756444948833,0.0,-1.0,SOLVER_EXCEPTION,0.0,0,True,True
1729.017,-0.08382807401261846,-1.4877234502997163,-0.1745522665738511,2.4355453749626675e-05,0,nan,nan,nan,2.0,0.5122736955421394,-0.17459754320391063,1.9999756445462504,0.0,-1.0,SOLVER_EXCEPTION,0.0,0,True,True
1729.114,-0.08390464457743797,-1.4877099294920235,-0.174552284612725,2.435543370460856e-05,0,nan,nan,nan,2.0,0.5122870845738718,-0.1745975610633681,1.9999756445662953,0.0,-1.0,SOLVER_EXCEPTION,0.0,0,True,True
1729.218,-0.08398427796072955,-1.4876958678511512,-0.17455230337274777,2.4355377786216752e-05,0,nan,nan,nan,2.0,0.512300744092236,-0.1745975792810892,1.9999756446222139,0.0,-1.0,SOLVER_EXCEPTION,0.0,0,True,True
1729.32,-0.08405548857888925,-1.4876832934989128,-0.17455232014919575,2.4355333249075545e-05,0,nan,nan,nan,2.0,0.5123138626394669,-0.17459759677925524,1.999975644666751,0.0,-1.0,SOLVER_EXCEPTION,0.0,0,True,True
1729.417,-0.08413741907098672,-1.4876688262325135,-0.1745523394536422,2.4355442746439473e-05,0,nan,nan,nan,2.0,0.5123280631300267,-0.17459761572180454,1.9999756445572536,0.0,-1.0,SOLVER_EXCEPTION,0.0,0,True,True
1729.525,-0.08421628673676938,-1.4876548997968806,-0.17455235803154398,2.4355298398717268e-05,0,nan,nan,nan,2.0,0.5123414521652923,-0.17459763357920233,1.9999756447016013,0.0,-1.0,SOLVER_EXCEPTION,0.0,0,True,True
1729.615,-0.08428826304974017,-1.4876421902337944,-0.17455237498634787,2.435515588308874e-05,0,nan,nan,nan,2.0,0.5123548412006546,-0.1745976514379648,1.9999756448441168,0.0,-1.0,SOLVER_EXCEPTION,0.0,0,True,True
1729.717,-0.08436406788661903,-1.487628804629988,-0.17455239284660243,2.4355211485464286e-05,0,nan,nan,nan,2.0,0.512368365479767,-0.174597669476662,1.9999756447885146,0.0,-1.0,SOLVER_EXCEPTION,0.0,0,True,True
1729.822,-0.08444370124672437,-1.4876147429842927,-0.17455241160793072,2.4355211223099087e-05,0,nan,nan,nan,2.0,0.5123820250025993,-0.17459768769769646,1.9999756447887769,0.0,-1.0,SOLVER_EXCEPTION,0.0,0,True,True
1729.919,-0.08452103748698568,-1.487601086962184,-0.174552429827897,2.435519567146371e-05,0,nan,nan,nan,2.0,0.5123956845259989,-0.17459770591542734,1.9999756448043284,0.0,-1.0,SOLVER_EXCEPTION,0.0,0,True,True
1730.014,-0.08459377949190464,-1.487588242188346,-0.1745524469656128,2.4355194737039407e-05,0,nan,nan,nan,2.0,0.5124089383219348,-0.17459772359567216,1.999975644805263,0.0,-1.0,SOLVER_EXCEPTION,0.0,0,True,True
1730.116,-0.08467188143044257,-1.4875744509561792,-0.17455246536600594,2.4355210056478162e-05,0,nan,nan,nan,2.0,0.5124220568764303,-0.17459774109148896,1.9999756447899435,0.0,-1.0,SOLVER_EXCEPTION,0.0,0,True,True
1730.215,-0.084746920544626,-1.4875612005566254,-0.17455248304275847,2.4355046646333958e-05,0,nan,nan,nan,2.0,0.5124361221299965,-0.17459775985540693,1.9999756449533537,0.0,-1.0,SOLVER_EXCEPTION,0.0,0,True,True
1730.315,-0.08482502247623125,-1.4875474093230552,-0.17455250144344267,2.4355055183754355e-05,0,nan,nan,nan,2.0,0.5124486997146124,-0.17459777663020137,1.9999756449448163,0.0,-1.0,SOLVER_EXCEPTION,0.0,0,True,True
1730.418,-0.08490235869915888,-1.4875337532966981,-0.1745525196639665,2.435507671551869e-05,0,nan,nan,nan,2.0,0.5124626297279063,-0.17459779521147745,1.9999756449232844,0.0,-1.0,SOLVER_EXCEPTION,0.0,0,True,True
1730.518,-0.08498046062380014,-1.487519962061154,-0.1745525380635214,2.4355017968444647e-05,0,nan,nan,nan,2.0,0.5124765597419447,-0.17459781379218642,1.9999756449820316,0.0,-1.0,SOLVER_EXCEPTION,0.0,0,True,True
1730.618,-0.08505626542986196,-1.4875065764500137,-0.17455255592372254,2.4355061177334343e-05,0,nan,nan,nan,2.0,0.5124892725717366,-0.17459783074951796,1.9999756449388226,0.0,-1.0,SOLVER_EXCEPTION,0.0,0,True,True
1730.717,-0.08513283593769318,-1.4874930556291908,-0.1745525739625083,2.43550015333742e-05,0,nan,nan,nan,2.0,0.5125036083162746,-0.17459784987065996,1.9999756449984667,0.0,-1.0,SOLVER_EXCEPTION,0.0,0,True,True
1730.821,-0.08521170355739877,-1.487479129182804,-0.17455259254109942,2.4354853772397125e-05,0,nan,nan,nan,2.0,0.5125167268753318,-0.17459786736950766,1.9999756451462276,0.0,-1.0,SOLVER_EXCEPTION,0.0,0,True,True
1730.917,-0.0852859769438855,-1.4874660139856244,-0.17455261004054942,2.4354875071531568e-05,0,nan,nan,nan,2.0,0.512530521650393,-0.17459788576968016,1.9999756451249284,0.0,-1.0,SOLVER_EXCEPTION,0.0,0,True,True
1731.016,-0.08536178173717852,-1.4874526283701228,-0.17455262790072415,2.4354942066951952e-05,0,nan,nan,nan,2.0,0.5125440459409306,-0.1745979038088148,1.9999756450579331,0.0,-1.0,SOLVER_EXCEPTION,0.0,0,True,True
1731.12,-0.0854406493472898,-1.4874387019213808,-0.17455264647948948,2.4354789704144943e-05,0,nan,nan,nan,2.0,0.5125563530454015,-0.17459792022544374,1.999975645210296,0.0,-1.0,SOLVER_EXCEPTION,0.0,0,True,True
1731.219,-0.08551721983952504,-1.4874251810969712,-0.1745526645210932,2.4354859457140376e-05,0,nan,nan,nan,2.0,0.5125713650090544,-0.1745979402481015,1.9999756451405428,0.0,-1.0,SOLVER_EXCEPTION,0.0,0,True,True
1731.317,-0.08559149321388443,-1.4874120658952124,-0.17455268201740262,2.435473493171262e-05,0,nan,nan,nan,2.0,0.5125848893021338,-0.17459795828648428,1.9999756452650683,0.0,-1.0,SOLVER_EXCEPTION,0.0,0,True,True
1731.419,-0.08567036081466402,-1.4873981394438445,-0.17455270059959785,2.435476849543209e-05,0,nan,nan,nan,2.0,0.5125980078662806,-0.17459797578618375,1.9999756452315045,0.0,-1.0,SOLVER_EXCEPTION,0.0,0,True,True
1731.517,-0.08574539988816236,-1.4873848890325851,-0.17455271827720995,2.4354697975421933e-05,0,nan,nan,nan,2.0,0.512611937890067,-0.17459799436821477,1.9999756453020245,0.0,-1.0,SOLVER_EXCEPTION,0.0,0,True,True
1731.619,-0.08582350177803005,-1.487371097787428,-0.1745527366783901,2.4354711951320493e-05,0,nan,nan,nan,2.0,0.5126253269427706,-0.17459801222553706,1.9999756452880486,0.0,-1.0,SOLVER_EXCEPTION,0.0,0,True,True
1731.718,-0.08589854084595286,-1.4873578473750728,-0.17455275435862075,2.4354724532116094e-05,0,nan,nan,nan,2.0,0.5126388512383664,-0.17459803026705512,1.9999756452754678,0.0,-1.0,SOLVER_EXCEPTION,0.0,0,True,True
1731.819,-0.08597587702518883,-1.4873441913361323,-0.17455277257814955,2.4354679407618717e-05,0,nan,nan,nan,2.0,0.5126521050499805,-0.17459804794640865,1.9999756453205924,0.0,-1.0,SOLVER_EXCEPTION,0.0,0,True,True
1731.92,-0.08605321320150104,-1.4873305352960065,-0.17455279079902977,2.435471206921454e-05,0,nan,nan,nan,2.0,0.5126656293481372,-0.17459806598519423,1.9999756452879307,0.0,-1.0,SOLVER_EXCEPTION,0.0,0,True,True
1732.017,-0.0861213609189598,-1.4873185017554733,-0.17455280685460245,2.4354693254105585e-05,0,nan,nan,nan,2.0,0.5126787479182701,-0.17459808348466188,1.9999756453067459,0.0,-1.0,SOLVER_EXCEPTION,0.0,0,True,True
1732.115,-0.08619793138529089,-1.487304980921885,-0.17455282489353582,2.4354640401232353e-05,0,nan,nan,nan,2.0,0.5126922722186972,-0.17459810152359534,1.9999756453595987,0.0,-1.0,SOLVER_EXCEPTION,0.0,0,True,True
1732.217,-0.08628139319057064,-1.4872902432127049,-0.17455284455556705,2.435451898808467e-05,0,nan,nan,nan,2.0,0.5127066079775301,-0.17459812064626057,1.9999756454810118,0.0,-1.0,SOLVER_EXCEPTION,0.0,0,True,True
1732.317,-0.0863549008330265,-1.4872772632115663,-0.17455286187643906,2.435461867077037e-05,0,nan,nan,nan,2.0,0.5127191855780263,-0.17459813742407393,1.9999756453813293,0.0,-1.0,SOLVER_EXCEPTION,0.0,0,True,True
1732.423,-0.08643836263223485,-1.4872625254998306,-0.17455288153755885,2.4354469261238494e-05,0,nan,nan,nan,2.0,0.5127337918252892,-0.17459815690701674,1.9999756455307387,0.0,-1.0,SOLVER_EXCEPTION,0.0,0,True,True
1732.52,-0.08651263597384351,-1.4872494102874743,-0.1745528990376159,2.4354550352174746e-05,0,nan,nan,nan,2.0,0.5127471808867781,-0.17459817476428308,1.9999756454496478,0.0,-1.0,SOLVER_EXCEPTION,0.0,0,True,True
1732.619,-0.08658461219958213,-1.4872367007001004,-0.1745529159945657,2.435447154261338e-05,0,nan,nan,nan,2.0,0.5127600289759573,-0.1745981919029349,1.9999756455284574,0.0,-1.0,SOLVER_EXCEPTION,0.0,0,True,True
1732.726,-0.08666807399035852,-1.4872219629857386,-0.17455293565987512,2.4354531988815383e-05,0,nan,nan,nan,2.0,0.5127738237680851,-0.17459821030307188,1.999975645468011,0.0,-1.0,SOLVER_EXCEPTION,0.0,0,True,True
1732.818,-0.08674081591549336,-1.4872091181870948,-0.1745529527958786,2.4354415457162458e-05,0,nan,nan,nan,2.0,0.5127868071019478,-0.17459822762402366,1.9999756455845428,0.0,-1.0,SOLVER_EXCEPTION,0.0,0,True,True
1732.919,-0.08681891776963309,-1.4871953269298086,-0.1745529711986227,2.435447492573722e-05,0,nan,nan,nan,2.0,0.512801142868306,-0.17459824674633584,1.9999756455250743,0.0,-1.0,SOLVER_EXCEPTION,0.0,0,True,True
1733.019,-0.0868947225077681,-1.4871819412957936,-0.17455298905661581,2.4354387300302663e-05,0,nan,nan,nan,2.0,0.5128148024207971,-0.17459826496498465,1.9999756456126998,0.0,-1.0,SOLVER_EXCEPTION,0.0,0,True,True
1733.12,-0.08697205865233516,-1.4871682852443149,-0.17455300727862336,2.435445091187313e-05,0,nan,nan,nan,2.0,0.5128279210008538,-0.17459828246417608,1.999975645549088,0.0,-1.0,SOLVER_EXCEPTION,0.0,0,True,True
1733.217,-0.08704633197706066,-1.487155170026188,-0.17455302477802287,2.4354423696178278e-05,0,nan,nan,nan,2.0,0.5128417157978462,-0.17459830086466566,1.9999756455763038,0.0,-1.0,SOLVER_EXCEPTION,0.0,0,True,True
1733.322,-0.0871251995254095,-1.4871412435554665,-0.17455304335769584,2.4354321843416688e-05,0,nan,nan,nan,2.0,0.5128557810823388,-0.17459831962692896,1.9999756456781566,0.0,-1.0,SOLVER_EXCEPTION,0.0,0,True,True
1733.418,-0.0871987071410087,-1.487128263542931,-0.1745530606756393,2.4354268854458184e-05,0,nan,nan,nan,2.0,0.5128686291795395,-0.17459833676506875,1.9999756457311455,0.0,-1.0,SOLVER_EXCEPTION,0.0,0,True,True
1733.523,-0.08728140320599855,-1.4871136610279037,-0.17455308015806695,2.4354202845946153e-05,0,nan,nan,nan,2.0,0.5128824239796841,-0.17459835516601752,1.999975645797154,0.0,-1.0,SOLVER_EXCEPTION,0.0,0,True,True
1733.617,-0.08735337940860918,-1.4871009514311357,-0.1745530971190273,2.435435988258714e-05,0,nan,nan,nan,2.0,0.512895948294882,-0.17459837320556826,1.9999756456401174,0.0,-1.0,SOLVER_EXCEPTION,0.0,0,True,True
1733.715,-0.0874284184260851,-1.487087700998921,-0.1745531147974319,2.435426596627191e-05,0,nan,nan,nan,2.0,0.5129093373673077,-0.17459839106633535,1.9999756457340336,0.0,-1.0,SOLVER_EXCEPTION,0.0,0,True,True
1733.821,-0.08750805166682257,-1.4870736393152009,-0.1745531335591204,2.4354210585443785e-05,0,nan,nan,nan,2.0,0.5129228616839738,-0.1745984091067716,1.9999756457894144,0.0,-1.0,SOLVER_EXCEPTION,0.0,0,True,True
1733.915,-0.08758309067979302,-1.487060388880809,-0.1745531512384943,2.4354199469692e-05,0,nan,nan,nan,2.0,0.5129363860021909,-0.17459842714692764,1.9999756458005302,0.0,-1.0,SOLVER_EXCEPTION,0.0,0,True,True
1734.018,-0.0876596610989325,-1.4870468680280482,-0.17455316927756157,2.4354128118036136e-05,0,nan,nan,nan,2.0,0.5129500455645503,-0.1745984453681393,1.999975645871882,0.0,-1.0,SOLVER_EXCEPTION,0.0,0,True,True
1734.117,-0.08773623151611434,-1.4870333471756287,-0.1745531873209534,2.435425449833965e-05,0,nan,nan,nan,2.0,0.5129635698843594,-0.1745984634075537,1.9999756457455016,0.0,-1.0,SOLVER_EXCEPTION,0.0,0,True,True
1734.218,-0.08781280193094575,-1.487019826321177,-0.1745532053608494,2.435421209661149e-05,0,nan,nan,nan,2.0,0.5129770942055749,-0.17459848144860235,1.9999756457879034,0.0,-1.0,SOLVER_EXCEPTION,0.0,0,True,True
1734.317,-0.087888606639468,-1.4870064406740071,-0.1745532232187792,2.4354073918276144e-05,0,nan,nan,nan,2.0,0.5129906185278221,-0.1745984994877503,1.9999756459260818,0.0,-1.0,SOLVER_EXCEPTION,0.0,0,True,True
1734.415,-0.0879644113460781,-1.4869930550267927,-0.17455324108013487,2.435410761176681e-05,0,nan,nan,nan,2.0,0.5130038723640065,-0.17459851717007702,1.9999756458923883,0.0,-1.0,SOLVER_EXCEPTION,0.0,0,True,True
1734.516,-0.08804174745859886,-1.4869793989603883,-0.17455325930229112,2.4354187386602347e-05,0,nan,nan,nan,2.0,0.5130175319321447,-0.1745985353888817,1.9999756458126134,0.0,-1.0,SOLVER_EXCEPTION,0.0,0,True,True
1734.617,-0.08811678645687435,-1.4869661485188992,-0.17455327698043874,2.435407501440547e-05,0,nan,nan,nan,2.0,0.5130307857704148,-0.1745985530709917,1.9999756459249856,0.0,-1.0,SOLVER_EXCEPTION,0.0,0,True,True
1734.717,-0.08819488826942867,-1.4869523572426755,-0.17455329538223466,2.4354060408839468e-05,0,nan,nan,nan,2.0,0.5130447158265402,-0.17459857165144932,1.9999756459395912,0.0,-1.0,SOLVER_EXCEPTION,0.0,0,True,True
1734.819,-0.08827375578377195,-1.4869384307561324,-0.17455331396558482,2.435413573215175e-05,0,nan,nan,nan,2.0,0.5130582401543478,-0.17459858969131758,1.999975645864268,0.0,-1.0,SOLVER_EXCEPTION,0.0,0,True,True
1734.918,-0.08834879477599303,-1.486925180311422,-0.17455333164511136,2.435410416357309e-05,0,nan,nan,nan,2.0,0.5130717644828802,-0.17459860773156866,1.9999756458958364,0.0,-1.0,SOLVER_EXCEPTION,0.0,0,True,True
1735.016,-0.08842383376633506,-1.4869119298658664,-0.17455334932291355,2.435397086529499e-05,0,nan,nan,nan,2.0,0.5130852888122144,-0.17459862577475072,1.9999756460291347,0.0,-1.0,SOLVER_EXCEPTION,0.0,0,True,True
1735.119,-0.08850270127455287,-1.4868980033760477,-0.17455336790641982,2.4354059025596433e-05,0,nan,nan,nan,2.0,0.5130986779000771,-0.1745986436332907,1.9999756459409743,0.0,-1.0,SOLVER_EXCEPTION,0.0,0,True,True
1735.218,-0.08857697455705639,-1.486884888136756,-0.1745533854036287,2.435390291317564e-05,0,nan,nan,nan,2.0,0.5131122022316176,-0.17459866167246707,1.9999756460970868,0.0,-1.0,SOLVER_EXCEPTION,0.0,0,True,True
1735.316,-0.08865431065354933,-1.4868712320625754,-0.1745534036258341,2.4353926119098045e-05,0,nan,nan,nan,2.0,0.5131258618075092,-0.1745986798950625,1.999975646073881,0.0,-1.0,SOLVER_EXCEPTION,0.0,0,True,True
1735.415,-0.08873011534015338,-1.4868578464037714,-0.17455342148752143,2.435400646778964e-05,0,nan,nan,nan,2.0,0.5131389804118353,-0.1745986973957896,1.9999756459935323,0.0,-1.0,SOLVER_EXCEPTION,0.0,0,True,True
1735.519,-0.08880592002493654,-1.4868444607440445,-0.17455343934613948,2.4353878195685208e-05,0,nan,nan,nan,2.0,0.5131529104770025,-0.1745987159761988,1.9999756461218043,0.0,-1.0,SOLVER_EXCEPTION,0.0,0,True,True
1735.618,-0.08888555322728703,-1.486830399040316,-0.1745534581104587,2.4353966334296628e-05,0,nan,nan,nan,2.0,0.5131664348128369,-0.17459873401884884,1.9999756460336657,0.0,-1.0,SOLVER_EXCEPTION,0.0,0,True,True
1735.716,-0.08895982650062934,-1.486817283795607,-0.17455347560850135,2.4353880819166135e-05,0,nan,nan,nan,2.0,0.5131798239071236,-0.17459875187765128,1.9999756461191809,0.0,-1.0,SOLVER_EXCEPTION,0.0,0,True,True
1735.819,-0.0890394596990691,-1.4868032220891338,-0.17455349437150003,2.43538799434271e-05,0,nan,nan,nan,2.0,0.5131932130015163,-0.17459876973855692,1.9999756461200566,0.0,-1.0,SOLVER_EXCEPTION,0.0,0,True,True
1735.916,-0.08910760733854504,-1.4867911885127525,-0.1745535104282921,2.4353879346258805e-05,0,nan,nan,nan,2.0,0.5132061963676248,-0.1745987870583514,1.9999756461206537,0.0,-1.0,SOLVER_EXCEPTION,0.0,0,True,True
1736.026,-0.08919260045991483,-1.4867761803429935,-0.17455353045465888,2.4353905435505945e-05,0,nan,nan,nan,2.0,0.5132205321686456,-0.1745988061817223,1.9999756460945646,0.0,-1.0,SOLVER_EXCEPTION,0.0,0,True,True
1736.12,-0.08926993654129882,-1.4867625242586442,-0.17455354867411854,2.435381229118893e-05,0,nan,nan,nan,2.0,0.5132339212671846,-0.17459882404269678,1.9999756461877087,0.0,-1.0,SOLVER_EXCEPTION,0.0,0,True,True
1736.22,-0.08933961558356451,-1.4867502202618283,-0.17455356509174555,2.435380271500791e-05,0,nan,nan,nan,2.0,0.5132469046362689,-0.17459884136094184,1.999975646197285,0.0,-1.0,SOLVER_EXCEPTION,0.0,0,True,True
1736.312,-0.08941695166168798,-1.486736564175921,-0.17455358331479856,2.43538789340909e-05,0,nan,nan,nan,2.0,0.5132608347104688,-0.17459885994485802,1.9999756461210658,0.0,-1.0,SOLVER_EXCEPTION,0.0,0,True,True
1736.416,-0.08949581914547168,-1.4867226376711098,-0.17455360189517075,2.435374692995914e-05,0,nan,nan,nan,2.0,0.5132742238120225,-0.17459887780291705,1.99997564625307,0.0,-1.0,SOLVER_EXCEPTION,0.0,0,True,True
1736.517,-0.08957392092392452,-1.4867088463748275,-0.17455362029951663,2.4353844245608798e-05,0,nan,nan,nan,2.0,0.5132877481580368,-0.17459889584738741,1.9999756461557543,0.0,-1.0,SOLVER_EXCEPTION,0.0,0,True,True
1736.62,-0.0896527884040953,-1.4866949198672783,-0.17455363887986278,2.4353739452231375e-05,0,nan,nan,nan,2.0,0.5133016782362051,-0.1745989144274085,1.9999756462605478,0.0,-1.0,SOLVER_EXCEPTION,0.0,0,True,True
1736.722,-0.08972935877154724,-1.486681398985197,-0.17455365692138514,2.4353767219909347e-05,0,nan,nan,nan,2.0,0.5133152025849591,-0.17459893246830438,1.99997564623278,0.0,-1.0,SOLVER_EXCEPTION,0.0,0,True,True
1736.816,-0.08980286632293684,-1.4866684189383252,-0.17455367424239135,2.4353803251952226e-05,0,nan,nan,nan,2.0,0.5133277802298108,-0.1745989492475477,1.999975646196748,0.0,-1.0,SOLVER_EXCEPTION,0.0,0,True,True
1736.915,-0.0898756081690022,-1.4866555740981364,-0.17455369137988425,2.435371092449114e-05,0,nan,nan,nan,2.0,0.5133418455545914,-0.1745989680099438,1.9999756462890754,0.0,-1.0,SOLVER_EXCEPTION,0.0,0,True,True
1737.016,-0.08995600704988191,-1.4866413771687,-0.1745537103244069,2.435376286080524e-05,0,nan,nan,nan,2.0,0.51335564039362,-0.17459898641187266,1.9999756462371392,0.0,-1.0,SOLVER_EXCEPTION,0.0,0,True,True
1737.12,-0.09003564022543373,-1.4866273154469967,-0.17455372908663272,2.4353693496344818e-05,0,nan,nan,nan,2.0,0.5133688942590221,-0.1745990040948966,1.9999756463065037,0.0,-1.0,SOLVER_EXCEPTION,0.0,0,True,True
1737.218,-0.09011067917775803,-1.4866140649772814,-0.1745537467671426,2.4353703086400168e-05,0,nan,nan,nan,2.0,0.51338282434457,-0.17459902267547323,1.9999756462969136,0.0,-1.0,SOLVER_EXCEPTION,0.0,0,True,True
1737.32,-0.09018878094285067,-1.4866002736707242,-0.17455376516872453,2.4353662964941336e-05,0,nan,nan,nan,2.0,0.5133963487001993,-0.17459904071577936,1.999975646337035,0.0,-1.0,SOLVER_EXCEPTION,0.0,0,True,True
1737.418,-0.09026381989226846,-1.4865870231994194,-0.1745537828518093,2.4353753957186043e-05,0,nan,nan,nan,2.0,0.5134098730559252,-0.17459905876017734,1.9999756462460427,0.0,-1.0,SOLVER_EXCEPTION,0.0,0,True,True
1737.517,-0.09033962454358395,-1.4865736375170377,-0.1745538007111285,2.4353664840194093e-05,0,nan,nan,nan,2.0,0.513423397413978,-0.17459907680088005,1.99997564633516,0.0,-1.0,SOLVER_EXCEPTION,0.0,0,True,True
1737.619,-0.09041696060052803,-1.4865599814159398,-0.1745538189338869,2.4353706891509434e-05,0,nan,nan,nan,2.0,0.513436380798631,-0.1745990941202038,1.9999756462931084,0.0,-1.0,SOLVER_EXCEPTION,0.0,0,True,True
1737.722,-0.09049659376643512,-1.4865459196865312,-0.17455383769675573,2.435369147113532e-05,0,nan,nan,nan,2.0,0.5134508518636286,-0.1745991134249767,1.9999756463085288,0.0,-1.0,SOLVER_EXCEPTION,0.0,0,True,True
1737.818,-0.09057010130288165,-1.486532939628057,-0.17455385501515971,2.435359823623137e-05,0,nan,nan,nan,2.0,0.5134639704945317,-0.17459913092347934,1.9999756464017637,0.0,-1.0,SOLVER_EXCEPTION,0.0,0,True,True
1737.915,-0.09064437454139125,-1.4865198243591038,-0.1745538725166392,2.4353661288876274e-05,0,nan,nan,nan,2.0,0.513477494857087,-0.17459914896518614,1.999975646338711,0.0,-1.0,SOLVER_EXCEPTION,0.0,0,True,True
1738.018,-0.09072324199944144,-1.4865058978356847,-0.17455389109722633,2.4353488345508643e-05,0,nan,nan,nan,2.0,0.5134908839763933,-0.1745991668271274,1.9999756465116545,0.0,-1.0,SOLVER_EXCEPTION,0.0,0,True,True
1738.119,-0.09080057804904554,-1.4864922417288517,-0.1745539093204645,2.4353556243525628e-05,0,nan,nan,nan,2.0,0.5135038673669706,-0.1745991841462433,1.9999756464437566,0.0,-1.0,SOLVER_EXCEPTION,0.0,0,True,True
1738.217,-0.09087561698681049,-1.4864789912473624,-0.1745539270009955,2.435354171565899e-05,0,nan,nan,nan,2.0,0.5135180679510588,-0.1745992030918555,1.9999756464582843,0.0,-1.0,SOLVER_EXCEPTION,0.0,0,True,True
1738.318,-0.09095218733012711,-1.4864654703469513,-0.17455394504198254,2.4353487243891385e-05,0,nan,nan,nan,2.0,0.513531592318162,-0.1745992211315457,1.999975646512756,0.0,-1.0,SOLVER_EXCEPTION,0.0,0,True,True
1738.417,-0.0910287576721324,-1.4864519494457644,-0.17455396308603563,2.43536203149543e-05,0,nan,nan,nan,2.0,0.5135449814428847,-0.1745992389943325,1.999975646379685,0.0,-1.0,SOLVER_EXCEPTION,0.0,0,True,True
1738.517,-0.09110303090242924,-1.4864388341696826,-0.17455398058460886,2.4353514964068e-05,0,nan,nan,nan,2.0,0.5135582353251468,-0.1745992566752257,1.999975646485036,0.0,-1.0,SOLVER_EXCEPTION,0.0,0,True,True
1738.619,-0.09118113264852626,-1.486425042848086,-0.17455399898698581,2.4353456240122293e-05,0,nan,nan,nan,2.0,0.5135710834767776,-0.17459927381572804,1.99997564654376,0.0,-1.0,SOLVER_EXCEPTION,0.0,0,True,True
1738.717,-0.09125693728305344,-1.4864116571520931,-0.174554016849542,2.435353259705438e-05,0,nan,nan,nan,2.0,0.5135856897985439,-0.17459929330014834,1.999975646467403,0.0,-1.0,SOLVER_EXCEPTION,0.0,0,True,True
1738.826,-0.09134193035656991,-1.4863966489460296,-0.17455403687674145,2.43535698656522e-05,0,nan,nan,nan,2.0,0.5135992141719047,-0.1745993113415989,1.9999756464301344,0.0,-1.0,SOLVER_EXCEPTION,0.0,0,True,True
1738.919,-0.09141084365818111,-1.4863844801289259,-0.17455405311386996,2.4353536004261875e-05,0,nan,nan,nan,2.0,0.5136127385460056,-0.17459932938265288,1.9999756464639957,0.0,-1.0,SOLVER_EXCEPTION,0.0,0,True,True
1739.017,-0.09148817969553938,-1.4863708240115778,-0.17455407133737824,2.435359209981797e-05,0,nan,nan,nan,2.0,0.5136261276777796,-0.17459934724566972,1.9999756464079002,0.0,-1.0,SOLVER_EXCEPTION,0.0,0,True,True
1739.116,-0.09156398432481173,-1.4863574383104612,-0.1745540891972264,2.435349842531471e-05,0,nan,nan,nan,2.0,0.51363938156718,-0.1745993649257911,1.9999756465015748,0.0,-1.0,SOLVER_EXCEPTION,0.0,0,True,True
1739.215,-0.09163978895296693,-1.4863440526089116,-0.17455410705894817,2.435346826254466e-05,0,nan,nan,nan,2.0,0.5136534469196576,-0.1745993836890074,1.9999756465317375,0.0,-1.0,SOLVER_EXCEPTION,0.0,0,True,True
1739.316,-0.09171635928309542,-1.486330531696569,-0.17455412510110216,2.4353483749113093e-05,0,nan,nan,nan,2.0,0.5136668360550164,-0.1745994015517809,1.9999756465162508,0.0,-1.0,SOLVER_EXCEPTION,0.0,0,True,True
1739.42,-0.09179216390863106,-1.4863171459918114,-0.17455414296360316,2.435354504490705e-05,0,nan,nan,nan,2.0,0.5136803604357546,-0.17459941959366265,1.9999756464549552,0.0,-1.0,SOLVER_EXCEPTION,0.0,0,True,True
1739.519,-0.09187179704932016,-1.4863030842401777,-0.17455416172602928,2.435347538359517e-05,0,nan,nan,nan,2.0,0.5136938848171715,-0.17459943763363128,1.9999756465246163,0.0,-1.0,SOLVER_EXCEPTION,0.0,0,True,True
1739.623,-0.09195066448560975,-1.486289157697427,-0.17455418031033088,2.4353493575745026e-05,0,nan,nan,nan,2.0,0.5137074091999274,-0.17459945567633195,1.9999756465064242,0.0,-1.0,SOLVER_EXCEPTION,0.0,0,True,True
1739.72,-0.09202493770096004,-1.4862760424074235,-0.17455419780952935,2.4353406910250095e-05,0,nan,nan,nan,2.0,0.5137195811456031,-0.1745994719123578,1.9999756465930898,0.0,-1.0,SOLVER_EXCEPTION,0.0,0,True,True
1739.819,-0.09210227372812849,-1.486262386279578,-0.174554216033102,2.4353465143788946e-05,0,nan,nan,nan,2.0,0.5137341874810283,-0.17459949140139486,1.9999756465348562,0.0,-1.0,SOLVER_EXCEPTION,0.0,0,True,True
1739.922,-0.0921811411606158,-1.4862484597325718,-0.1745542346146935,2.4353323194548854e-05,0,nan,nan,nan,2.0,0.5137474413799978,-0.17459950908192967,1.9999756466768055,0.0,-1.0,SOLVER_EXCEPTION,0.0,0,True,True
1740.018,-0.09225311726290011,-1.4862357500668308,-0.17455425157636595,2.4353461955436972e-05,0,nan,nan,nan,2.0,0.5137615067433448,-0.17459952784555055,1.9999756465380445,0.0,-1.0,SOLVER_EXCEPTION,0.0,0,True,True
1740.117,-0.0923296875833243,-1.4862222291444953,-0.17455426961842704,2.435345869708609e-05,0,nan,nan,nan,2.0,0.5137750311323398,-0.1745995458872871,1.999975646541303,0.0,-1.0,SOLVER_EXCEPTION,0.0,0,True,True
1740.221,-0.09240472649634769,-1.4862089786401318,-0.17455428729854597,2.435336022894671e-05,0,nan,nan,nan,2.0,0.5137885555220931,-0.17459956392860532,1.9999756466397711,0.0,-1.0,SOLVER_EXCEPTION,0.0,0,True,True
1740.32,-0.09248282822089371,-1.4861951872970967,-0.17455430570226832,2.4353388827133545e-05,0,nan,nan,nan,2.0,0.5138020799135411,-0.17459958197143122,1.9999756466111729,0.0,-1.0,SOLVER_EXCEPTION,0.0,0,True,True
1740.415,-0.09255863283474022,-1.4861818015804065,-0.17455432356495032,2.4353428741528065e-05,0,nan,nan,nan,2.0,0.5138154690621625,-0.17459959983383166,1.9999756465712584,0.0,-1.0,SOLVER_EXCEPTION,0.0,0,True,True
1740.516,-0.09263443744762895,-1.4861684158632982,-0.17455434142713286,2.4353414910549378e-05,0,nan,nan,nan,2.0,0.5138291286994229,-0.17459961805719226,1.9999756465850895,0.0,-1.0,SOLVER_EXCEPTION,0.0,0,True,True
1740.619,-0.0927133048717979,-1.4861544893066678,-0.17455436000876315,2.4353322913222165e-05,0,nan,nan,nan,2.0,0.5138417063874923,-0.1745996348343346,1.9999756466770868,0.0,-1.0,SOLVER_EXCEPTION,0.0,0,True,True
1740.718,-0.09278987518544644,-1.4861409683768452,-0.17455437805131513,2.4353345274060352e-05,0,nan,nan,nan,2.0,0.5138557717594906,-0.17459965359793284,1.999975646654726,0.0,-1.0,SOLVER_EXCEPTION,0.0,0,True,True
1740.818,-0.09286414838882122,-1.486127853074722,-0.17455439555303132,2.4353342405449726e-05,0,nan,nan,nan,2.0,0.5138697018884948,-0.1745996721830907,1.9999756466575946,0.0,-1.0,SOLVER_EXCEPTION,0.0,0,True,True
1740.915,-0.09293918729413433,-1.4861146025612038,-0.17455441323395873,2.435330892751006e-05,0,nan,nan,nan,2.0,0.5138829557995082,-0.17459968986401808,1.9999756466910725,0.0,-1.0,SOLVER_EXCEPTION,0.0,0,True,True
1741.02,-0.09302035182325279,-1.486100270371963,-0.17455443235943305,2.4353329298778026e-05,0,nan,nan,nan,2.0,0.513896615443595,-0.17459970808804304,1.9999756466707013,0.0,-1.0,SOLVER_EXCEPTION,0.0,0,True,True
1741.117,-0.09309615642966636,-1.4860868846473574,-0.174554450221148,2.4353268763728828e-05,0,nan,nan,nan,2.0,0.5139102750881294,-0.17459972631224074,1.9999756467312362,0.0,-1.0,SOLVER_EXCEPTION,0.0,0,True,True
1741.226,-0.09317961806563907,-1.4860721468267726,-0.17455446988586423,2.4353194751802052e-05,0,nan,nan,nan,2.0,0.5139243404671987,-0.1745997450754171,1.9999756468052483,0.0,-1.0,SOLVER_EXCEPTION,0.0,0,True,True
1741.318,-0.0932492970452622,-1.4860598427740102,-0.17455448630572212,2.4353278526942875e-05,0,nan,nan,nan,2.0,0.5139371886513397,-0.17459976221381845,1.999975646721473,0.0,-1.0,SOLVER_EXCEPTION,0.0,0,True,True
1741.418,-0.09332586735163445,-1.4860463218361313,-0.17455450434791642,2.435321677125383e-05,0,nan,nan,nan,2.0,0.5139508482997007,-0.17459978043740199,1.9999756467832288,0.0,-1.0,SOLVER_EXCEPTION,0.0,0,True,True
1741.52,-0.09340396906310275,-1.4860325304782922,-0.1745545227537547,2.435334042316325e-05,0,nan,nan,nan,2.0,0.5139643727059615,-0.17459979848064666,1.9999756466595768,0.0,-1.0,SOLVER_EXCEPTION,0.0,0,True,True
1741.615,-0.09347747655515867,-1.4860195503748421,-0.174554540074997,2.435337187878163e-05,0,nan,nan,nan,2.0,0.5139778971138075,-0.17459981652240186,1.9999756466281213,0.0,-1.0,SOLVER_EXCEPTION,0.0,0,True,True
1741.715,-0.09355251545250343,-1.4860062998522379,-0.17455455775576634,2.43532768709073e-05,0,nan,nan,nan,2.0,0.5139912862777951,-0.17459983438582594,1.999975646723129,0.0,-1.0,SOLVER_EXCEPTION,0.0,0,True,True
1741.82,-0.09363291426990315,-1.4859921028616503,-0.17455457670163194,2.4353347612065586e-05,0,nan,nan,nan,2.0,0.514004404955803,-0.17459985188826588,1.999975646652388,0.0,-1.0,SOLVER_EXCEPTION,0.0,0,True,True
1741.919,-0.09371025027417282,-1.485978446707369,-0.174554594923102,2.435326983210622e-05,0,nan,nan,nan,2.0,0.5140184703438876,-0.17459987065181481,1.999975646730168,0.0,-1.0,SOLVER_EXCEPTION,0.0,0,True,True
1742.02,-0.09378758627751708,-1.4859647905521605,-0.1745546131477332,2.4353344074946203e-05,0,nan,nan,nan,2.0,0.5140319947562179,-0.17459988869439913,1.999975646655925,0.0,-1.0,SOLVER_EXCEPTION,0.0,0,True,True
1742.116,-0.09386032806203572,-1.4859519456530221,-0.17455463028880072,2.43533373429679e-05,0,nan,nan,nan,2.0,0.5140455191697247,-0.1745999067362347,1.999975646662657,0.0,-1.0,SOLVER_EXCEPTION,0.0,0,True,True
1742.219,-0.0939384297664177,-1.4859381542855374,-0.17455464869171314,2.4353299243440678e-05,0,nan,nan,nan,2.0,0.5140589083408333,-0.17459992459994833,1.9999756467007566,0.0,-1.0,SOLVER_EXCEPTION,0.0,0,True,True
1742.321,-0.09401423436092032,-1.4859247685453087,-0.1745546665528762,2.435322407770948e-05,0,nan,nan,nan,2.0,0.5140725680013845,-0.17459994282195002,1.9999756467759222,0.0,-1.0,SOLVER_EXCEPTION,0.0,0,True,True
1742.415,-0.09409003895459904,-1.4859113828043544,-0.17455468441550828,2.43532153590759e-05,0,nan,nan,nan,2.0,0.5140860924185766,-0.17459996086611884,1.999975646784641,0.0,-1.0,SOLVER_EXCEPTION,0.0,0,True,True
