timestamp,x,y,yaw,speed,nearest_path_index,reference_x,reference_y,reference_yaw,reference_speed,cte,heading_error,speed_error,steering_command,acceleration_command,solver_status,solver_time_ms,iteration_count,state_valid,fallback_active
1530.824,-0.01529912608375366,-2.000163402229675,0.17452950194431402,9.79851195372592e-05,0,nan,nan,nan,2.0,-0.00016731113726804235,0.17448422855201873,1.9999020148804627,0.0,-1.0,SOLVER_EXCEPTION,0.0,0,True,True
1530.916,-0.01536120277850775,-2.0001743308816478,0.17452948485785716,8.59891531166796e-05,0,nan,nan,nan,2.0,-0.00017912507869949053,0.17448421002633152,1.9999140108468834,0.0,-1.0,SOLVER_EXCEPTION,0.0,0,True,True
1531.02,-0.015430417798875913,-2.0001865165824255,0.17452946615365678,7.358555959318182e-05,0,nan,nan,nan,2.0,-0.0001917581161900956,0.17448419060337095,1.9999264144404068,0.0,-1.0,SOLVER_EXCEPTION,0.0,0,True,True
1531.124,-0.015498142927205737,-2.000198440292753,0.17452944816648744,6.235048136157608e-05,0,nan,nan,nan,2.0,-0.0002035468749501761,0.17448417279783035,1.9999376495186385,0.0,-1.0,SOLVER_EXCEPTION,0.0,0,True,True
1531.217,-0.015564181101669062,-2.000210067264525,0.17452943090221312,5.2183379865707566e-05,0,nan,nan,nan,2.0,-0.00021564583135422427,0.17448415481068658,1.9999478166201343,0.0,-1.0,SOLVER_EXCEPTION,0.0,0,True,True
1531.316,-0.01563116680700773,-2.000221861307066,0.17452941363466792,4.2613793630281095e-05,0,nan,nan,nan,2.0,-0.00022730815641277502,0.17448413772405091,1.9999573862063698,0.0,-1.0,SOLVER_EXCEPTION,0.0,0,True,True
1531.423,-0.01570973422055558,-2.000235694800984,0.17452939367324158,3.2308465846388174e-05,0,nan,nan,nan,2.0,-0.0002405036948034979,0.17448411866011693,1.9999676915341535,0.0,-1.0,SOLVER_EXCEPTION,0.0,0,True,True
1531.518,-0.015777873159393656,-2.0002476923611097,0.1745293765864191,2.42014579076752e-05,0,nan,nan,nan,2.0,-0.00025311921995026563,0.1744841006758624,1.9999757985420923,0.0,-1.0,SOLVER_EXCEPTION,0.0,0,True,True
1531.623,-0.015851900411094088,-2.000260726919788,0.17452935823953675,1.646937272508556e-05,0,nan,nan,nan,2.0,-0.0002657591083902645,0.17448408287080408,1.9999835306272749,0.0,-1.0,SOLVER_EXCEPTION,0.0,0,True,True
1531.721,-0.015924561596382267,-2.0002735211411005,0.17452934043685786,1.0766033467992419e-05,0,nan,nan,nan,2.0,-0.00027879995990733416,0.17448406470480515,1.999989233966532,0.0,-1.0,SOLVER_EXCEPTION,0.0,0,True,True
1531.819,-0.015994996053065938,-2.0002859234504853,0.17452932334979637,9.193984137540581e-06,0,nan,nan,nan,2.0,-0.0002917172057804392,0.17448404689863706,1.9999908060158624,0.0,-1.0,SOLVER_EXCEPTION,0.0,0,True,True
1531.915,-0.016070597633567753,-2.000299235774028,0.17452930518455148,1.2552100454560292e-05,0,nan,nan,nan,2.0,-0.00030502485027980705,0.17448402873212743,1.9999874478995454,0.0,-1.0,SOLVER_EXCEPTION,0.0,0,True,True
1532.015,-0.016146138685402246,-2.0003125376016855,0.17452928719717956,1.788618863759694e-05,0,nan,nan,nan,2.0,-0.000318322086403661,0.17448401074805053,1.9999821138113625,0.0,-1.0,SOLVER_EXCEPTION,0.0,0,True,True
1532.119,-0.01622461935040659,-2.000326357214649,0.1745292686738226,2.374742282438314e-05,0,nan,nan,nan,2.0,-0.00033173299900047506,0.1744839927637547,1.9999762525771756,0.0,-1.0,SOLVER_EXCEPTION,0.0,0,True,True
1532.222,-0.016303742313464577,-2.0003402900790723,0.17452925014761486,2.9509849446263402e-05,0,nan,nan,nan,2.0,-0.00034538659033106115,0.1744839745966118,1.9999704901505537,0.0,-1.0,SOLVER_EXCEPTION,0.0,0,True,True
1532.317,-0.016378031653901858,-2.0003533719092594,0.1745292328795199,3.4666418295339904e-05,0,nan,nan,nan,2.0,-0.0003587327432529292,0.17448395696871843,1.9999653335817047,0.0,-1.0,SOLVER_EXCEPTION,0.0,0,True,True
1532.42,-0.016458285946885864,-2.00036750425011,0.17452921435474952,3.992552850256682e-05,0,nan,nan,nan,2.0,-0.0003725824938476265,0.174483938803621,1.9999600744714974,0.0,-1.0,SOLVER_EXCEPTION,0.0,0,True,True
1532.518,-0.016533566314188515,-2.000380760817613,0.1745291970891439,4.456148854967705e-05,0,nan,nan,nan,2.0,-0.00038638441241623965,0.17448392081906183,1.9999554385114504,0.0,-1.0,SOLVER_EXCEPTION,0.0,0,True,True
1532.618,-0.016610863878623355,-2.00039437270642,0.174529179464187,4.903018578894423e-05,0,nan,nan,nan,2.0,-0.0004002697078392953,0.1744839028341274,1.999950969814211,0.0,-1.0,SOLVER_EXCEPTION,0.0,0,True,True
1532.719,-0.01669335930789241,-2.000408900029176,0.17452916075697567,5.348770929261277e-05,0,nan,nan,nan,2.0,-0.0004142331996787396,0.17448388484631705,1.9999465122907074,0.0,-1.0,SOLVER_EXCEPTION,0.0,0,True,True
1532.82,-0.016770706955280483,-2.000422520924315,0.17452914330993521,5.738963817251784e-05,0,nan,nan,nan,2.0,-0.0004282699666772776,0.1744838668619657,1.9999426103618274,0.0,-1.0,SOLVER_EXCEPTION,0.0,0,True,True
1532.917,-0.016851632739177048,-2.0004367720124883,0.17452912514737323,6.120066026147651e-05,0,nan,nan,nan,2.0,-0.00044237533659552126,0.17448384887739543,1.9999387993397386,0.0,-1.0,SOLVER_EXCEPTION,0.0,0,True,True
1533.017,-0.016931316090273273,-2.000450804386775,0.17452910733985455,6.469767169846518e-05,0,nan,nan,nan,2.0,-0.00045626088215807554,0.1744838312484327,1.9999353023283015,0.0,-1.0,SOLVER_EXCEPTION,0.0,0,True,True
1533.115,-0.017011332576078727,-2.000464895498971,0.17452908953411878,6.796902338692156e-05,0,nan,nan,nan,2.0,-0.0004707743684449936,0.17448381290405912,1.999932030976613,0.0,-1.0,SOLVER_EXCEPTION,0.0,0,True,True
1533.219,-0.01709572502301828,-2.0004797573015978,0.17452907082691316,7.117408859415806e-05,0,nan,nan,nan,2.0,-0.00048505982229146287,0.17448379491628163,1.9999288259114059,0.0,-1.0,SOLVER_EXCEPTION,0.0,0,True,True
1533.318,-0.017175541184136563,-2.0004938132664214,0.17452905320170248,7.398753202622956e-05,0,nan,nan,nan,2.0,-0.0004991102019638587,0.17448377729149955,1.9999260124679739,0.0,-1.0,SOLVER_EXCEPTION,0.0,0,True,True
1533.42,-0.0172605326242046,-2.000508780681802,0.17452903449672985,7.676483369882291e-05,0,nan,nan,nan,2.0,-0.000513783628009096,0.1744837589460042,1.9999232351663012,0.0,-1.0,SOLVER_EXCEPTION,0.0,0,True,True
1533.518,-0.01734005252150875,-2.000522784584326,0.17452901704946244,7.917133311617445e-05,0,nan,nan,nan,2.0,-0.0005280704407598671,0.17448374113887688,1.999920828666884,0.0,-1.0,SOLVER_EXCEPTION,0.0,0,True,True
1533.617,-0.017419795631690656,-2.0005368278428732,0.17452899960333684,8.140915409066877e-05,0,nan,nan,nan,2.0,-0.0005426882184428451,0.1744837229732772,1.9999185908459094,0.0,-1.0,SOLVER_EXCEPTION,0.0,0,True,True
1533.72,-0.017506348693356585,-2.000552070424591,0.1745289807164218,8.365104040914957e-05,0,nan,nan,nan,2.0,-0.0005572003106999786,0.1744837049853425,1.9999163489595908,0.0,-1.0,SOLVER_EXCEPTION,0.0,0,True,True
1533.817,-0.017586506554037745,-2.0005661868100746,0.17452896326974346,8.556376620689754e-05,0,nan,nan,nan,2.0,-0.0005711657543906544,0.1744836877193654,1.999914436233793,0.0,-1.0,SOLVER_EXCEPTION,0.0,0,True,True
1533.916,-0.017669328404300556,-2.000580772382066,0.17452894528485155,8.738464493602756e-05,0,nan,nan,nan,2.0,-0.0005861835485688076,0.17448366919216607,1.999912615355064,0.0,-1.0,SOLVER_EXCEPTION,0.0,0,True,True
1534.019,-0.01775232327112271,-2.0005953884594017,0.17452892729677985,8.906012189070423e-05,0,nan,nan,nan,2.0,-0.0006009412501500776,0.17448365102644914,1.9999109398781092,0.0,-1.0,SOLVER_EXCEPTION,0.0,0,True,True
1534.123,-0.017839638719629854,-2.0006107654606398,0.17452890841263072,9.067104091892179e-05,0,nan,nan,nan,2.0,-0.0006152879962736704,0.17448363340133932,1.999909328959081,0.0,-1.0,SOLVER_EXCEPTION,0.0,0,True,True
1534.217,-0.01791877656514659,-2.0006247023444512,0.17452889132595742,9.200448296096016e-05,0,nan,nan,nan,2.0,-0.00062921919511044,0.1744836163136423,1.9999079955170391,0.0,-1.0,SOLVER_EXCEPTION,0.0,0,True,True
1534.318,-0.01800304401442646,-2.0006395426243566,0.174528873158796,9.329970276526754e-05,0,nan,nan,nan,2.0,-0.0006449355813707298,0.1744835970673031,1.9999067002972348,0.0,-1.0,SOLVER_EXCEPTION,0.0,0,True,True
1534.418,-0.018087434859590246,-2.0006544046599695,0.17452885499295395,9.447529170811068e-05,0,nan,nan,nan,2.0,-0.0006596459750029108,0.17448357908236645,1.999905524708292,0.0,-1.0,SOLVER_EXCEPTION,0.0,0,True,True
1534.519,-0.018171100286519998,-2.000669138963751,0.17452883700739932,9.552769605541142e-05,0,nan,nan,nan,2.0,-0.0006742283683532585,0.1744835612750424,1.9999044723039445,0.0,-1.0,SOLVER_EXCEPTION,0.0,0,True,True
1534.62,-0.01825654079327907,-2.0006841858972972,0.17452881865871275,9.649301742661156e-05,0,nan,nan,nan,2.0,-0.0006892705889138674,0.17448354292927348,1.9999035069825735,0.0,-1.0,SOLVER_EXCEPTION,0.0,0,True,True
1534.725,-0.018343751382752217,-2.000699544578773,0.17452879995411882,9.737087620441153e-05,0,nan,nan,nan,2.0,-0.0007038860231880674,0.17448352512285048,1.9999026291237956,0.0,-1.0,SOLVER_EXCEPTION,0.0,0,True,True
1534.814,-0.018419291087968262,-2.000712847910686,0.17452878376450817,9.804857399459326e-05,0,nan,nan,nan,2.0,-0.0007186630322893433,0.1744835071344486,1.9999019514260055,0.0,-1.0,SOLVER_EXCEPTION,0.0,0,True,True
1534.923,-0.018510013514431836,-2.0007288250921924,0.17452876433971287,9.876680207195804e-05,0,nan,nan,nan,2.0,-0.0007333045110131624,0.17448348932699664,1.999901233197928,0.0,-1.0,SOLVER_EXCEPTION,0.0,0,True,True
1535.017,-0.018586511424636246,-2.000742297196545,0.1745287479715625,9.929579512017682e-05,0,nan,nan,nan,2.0,-0.0007479566952436581,0.17448347152382215,1.9999007042048798,0.0,-1.0,SOLVER_EXCEPTION,0.0,0,True,True
1535.122,-0.01867146767306364,-2.000757258914417,0.17452872980460493,9.98058377965282e-05,0,nan,nan,nan,2.0,-0.0007629144775308571,0.1744834533555033,1.9999001941622034,0.0,-1.0,SOLVER_EXCEPTION,0.0,0,True,True
1535.216,-0.018754787342568,-2.000771932421425,0.17452871199700276,0.00010023129441963748,0,nan,nan,nan,2.0,-0.0007777323528276425,0.17448343536694333,1.9998997687055804,0.0,-1.0,SOLVER_EXCEPTION,0.0,0,True,True
1535.319,-0.018844040473920028,-2.0007876508831006,0.17452869293257242,0.00010060970663608828,0,nan,nan,nan,2.0,-0.0007922605425909424,0.17448341774148624,1.999899390293364,0.0,-1.0,SOLVER_EXCEPTION,0.0,0,True,True
1535.419,-0.018924904499919744,-2.0008018919351054,0.17452867566625246,0.00010088751307046431,0,nan,nan,nan,2.0,-0.0008076841641459032,0.17448339903619292,1.9998991124869296,0.0,-1.0,SOLVER_EXCEPTION,0.0,0,True,True
1535.52,-0.019013376326713943,-2.000817472810046,0.17452865677978985,0.00010112481807867039,0,nan,nan,nan,2.0,-0.0008223708143418137,0.17448338122915574,1.9998988751819213,0.0,-1.0,SOLVER_EXCEPTION,0.0,0,True,True
1535.615,-0.019093440710501317,-2.0008315730430213,0.17452863969155444,0.00010128297759050225,0,nan,nan,nan,2.0,-0.0008372092430912435,0.17448336324032,1.9998987170224094,0.0,-1.0,SOLVER_EXCEPTION,0.0,0,True,True
1535.719,-0.01918026127261752,-2.0008468631157,0.17452862116559992,0.00010139727146745037,0,nan,nan,nan,2.0,-0.0008520501111263203,0.17448334525504183,1.9998986027285326,0.0,-1.0,SOLVER_EXCEPTION,0.0,0,True,True
1535.816,-0.019262032428255214,-2.000861263931169,0.1745286037172443,0.00010145365960679439,0,nan,nan,nan,2.0,-0.0008667440404845256,0.17448332744737938,1.999898546340393,0.0,-1.0,SOLVER_EXCEPTION,0.0,0,True,True
1535.921,-0.019351394022953657,-2.0008770015073445,0.17452858465159116,0.00010146178398227069,0,nan,nan,nan,2.0,-0.0008808448412301529,0.17448331035985332,1.9998985382160177,0.0,-1.0,SOLVER_EXCEPTION,0.0,0,True,True
1536.018,-0.019433166752631837,-2.000891402597652,0.17452856720476076,0.00010142317432948193,0,nan,nan,nan,2.0,-0.0008955391581134935,0.17448329255136485,1.9998985768256705,0.0,-1.0,SOLVER_EXCEPTION,0.0,0,True,True
1536.115,-0.019514090854216598,-2.000905654232569,0.17452854993553402,0.00010134425458638634,0,nan,nan,nan,2.0,-0.0009114197851305188,0.17448327330547464,1.9998986557454137,0.0,-1.0,SOLVER_EXCEPTION,0.0,0,True,True
1536.219,-0.019601747992926966,-2.000921091625676,0.17452853122976,0.00010121573023640914,0,nan,nan,nan,2.0,-0.000925517721564815,0.17448325621719274,1.9998987842697635,0.0,-1.0,SOLVER_EXCEPTION,0.0,0,True,True
1536.33,-0.01969613064143487,-2.0009377134512394,0.1745285110842166,0.00010103047950324157,0,nan,nan,nan,2.0,-0.0009405036136295261,0.17448323805339294,1.9998989695204967,0.0,-1.0,SOLVER_EXCEPTION,0.0,0,True,True
1536.415,-0.01976774520442907,-2.0009503255601464,0.17452849579554702,0.0001008594875099374,0,nan,nan,nan,2.0,-0.0009559313035661037,0.1744832193443271,1.99989914051249,0.0,-1.0,SOLVER_EXCEPTION,0.0,0,True,True
1536.517,-0.019852819938450488,-2.0009653081477388,0.17452847762899806,0.00010062430231274887,0,nan,nan,nan,2.0,-0.0009697237962330521,0.17448320261567885,1.9998993756976873,0.0,-1.0,SOLVER_EXCEPTION,0.0,0,True,True
1536.626,-0.019945446881309017,-2.000981620753292,0.1745284578423701,0.00010033112756151327,0,nan,nan,nan,2.0,-0.0009844020338836022,0.17448318480886194,1.9998996688724384,0.0,-1.0,SOLVER_EXCEPTION,0.0,0,True,True
1536.715,-0.02001784090814283,-2.000994370117459,0.17452844237359988,0.00010007670497373169,0,nan,nan,nan,2.0,-0.000999964673796312,0.17448316592468593,1.9998999232950263,0.0,-1.0,SOLVER_EXCEPTION,0.0,0,True,True
1536.818,-0.02010535691396763,-2.001009782616339,0.17452842366749957,9.974142283591918e-05,0,nan,nan,nan,2.0,-0.00101463261142831,0.17448314811700394,1.9999002585771641,0.0,-1.0,SOLVER_EXCEPTION,0.0,0,True,True
1536.915,-0.020188632056345576,-2.0010244482458437,0.1745284058593663,9.939597911268009e-05,0,nan,nan,nan,2.0,-0.0010300351879603971,0.1744831294081397,1.9999006040208873,0.0,-1.0,SOLVER_EXCEPTION,0.0,0,True,True
1537.029,-0.020281959414327127,-2.0010408841652443,0.174528385891863,9.898032934509433e-05,0,nan,nan,nan,2.0,-0.0010461709580157255,0.1744831098038011,1.9999010196706548,0.0,-1.0,SOLVER_EXCEPTION,0.0,0,True,True
1537.115,-0.02035507505438939,-2.0010537605822716,0.17452837024399698,9.863498612590209e-05,0,nan,nan,nan,2.0,-0.0010594880577508446,0.17448309361393743,1.9999013650138742,0.0,-1.0,SOLVER_EXCEPTION,0.0,0,True,True
1537.218,-0.020440758011227727,-2.001068850223511,0.17452835189757396,9.820978733356738e-05,0,nan,nan,nan,2.0,-0.001074425956960046,0.1744830754463811,1.9999017902126663,0.0,-1.0,SOLVER_EXCEPTION,0.0,0,True,True
1537.32,-0.020528075770577206,-2.001084227759531,0.1745283331887936,9.77552537874245e-05,0,nan,nan,nan,2.0,-0.0010892084771536863,0.17448305746044834,1.9999022447462125,0.0,-1.0,SOLVER_EXCEPTION,0.0,0,True,True
1537.42,-0.020610312273995887,-2.0010987104238573,0.1745283155627443,9.730890332900152e-05,0,nan,nan,nan,2.0,-0.00110398322399608,0.1744830394712915,1.999902691096671,0.0,-1.0,SOLVER_EXCEPTION,0.0,0,True,True
1537.518,-0.02069250471772323,-2.001113185317472,0.17452829793606542,9.684640361316114e-05,0,nan,nan,nan,2.0,-0.0011184546384952396,0.17448302184525089,1.999903153596387,0.0,-1.0,SOLVER_EXCEPTION,0.0,0,True,True
1537.622,-0.020780517444515062,-2.001128685208303,0.17452827904889137,9.633431584198752e-05,0,nan,nan,nan,2.0,-0.0011339508117784532,0.1744830029563058,1.999903665684158,0.0,-1.0,SOLVER_EXCEPTION,0.0,0,True,True
1537.718,-0.020857589008408717,-2.001142258243714,0.1745282624988149,9.587264296124352e-05,0,nan,nan,nan,2.0,-0.0011479629669643358,0.17448298586875532,1.9999041273570388,0.0,-1.0,SOLVER_EXCEPTION,0.0,0,True,True
1537.815,-0.02094382513248782,-2.001157445233376,0.1745282439708939,9.534249415171051e-05,0,nan,nan,nan,2.0,-0.001162998689323151,0.17448296752297088,1.9999046575058483,0.0,-1.0,SOLVER_EXCEPTION,0.0,0,True,True
1537.917,-0.021029170122394605,-2.001172475272078,0.17452822562473055,9.480479958486161e-05,0,nan,nan,nan,2.0,-0.0011777304177834475,0.1744829495337128,1.9999051952004152,0.0,-1.0,SOLVER_EXCEPTION,0.0,0,True,True
1538.018,-0.021113624353691667,-2.001187348427172,0.17452820745695244,9.426105939960055e-05,0,nan,nan,nan,2.0,-0.0011924528561709277,0.17448293154671957,1.9999057389406003,0.0,-1.0,SOLVER_EXCEPTION,0.0,0,True,True
1538.115,-0.021194682231282028,-2.001201623441487,0.17452819000821407,9.37291665646009e-05,0,nan,nan,nan,2.0,-0.0012068716553971552,0.17448291392010695,1.9999062708334354,0.0,-1.0,SOLVER_EXCEPTION,0.0,0,True,True
1538.228,-0.021289045516004232,-2.001218241640351,0.17452816968413107,9.309866725115648e-05,0,nan,nan,nan,2.0,-0.0012211342075151774,0.1744828964714289,1.9999069013327488,0.0,-1.0,SOLVER_EXCEPTION,0.0,0,True,True
1538.314,-0.02136081423963763,-2.0012308807285537,0.17452815421484713,9.261176744919893e-05,0,nan,nan,nan,2.0,-0.0012365626673704157,0.17448287758478775,1.9999073882325509,0.0,-1.0,SOLVER_EXCEPTION,0.0,0,True,True
1538.417,-0.02144671491656476,-2.001246008561019,0.17452813568566158,9.202143028360125e-05,0,nan,nan,nan,2.0,-0.001250805895766852,0.17448286013567227,1.9999079785697165,0.0,-1.0,SOLVER_EXCEPTION,0.0,0,True,True
1538.518,-0.02152589003715566,-2.001259951953836,0.17452811859780898,9.147061798290095e-05,0,nan,nan,nan,2.0,-0.0012654797312368822,0.1744828421487412,1.9999085293820171,0.0,-1.0,SOLVER_EXCEPTION,0.0,0,True,True
1538.617,-0.021612506265577976,-2.001275205773165,0.17452809989190263,9.086146277333834e-05,0,nan,nan,nan,2.0,-0.001280436570426365,0.1744828237992877,1.9999091385372267,0.0,-1.0,SOLVER_EXCEPTION,0.0,0,True,True
1538.717,-0.021696563654678137,-2.0012900089454897,0.17452808172360953,9.026449223529395e-05,0,nan,nan,nan,2.0,-0.0012950897694158578,0.1744828058131187,1.9999097355077646,0.0,-1.0,SOLVER_EXCEPTION,0.0,0,True,True
1538.815,-0.0217780670174621,-2.001304362319049,0.17452806409620727,8.968079386641357e-05,0,nan,nan,nan,2.0,-0.0013095862384611785,0.1744827880052231,1.9999103192061336,0.0,-1.0,SOLVER_EXCEPTION,0.0,0,True,True
1538.917,-0.021860344360629665,-2.0013188519833487,0.17452804628839136,8.908730114898284e-05,0,nan,nan,nan,2.0,-0.0013240724880518484,0.1744827701958953,1.999910912698851,0.0,-1.0,SOLVER_EXCEPTION,0.0,0,True,True
1539.02,-0.021948374620913647,-2.001334354764993,0.1745280272192956,8.844823799456156e-05,0,nan,nan,nan,2.0,-0.0013382561138395657,0.1744827527480366,1.9999115517620054,0.0,-1.0,SOLVER_EXCEPTION,0.0,0,True,True
1539.117,-0.02202887170545565,-2.0013485308838836,0.17452800977041188,8.786068696689667e-05,0,nan,nan,nan,2.0,-0.0013535983399813683,0.17448273385991753,1.999912139313033,0.0,-1.0,SOLVER_EXCEPTION,0.0,0,True,True
1539.219,-0.022111799203594212,-2.001363135001287,0.17452799178329712,8.725273771428984e-05,0,nan,nan,nan,2.0,-0.0013679072159687598,0.17448271623334222,1.9999127472622857,0.0,-1.0,SOLVER_EXCEPTION,0.0,0,True,True
1539.318,-0.02219549478027597,-2.0013778743687873,0.17452797361538147,8.66369414075687e-05,0,nan,nan,nan,2.0,-0.0013826434383071137,0.1744826980648666,1.9999133630585924,0.0,-1.0,SOLVER_EXCEPTION,0.0,0,True,True
1539.417,-0.022277473179696253,-2.001392311315272,0.1745279558065465,8.60320755926099e-05,0,nan,nan,nan,2.0,-0.001397514533324819,0.1744826797184298,1.9999139679244073,0.0,-1.0,SOLVER_EXCEPTION,0.0,0,True,True
1539.527,-0.022362700843504658,-2.0014073204637115,0.1745279372793649,8.540188097283778e-05,0,nan,nan,nan,2.0,-0.0014115007127240564,0.17448266244822142,1.9999145981190272,0.0,-1.0,SOLVER_EXCEPTION,0.0,0,True,True
1539.617,-0.022442904987226064,-2.0014214449225136,0.1745279198330166,8.480797275932147e-05,0,nan,nan,nan,2.0,-0.0014266412923152163,0.17448264374219447,1.9999151920272407,0.0,-1.0,SOLVER_EXCEPTION,0.0,0,True,True
1539.719,-0.022526355876605723,-2.0014361411399277,0.17452790166487664,8.418958175020941e-05,0,nan,nan,nan,2.0,-0.0014411886352533993,0.17448262575460038,1.9999158104182497,0.0,-1.0,SOLVER_EXCEPTION,0.0,0,True,True
1539.818,-0.022608094242209175,-2.0014505357572134,0.17452788385583973,8.358377235329492e-05,0,nan,nan,nan,2.0,-0.0014557252886531458,0.17448260776442082,1.9999164162276466,0.0,-1.0,SOLVER_EXCEPTION,0.0,0,True,True
1539.917,-0.02268977322177068,-2.001464919901585,0.17452786604817386,8.297861255238935e-05,0,nan,nan,nan,2.0,-0.0014702512588158328,0.17448258977789965,1.9999170213874475,0.0,-1.0,SOLVER_EXCEPTION,0.0,0,True,True
1540.018,-0.02277304116319866,-2.001479583856423,0.1745278478789821,8.236227602991763e-05,0,nan,nan,nan,2.0,-0.001484766560132209,0.17448257178797277,1.99991763772397,0.0,-1.0,SOLVER_EXCEPTION,0.0,0,True,True
1540.119,-0.022852953357528,-2.001493656831196,0.17452783043043016,8.177159614818704e-05,0,nan,nan,nan,2.0,-0.0014991262167665337,0.17448255398142276,1.999918228403852,0.0,-1.0,SOLVER_EXCEPTION,0.0,0,True,True
1540.215,-0.022936100639382794,-2.001508299508572,0.1745278122612813,8.115816653479299e-05,0,nan,nan,nan,2.0,-0.0015137652365411305,0.17448253581337525,1.9999188418334652,0.0,-1.0,SOLVER_EXCEPTION,0.0,0,True,True
1540.32,-0.02302247588641805,-2.001523510632025,0.17452779337400123,8.052243378530755e-05,0,nan,nan,nan,2.0,-0.0015281038843815715,0.17448251800426062,1.9999194775662148,0.0,-1.0,SOLVER_EXCEPTION,0.0,0,True,True
1540.417,-0.023102211474154054,-2.0015375524625485,0.17452777592781482,7.99371880327758e-05,0,nan,nan,nan,2.0,-0.0015427215335226767,0.1744824998365826,1.9999200628119673,0.0,-1.0,SOLVER_EXCEPTION,0.0,0,True,True
1540.516,-0.023183533186221832,-2.0015518736034146,0.17452775811906696,7.934222487668514e-05,0,nan,nan,nan,2.0,-0.0015571838755392235,0.17448248184898185,1.9999206577751234,0.0,-1.0,SOLVER_EXCEPTION,0.0,0,True,True
1540.615,-0.023264796629255402,-2.0015661844693113,0.17452774030967036,7.874978774972519e-05,0,nan,nan,nan,2.0,-0.001571635736099584,0.17448246385846655,1.9999212502122503,0.0,-1.0,SOLVER_EXCEPTION,0.0,0,True,True
1540.718,-0.023349281867149338,-2.0015810626931443,0.17452772178207537,7.813628178112275e-05,0,nan,nan,nan,2.0,-0.001586077159846503,0.174482445871587,1.9999218637182188,0.0,-1.0,SOLVER_EXCEPTION,0.0,0,True,True
1540.818,-0.023430427220261008,-2.0015953527340438,0.17452770397289252,7.754959870876445e-05,0,nan,nan,nan,2.0,-0.0016002196770269065,0.1744824282412094,1.9999224504012911,0.0,-1.0,SOLVER_EXCEPTION,0.0,0,True,True
1540.918,-0.023513152677926866,-2.0016099210229923,0.17452768580392694,7.695426481345886e-05,0,nan,nan,nan,2.0,-0.0016149288969614383,0.17448240989379427,1.9999230457351866,0.0,-1.0,SOLVER_EXCEPTION,0.0,0,True,True
1541.02,-0.0235958186705884,-2.0016244788262836,0.1745276676346906,7.636231592810608e-05,0,nan,nan,nan,2.0,-0.001629339318592005,0.1744823919064169,1.9999236376840719,0.0,-1.0,SOLVER_EXCEPTION,0.0,0,True,True
1541.117,-0.02367515510055019,-2.0016384502668325,0.17452765018634134,7.579712492226573e-05,0,nan,nan,nan,2.0,-0.001643739519461386,0.17448237391606503,1.9999242028750777,0.0,-1.0,SOLVER_EXCEPTION,0.0,0,True,True
1541.215,-0.023751169010820725,-2.001651836586855,0.17452763345635355,7.525845883328056e-05,0,nan,nan,nan,2.0,-0.0016574102980317792,0.1744823568262941,1.9999247415411667,0.0,-1.0,SOLVER_EXCEPTION,0.0,0,True,True
1541.31,-0.023837748115018015,-2.0016670834597243,0.17452761438928022,7.464842677247399e-05,0,nan,nan,nan,2.0,-0.0016726532508752156,0.17448233775922084,1.9999253515732276,0.0,-1.0,SOLVER_EXCEPTION,0.0,0,True,True
1541.419,-0.023921815623365997,-2.001681888017712,0.17452759586097738,7.405984273452981e-05,0,nan,nan,nan,2.0,-0.0016867357638942844,0.17448232013155485,1.9999259401572655,0.0,-1.0,SOLVER_EXCEPTION,0.0,0,True,True
1541.52,-0.023997669731181018,-2.0016952461568676,0.17452757913089456,7.353204277012319e-05,0,nan,nan,nan,2.0,-0.0017008087072777284,0.1744823025008353,1.99992646795723,0.0,-1.0,SOLVER_EXCEPTION,0.0,0,True,True
1541.62,-0.02408243834150653,-2.0017101741529655,0.17452756042421583,7.294595975395524e-05,0,nan,nan,nan,2.0,-0.0017154459627258072,0.1744822841539273,1.999927054040246,0.0,-1.0,SOLVER_EXCEPTION,0.0,0,True,True
1541.718,-0.024165518250507372,-2.0017248047487604,0.17452754207643323,7.237557341930078e-05,0,nan,nan,nan,2.0,-0.0017293562227947326,0.174482266705418,1.9999276244265807,0.0,-1.0,SOLVER_EXCEPTION,0.0,0,True,True
1541.818,-0.024247726966084262,-2.0017392819117883,0.1745275239079565,7.181516597598689e-05,0,nan,nan,nan,2.0,-0.0017442601229083333,0.17448224799755474,1.999928184834024,0.0,-1.0,SOLVER_EXCEPTION,0.0,0,True,True
1541.916,-0.02432744033410519,-2.001753319624868,0.1745275062771881,7.127568242839065e-05,0,nan,nan,nan,2.0,-0.0017585809263906875,0.17448223000691687,1.9999287243175716,0.0,-1.0,SOLVER_EXCEPTION,0.0,0,True,True
1542.018,-0.024409539196222015,-2.001767777415438,0.17452748810785312,7.072411066242776e-05,0,nan,nan,nan,2.0,-0.0017728921289884524,0.17448221201969938,1.9999292758893377,0.0,-1.0,SOLVER_EXCEPTION,0.0,0,True,True
1542.12,-0.024492395008040804,-2.001782368491883,0.1745274697601118,7.017171138876452e-05,0,nan,nan,nan,2.0,-0.001787336776860699,0.174482193850364,1.9999298282886113,0.0,-1.0,SOLVER_EXCEPTION,0.0,0,True,True
1542.215,-0.024570326041784506,-2.0017960922928686,0.1745274524919384,6.965612133374196e-05,0,nan,nan,nan,2.0,-0.0018014860403994365,0.174482176040768,1.9999303438786662,0.0,-1.0,SOLVER_EXCEPTION,0.0,0,True,True
1542.317,-0.024653074128775147,-2.001810664373104,0.1745274341414128,6.911300989078387e-05,0,nan,nan,nan,2.0,-0.0018149121971718103,0.17448215913274678,1.9999308869901091,0.0,-1.0,SOLVER_EXCEPTION,0.0,0,True,True
1542.418,-0.0247349569709339,-2.0018250840685528,0.1745274159731343,6.857994274114769e-05,0,nan,nan,nan,2.0,-0.0018297571047257955,0.17448214042240195,1.9999314200572589,0.0,-1.0,SOLVER_EXCEPTION,0.0,0,True,True
1542.517,-0.024812736838103443,-2.001838781211273,0.17452739870537845,6.807768206507418e-05,0,nan,nan,nan,2.0,-0.0018443068580439763,0.174482122075319,1.9999319223179348,0.0,-1.0,SOLVER_EXCEPTION,0.0,0,True,True
1542.631,-0.02490746659721222,-2.0018554632374186,0.1745273776562491,6.747153433325568e-05,0,nan,nan,nan,2.0,-0.0018584195969503581,0.17448210426456567,1.9999325284656668,0.0,-1.0,SOLVER_EXCEPTION,0.0,0,True,True
1542.717,-0.02497624335097479,-2.001867574896736,0.17452736236612648,6.703521189527261e-05,0,nan,nan,nan,2.0,-0.0018728083080169382,0.17448208609585825,1.9999329647881048,0.0,-1.0,SOLVER_EXCEPTION,0.0,0,True,True
1542.822,-0.025061960598131,-2.0018826697821512,0.17452734329936895,6.649591068649023e-05,0,nan,nan,nan,2.0,-0.0018870455501574697,0.17448206810840272,1.9999335040893136,0.0,-1.0,SOLVER_EXCEPTION,0.0,0,True,True
1542.919,-0.025140350408588287,-2.0018964742866276,0.174527325848896,6.600719233965201e-05,0,nan,nan,nan,2.0,-0.0019012739139680481,0.1744820501176063,1.9999339928076603,0.0,-1.0,SOLVER_EXCEPTION,0.0,0,True,True
1543.022,-0.025222730332553765,-2.001910981440545,0.1745273075007003,6.54981482392784e-05,0,nan,nan,nan,2.0,-0.0019153513290119048,0.17448203231011838,1.9999345018517607,0.0,-1.0,SOLVER_EXCEPTION,0.0,0,True,True
1543.116,-0.025297796650822123,-2.0019242006529567,0.17452729077121668,6.503840681774199e-05,0,nan,nan,nan,2.0,-0.0019297043377666755,0.17448201414115738,1.9999349615931823,0.0,-1.0,SOLVER_EXCEPTION,0.0,0,True,True
1543.217,-0.025380885232553805,-2.001938832577524,0.1745272722418027,6.453413647048669e-05,0,nan,nan,nan,2.0,-0.0019439065659354931,0.1744819961502837,1.9999354658635295,0.0,-1.0,SOLVER_EXCEPTION,0.0,0,True,True
1543.318,-0.02546069862177351,-2.0019528877271533,0.17452725443296627,6.405428863843528e-05,0,nan,nan,nan,2.0,-0.0019573907664440495,0.1744819790609058,1.9999359457113615,0.0,-1.0,SOLVER_EXCEPTION,0.0,0,True,True
1543.417,-0.025542075947198515,-2.0019672182734727,0.17452723626202016,6.356971827277592e-05,0,nan,nan,nan,2.0,-0.0019720018488769827,0.17448196053405507,1.9999364302817273,0.0,-1.0,SOLVER_EXCEPTION,0.0,0,True,True
1543.515,-0.025620989804172982,-2.001981114991525,0.17452721863501608,6.310417930276163e-05,0,nan,nan,nan,2.0,-0.001986462316862273,0.17448194218264268,1.9999368958206973,0.0,-1.0,SOLVER_EXCEPTION,0.0,0,True,True
1543.617,-0.0257022721315969,-2.0019954287854578,0.1745272004651619,6.26293298245582e-05,0,nan,nan,nan,2.0,-0.00200063086979225,0.1744819241949278,1.9999373706701755,0.0,-1.0,SOLVER_EXCEPTION,0.0,0,True,True
1543.716,-0.02578270289781154,-2.002009592607771,0.1745271824741852,6.216407873668802e-05,0,nan,nan,nan,2.0,-0.0020147912138375815,0.17448190620392579,1.9999378359212634,0.0,-1.0,SOLVER_EXCEPTION,0.0,0,True,True
1543.817,-0.025856658497017154,-2.002022616145283,0.174527165925747,6.174026077688751e-05,0,nan,nan,nan,2.0,-0.0020278115516590995,0.1744818896554836,1.999938259739223,0.0,-1.0,SOLVER_EXCEPTION,0.0,0,True,True
1543.915,-0.02594101716199848,-2.0020374716443294,0.17452714703618996,6.126162433667213e-05,0,nan,nan,nan,2.0,-0.002042946206166158,0.1744818704061304,1.9999387383756633,0.0,-1.0,SOLVER_EXCEPTION,0.0,0,True,True
1544.018,-0.026023720634325103,-2.002052035653701,0.1745271285063221,6.0797252339433055e-05,0,nan,nan,nan,2.0,-0.00205708250388133,0.17448185241824277,1.9999392027476606,0.0,-1.0,SOLVER_EXCEPTION,0.0,0,True,True
1544.117,-0.02610316766232781,-2.00206602619434,0.17452711069736035,6.0355690125495115e-05,0,nan,nan,nan,2.0,-0.0020713521704863423,0.1744818342482568,1.9999396443098745,0.0,-1.0,SOLVER_EXCEPTION,0.0,0,True,True
1544.217,-0.02618417505056852,-2.0020802915005858,0.1745270925298363,5.991003224953424e-05,0,nan,nan,nan,2.0,-0.0020854727209707645,0.1744818162598647,1.9999400899677504,0.0,-1.0,SOLVER_EXCEPTION,0.0,0,True,True
1544.326,-0.026261932236630262,-2.002093984439971,0.1745270750803271,5.9486629588551235e-05,0,nan,nan,nan,2.0,-0.0020994444717969065,0.1744817984502678,1.9999405133704113,0.0,-1.0,SOLVER_EXCEPTION,0.0,0,True,True
1544.421,-0.026346857472524188,-2.0021089396522984,0.1745270560095166,5.902909292070244e-05,0,nan,nan,nan,2.0,-0.0021131267135368875,0.17448178099967482,1.9999409709070792,0.0,-1.0,SOLVER_EXCEPTION,0.0,0,True,True
1544.515,-0.026423729406227617,-2.0021224766783434,0.17452703874119035,5.861923118202917e-05,0,nan,nan,nan,2.0,-0.0021277884458105038,0.17448176228878465,1.999941380768818,0.0,-1.0,SOLVER_EXCEPTION,0.0,0,True,True
1544.617,-0.026503762860983597,-2.0021365704320697,0.17452702075267312,5.819692600491849e-05,0,nan,nan,nan,2.0,-0.002141456052316072,0.1744817448395084,1.999941803073995,0.0,-1.0,SOLVER_EXCEPTION,0.0,0,True,True
1544.723,-0.02658935230179999,-2.0021516425744643,0.17452700150228279,5.775029650810423e-05,0,nan,nan,nan,2.0,-0.0021558206803191536,0.17448172649042437,1.999942249703492,0.0,-1.0,SOLVER_EXCEPTION,0.0,0,True,True
1544.814,-0.02666290532376593,-2.0021645951156253,0.17452698495023328,5.737054454605634e-05,0,nan,nan,nan,2.0,-0.002170036992668467,0.17448170832017373,1.9999426294554539,0.0,-1.0,SOLVER_EXCEPTION,0.0,0,True,True
1544.915,-0.026742814950494007,-2.002178667032053,0.1745269669621703,5.696212708103281e-05,0,nan,nan,nan,2.0,-0.0021839646436199642,0.1744816905109512,1.999943037872919,0.0,-1.0,SOLVER_EXCEPTION,0.0,0,True,True
1545.016,-0.026822684069577104,-2.0021927318040946,0.17452694897348592,5.65583305498587e-05,0,nan,nan,nan,2.0,-0.0021981664468658135,0.17448167234342637,1.9999434416694502,0.0,-1.0,SOLVER_EXCEPTION,0.0,0,True,True
1545.118,-0.026902513130497952,-2.0022067895122087,0.1745269309814491,5.6159184638136725e-05,0,nan,nan,nan,2.0,-0.00221222054057457,0.17448165435138963,1.9999438408153618,0.0,-1.0,SOLVER_EXCEPTION,0.0,0,True,True
1545.215,-0.026981504880248575,-2.0022206997617307,0.17452691317202582,5.576842374117996e-05,0,nan,nan,nan,2.0,-0.002226127213602102,0.17448163654196636,1.9999442315762588,0.0,-1.0,SOLVER_EXCEPTION,0.0,0,True,True
1545.32,-0.027066836643376443,-2.002235726460008,0.17452689392538803,5.5351001035862516e-05,0,nan,nan,nan,2.0,-0.002240307854478668,0.17448161837163179,1.999944648998964,0.0,-1.0,SOLVER_EXCEPTION,0.0,0,True,True
1545.417,-0.02714415517064423,-2.0022493420384784,0.17452687647516255,5.497708704844216e-05,0,nan,nan,nan,2.0,-0.0022543412298560153,0.17448160038300298,1.9999450229129516,0.0,-1.0,SOLVER_EXCEPTION,0.0,0,True,True
1545.516,-0.02722303076149698,-2.0022632318022873,0.17452685866420453,5.459978538362423e-05,0,nan,nan,nan,2.0,-0.0022682276214202055,0.17448158257291224,1.9999454002146164,0.0,-1.0,SOLVER_EXCEPTION,0.0,0,True,True
1545.617,-0.02730107309468772,-2.002276974822401,0.17452684103235844,5.423056279619115e-05,0,nan,nan,nan,2.0,-0.0022823878052431208,0.17448156440229923,1.9999457694372038,0.0,-1.0,SOLVER_EXCEPTION,0.0,0,True,True
1545.721,-0.02738465000625988,-2.002291692454415,0.1745268221434924,5.383955831512394e-05,0,nan,nan,nan,2.0,-0.002295420435779065,0.17448154767197144,1.9999461604416848,0.0,-1.0,SOLVER_EXCEPTION,0.0,0,True,True
1545.819,-0.027464209158217054,-2.00230570256072,0.1745268041542129,5.347163876856702e-05,0,nan,nan,nan,2.0,-0.0023104079859897586,0.17448152842542441,1.9999465283612314,0.0,-1.0,SOLVER_EXCEPTION,0.0,0,True,True
1545.917,-0.02754055155138287,-2.002319146197892,0.17452678688509912,5.312245419604784e-05,0,nan,nan,nan,2.0,-0.002324408366546204,0.17448151043270066,1.999946877545804,0.0,-1.0,SOLVER_EXCEPTION,0.0,0,True,True
1546.015,-0.0276200394586308,-2.0023331437403593,0.17452676889313018,5.276298077428731e-05,0,nan,nan,nan,2.0,-0.002338542281421613,0.17448149226307086,1.9999472370192257,0.0,-1.0,SOLVER_EXCEPTION,0.0,0,True,True
1546.119,-0.027701874653331064,-2.0023475546219673,0.17452675036281526,5.239709796867214e-05,0,nan,nan,nan,2.0,-0.00235239007926063,0.17448147445336604,1.9999476029020313,0.0,-1.0,SOLVER_EXCEPTION,0.0,0,True,True
1546.218,-0.027780496476283615,-2.00236139962975,0.17452673255548476,5.20495541625342e-05,0,nan,nan,nan,2.0,-0.00236637155716215,0.17448145646457114,1.9999479504458375,0.0,-1.0,SOLVER_EXCEPTION,0.0,0,True,True
1546.317,-0.02785908409519993,-2.0023752386062625,0.17452671474553047,5.1706136283312356e-05,0,nan,nan,nan,2.0,-0.0023802071570284584,0.1744814386531135,1.9999482938637168,0.0,-1.0,SOLVER_EXCEPTION,0.0,0,True,True
1546.418,-0.027937637904527038,-2.0023890716202124,0.17452669693464926,5.136677024244267e-05,0,nan,nan,nan,2.0,-0.0023943161195554763,0.17448142048345927,1.9999486332297576,0.0,-1.0,SOLVER_EXCEPTION,0.0,0,True,True
1546.517,-0.02801853718327963,-2.002403317652726,0.17452667858302393,5.102132469327199e-05,0,nan,nan,nan,2.0,-0.0024071625074904425,0.17448140393425549,1.9999489786753066,0.0,-1.0,SOLVER_EXCEPTION,0.0,0,True,True
1546.621,-0.028100194025333043,-2.0024176970783683,0.1745266600559222,5.0676662650609956e-05,0,nan,nan,nan,2.0,-0.002422097086913049,0.17448138468410823,1.9999493233373493,0.0,-1.0,SOLVER_EXCEPTION,0.0,0,True,True
1546.718,-0.028177854155897915,-2.0024313726921266,0.17452664242369925,5.035278107812496e-05,0,nan,nan,nan,2.0,-0.002436327526322352,0.17448136633453748,1.9999496472189218,0.0,-1.0,SOLVER_EXCEPTION,0.0,0,True,True
1546.816,-0.028254690720410057,-2.00244490327111,0.17452662497249738,5.003591860500342e-05,0,nan,nan,nan,2.0,-0.00245013364998029,0.17448134852459773,1.999949964081395,0.0,-1.0,SOLVER_EXCEPTION,0.0,0,True,True
1546.92,-0.02833782984149055,-2.0024595436929404,0.17452660608329135,4.9697049552040926e-05,0,nan,nan,nan,2.0,-0.002464073523217129,0.17448133053266268,1.999950302950448,0.0,-1.0,SOLVER_EXCEPTION,0.0,0,True,True
1547.018,-0.028415394396418887,-2.0024732024495484,0.17452658845344032,4.938465936773458e-05,0,nan,nan,nan,2.0,-0.0024780077283484522,0.17448131254358445,1.9999506153406323,0.0,-1.0,SOLVER_EXCEPTION,0.0,0,True,True
1547.119,-0.02849371946964901,-2.0024869951223185,0.17452657064212065,4.9072863112556185e-05,0,nan,nan,nan,2.0,-0.002491518556179954,0.17448129509179955,1.9999509271368874,0.0,-1.0,SOLVER_EXCEPTION,0.0,0,True,True
1547.219,-0.02857359518259219,-2.002501060846788,0.17452655247236054,4.875857171876258e-05,0,nan,nan,nan,2.0,-0.0025058594051149013,0.17448127656193302,1.9999512414282812,0.0,-1.0,SOLVER_EXCEPTION,0.0,0,True,True
1547.315,-0.02865027772976029,-2.0025145642621607,0.17452653502103596,4.8460382004006254e-05,0,nan,nan,nan,2.0,-0.002519777008511973,0.1744812585731208,1.999951539617996,0.0,-1.0,SOLVER_EXCEPTION,0.0,0,True,True
1547.418,-0.02873167197704008,-2.002528897374811,0.17452651649394352,4.8147510855238853e-05,0,nan,nan,nan,2.0,-0.0025329937262506155,0.17448124148162325,1.9999518524891449,0.0,-1.0,SOLVER_EXCEPTION,0.0,0,True,True
1547.52,-0.028808295450215075,-2.0025423903714246,0.17452649904214626,4.785654896602066e-05,0,nan,nan,nan,2.0,-0.002547596070227115,0.17448122259097243,1.999952143451034,0.0,-1.0,SOLVER_EXCEPTION,0.0,0,True,True
1547.618,-0.028888838236053566,-2.002556573530524,0.17452648069010732,4.755431327558979e-05,0,nan,nan,nan,2.0,-0.0025614976574331203,0.17448120460201322,1.9999524456867244,0.0,-1.0,SOLVER_EXCEPTION,0.0,0,True,True
1547.718,-0.02896856109650526,-2.002570612296396,0.17452646252028656,4.725868642938234e-05,0,nan,nan,nan,2.0,-0.0025753940332160245,0.17448118660982548,1.9999527413135707,0.0,-1.0,SOLVER_EXCEPTION,0.0,0,True,True
1547.816,-0.02904588748659124,-2.0025842290482454,0.17452644489044283,4.697534161462204e-05,0,nan,nan,nan,2.0,-0.002589424145478942,0.1744811684414902,1.9999530246583854,0.0,-1.0,SOLVER_EXCEPTION,0.0,0,True,True
1547.917,-0.0291255520272585,-2.002598257528339,0.17452642671876056,4.6686937640851104e-05,0,nan,nan,nan,2.0,-0.0026030325618365867,0.17448115080840498,1.9999533130623592,0.0,-1.0,SOLVER_EXCEPTION,0.0,0,True,True
1548.019,-0.029205187501257973,-2.002612280881987,0.17452640854869808,4.640204857447354e-05,0,nan,nan,nan,2.0,-0.002616636150498826,0.17448113317880232,1.9999535979514256,0.0,-1.0,SOLVER_EXCEPTION,0.0,0,True,True
1548.118,-0.0292832181672494,-2.0026260216300877,0.17452639073735982,4.6126273006396554e-05,0,nan,nan,nan,2.0,-0.002630928659116805,0.17448111464911964,1.9999538737269935,0.0,-1.0,SOLVER_EXCEPTION,0.0,0,True,True
1548.217,-0.029359646017068735,-2.0026394801233542,0.17452637328985587,4.5859219339630784e-05,0,nan,nan,nan,2.0,-0.00264424514475622,0.17448109737639728,1.9999541407806605,0.0,-1.0,SOLVER_EXCEPTION,0.0,0,True,True
1548.316,-0.02943998555779516,-2.0026536274352726,0.17452635493659371,4.5582041052838014e-05,0,nan,nan,nan,2.0,-0.0026586662960054706,0.17448107866644502,1.9999544179589472,0.0,-1.0,SOLVER_EXCEPTION,0.0,0,True,True
1548.415,-0.029517935158730853,-2.0026673538857045,0.1745263371263517,4.531623760491775e-05,0,nan,nan,nan,2.0,-0.002672389311354645,0.17448106085614956,1.9999546837623952,0.0,-1.0,SOLVER_EXCEPTION,0.0,0,True,True
1548.517,-0.029598219378592548,-2.0026814914405167,0.1745263187774148,4.5045744387363876e-05,0,nan,nan,nan,2.0,-0.0026865233271080023,0.17448104250718144,1.9999549542556125,0.0,-1.0,SOLVER_EXCEPTION,0.0,0,True,True
1548.619,-0.02967768934239318,-2.0026954856016337,0.1745263006051968,4.4781389848409336e-05,0,nan,nan,nan,2.0,-0.0027000984880344568,0.1744810248777453,1.9999552186101517,0.0,-1.0,SOLVER_EXCEPTION,0.0,0,True,True
1548.719,-0.0297571326162792,-2.002709475056102,0.17452628243466264,4.4520272050748764e-05,0,nan,nan,nan,2.0,-0.0027146383853265234,0.1744810059855859,1.9999554797279493,0.0,-1.0,SOLVER_EXCEPTION,0.0,0,True,True
1548.817,-0.029834190986705436,-2.0027230445368156,0.1745262648053375,4.426999098217812e-05,0,nan,nan,nan,2.0,-0.0027277891990954433,0.17448098889494945,1.9999557300090178,0.0,-1.0,SOLVER_EXCEPTION,0.0,0,True,True
1548.916,-0.02990965295761169,-2.0027363328953576,0.1745262475324817,4.4027872293899964e-05,0,nan,nan,nan,2.0,-0.002741627770023275,0.17448097090242243,1.999955972127706,0.0,-1.0,SOLVER_EXCEPTION,0.0,0,True,True
1549.018,-0.029989805824868297,-2.0027504472819966,0.17452622918264343,4.3773721115834806e-05,0,nan,nan,nan,2.0,-0.002755600209096813,0.17448095273369724,1.9999562262788841,0.0,-1.0,SOLVER_EXCEPTION,0.0,0,True,True
1549.115,-0.030068361893770816,-2.0027642804764056,0.1745262111928459,4.352767349446551e-05,0,nan,nan,nan,2.0,-0.002769568165236913,0.17448093456278624,1.9999564723265055,0.0,-1.0,SOLVER_EXCEPTION,0.0,0,True,True
1549.222,-0.030152389631999708,-2.0027790771875718,0.17452619194181815,4.3267840442409674e-05,0,nan,nan,nan,2.0,-0.0027832552305974336,0.17448091675103639,1.9999567321595575,0.0,-1.0,SOLVER_EXCEPTION,0.0,0,True,True
1549.317,-0.030226970374846163,-2.0027922103402873,0.17452617485096053,4.3040021466972624e-05,0,nan,nan,nan,2.0,-0.002796247139070922,0.1744808998378211,1.999956959978533,0.0,-1.0,SOLVER_EXCEPTION,0.0,0,True,True
1549.418,-0.030306237717156886,-2.002806168763443,0.17452615667827334,4.280087465316751e-05,0,nan,nan,nan,2.0,-0.0028106168019023997,0.17448088112836535,1.9999571991253469,0.0,-1.0,SOLVER_EXCEPTION,0.0,0,True,True
1549.515,-0.030379989539992897,-2.0028191559364097,0.17452613976826847,4.25808974409896e-05,0,nan,nan,nan,2.0,-0.002824291409207324,0.17448086331711465,1.999957419102559,0.0,-1.0,SOLVER_EXCEPTION,0.0,0,True,True
1549.621,-0.030464700118457918,-2.0028340728617295,0.17452612033601472,4.2331452564087326e-05,0,nan,nan,nan,2.0,-0.0028385142260625358,0.1744808447853825,1.9999576685474358,0.0,-1.0,SOLVER_EXCEPTION,0.0,0,True,True
1549.718,-0.03053605566305608,-2.0028466380546828,0.17452610396445958,4.212385184117754e-05,0,nan,nan,nan,2.0,-0.0028519045678318576,0.17448082733440007,1.999957876148159,0.0,-1.0,SOLVER_EXCEPTION,0.0,0,True,True
1549.815,-0.030617581673335705,-2.0028609941855544,0.1745260852544461,4.188947973455178e-05,0,nan,nan,nan,2.0,-0.0028659810397607278,0.17448080898435192,1.9999581105202655,0.0,-1.0,SOLVER_EXCEPTION,0.0,0,True,True
1549.915,-0.030695165465747586,-2.0028746561146367,0.1745260674432477,4.166923359590472e-05,0,nan,nan,nan,2.0,-0.00287991542380136,0.17448079081318824,1.9999583307664042,0.0,-1.0,SOLVER_EXCEPTION,0.0,0,True,True
1550.014,-0.030775860752271223,-2.002888865948448,0.17452604891159854,4.1442997331236945e-05,0,nan,nan,nan,2.0,-0.0028937078900294856,0.17448077282356556,1.9999585570026688,0.0,-1.0,SOLVER_EXCEPTION,0.0,0,True,True
1550.123,-0.030858098886368212,-2.0029033474579783,0.174526030022757,4.1215318067535943e-05,0,nan,nan,nan,2.0,-0.0029073586037285416,0.17448075501177618,1.9999587846819324,0.0,-1.0,SOLVER_EXCEPTION,0.0,0,True,True
1550.219,-0.030934049949618875,-2.0029167218563857,0.17452601257150813,4.100769735541865e-05,0,nan,nan,nan,2.0,-0.002920592066332822,0.1744807377386035,1.9999589923026446,0.0,-1.0,SOLVER_EXCEPTION,0.0,0,True,True
1550.319,-0.031009980799584922,-2.0029300926896547,0.1745259951204796,4.0802594228877015e-05,0,nan,nan,nan,2.0,-0.002935062164206305,0.17448071885029792,1.999959197405771,0.0,-1.0,SOLVER_EXCEPTION,0.0,0,True,True
1550.416,-0.03108823912106916,-2.0029438733666027,0.17452597712750573,4.0593835463777474e-05,0,nan,nan,nan,2.0,-0.0029488393723102364,0.1744807008572944,1.9999594061645363,0.0,-1.0,SOLVER_EXCEPTION,0.0,0,True,True
1550.518,-0.031165694207237353,-2.002957512593771,0.1745259593155035,4.038971856740585e-05,0,nan,nan,nan,2.0,-0.0029626128821502356,0.17448068286759577,1.9999596102814325,0.0,-1.0,SOLVER_EXCEPTION,0.0,0,True,True
1550.619,-0.031243911063731245,-2.002971285955719,0.174525941324821,4.0186108389614956e-05,0,nan,nan,nan,2.0,-0.0029758320145898353,0.17448066559733277,1.9999598138916104,0.0,-1.0,SOLVER_EXCEPTION,0.0,0,True,True
1550.716,-0.03132210746670612,-2.002985055710691,0.17452592333467842,3.998502476432692e-05,0,nan,nan,nan,2.0,-0.0029897360539193015,0.1744806474243532,1.9999600149752357,0.0,-1.0,SOLVER_EXCEPTION,0.0,0,True,True
1550.812,-0.0313979386742034,-2.0029984089680477,0.17452590588353692,3.9792413360059426e-05,0,nan,nan,nan,2.0,-0.0030036364578829924,0.1744806292534773,1.9999602075866398,0.0,-1.0,SOLVER_EXCEPTION,0.0,0,True,True
1550.917,-0.031479221381891145,-2.003012722183488,0.1745258871738586,3.958849094974079e-05,0,nan,nan,nan,2.0,-0.0030176708458030214,0.17448061090054923,1.9999604115090504,0.0,-1.0,SOLVER_EXCEPTION,0.0,0,True,True
1551.018,-0.03155892025926986,-2.003026756493458,0.17452586881972282,3.939126054950896e-05,0,nan,nan,nan,2.0,-0.0030311514583542384,0.17448059326946375,1.9999606087394506,0.0,-1.0,SOLVER_EXCEPTION,0.0,0,True,True
1551.115,-0.03163391247349705,-2.00303996199354,0.1745258515494989,3.920778967788336e-05,0,nan,nan,nan,2.0,-0.0030451787992344594,0.17448057491943958,1.9999607922103222,0.0,-1.0,SOLVER_EXCEPTION,0.0,0,True,True
1551.223,-0.03171747667767642,-2.003054676943096,0.17452583229792196,3.900599150613567e-05,0,nan,nan,nan,2.0,-0.003058927670286561,0.1744805569261496,1.999960994008494,0.0,-1.0,SOLVER_EXCEPTION,0.0,0,True,True
1551.319,-0.03179165098577162,-2.0030677384052655,0.1745258152059726,3.882911133125845e-05,0,nan,nan,nan,2.0,-0.003072260875486543,0.17448053947343167,1.9999611708886686,0.0,-1.0,SOLVER_EXCEPTION,0.0,0,True,True
1551.417,-0.03187049143700103,-2.0030816215299465,0.17452579703304508,3.864345291947452e-05,0,nan,nan,nan,2.0,-0.0030864154079601283,0.17448052094501332,1.9999613565470806,0.0,-1.0,SOLVER_EXCEPTION,0.0,0,True,True
1551.518,-0.031947752363339126,-2.0030952265083877,0.17452577922148885,3.8463706459466495e-05,0,nan,nan,nan,2.0,-0.003100154358353429,0.17448050295131212,1.9999615362935406,0.0,-1.0,SOLVER_EXCEPTION,0.0,0,True,True
1551.617,-0.03202655565074224,-2.003109103077605,0.17452576105051618,3.828262415983251e-05,0,nan,nan,nan,2.0,-0.0031137527418267667,0.17448048514018533,1.9999617173758402,0.0,-1.0,SOLVER_EXCEPTION,0.0,0,True,True
1551.718,-0.032105340519762625,-2.0031229763969747,0.1745257428807643,3.810383759774217e-05,0,nan,nan,nan,2.0,-0.003127622622303724,0.17448046697108932,1.9999618961624022,0.0,-1.0,SOLVER_EXCEPTION,0.0,0,True,True
1551.818,-0.03218332742092211,-2.0031367091967383,0.17452572488699217,3.792920023429584e-05,0,nan,nan,nan,2.0,-0.0031412147369613112,0.17448044915895178,1.9999620707997656,0.0,-1.0,SOLVER_EXCEPTION,0.0,0,True,True
1551.915,-0.03225895788894936,-2.00315002704412,0.17452570743561122,3.77618189275063e-05,0,nan,nan,nan,2.0,-0.0031550783023321666,0.17448043098653487,1.9999622381810724,0.0,-1.0,SOLVER_EXCEPTION,0.0,0,True,True
1552.017,-0.03233768974716453,-2.003163891013267,0.17452568926327783,3.7589760000499764e-05,0,nan,nan,nan,2.0,-0.003168801520838974,0.17448041299304817,1.9999624102399995,0.0,-1.0,SOLVER_EXCEPTION,0.0,0,True,True
1552.122,-0.03241952112336762,-2.0031783007726545,0.1745256703745984,3.7413137941996986e-05,0,nan,nan,nan,2.0,-0.0031815613933569757,0.1744803962612731,1.999962586862058,0.0,-1.0,SOLVER_EXCEPTION,0.0,0,True,True
1552.217,-0.03249432201730015,-2.003191472524119,0.17452565310065055,3.7253841990991954e-05,0,nan,nan,nan,2.0,-0.003195278796113047,0.17448037827033014,1.999962746158009,0.0,-1.0,SOLVER_EXCEPTION,0.0,0,True,True
1552.32,-0.03257378105451445,-2.0032054645263937,0.17452563475051158,3.708658564415157e-05,0,nan,nan,nan,2.0,-0.0032099531428844584,0.1744803590178119,1.999962913414356,0.0,-1.0,SOLVER_EXCEPTION,0.0,0,True,True
1552.418,-0.03265010783866284,-2.0032189049627838,0.17452561711680928,3.692804572587121e-05,0,nan,nan,nan,2.0,-0.003223664463448666,0.17448034102753773,1.999963071954274,0.0,-1.0,SOLVER_EXCEPTION,0.0,0,True,True
1552.519,-0.03272875473924288,-2.0032327539440398,0.1745255989463827,3.6766631912546554e-05,0,nan,nan,nan,2.0,-0.0032373729007141422,0.17448032303631544,1.9999632333680875,0.0,-1.0,SOLVER_EXCEPTION,0.0,0,True,True
1552.617,-0.0328050498588322,-2.0032461887946575,0.17452558131247423,3.661208676399771e-05,0,nan,nan,nan,2.0,-0.003251078491911249,0.17448030504226963,1.999963387913236,0.0,-1.0,SOLVER_EXCEPTION,0.0,0,True,True
1552.718,-0.03288132967210239,-2.0032596209447813,0.17452556368182037,3.645934715194224e-05,0,nan,nan,nan,2.0,-0.0032647812714033976,0.174480287051761,1.999963540652848,0.0,-1.0,SOLVER_EXCEPTION,0.0,0,True,True
1552.817,-0.032959928762451615,-2.0032734614924457,0.17452554551031352,3.630396012436352e-05,0,nan,nan,nan,2.0,-0.003278481274337051,0.17448026905786396,1.9999636960398757,0.0,-1.0,SOLVER_EXCEPTION,0.0,0,True,True
1552.917,-0.03303851199484631,-2.003287299241975,0.17452552733658488,3.6150681398366826e-05,0,nan,nan,nan,2.0,-0.003292041574974445,0.17448025124874533,1.9999638493186016,0.0,-1.0,SOLVER_EXCEPTION,0.0,0,True,True
1553.014,-0.033114746101811005,-2.003300723328672,0.1745255097070103,3.600365163135115e-05,0,nan,nan,nan,2.0,-0.0033058730869425907,0.17448023307695104,1.9999639963483686,0.0,-1.0,SOLVER_EXCEPTION,0.0,0,True,True
1553.118,-0.03319485401109623,-2.003314829549845,0.17452549117448773,3.5851208663989156e-05,0,nan,nan,nan,2.0,-0.0033192911540740745,0.1744802154430558,1.999964148791336,0.0,-1.0,SOLVER_EXCEPTION,0.0,0,True,True
1553.217,-0.033271058441170585,-2.0033282484009436,0.17452547354366552,3.570795053407035e-05,0,nan,nan,nan,2.0,-0.0033332542030142685,0.17448019709271811,1.999964292049466,0.0,-1.0,SOLVER_EXCEPTION,0.0,0,True,True
1553.317,-0.033350358176695405,-2.0033422123001796,0.1745254551890158,3.5560925665504844e-05,0,nan,nan,nan,2.0,-0.0033469408315223133,0.17448017910115166,1.9999644390743345,0.0,-1.0,SOLVER_EXCEPTION,0.0,0,True,True
1553.421,-0.03343119717232243,-2.003356447243218,0.17452543647857766,3.541278961360572e-05,0,nan,nan,nan,2.0,-0.0033606248853831774,0.17448016110697884,1.9999645872103864,0.0,-1.0,SOLVER_EXCEPTION,0.0,0,True,True
1553.515,-0.03350347268375832,-2.0033691742371693,0.17452541974647043,3.5282017342512346e-05,0,nan,nan,nan,2.0,-0.0033740327896474936,0.17448014347625396,1.9999647179826574,0.0,-1.0,SOLVER_EXCEPTION,0.0,0,True,True
1553.615,-0.033581951494794586,-2.003382993565314,0.17452540157325738,3.514181763377881e-05,0,nan,nan,nan,2.0,-0.0033878486153410027,0.17448012530346535,1.9999648581823661,0.0,-1.0,SOLVER_EXCEPTION,0.0,0,True,True
1553.717,-0.03365886234608127,-2.003396536786969,0.1745253837607712,3.5006127246057925e-05,0,nan,nan,nan,2.0,-0.003401661909391613,0.17448010713071183,1.999964993872754,0.0,-1.0,SOLVER_EXCEPTION,0.0,0,True,True
1553.815,-0.033736536254726855,-2.003410214371101,0.17452536576983035,3.4870722450400945e-05,0,nan,nan,nan,2.0,-0.0034149257901401205,0.17448008967731532,1.9999651292775495,0.0,-1.0,SOLVER_EXCEPTION,0.0,0,True,True
1553.926,-0.033822738237724394,-2.0034253936562227,0.1745253457967426,3.47225822542565e-05,0,nan,nan,nan,2.0,-0.0034288709200332814,0.17448007132670362,1.9999652774177457,0.0,-1.0,SOLVER_EXCEPTION,0.0,0,True,True
1554.015,-0.033892619491288814,-2.0034376990245684,0.17452532960556516,3.4603860739011045e-05,0,nan,nan,nan,2.0,-0.0034426768827589705,0.17448005315453274,1.999965396139261,0.0,-1.0,SOLVER_EXCEPTION,0.0,0,True,True
1554.115,-0.03396947636166724,-2.0034512327226697,0.17452531179280528,3.44749642063126e-05,0,nan,nan,nan,2.0,-0.003456343781480302,0.17448003516274602,1.9999655250357937,0.0,-1.0,SOLVER_EXCEPTION,0.0,0,True,True
1554.216,-0.03404864868790646,-2.0034651741443428,0.17452529343864714,3.43439026450277e-05,0,nan,nan,nan,2.0,-0.0034694618120294732,0.17448001788827838,1.9999656560973549,0.0,-1.0,SOLVER_EXCEPTION,0.0,0,True,True
1554.316,-0.034125479438303095,-2.003478703234272,0.17452527562673323,3.421822529698496e-05,0,nan,nan,nan,2.0,-0.00348367061851194,0.17447999917766088,1.999965781774703,0.0,-1.0,SOLVER_EXCEPTION,0.0,0,True,True
1554.42,-0.03420617693511406,-2.0034929132124373,0.1745252569149501,3.408795041079112e-05,0,nan,nan,nan,2.0,-0.003496374487578091,0.17447998244538976,1.9999659120495892,0.0,-1.0,SOLVER_EXCEPTION,0.0,0,True,True
1554.515,-0.034279878971957896,-2.003505891360303,0.1745252398215333,3.397047349736937e-05,0,nan,nan,nan,2.0,-0.003510715231779055,0.17447996355139983,1.9999660295265027,0.0,-1.0,SOLVER_EXCEPTION,0.0,0,True,True
1554.62,-0.03436132593171416,-2.003520233302784,0.1745252209298627,3.384222737722818e-05,0,nan,nan,nan,2.0,-0.0035246439006307493,0.17447994520051946,1.9999661577726229,0.0,-1.0,SOLVER_EXCEPTION,0.0,0,True,True
1554.718,-0.034438106255970005,-2.0035337534951942,0.17452520311929542,3.3722839246411624e-05,0,nan,nan,nan,2.0,-0.003538297247860722,0.17447992720627337,1.9999662771607536,0.0,-1.0,SOLVER_EXCEPTION,0.0,0,True,True
1554.818,-0.034514874577982795,-2.0035472715704805,0.17452518530664143,3.3605040392759336e-05,0,nan,nan,nan,2.0,-0.003551538928635117,0.1744799097567178,1.9999663949596072,0.0,-1.0,SOLVER_EXCEPTION,0.0,0,True,True
1554.918,-0.03459318156061391,-2.0035610605835728,0.17452516713329513,3.348640848751729e-05,0,nan,nan,nan,2.0,-0.0035655974848624685,0.1744798912229597,1.9999665135915126,0.0,-1.0,SOLVER_EXCEPTION,0.0,0,True,True
1555.016,-0.03466915094704319,-2.0035744379670883,0.17452514949878717,3.337279839729972e-05,0,nan,nan,nan,2.0,-0.0035791079700231605,0.17447987341074844,1.9999666272016028,0.0,-1.0,SOLVER_EXCEPTION,0.0,0,True,True
1555.119,-0.03474820909494476,-2.0035883592428534,0.17452513114709955,3.325597380301917e-05,0,nan,nan,nan,2.0,-0.0035926164150816187,0.17447985559730483,1.999966744026197,0.0,-1.0,SOLVER_EXCEPTION,0.0,0,True,True
1555.218,-0.03482338060096011,-2.00360159612008,0.17452511369417364,3.3146316552342326e-05,0,nan,nan,nan,2.0,-0.003606259262713131,0.17447983760505226,1.9999668536834476,0.0,-1.0,SOLVER_EXCEPTION,0.0,0,True,True
1555.319,-0.03490241525305124,-2.003615513250818,0.17452509534307353,3.303239601111739e-05,0,nan,nan,nan,2.0,-0.003619218087380757,0.17447982051224198,1.9999669676039888,0.0,-1.0,SOLVER_EXCEPTION,0.0,0,True,True
1555.419,-0.03498066341110302,-2.003629291884479,0.17452507716963214,3.292114188221878e-05,0,nan,nan,nan,2.0,-0.0036335388940275264,0.1744798016201825,1.9999670788581179,0.0,-1.0,SOLVER_EXCEPTION,0.0,0,True,True
1555.518,-0.03505812556342671,-2.003642932106115,0.17452505917839353,3.2812345266362765e-05,0,nan,nan,nan,2.0,-0.003647175727006471,0.1744797836288705,1.9999671876547336,0.0,-1.0,SOLVER_EXCEPTION,0.0,0,True,True
1555.615,-0.03513247880830898,-2.0036560248810398,0.1745250419035884,3.270931118640275e-05,0,nan,nan,nan,2.0,-0.0036590381811467355,0.174479767971516,1.9999672906888135,0.0,-1.0,SOLVER_EXCEPTION,0.0,0,True,True
1555.717,-0.03521069373434207,-2.003669797651169,0.17452502373005377,3.260221738803636e-05,0,nan,nan,nan,2.0,-0.0036743072326384787,0.17447974781976772,1.999967397782612,0.0,-1.0,SOLVER_EXCEPTION,0.0,0,True,True
1555.818,-0.03529044612091923,-2.0036838411459086,0.17452500520104752,3.2494241515131507e-05,0,nan,nan,nan,2.0,-0.0036883471950427487,0.17447972928765854,1.999967505758485,0.0,-1.0,SOLVER_EXCEPTION,0.0,0,True,True
1555.918,-0.035367864795778636,-2.003697473696623,0.1745249872055736,3.239105202935113e-05,0,nan,nan,nan,2.0,-0.0037019763148940753,0.1744797112956218,1.9999676089479705,0.0,-1.0,SOLVER_EXCEPTION,0.0,0,True,True
1556.018,-0.03544527293850476,-2.003711104389264,0.17452496921402105,3.2288985676936454e-05,0,nan,nan,nan,2.0,-0.00371560357647113,0.17447969330372493,1.999967711014323,0.0,-1.0,SOLVER_EXCEPTION,0.0,0,True,True
1556.117,-0.03551570530642246,-2.0037235067240973,0.17452495283971906,3.2197316643715036e-05,0,nan,nan,nan,2.0,-0.0037285477745929267,0.17447967620965965,1.9999678026833563,0.0,-1.0,SOLVER_EXCEPTION,0.0,0,True,True
1556.22,-0.03560160579805302,-2.003738632813684,0.17452493286735496,3.208693027506074e-05,0,nan,nan,nan,2.0,-0.0037423077058514193,0.17447965803728094,1.999967913069725,0.0,-1.0,SOLVER_EXCEPTION,0.0,0,True,True
1556.321,-0.03567434058190218,-2.0037514405701344,0.17452491595515773,3.1994612111533104e-05,0,nan,nan,nan,2.0,-0.00375647443813078,0.17447963932509847,1.9999680053878885,0.0,-1.0,SOLVER_EXCEPTION,0.0,0,True,True
1556.42,-0.03575480279576881,-2.003765609034615,0.17452489724034373,3.189389120933225e-05,0,nan,nan,nan,2.0,-0.0037700944936888427,0.17447962132996464,1.9999681061087906,0.0,-1.0,SOLVER_EXCEPTION,0.0,0,True,True
1556.529,-0.03583912190667311,-2.0037804566484008,0.1745248776297253,3.17896184173406e-05,0,nan,nan,nan,2.0,-0.003783304278754303,0.17447960387699135,1.9999682103815826,0.0,-1.0,SOLVER_EXCEPTION,0.0,0,True,True
1556.615,-0.03590718758745271,-2.0037924422197126,0.17452486179541918,3.170656413169134e-05,0,nan,nan,nan,2.0,-0.0037973293879660025,0.17447958534656305,1.9999682934358682,0.0,-1.0,SOLVER_EXCEPTION,0.0,0,True,True
1556.717,-0.03598684588826653,-2.003806469112474,0.17452484326096837,3.161059724747152e-05,0,nan,nan,nan,2.0,-0.003811080411017377,0.1744795671730497,1.9999683894027525,0.0,-1.0,SOLVER_EXCEPTION,0.0,0,True,True
1556.82,-0.03606262789895363,-2.0038198134323455,0.17452482562931115,3.152030806427311e-05,0,nan,nan,nan,2.0,-0.0038240129766021927,0.17447955007896,1.9999684796919357,0.0,-1.0,SOLVER_EXCEPTION,0.0,0,True,True
1556.919,-0.03614072031420934,-2.003833564583742,0.17452480745674656,3.142847568947862e-05,0,nan,nan,nan,2.0,-0.003838169014877972,0.17447953136425198,1.9999685715243105,0.0,-1.0,SOLVER_EXCEPTION,0.0,0,True,True
1557.019,-0.036218803254111094,-2.003847314062389,0.1745247892818611,3.133796317681618e-05,0,nan,nan,nan,2.0,-0.0038510984607142474,0.17447951427126007,1.999968662036823,0.0,-1.0,SOLVER_EXCEPTION,0.0,0,True,True
1557.124,-0.03629842275592664,-2.0038613341085254,0.17452477074906125,3.124673514354931e-05,0,nan,nan,nan,2.0,-0.00386525112522345,0.17447949555855624,1.9999687532648565,0.0,-1.0,SOLVER_EXCEPTION,0.0,0,True,True
1557.215,-0.03636953107956795,-2.0038738554339344,0.17452475419687186,3.1166208624473545e-05,0,nan,nan,nan,2.0,-0.003878857825922269,0.1744794775668126,1.9999688337913755,0.0,-1.0,SOLVER_EXCEPTION,0.0,0,True,True
1557.315,-0.036446041360517815,-2.0038873279764267,0.1745247363828556,3.108070884118202e-05,0,nan,nan,nan,2.0,-0.003891646684678218,0.17447946065136444,1.9999689192911587,0.0,-1.0,SOLVER_EXCEPTION,0.0,0,True,True
1557.417,-0.03652717916469472,-2.003901615365768,0.174524717489165,3.099124289488212e-05,0,nan,nan,nan,2.0,-0.003906202537320967,0.1744794414001083,1.9999690087571051,0.0,-1.0,SOLVER_EXCEPTION,0.0,0,True,True
1557.52,-0.03660598953628182,-2.0039154929193788,0.1745246991373463,3.090535631607926e-05,0,nan,nan,nan,2.0,-0.003919804544995153,0.17447942340466271,1.9999690946436839,0.0,-1.0,SOLVER_EXCEPTION,0.0,0,True,True
1557.618,-0.036682473386928705,-2.00392896079731,0.174524681323142,3.08231600204971e-05,0,nan,nan,nan,2.0,-0.003933405031958006,0.17447940541262152,1.9999691768399794,0.0,-1.0,SOLVER_EXCEPTION,0.0,0,True,True
1557.718,-0.03675972134015053,-2.0039425632198897,0.17452466333136823,3.0741118771191486e-05,0,nan,nan,nan,2.0,-0.003947004017115739,0.17447938742176383,1.9999692588812288,0.0,-1.0,SOLVER_EXCEPTION,0.0,0,True,True
1557.818,-0.036836960894844395,-2.003956164161504,0.17452464533580622,3.066026208914587e-05,0,nan,nan,nan,2.0,-0.003960465552157237,0.17447936960669352,1.9999693397379108,0.0,-1.0,SOLVER_EXCEPTION,0.0,0,True,True
1557.918,-0.03691341988437254,-2.003969627651671,0.17452462752168746,3.0581155229521115e-05,0,nan,nan,nan,2.0,-0.003974197559095875,0.17447935143371973,1.9999694188447705,0.0,-1.0,SOLVER_EXCEPTION,0.0,0,True,True
1558.016,-0.03698987084630225,-2.003983089724918,0.1745246097086831,3.0502991409474715e-05,0,nan,nan,nan,2.0,-0.003987792152642549,0.1744793334384993,1.9999694970085906,0.0,-1.0,SOLVER_EXCEPTION,0.0,0,True,True
1558.118,-0.037067085991881306,-2.0039966863574694,0.17452459171579646,3.0425068337376723e-05,0,nan,nan,nan,2.0,-0.004001385317572851,0.17447931544583595,1.9999695749316626,0.0,-1.0,SOLVER_EXCEPTION,0.0,0,True,True
1558.215,-0.037142749083786925,-2.004010009690084,0.17452457408339128,3.034961551017334e-05,0,nan,nan,nan,2.0,-0.0040149770732267375,0.17447929745333202,1.99996965038449,0.0,-1.0,SOLVER_EXCEPTION,0.0,0,True,True
1558.32,-0.03722303632411179,-2.0040241472749707,0.17452455536822037,3.0270701532464695e-05,0,nan,nan,nan,2.0,-0.004028295643346835,0.1744792798177799,1.9999697292984675,0.0,-1.0,SOLVER_EXCEPTION,0.0,0,True,True
1558.418,-0.0372994557741674,-2.0040376037860175,0.17452453755695732,3.0196375298780768e-05,0,nan,nan,nan,2.0,-0.004042156425711999,0.17447926146586035,1.9999698036247011,0.0,-1.0,SOLVER_EXCEPTION,0.0,0,True,True
1558.523,-0.037380498470929675,-2.0040518743898446,0.17452451866303229,3.0118741726030156e-05,0,nan,nan,nan,2.0,-0.0040557440559761794,0.17447924347268806,1.999969881258274,0.0,-1.0,SOLVER_EXCEPTION,0.0,0,True,True
1558.621,-0.03745381560191628,-2.0040647846157147,0.174524501568147,3.0049386906305174e-05,0,nan,nan,nan,2.0,-0.004069194490003076,0.1744792256576715,1.9999699506130937,0.0,-1.0,SOLVER_EXCEPTION,0.0,0,True,True
1558.718,-0.037530212569167484,-2.0040782371584527,0.17452448375471727,2.9977962045300358e-05,0,nan,nan,nan,2.0,-0.004082915312503502,0.17447920748456536,1.9999700220379546,0.0,-1.0,SOLVER_EXCEPTION,0.0,0,True,True
1558.815,-0.037603515963555434,-2.0040911449591974,0.17452446666136964,2.9910247473680837e-05,0,nan,nan,nan,2.0,-0.004096091480285487,0.17447919003131007,1.9999700897525263,0.0,-1.0,SOLVER_EXCEPTION,0.0,0,True,True
1558.919,-0.037682213309575045,-2.004105002562987,0.17452444830813488,2.9838496611076624e-05,0,nan,nan,nan,2.0,-0.0041099455209104635,0.17447917167807558,1.999970161503389,0.0,-1.0,SOLVER_EXCEPTION,0.0,0,True,True
1559.021,-0.03776553171925502,-2.0041196738752376,0.17452442887284847,2.9763602815450117e-05,0,nan,nan,nan,2.0,-0.004123662431382144,0.17447915350347332,1.9999702363971845,0.0,-1.0,SOLVER_EXCEPTION,0.0,0,True,True
1559.117,-0.037839585544723414,-2.0041327138082337,0.17452441160049886,2.969775540601433e-05,0,nan,nan,nan,2.0,-0.0041356127510363055,0.17447913766728185,1.999970302244594,0.0,-1.0,SOLVER_EXCEPTION,0.0,0,True,True
1559.218,-0.037917489335660075,-2.0041464316677002,0.1745243934248995,2.962953859749392e-05,0,nan,nan,nan,2.0,-0.004150685075230983,0.17447911769731173,1.9999703704614025,0.0,-1.0,SOLVER_EXCEPTION,0.0,0,True,True
1559.317,-0.03799152992666913,-2.0041594692648106,0.17452437615216107,2.9565341065330013e-05,0,nan,nan,nan,2.0,-0.0041642624503203775,0.17447909970100905,1.9999704346589346,0.0,-1.0,SOLVER_EXCEPTION,0.0,0,True,True
1559.415,-0.03806941996535206,-2.0041731846974624,0.1745243579786934,2.9498684504318083e-05,0,nan,nan,nan,2.0,-0.004177838612912782,0.17447908170850468,1.9999705013154956,0.0,-1.0,SOLVER_EXCEPTION,0.0,0,True,True
1559.518,-0.038148074170457166,-2.004187034685993,0.1745243396258675,2.9432239857113784e-05,0,nan,nan,nan,2.0,-0.004191549321578587,0.17447906353396414,1.999970567760143,0.0,-1.0,SOLVER_EXCEPTION,0.0,0,True,True
1559.626,-0.038231347501400934,-2.0042016980403305,0.17452432018994696,2.9362980828961406e-05,0,nan,nan,nan,2.0,-0.004205801749598186,0.17447904463955455,1.999970637019171,0.0,-1.0,SOLVER_EXCEPTION,0.0,0,True,True
1559.715,-0.038300736053485385,-2.004213916461812,0.17452430399655425,2.9305858712817577e-05,0,nan,nan,nan,2.0,-0.004218695694846503,0.174479027545412,1.9999706941412871,0.0,-1.0,SOLVER_EXCEPTION,0.0,0,True,True
1559.821,-0.038380911794959366,-2.0042280343647687,0.17452428528106267,2.924077185964346e-05,0,nan,nan,nan,2.0,-0.004231995727281658,0.17447900991289167,1.9999707592281404,0.0,-1.0,SOLVER_EXCEPTION,0.0,0,True,True
1559.918,-0.03845722645437408,-2.004241472377337,0.17452426746981162,2.91794551720657e-05,0,nan,nan,nan,2.0,-0.004245837456212965,0.17447899156002045,1.9999708205448279,0.0,-1.0,SOLVER_EXCEPTION,0.0,0,True,True
1560.017,-0.03853276411229298,-2.004254773568462,0.17452424983372727,2.91197064462475e-05,0,nan,nan,nan,2.0,-0.004259406643706739,0.17447897356362585,1.9999708802935539,0.0,-1.0,SOLVER_EXCEPTION,0.0,0,True,True
1560.117,-0.03861060782839702,-2.0042684808234106,0.17452423165892333,2.9058838797606722e-05,0,nan,nan,nan,2.0,-0.004272974721056684,0.17447895557094117,1.9999709411612023,0.0,-1.0,SOLVER_EXCEPTION,0.0,0,True,True
1560.217,-0.03868690393713284,-2.0042819155618847,0.17452421384527964,2.8999879632656422e-05,0,nan,nan,nan,2.0,-0.004286406037616048,0.17447893775606982,1.9999710001203674,0.0,-1.0,SOLVER_EXCEPTION,0.0,0,True,True
1560.317,-0.038764735188355284,-2.0042956206151614,0.17452419567255123,2.894049223011929e-05,0,nan,nan,nan,2.0,-0.00430010759966738,0.17447891958146577,1.99997105950777,0.0,-1.0,SOLVER_EXCEPTION,0.0,0,True,True
1560.418,-0.03884256026285787,-2.0043093245788404,0.17452417749876792,2.8881882131281287e-05,0,nan,nan,nan,2.0,-0.004313672428772198,0.17447890158849377,1.9999711181178688,0.0,-1.0,SOLVER_EXCEPTION,0.0,0,True,True
1560.517,-0.038914215580186574,-2.0043219421273775,0.17452416076323438,2.882865300891163e-05,0,nan,nan,nan,2.0,-0.004326829304167368,0.1744788841331748,1.999971171346991,0.0,-1.0,SOLVER_EXCEPTION,0.0,0,True,True
1560.62,-0.038996651400934036,-2.0043364579757013,0.17452414150918444,2.8768149056692685e-05,0,nan,nan,nan,2.0,-0.004340798932616548,0.17447886559942827,1.9999712318509433,0.0,-1.0,SOLVER_EXCEPTION,0.0,0,True,True
1560.722,-0.03907599920282455,-2.004350430062631,0.17452412297362202,2.8710753300358077e-05,0,nan,nan,nan,2.0,-0.004354089408880036,0.17447884796565694,1.9999712892466996,0.0,-1.0,SOLVER_EXCEPTION,0.0,0,True,True
1560.817,-0.039148408371594286,-2.0043631803459743,0.17452410606182317,2.8658823085118063e-05,0,nan,nan,nan,2.0,-0.00436805691926153,0.17447882943176385,1.9999713411769149,0.0,-1.0,SOLVER_EXCEPTION,0.0,0,True,True
1560.922,-0.039230055239053124,-2.00437755726121,0.1745240869887559,2.8601112787648263e-05,0,nan,nan,nan,2.0,-0.004381480998017422,0.1744788116166971,1.9999713988872123,0.0,-1.0,SOLVER_EXCEPTION,0.0,0,True,True
1561.016,-0.03930245378747286,-2.0043903056696286,0.17452407007203605,2.8550730802808273e-05,0,nan,nan,nan,2.0,-0.004395175268230764,0.1744787934419767,1.9999714492691971,0.0,-1.0,SOLVER_EXCEPTION,0.0,0,True,True
1561.119,-0.0393825486019722,-2.004404409284183,0.17452405135904053,2.8495514815722568e-05,0,nan,nan,nan,2.0,-0.004408190678945463,0.17447877616870677,1.9999715044851842,0.0,-1.0,SOLVER_EXCEPTION,0.0,0,True,True
1561.218,-0.0394580171430044,-2.0044176982719772,0.17452403372272918,2.8444277610096316e-05,0,nan,nan,nan,2.0,-0.004422018576976481,0.17447875781244493,1.9999715557223898,0.0,-1.0,SOLVER_EXCEPTION,0.0,0,True,True
1561.324,-0.0395327104838934,-2.004430850754837,0.17452401626741468,2.839414739805389e-05,0,nan,nan,nan,2.0,-0.0044357099281502905,0.17447873963735505,1.999971605852602,0.0,-1.0,SOLVER_EXCEPTION,0.0,0,True,True
1561.42,-0.039614328391260764,-2.0044452225562455,0.17452399719349712,2.8340065606185035e-05,0,nan,nan,nan,2.0,-0.004448993685248411,0.17447872200322356,1.9999716599343937,0.0,-1.0,SOLVER_EXCEPTION,0.0,0,True,True
1561.518,-0.039687471482206645,-2.0044581020558856,0.174523980098931,2.8292197112692504e-05,0,nan,nan,nan,2.0,-0.004462683152853648,0.17447870382864483,1.9999717078028874,0.0,-1.0,SOLVER_EXCEPTION,0.0,0,True,True
1561.618,-0.03976599883419781,-2.0044719296475892,0.17452396174590135,2.824137092342715e-05,0,nan,nan,nan,2.0,-0.0044763716826227125,0.17447868565466162,1.9999717586290766,0.0,-1.0,SOLVER_EXCEPTION,0.0,0,True,True
1561.716,-0.039841441643772,-2.0044852140903555,0.1745239441120372,2.8193223469472913e-05,0,nan,nan,nan,2.0,-0.00448992376907568,0.1744786676610195,1.9999718067765306,0.0,-1.0,SOLVER_EXCEPTION,0.0,0,True,True
1561.816,-0.039919188825031954,-2.0044989042995685,0.17452392593762936,2.8144235774502993e-05,0,nan,nan,nan,2.0,-0.004503203944389459,0.17447865002750884,1.9999718557642254,0.0,-1.0,SOLVER_EXCEPTION,0.0,0,True,True
1561.923,-0.040000779377683725,-2.0045132712711613,0.17452390686151473,2.8093569711617458e-05,0,nan,nan,nan,2.0,-0.004517025265188936,0.1744786316710707,1.9999719064302883,0.0,-1.0,SOLVER_EXCEPTION,0.0,0,True,True
1562.015,-0.04007158931152356,-2.004525739921513,0.1745238903080364,2.8050008366384948e-05,0,nan,nan,nan,2.0,-0.004530439206269018,0.17447861385567753,1.9999719499916335,0.0,-1.0,SOLVER_EXCEPTION,0.0,0,True,True
1562.116,-0.040150091141451356,-2.0045395630054452,0.17452387195379776,2.8002407752758465e-05,0,nan,nan,nan,2.0,-0.004544123263095347,0.17447859568375534,1.9999719975922472,0.0,-1.0,SOLVER_EXCEPTION,0.0,0,True,True
1562.218,-0.0402270488435691,-2.004553114188365,0.17452385395716294,2.7956411261883284e-05,0,nan,nan,nan,2.0,-0.0045569936126760545,0.17447857858779825,1.999972043588738,0.0,-1.0,SOLVER_EXCEPTION,0.0,0,True,True
1562.314,-0.04030246276642282,-2.00456639353033,0.17452383632378096,2.7911741920320692e-05,0,nan,nan,nan,2.0,-0.004571217851715253,0.17447855969372172,1.9999720882580796,0.0,-1.0,SOLVER_EXCEPTION,0.0,0,True,True
1562.418,-0.040381719465543545,-2.0045803495284873,0.17452381778744883,2.786558911995384e-05,0,nan,nan,nan,2.0,-0.004584763892693812,0.1744785416997372,1.99997213441088,0.0,-1.0,SOLVER_EXCEPTION,0.0,0,True,True
1562.515,-0.040457124173481455,-2.0045936272424907,0.17452380015470426,2.78220402902541e-05,0,nan,nan,nan,2.0,-0.004598309113325494,0.17447852370239314,1.9999721779597097,0.0,-1.0,SOLVER_EXCEPTION,0.0,0,True,True
1562.617,-0.04053406320843246,-2.004607175128075,0.17452378215821962,2.777832928428735e-05,0,nan,nan,nan,2.0,-0.004611718083106361,0.17447850588808933,1.9999722216707156,0.0,-1.0,SOLVER_EXCEPTION,0.0,0,True,True
1562.721,-0.04061484431730924,-2.004621399545535,0.17452376326563002,2.7732858754720473e-05,0,nan,nan,nan,2.0,-0.004625397132620218,0.17447848771262242,1.9999722671412452,0.0,-1.0,SOLVER_EXCEPTION,0.0,0,True,True
1562.819,-0.04069100484400031,-2.0046348103414107,0.174523745450571,2.7690647953189578e-05,0,nan,nan,nan,2.0,-0.004638939950554662,0.1744784697183306,1.9999723093520467,0.0,-1.0,SOLVER_EXCEPTION,0.0,0,True,True
1562.915,-0.040764853339808275,-2.004647814019331,0.17452372817361897,2.7650282934143292e-05,0,nan,nan,nan,2.0,-0.004652346572080097,0.17447845190347788,1.9999723497170658,0.0,-1.0,SOLVER_EXCEPTION,0.0,0,True,True
1563.019,-0.04084485133868365,-2.004661900535124,0.17452370946042361,2.760693212672104e-05,0,nan,nan,nan,2.0,-0.004666023255806803,0.1744784337278471,1.9999723930678732,0.0,-1.0,SOLVER_EXCEPTION,0.0,0,True,True
1563.116,-0.04091869150796495,-2.0046749027414053,0.17452369218613628,2.7567474021611607e-05,0,nan,nan,nan,2.0,-0.0046795637609479135,0.17447841573395673,1.9999724325259784,0.0,-1.0,SOLVER_EXCEPTION,0.0,0,True,True
1563.217,-0.04099637328548335,-2.0046885813985855,0.17452367400973273,2.752660356763796e-05,0,nan,nan,nan,2.0,-0.004693103514368577,0.1744783977395672,1.9999724733964324,0.0,-1.0,SOLVER_EXCEPTION,0.0,0,True,True
1563.315,-0.041072512648869026,-2.004701988456034,0.17452365619470483,2.748696535970303e-05,0,nan,nan,nan,2.0,-0.004706507139084509,0.17447837992458748,1.9999725130346402,0.0,-1.0,SOLVER_EXCEPTION,0.0,0,True,True
1563.417,-0.04115095501137088,-2.004715801036021,0.17452363784118033,2.7446570430990425e-05,0,nan,nan,nan,2.0,-0.004720180803538282,0.17447836175017795,1.999972553429569,0.0,-1.0,SOLVER_EXCEPTION,0.0,0,True,True
1563.515,-0.04122401023891915,-2.004728665016093,0.17452362074581337,2.740951972814726e-05,0,nan,nan,nan,2.0,-0.00473371835680634,0.17447834375563298,1.9999725904802719,0.0,-1.0,SOLVER_EXCEPTION,0.0,0,True,True
1563.618,-0.041304751240609915,-2.004742882349342,0.17452360184979246,2.736910941959926e-05,0,nan,nan,nan,2.0,-0.004747255196062316,0.17447832575858158,1.9999726308905803,0.0,-1.0,SOLVER_EXCEPTION,0.0,0,True,True
1563.716,-0.04138087443482344,-2.004756286550325,0.17452358403507431,2.733141197484229e-05,0,nan,nan,nan,2.0,-0.004760655971431679,0.17447830794263108,1.9999726685880252,0.0,-1.0,SOLVER_EXCEPTION,0.0,0,True,True
1563.815,-0.04145699376134914,-2.0047696900675827,0.17452356621873363,2.729428121387735e-05,0,nan,nan,nan,2.0,-0.004774326764604968,0.1744782897710655,1.9999727057187862,0.0,-1.0,SOLVER_EXCEPTION,0.0,0,True,True
1563.915,-0.04153387809221466,-2.0047832282888733,0.17452354822420815,2.7257179025941824e-05,0,nan,nan,nan,2.0,-0.004787861511734642,0.17447827177308683,1.9999727428209741,0.0,-1.0,SOLVER_EXCEPTION,0.0,0,True,True
1564.019,-0.041613064929912735,-2.004797171946466,0.1745235296894606,2.7219435619927427e-05,0,nan,nan,nan,2.0,-0.004801395579246371,0.1744782537791849,1.99997278056438,0.0,-1.0,SOLVER_EXCEPTION,0.0,0,True,True
1564.119,-0.04168994149851962,-2.004810708796053,0.17452351169539868,2.7183237961624757e-05,0,nan,nan,nan,2.0,-0.00481492897508006,0.17447823578184973,1.9999728167620383,0.0,-1.0,SOLVER_EXCEPTION,0.0,0,True,True
1564.219,-0.04176681431570374,-2.0048242449827187,0.17452349369712447,2.7147748357928557e-05,0,nan,nan,nan,2.0,-0.004828461707170756,0.1744782177872075,1.999972852251642,0.0,-1.0,SOLVER_EXCEPTION,0.0,0,True,True
1564.315,-0.04184137740842314,-2.004837374458655,0.17452347624218958,2.711354235733484e-05,0,nan,nan,nan,2.0,-0.00484145251445944,0.17447820051307827,1.9999728864576427,0.0,-1.0,SOLVER_EXCEPTION,0.0,0,True,True
1564.415,-0.04191747433434244,-2.0048507740182306,0.1745234584261323,2.7079114845182456e-05,0,nan,nan,nan,2.0,-0.004855525217042961,0.174478181796073,1.9999729208851549,0.0,-1.0,SOLVER_EXCEPTION,0.0,0,True,True
1564.516,-0.04199587352346793,-2.0048645789696966,0.17452344007163542,2.704404621595e-05,0,nan,nan,nan,2.0,-0.00486892070477858,0.17447816398420457,1.999972955953784,0.0,-1.0,SOLVER_EXCEPTION,0.0,0,True,True
1564.616,-0.04207273186950916,-2.0048781125995534,0.1745234220771896,2.7010086831378676e-05,0,nan,nan,nan,2.0,-0.004882586171882068,0.17447814580707854,1.9999729899131686,0.0,-1.0,SOLVER_EXCEPTION,0.0,0,True,True
1564.715,-0.042147281098336445,-2.004891239625782,0.17452340462196553,2.6977566876846706e-05,0,nan,nan,nan,2.0,-0.004895980419677092,0.1744781279919061,1.9999730224331231,0.0,-1.0,SOLVER_EXCEPTION,0.0,0,True,True
1564.816,-0.04222566953926947,-2.0049050426786503,0.17452338626484978,2.6943910882608167e-05,0,nan,nan,nan,2.0,-0.004909644637131003,0.17447810981577128,1.9999730560891174,0.0,-1.0,SOLVER_EXCEPTION,0.0,0,True,True
1564.919,-0.042305591328144335,-2.004919115728372,0.17452336754969716,2.690999421228047e-05,0,nan,nan,nan,2.0,-0.004922361272059856,0.17447809290223448,1.9999730900057877,0.0,-1.0,SOLVER_EXCEPTION,0.0,0,True,True
1565.019,-0.04238243574219241,-2.0049326468959037,0.1745233495552872,2.687772325420916e-05,0,nan,nan,nan,2.0,-0.004936700672329782,0.17447807382406966,1.9999731222767458,0.0,-1.0,SOLVER_EXCEPTION,0.0,0,True,True
1565.118,-0.04245774001853038,-2.0049459068659115,0.17452333191804487,2.6846624212692183e-05,0,nan,nan,nan,2.0,-0.004950092530100616,0.17447805600784383,1.9999731533757874,0.0,-1.0,SOLVER_EXCEPTION,0.0,0,True,True
1565.214,-0.04253227275552472,-2.0049590309762335,0.17452331446563119,2.6816000944257875e-05,0,nan,nan,nan,2.0,-0.004963483814008134,0.17447803819588525,1.9999731839990558,0.0,-1.0,SOLVER_EXCEPTION,0.0,0,True,True
1565.315,-0.04260910741028083,-2.004972560419092,0.17452329646753192,2.6785106411751723e-05,0,nan,nan,nan,2.0,-0.004977280302964583,0.1744780198374727,1.9999732148935883,0.0,-1.0,SOLVER_EXCEPTION,0.0,0,True,True
1565.418,-0.04268901202885533,-2.0049866304346917,0.17452327775352536,2.675316197073662e-05,0,nan,nan,nan,2.0,-0.004990940947991396,0.17447800166108607,1.9999732468380294,0.0,-1.0,SOLVER_EXCEPTION,0.0,0,True,True
1565.517,-0.04276353534637188,-2.0049997528810186,0.17452326029702972,2.672385836679888e-05,0,nan,nan,nan,2.0,-0.005004330527494614,0.1744779838458701,1.9999732761416331,0.0,-1.0,SOLVER_EXCEPTION,0.0,0,True,True
1565.618,-0.04284112864524002,-2.005013415902599,0.17452324212054277,2.6693773917247785e-05,0,nan,nan,nan,2.0,-0.0050178548013830255,0.1744779658504778,1.9999733062260827,0.0,-1.0,SOLVER_EXCEPTION,0.0,0,True,True
1565.717,-0.04291487775370875,-2.0050264020178115,0.1745232248457022,2.6665427515867332e-05,0,nan,nan,nan,2.0,-0.00503110805737814,0.1744779482156429,1.9999733345724842,0.0,-1.0,SOLVER_EXCEPTION,0.0,0,True,True
1565.816,-0.042994001256978054,-2.0050403344816585,0.17452320631065205,2.663540196001452e-05,0,nan,nan,nan,2.0,-0.005043549415363414,0.174477931658088,1.99997336459804,0.0,-1.0,SOLVER_EXCEPTION,0.0,0,True,True
1565.917,-0.04307235340363563,-2.0050541311182037,0.17452318795543054,2.6606092117481885e-05,0,nan,nan,nan,2.0,-0.005058289132745249,0.17447791204573804,1.9999733939078825,0.0,-1.0,SOLVER_EXCEPTION,0.0,0,True,True
1566.017,-0.04314916621262747,-2.0050676566993486,0.17452316995763592,2.6577819468899916e-05,0,nan,nan,nan,2.0,-0.005071946475425621,0.17447789386856094,1.9999734221805312,0.0,-1.0,SOLVER_EXCEPTION,0.0,0,True,True
1566.121,-0.04322904840170886,-2.0050817227495994,0.17452315124353213,2.6548602006124e-05,0,nan,nan,nan,2.0,-0.005085332858655287,0.17447787605315668,1.9999734513979939,0.0,-1.0,SOLVER_EXCEPTION,0.0,0,True,True
1566.215,-0.043300478841696986,-2.0050943005723103,0.17452313450665768,2.652291022065074e-05,0,nan,nan,nan,2.0,-0.005098989153089585,0.1744778578765982,1.9999734770897792,0.0,-1.0,SOLVER_EXCEPTION,0.0,0,True,True
1566.318,-0.04338035509366151,-2.0051083655723922,0.17452311579105284,2.6494525962798438e-05,0,nan,nan,nan,2.0,-0.005112374521044845,0.17447784005990963,1.9999735054740373,0.0,-1.0,SOLVER_EXCEPTION,0.0,0,True,True
1566.42,-0.04345792427884844,-2.0051220243314094,0.17452309761557036,2.646726449956662e-05,0,nan,nan,nan,2.0,-0.005126029793317073,0.17447782188302297,1.9999735327355004,0.0,-1.0,SOLVER_EXCEPTION,0.0,0,True,True
1566.519,-0.04353395466099258,-2.0051354121281966,0.1745230797987174,2.6440965535731718e-05,0,nan,nan,nan,2.0,-0.00513968455841285,0.1744778037072967,1.9999735590344643,0.0,-1.0,SOLVER_EXCEPTION,0.0,0,True,True
1566.615,-0.04360844644005324,-2.0051485289975046,0.1745230623419753,2.6415541782857642e-05,0,nan,nan,nan,2.0,-0.005152662880887269,0.1744777864323903,1.9999735844582172,0.0,-1.0,SOLVER_EXCEPTION,0.0,0,True,True
1566.721,-0.04368984688151348,-2.0051628623761513,0.17452304326731322,2.6387968451587838e-05,0,nan,nan,nan,2.0,-0.005166587043568839,0.17447776789607206,1.9999736120315483,0.0,-1.0,SOLVER_EXCEPTION,0.0,0,True,True
1566.815,-0.043761261747759926,-2.005175437444733,0.17452302653160756,2.636410690694297e-05,0,nan,nan,nan,2.0,-0.005180105162731758,0.17447774990154796,1.999973635893093,0.0,-1.0,SOLVER_EXCEPTION,0.0,0,True,True
1566.915,-0.04383728148665425,-2.0051888233593953,0.17452300871483553,2.6339074677491326e-05,0,nan,nan,nan,2.0,-0.005193487635462932,0.1744777320847759,1.9999736609253225,0.0,-1.0,SOLVER_EXCEPTION,0.0,0,True,True
1567.017,-0.04391329864007302,-2.005202208816237,0.1745229908979907,2.6314393372489234e-05,0,nan,nan,nan,2.0,-0.005206869650490277,0.17447771426793146,1.9999736856066275,0.0,-1.0,SOLVER_EXCEPTION,0.0,0,True,True
1567.125,-0.043993920103867504,-2.005216405020508,0.17452297200101993,2.6288524397593027e-05,0,nan,nan,nan,2.0,-0.005220656709743962,0.17447769591306805,1.9999737114756024,0.0,-1.0,SOLVER_EXCEPTION,0.0,0,True,True
1567.216,-0.04406993202997032,-2.0052297895532876,0.17452295418526245,2.626438822786144e-05,0,nan,nan,nan,2.0,-0.005234172974962357,0.17447767791504276,1.9999737356117722,0.0,-1.0,SOLVER_EXCEPTION,0.0,0,True,True
1567.32,-0.04414978026246446,-2.0052438495978997,0.17452293546929154,2.623942618106988e-05,0,nan,nan,nan,2.0,-0.005247553633776147,0.17447766010157606,1.999973760573819,0.0,-1.0,SOLVER_EXCEPTION,0.0,0,True,True
1567.416,-0.04422348391637583,-2.005256827675323,0.1745229181943206,2.6216568107000314e-05,0,nan,nan,nan,2.0,-0.005260528404022564,0.1744776428231809,1.999973783431893,0.0,-1.0,SOLVER_EXCEPTION,0.0,0,True,True
1567.518,-0.0443017915488718,-2.005270616440743,0.1745228998365039,2.6192734378506922e-05,0,nan,nan,nan,2.0,-0.005274854243885635,0.17447762374858966,1.9999738072656215,0.0,-1.0,SOLVER_EXCEPTION,0.0,0,True,True
1567.618,-0.0443785612686134,-2.0052841344005823,0.17452288184078293,2.6169589482837465e-05,0,nan,nan,nan,2.0,-0.005288233598270644,0.17447760593113726,1.9999738304105172,0.0,-1.0,SOLVER_EXCEPTION,0.0,0,True,True
1567.716,-0.044454560913125725,-2.005297516760984,0.17452286402456382,2.6146957725065784e-05,0,nan,nan,nan,2.0,-0.005301747672761773,0.17447758793549273,1.999973853042275,0.0,-1.0,SOLVER_EXCEPTION,0.0,0,True,True
1567.816,-0.04453055822109162,-2.0053108987082044,0.17452284620738204,2.6124643561888384e-05,0,nan,nan,nan,2.0,-0.005315261326108964,0.17447756993724672,1.999973875356438,0.0,-1.0,SOLVER_EXCEPTION,0.0,0,True,True
1567.916,-0.04460348276086399,-2.005323739586455,0.17452282911115855,2.6103455894227718e-05,0,nan,nan,nan,2.0,-0.005328369171372647,0.17447755248109909,1.9999738965441058,0.0,-1.0,SOLVER_EXCEPTION,0.0,0,True,True
1568.019,-0.04468638389947209,-2.005338337186026,0.17452280967524433,2.6079710978983646e-05,0,nan,nan,nan,2.0,-0.005342287386367622,0.17447753394727616,1.999973920289021,0.0,-1.0,SOLVER_EXCEPTION,0.0,0,True,True
1568.119,-0.0447631418253733,-2.0053518530598295,0.1745227916800537,2.605793392779853e-05,0,nan,nan,nan,2.0,-0.005355529560895527,0.1744775163088681,1.9999739420660723,0.0,-1.0,SOLVER_EXCEPTION,0.0,0,True,True
1568.215,-0.04483452466205094,-2.0053644224624163,0.17452277494400986,2.6037953982013816e-05,0,nan,nan,nan,2.0,-0.005369041586493636,0.17447749831395054,1.999973962046018,0.0,-1.0,SOLVER_EXCEPTION,0.0,0,True,True
1568.315,-0.04491358081267735,-2.0053783430134904,0.17452275640620885,2.6016224383080292e-05,0,nan,nan,nan,2.0,-0.005382418101507136,0.17447748049676948,1.999973983775617,0.0,-1.0,SOLVER_EXCEPTION,0.0,0,True,True
1568.42,-0.04498802960538258,-2.005391452279611,0.17452273894945725,2.5995945650353926e-05,0,nan,nan,nan,2.0,-0.005395794232467417,0.17447746267939213,1.9999740040543497,0.0,-1.0,SOLVER_EXCEPTION,0.0,0,True,True
1568.515,-0.04506708122895555,-2.0054053720303613,0.1745227204122279,2.5974699307658048e-05,0,nan,nan,nan,2.0,-0.005409169985347603,0.1744774448619646,1.9999740253006923,0.0,-1.0,SOLVER_EXCEPTION,0.0,0,True,True
1568.619,-0.0451468980236161,-2.0054194265127347,0.17452270169629683,2.595349395156935e-05,0,nan,nan,nan,2.0,-0.005423220878190114,0.17447742614694928,1.9999740465060485,0.0,-1.0,SOLVER_EXCEPTION,0.0,0,True,True
1568.718,-0.045222875333602905,-2.0054328049210457,0.17452268387957792,2.5933585262272694e-05,0,nan,nan,nan,2.0,-0.005436866065835429,0.17447740796926148,1.9999740664147376,0.0,-1.0,SOLVER_EXCEPTION,0.0,0,True,True
1568.819,-0.04530038541644649,-2.005446453224316,0.17452266570321426,2.591350605042984e-05,0,nan,nan,nan,2.0,-0.005450105588751455,0.17447739033409304,1.9999740864939495,0.0,-1.0,SOLVER_EXCEPTION,0.0,0,True,True
1568.915,-0.04537405640404906,-2.0054594255214027,0.17452264842818452,2.5894583207038184e-05,0,nan,nan,nan,2.0,-0.005463750033907245,0.17447737215807146,1.999974105416793,0.0,-1.0,SOLVER_EXCEPTION,0.0,0,True,True
1569.017,-0.045452329758875115,-2.005473208220394,0.17452263007190458,2.5874833038739698e-05,0,nan,nan,nan,2.0,-0.005477394108413414,0.17447735397972597,1.9999741251669612,0.0,-1.0,SOLVER_EXCEPTION,0.0,0,True,True
1569.117,-0.04552753158653083,-2.005486450071202,0.1745226124331914,2.585617763487531e-05,0,nan,nan,nan,2.0,-0.005490902733573982,0.1744773359841547,1.999974143822365,0.0,-1.0,SOLVER_EXCEPTION,0.0,0,True,True
1569.221,-0.04560810284353891,-2.0055006373913145,0.17452259353587055,2.5836366553465056e-05,0,nan,nan,nan,2.0,-0.005504411005167968,0.17447731798558186,1.9999741636334465,0.0,-1.0,SOLVER_EXCEPTION,0.0,0,True,True
1569.318,-0.04568330072070207,-2.0055138785418736,0.17452257589930978,2.5818107507632743e-05,0,nan,nan,nan,2.0,-0.005517648771553391,0.17447730034974507,1.9999741818924923,0.0,-1.0,SOLVER_EXCEPTION,0.0,0,True,True
1569.418,-0.0457577294296284,-2.0055269842528394,0.1745225584424757,2.5800254013915696e-05,0,nan,nan,nan,2.0,-0.005531426502939428,0.1744772819933944,1.9999741997459861,0.0,-1.0,SOLVER_EXCEPTION,0.0,0,True,True
1569.516,-0.045834458161660464,-2.0055404949594102,0.17452254044697524,2.578199034538734e-05,0,nan,nan,nan,2.0,-0.005544933739086266,0.17447726399585672,1.9999742180096547,0.0,-1.0,SOLVER_EXCEPTION,0.0,0,True,True
1569.618,-0.045913486768875356,-2.0055544106347707,0.1745225219100451,2.5763529496355738e-05,0,nan,nan,nan,2.0,-0.00555844063828788,0.17447724600068648,1.9999742364705035,0.0,-1.0,SOLVER_EXCEPTION,0.0,0,True,True
1569.721,-0.045989444427488,-2.0055677855639265,0.17452250409194617,2.5746053074017814e-05,0,nan,nan,nan,2.0,-0.0055719472047402775,0.17447722800414356,1.999974253946926,0.0,-1.0,SOLVER_EXCEPTION,0.0,0,True,True
1569.817,-0.046066167491528476,-2.005581295266952,0.1745224860964854,2.5728460431233835e-05,0,nan,nan,nan,2.0,-0.005585453444057472,0.17447721000529537,1.9999742715395687,0.0,-1.0,SOLVER_EXCEPTION,0.0,0,True,True
1569.915,-0.046141354318852454,-2.0055945344616757,0.1745224684576568,2.5711602049226734e-05,0,nan,nan,nan,2.0,-0.005598824301611254,0.17447719218752455,1.9999742883979508,0.0,-1.0,SOLVER_EXCEPTION,0.0,0,True,True
1570.018,-0.04621960815325647,-2.0056083137043914,0.1745224501010648,2.569420735113932e-05,0,nan,nan,nan,2.0,-0.005612329899027722,0.17447717419122588,1.999974305792649,0.0,-1.0,SOLVER_EXCEPTION,0.0,0,True,True
1570.119,-0.046297860131183366,-2.0056220926191037,0.1745224317452532,2.567695857591818e-05,0,nan,nan,nan,2.0,-0.00562664548801829,0.17447715511519357,1.999974323041424,0.0,-1.0,SOLVER_EXCEPTION,0.0,0,True,True
1570.217,-0.04637304167762878,-2.005635330878024,0.17452241410737637,2.5660706243307127e-05,0,nan,nan,nan,2.0,-0.005639475198596168,0.17447713801832254,1.9999743392937568,0.0,-1.0,SOLVER_EXCEPTION,0.0,0,True,True
1570.317,-0.046449755819134804,-2.0056488389998393,0.1745223961109371,2.5644277232476024e-05,0,nan,nan,nan,2.0,-0.005652304631177376,0.17447712092171797,1.9999743557227676,0.0,-1.0,SOLVER_EXCEPTION,0.0,0,True,True
1570.42,-0.0465287695887607,-2.00566275204824,0.17452237757284902,2.5627625657045727e-05,0,nan,nan,nan,2.0,-0.005666484210462044,0.1744771020227227,1.999974372374343,0.0,-1.0,SOLVER_EXCEPTION,0.0,0,True,True
1570.518,-0.04660394606789346,-2.005675989409641,0.17452235993719228,2.5611839869876353e-05,0,nan,nan,nan,2.0,-0.005679988264005594,0.1744770840270049,1.9999743881601302,0.0,-1.0,SOLVER_EXCEPTION,0.0,0,True,True
1570.616,-0.04667912093829397,-2.0056892264857584,0.17452234230129443,2.559626640294994e-05,0,nan,nan,nan,2.0,-0.005692816839794984,0.17447706693016674,1.9999744037335971,0.0,-1.0,SOLVER_EXCEPTION,0.0,0,True,True
1570.725,-0.04676119780932506,-2.005703678890584,0.17452232304357534,2.5579626851353892e-05,0,nan,nan,nan,2.0,-0.0057069954835668475,0.17447704803118835,1.9999744203731487,0.0,-1.0,SOLVER_EXCEPTION,0.0,0,True,True
1570.817,-0.0468325341314639,-2.0057162400574526,0.17452230630508953,2.5565364515734417e-05,0,nan,nan,nan,2.0,-0.005720363627046432,0.17447703021388916,1.9999744346354842,0.0,-1.0,SOLVER_EXCEPTION,0.0,0,True,True
1570.918,-0.04691077236482631,-2.005730016536417,0.17452228795038033,2.5549698701332098e-05,0,nan,nan,nan,2.0,-0.0057337314903715755,0.17447701239718771,1.9999744503012986,0.0,-1.0,SOLVER_EXCEPTION,0.0,0,True,True
1571.02,-0.04698900894099566,-2.00574379272203,0.17452226959038702,2.5534551682022862e-05,0,nan,nan,nan,2.0,-0.005747369125562269,0.17447699422168927,1.999974465448318,0.0,-1.0,SOLVER_EXCEPTION,0.0,0,True,True
1571.115,-0.04706187486847393,-2.005756623222538,0.17452225249224435,2.5520484284313416e-05,0,nan,nan,nan,2.0,-0.005761006477231625,0.17447697604440604,1.9999744795157157,0.0,-1.0,SOLVER_EXCEPTION,0.0,0,True,True
1571.226,-0.04714777816222481,-2.005771749387697,0.17452223233577682,2.5504067052168446e-05,0,nan,nan,nan,2.0,-0.005774508529050656,0.17447695804528562,1.9999744959329477,0.0,-1.0,SOLVER_EXCEPTION,0.0,0,True,True
1571.319,-0.047217573172054904,-2.005784039146361,0.17452221595859715,2.549087468847764e-05,0,nan,nan,nan,2.0,-0.005788010308260834,0.17447694004898207,1.9999745091253116,0.0,-1.0,SOLVER_EXCEPTION,0.0,0,True,True
1571.418,-0.047293502582971526,-2.0057974090711923,0.17452219814005668,2.5476790957549218e-05,0,nan,nan,nan,2.0,-0.005801511819104124,0.17447692205216958,1.9999745232090425,0.0,-1.0,SOLVER_EXCEPTION,0.0,0,True,True
1571.519,-0.04737096441086746,-2.0058110488274528,0.17452217996263122,2.5462541079652797e-05,0,nan,nan,nan,2.0,-0.005814338008772839,0.17447690495475188,1.9999745374589204,0.0,-1.0,SOLVER_EXCEPTION,0.0,0,True,True
1571.622,-0.04745072551118093,-2.0058250934451394,0.174522161245789,2.5448068271164344e-05,0,nan,nan,nan,2.0,-0.005828379040443428,0.17447688623571267,1.999974551931729,0.0,-1.0,SOLVER_EXCEPTION,0.0,0,True,True
1571.715,-0.04752128209271074,-2.0058375172973033,0.1745221446897622,2.5435332800094804e-05,0,nan,nan,nan,2.0,-0.005842014773573515,0.17447686805970264,1.9999745646671998,0.0,-1.0,SOLVER_EXCEPTION,0.0,0,True,True
1571.816,-0.047599506442827226,-2.00585129131627,0.17452212633034947,2.54215653012605e-05,0,nan,nan,nan,2.0,-0.005855515243938373,0.17447685006024516,1.9999745784346987,0.0,-1.0,SOLVER_EXCEPTION,0.0,0,True,True
1571.922,-0.04767926308032629,-2.0058653351430613,0.17452210761398165,2.5407558274256416e-05,0,nan,nan,nan,2.0,-0.0058682054557608635,0.17447683314399676,1.9999745924417258,0.0,-1.0,SOLVER_EXCEPTION,0.0,0,True,True
1572.017,-0.04775365011356553,-2.0058784334698694,0.17452209015587727,2.539475641550425e-05,0,nan,nan,nan,2.0,-0.005882515429888889,0.17447681406694482,1.9999746052435845,0.0,-1.0,SOLVER_EXCEPTION,0.0,0,True,True
1572.121,-0.047831870122723524,-2.0058922067188147,0.1745220717995869,2.538134191805395e-05,0,nan,nan,nan,2.0,-0.005895745160492658,0.17447679642808112,1.999974618658082,0.0,-1.0,SOLVER_EXCEPTION,0.0,0,True,True
1572.219,-0.04790855502334293,-2.005905709658419,0.1745220537999838,2.5368550027830538e-05,0,nan,nan,nan,2.0,-0.005909514632311397,0.17447677807209416,1.9999746314499722,0.0,-1.0,SOLVER_EXCEPTION,0.0,0,True,True
1572.321,-0.0479860054008326,-2.005919347383245,0.1745220356250257,2.5355576539425874e-05,0,nan,nan,nan,2.0,-0.0059230138714861415,0.17447676007550816,1.9999746444234605,0.0,-1.0,SOLVER_EXCEPTION,0.0,0,True,True
1572.417,-0.048060387154349786,-2.0059324447737628,0.1745220181664719,2.5343406513027316e-05,0,nan,nan,nan,2.0,-0.005936512874589818,0.1744767420753619,1.999974656593487,0.0,-1.0,SOLVER_EXCEPTION,0.0,0,True,True
1572.522,-0.04814013528537433,-2.005946487092526,0.1745219994470414,2.533055924531116e-05,0,nan,nan,nan,2.0,-0.005950146630460495,0.1744767238968281,1.9999746694407547,0.0,-1.0,SOLVER_EXCEPTION,0.0,0,True,True
1572.616,-0.04821298090528003,-2.005959313991354,0.1745219823522741,2.531874302855814e-05,0,nan,nan,nan,2.0,-0.005963375197690807,0.17447670626050282,1.9999746812569714,0.0,-1.0,SOLVER_EXCEPTION,0.0,0,True,True
1572.719,-0.04829042602845228,-2.0059729507851407,0.17452196417300278,2.530660097056183e-05,0,nan,nan,nan,2.0,-0.0059766035449148654,0.17447668862280663,1.9999746933990294,0.0,-1.0,SOLVER_EXCEPTION,0.0,0,True,True
1572.815,-0.04836480279853911,-2.005986047291149,0.1745219467152872,2.5294996259762572e-05,0,nan,nan,nan,2.0,-0.005990506575491856,0.1744766700852276,1.9999747050037402,0.0,-1.0,SOLVER_EXCEPTION,0.0,0,True,True
1572.914,-0.04844147864567887,-2.0059995486248483,0.17452192871576486,2.528325732620746e-05,0,nan,nan,nan,2.0,-0.006004004437553536,0.17447665208570529,1.9999747167426738,0.0,-1.0,SOLVER_EXCEPTION,0.0,0,True,True
1573.018,-0.048519686733970925,-2.0060133197579915,0.1745219103582542,2.5271369731606665e-05,0,nan,nan,nan,2.0,-0.006016962177520234,0.17447663480858644,1.9999747286302685,0.0,-1.0,SOLVER_EXCEPTION,0.0,0,True,True
1573.117,-0.04859636009505443,-2.0060268206504643,0.1745218923617387,2.5259759429593125e-05,0,nan,nan,nan,2.0,-0.006030864531155182,0.1744766162705833,1.9999747402405703,0.0,-1.0,SOLVER_EXCEPTION,0.0,0,True,True
1573.218,-0.04867456567948142,-2.006040591340066,0.17452187400212613,2.5248235596000035e-05,0,nan,nan,nan,2.0,-0.006044496715365341,0.1744765980919567,1.999974751764404,0.0,-1.0,SOLVER_EXCEPTION,0.0,0,True,True
1573.317,-0.048750469913588286,-2.006053956798009,0.17452185618656074,2.523701456716907e-05,0,nan,nan,nan,2.0,-0.006057858744854939,0.1744765802766879,1.9999747629854328,0.0,-1.0,SOLVER_EXCEPTION,0.0,0,True,True
1573.415,-0.04882560630163294,-2.006067187050266,0.17452183854622275,2.5226280672583647e-05,0,nan,nan,nan,2.0,-0.006071490503830185,0.17447656209840545,1.9999747737193274,0.0,-1.0,SOLVER_EXCEPTION,0.0,0,True,True
1573.521,-0.048906875015536574,-2.0060814970998324,0.17452181946990508,2.5214573387654112e-05,0,nan,nan,nan,2.0,-0.006084852122754109,0.17447654427976955,1.9999747854266123,0.0,-1.0,SOLVER_EXCEPTION,0.0,0,True,True
1573.621,-0.04898354243153674,-2.006094996935934,0.1745218014723348,2.520378253993364e-05,0,nan,nan,nan,2.0,-0.006098483466886542,0.17447652610192943,1.99997479621746,0.0,-1.0,SOLVER_EXCEPTION,0.0,0,True,True
1573.716,-0.04905560876903301,-2.0061076865992407,0.17452178455234515,2.5193841170575053e-05,0,nan,nan,nan,2.0,-0.0061119796451174066,0.1744765081045312,1.9999748061588294,0.0,-1.0,SOLVER_EXCEPTION,0.0,0,True,True
1573.817,-0.04913227399964174,-2.006121186048317,0.17452176655557705,2.5183198061588905e-05,0,nan,nan,nan,2.0,-0.006125340666381386,0.17447649028547652,1.9999748168019384,0.0,-1.0,SOLVER_EXCEPTION,0.0,0,True,True
1573.919,-0.04921047139599337,-2.0061349552833225,0.17452174819841107,2.5172536035046044e-05,0,nan,nan,nan,2.0,-0.006138971408556224,0.1744764721078309,1.999974827463965,0.0,-1.0,SOLVER_EXCEPTION,0.0,0,True,True
1574.018,-0.04928713440735868,-2.0061484543381005,0.17452173019769165,2.5162417659174814e-05,0,nan,nan,nan,2.0,-0.006152871862210056,0.1744764535676322,1.9999748375823407,0.0,-1.0,SOLVER_EXCEPTION,0.0,0,True,True
1574.121,-0.049366096182316216,-2.0061623581642527,0.17452171165962968,2.5151957196618836e-05,0,nan,nan,nan,2.0,-0.006165962395189012,0.1744764361095923,1.9999748480428035,0.0,-1.0,SOLVER_EXCEPTION,0.0,0,True,True
1574.217,-0.04943969060645232,-2.006175316889278,0.17452169438303367,2.5142242139289025e-05,0,nan,nan,nan,2.0,-0.006179457603867778,0.17447641811293835,1.9999748577578607,0.0,-1.0,SOLVER_EXCEPTION,0.0,0,True,True
1574.316,-0.04951558384184428,-2.0061886803938,0.1745216765641898,2.5132509042907486e-05,0,nan,nan,nan,2.0,-0.006192952625074812,0.17447640011522392,1.999974867490957,0.0,-1.0,SOLVER_EXCEPTION,0.0,0,True,True
1574.415,-0.04959147605952752,-2.006202043718496,0.17452165874492703,2.512287302572649e-05,0,nan,nan,nan,2.0,-0.006206177567986466,0.17447638247484987,1.9999748771269743,0.0,-1.0,SOLVER_EXCEPTION,0.0,0,True,True
1574.525,-0.04967579956791125,-2.00621689164691,0.17452163894721565,2.5112247580605763e-05,0,nan,nan,nan,2.0,-0.00621994211852636,0.17447636411794099,1.9999748877524195,0.0,-1.0,SOLVER_EXCEPTION,0.0,0,True,True
1574.615,-0.04974555718105208,-2.0062291747690457,0.17452162256901033,2.5103567866996268e-05,0,nan,nan,nan,2.0,-0.006233166705499453,0.17447634648017685,1.999974896432133,0.0,-1.0,SOLVER_EXCEPTION,0.0,0,True,True
1574.716,-0.049822979497111265,-2.006242807512436,0.17452160439063596,2.5094079910624278e-05,0,nan,nan,nan,2.0,-0.006246795948713404,0.17447632830165638,1.9999749059200893,0.0,-1.0,SOLVER_EXCEPTION,0.0,0,True,True
1574.816,-0.04989733463478319,-2.0062559001768556,0.17452158693157102,2.5085093155542655e-05,0,nan,nan,nan,2.0,-0.00626029007304508,0.17447631030151145,1.9999749149068444,0.0,-1.0,SOLVER_EXCEPTION,0.0,0,True,True
1574.918,-0.04997782112139809,-2.0062700724640243,0.17452156803589688,2.5075336844122063e-05,0,nan,nan,nan,2.0,-0.006273918961732438,0.17447629212626792,1.999974924663156,0.0,-1.0,SOLVER_EXCEPTION,0.0,0,True,True
1575.018,-0.05005447393148217,-2.0062835697060555,0.17452155003542746,2.506638129054386e-05,0,nan,nan,nan,2.0,-0.006286468180767254,0.1744762753866702,1.9999749336187094,0.0,-1.0,SOLVER_EXCEPTION,0.0,0,True,True
1575.117,-0.050128826249293074,-2.006296661869362,0.17452153257608508,2.505773141421155e-05,0,nan,nan,nan,2.0,-0.0063006364783749534,0.17447625648820475,1.9999749422685857,0.0,-1.0,SOLVER_EXCEPTION,0.0,0,True,True
1575.218,-0.05020547719900127,-2.0063101587798213,0.17452151457851203,2.504885294543291e-05,0,nan,nan,nan,2.0,-0.006313994990049432,0.17447623866863138,1.9999749511470546,0.0,-1.0,SOLVER_EXCEPTION,0.0,0,True,True
1575.317,-0.05028212722185056,-2.006323655525232,0.17452149658158875,2.504008062261824e-05,0,nan,nan,nan,2.0,-0.006327623203397576,0.174476220489443,1.9999749599193775,0.0,-1.0,SOLVER_EXCEPTION,0.0,0,True,True
1575.416,-0.050359542815773074,-2.006337287073591,0.17452147840237697,2.5031410324594504e-05,0,nan,nan,nan,2.0,-0.006341386181768247,0.17447620213231785,1.9999749685896755,0.0,-1.0,SOLVER_EXCEPTION,0.0,0,True,True
1575.518,-0.05043772396526728,-2.0063510534206754,0.17452146004470614,2.5022693789114458e-05,0,nan,nan,nan,2.0,-0.006354474349132919,0.17447618467413317,1.999974977306211,0.0,-1.0,SOLVER_EXCEPTION,0.0,0,True,True
1575.615,-0.050512071844138196,-2.006364144794008,0.17452144258588329,2.5014563429501173e-05,0,nan,nan,nan,2.0,-0.006367832221150854,0.17447616685395717,1.9999749854365705,0.0,-1.0,SOLVER_EXCEPTION,0.0,0,True,True
1575.715,-0.05058871827385271,-2.0063776409012135,0.17452142458530404,2.5006363672736332e-05,0,nan,nan,nan,2.0,-0.006381864568068941,0.17447614813627554,1.9999749936363274,0.0,-1.0,SOLVER_EXCEPTION,0.0,0,True,True
1575.818,-0.05066689673571916,-2.0063914067706596,0.1745214062280158,2.4997925052042245e-05,0,nan,nan,nan,2.0,-0.006395222127226706,0.1744761303177329,1.999975002074948,0.0,-1.0,SOLVER_EXCEPTION,0.0,0,True,True
1575.917,-0.050742774976270645,-2.0064047676085015,0.17452138840835993,2.499002215490202e-05,0,nan,nan,nan,2.0,-0.006408849380750671,0.17447611213846015,1.999975009977845,0.0,-1.0,SOLVER_EXCEPTION,0.0,0,True,True
1576.017,-0.050820185253433466,-2.0064183982108057,0.1745213702288122,2.498200143400417e-05,0,nan,nan,nan,2.0,-0.006422341559920523,0.17447609414100596,1.999975017998566,0.0,-1.0,SOLVER_EXCEPTION,0.0,0,True,True
1576.116,-0.05089606182435761,-2.0064317587523504,0.17452135241053318,2.4974156960574e-05,0,nan,nan,nan,2.0,-0.0064358335902496375,0.1744760761404538,1.9999750258430393,0.0,-1.0,SOLVER_EXCEPTION,0.0,0,True,True
1576.218,-0.050973470419802894,-2.0064453890543583,0.17452133423316407,2.4966237157813703e-05,0,nan,nan,nan,2.0,-0.006449325472480048,0.17447605814232503,1.9999750337628421,0.0,-1.0,SOLVER_EXCEPTION,0.0,0,True,True
1576.318,-0.0510508781817095,-2.006459019208911,0.17452131605451296,2.4958458536639394e-05,0,nan,nan,nan,2.0,-0.006462817209760332,0.1744760401444383,1.9999750415414634,0.0,-1.0,SOLVER_EXCEPTION,0.0,0,True,True
1576.419,-0.05112751871942346,-2.0064725142671764,0.1745212980537017,2.4950963243180412e-05,0,nan,nan,nan,2.0,-0.0064763088036283506,0.17447602214344293,1.9999750490367567,0.0,-1.0,SOLVER_EXCEPTION,0.0,0,True,True
1576.519,-0.051201092886343946,-2.0064854693884464,0.17452128077566187,2.4943747804937983e-05,0,nan,nan,nan,2.0,-0.006489800254620538,0.17447600414560238,1.999975056252195,0.0,-1.0,SOLVER_EXCEPTION,0.0,0,True,True
1576.622,-0.051283096572132356,-2.0064999087994297,0.17452126151639646,2.493587005219591e-05,0,nan,nan,nan,2.0,-0.006503291565786902,0.1744759861474754,1.9999750641299479,0.0,-1.0,SOLVER_EXCEPTION,0.0,0,True,True
1576.715,-0.05135513645944393,-2.006512593758591,0.1745212445989496,2.4928908977736595e-05,0,nan,nan,nan,2.0,-0.006516647828038465,0.1744759683288759,1.9999750710910222,0.0,-1.0,SOLVER_EXCEPTION,0.0,0,True,True
1576.815,-0.05143177389339133,-2.00652608826335,0.17452122660120525,2.4921605495613627e-05,0,nan,nan,nan,2.0,-0.006530138866137348,0.17447595032805507,1.9999750783945043,0.0,-1.0,SOLVER_EXCEPTION,0.0,0,True,True
1576.92,-0.05151147602107168,-2.006540122405325,0.17452120787934106,2.4914383184387238e-05,0,nan,nan,nan,2.0,-0.006543764676607816,0.17447593215037438,1.9999750856168157,0.0,-1.0,SOLVER_EXCEPTION,0.0,0,True,True
1577.015,-0.05158504649774828,-2.0065530768698525,0.17452119060122975,2.4907581787365954e-05,0,nan,nan,nan,2.0,-0.006556985630718131,0.1744759145101682,1.9999750924182127,0.0,-1.0,SOLVER_EXCEPTION,0.0,0,True,True
1577.121,-0.051666279775228675,-2.006567380616219,0.1745211715229426,2.4900200548386907e-05,0,nan,nan,nan,2.0,-0.006570746081094437,0.17447589615274373,1.9999750997994516,0.0,-1.0,SOLVER_EXCEPTION,0.0,0,True,True
1577.215,-0.05173831614692051,-2.0065800649488588,0.17452115460198098,2.489386625694529e-05,0,nan,nan,nan,2.0,-0.006584236586675302,0.17447587815422683,1.999975106133743,0.0,-1.0,SOLVER_EXCEPTION,0.0,0,True,True
1577.316,-0.0518157162199795,-2.0065936937334357,0.17452113642301187,2.4886994780181456e-05,0,nan,nan,nan,2.0,-0.006597457158771086,0.1744758605129353,1.99997511300522,0.0,-1.0,SOLVER_EXCEPTION,0.0,0,True,True
1577.419,-0.051894648220644025,-2.006607592260996,0.1745211178862258,2.4879962270335104e-05,0,nan,nan,nan,2.0,-0.0066109474125460735,0.17447584251521597,1.9999751200377296,0.0,-1.0,SOLVER_EXCEPTION,0.0,0,True,True
1577.52,-0.0519674489198914,-2.0066204111735417,0.17452110078645205,2.48737501841366e-05,0,nan,nan,nan,2.0,-0.0066247073415589336,0.17447582415639262,1.9999751262498158,0.0,-1.0,SOLVER_EXCEPTION,0.0,0,True,True
1577.617,-0.05204561318428614,-2.006634174513665,0.17452108242486197,2.4867233190894577e-05,0,nan,nan,nan,2.0,-0.0066381973437786125,0.1744758061548355,1.9999751327668092,0.0,-1.0,SOLVER_EXCEPTION,0.0,0,True,True
1577.715,-0.05212147781824126,-2.006647532927783,0.17452106460627131,2.4860818038653874e-05,0,nan,nan,nan,2.0,-0.006651687223580591,0.17447578815725917,1.9999751391819613,0.0,-1.0,SOLVER_EXCEPTION,0.0,0,True,True
1577.815,-0.052198108088723674,-2.006661026154703,0.17452104660757334,2.485445316090637e-05,0,nan,nan,nan,2.0,-0.006665176982145755,0.17447577015866322,1.999975145546839,0.0,-1.0,SOLVER_EXCEPTION,0.0,0,True,True
1577.918,-0.052274737691113474,-2.0066745192632327,0.17452102860941268,2.4848101243484855e-05,0,nan,nan,nan,2.0,-0.006678666622536172,0.1744757521571194,1.9999751518987565,0.0,-1.0,SOLVER_EXCEPTION,0.0,0,True,True
1578.022,-0.052355198063857834,-2.0066886869007106,0.17452100970932224,2.4841611691844063e-05,0,nan,nan,nan,2.0,-0.006692156145095178,0.1744757341591927,1.999975158388308,0.0,-1.0,SOLVER_EXCEPTION,0.0,0,True,True
1578.119,-0.0524249298061482,-2.006700965415763,0.1745209933299076,2.483605341776746e-05,0,nan,nan,nan,2.0,-0.006705240870504613,0.17447571669984807,1.9999751639465821,0.0,-1.0,SOLVER_EXCEPTION,0.0,0,True,True
1578.212,-0.052501557480182294,-2.0067144581791645,0.174520975330988,2.4830017175830983e-05,0,nan,nan,nan,2.0,-0.0067187301644496145,0.17447569870092838,1.999975169982824,0.0,-1.0,SOLVER_EXCEPTION,0.0,0,True,True
1578.316,-0.052580483320009835,-2.0067283556079656,0.17452095679186064,2.4823831383464954e-05,0,nan,nan,nan,2.0,-0.006730600649986076,0.1744756828597942,1.9999751761686166,0.0,-1.0,SOLVER_EXCEPTION,0.0,0,True,True
1578.418,-0.052660174755171346,-2.0067423878416726,0.17452093807314364,2.4817681560303024e-05,0,nan,nan,nan,2.0,-0.00674597819555374,0.17447566234169676,1.9999751823184397,0.0,-1.0,SOLVER_EXCEPTION,0.0,0,True,True
1578.518,-0.05273603424897062,-2.006755745338507,0.17452092025246585,2.4811983894299475e-05,0,nan,nan,nan,2.0,-0.006759332262411511,0.17447564452151942,1.9999751880161056,0.0,-1.0,SOLVER_EXCEPTION,0.0,0,True,True
1578.617,-0.05281265939190862,-2.006769237651206,0.17452090225099715,2.480631566313764e-05,0,nan,nan,nan,2.0,-0.006772551335046599,0.1744756268830785,1.9999751936843368,0.0,-1.0,SOLVER_EXCEPTION,0.0,0,True,True
1578.725,-0.0528954138686013,-2.0067838092265737,0.1745208828118077,2.480020402847599e-05,0,nan,nan,nan,2.0,-0.006786579624931624,0.17447560816155372,1.9999751997959716,0.0,-1.0,SOLVER_EXCEPTION,0.0,0,True,True
1578.817,-0.05296590787449596,-2.006796221952175,0.17452086625450097,2.4794944963896632e-05,0,nan,nan,nan,2.0,-0.006800068255865005,0.17447559016233605,1.9999752050550361,0.0,-1.0,SOLVER_EXCEPTION,0.0,0,True,True
1578.92,-0.05304406368998303,-2.006809983783708,0.17452084789321076,2.4789381065685255e-05,0,nan,nan,nan,2.0,-0.006813287012708262,0.17447557252423795,1.9999752106189344,0.0,-1.0,SOLVER_EXCEPTION,0.0,0,True,True
1579.021,-0.05312221890095048,-2.0068237455062494,0.17452082953410789,2.478380230578937e-05,0,nan,nan,nan,2.0,-0.006827314971886545,0.17447555380586355,1.9999752161976942,0.0,-1.0,SOLVER_EXCEPTION,0.0,0,True,True
1579.113,-0.053191178885114154,-2.0068358881145674,0.17452081333592567,2.4778843674333167e-05,0,nan,nan,nan,2.0,-0.00684053352424166,0.1744755361634116,1.9999752211563258,0.0,-1.0,SOLVER_EXCEPTION,0.0,0,True,True
1579.214,-0.053270099192291115,-2.0068497845545656,0.17452079479486363,2.477343861789565e-05,0,nan,nan,nan,2.0,-0.006853751979189149,0.1744755185246989,1.9999752265613822,0.0,-1.0,SOLVER_EXCEPTION,0.0,0,True,True
1579.318,-0.053347486489431675,-2.0068634110572483,0.17452077661542897,2.4768099912874954e-05,0,nan,nan,nan,2.0,-0.006866835457234137,0.17447550106542842,1.9999752319000872,0.0,-1.0,SOLVER_EXCEPTION,0.0,0,True,True
1579.418,-0.05342640562756619,-2.0068773072871937,0.17452075807506698,2.4762822448986015e-05,0,nan,nan,nan,2.0,-0.006880997879472489,0.17447548216529585,1.999975237177551,0.0,-1.0,SOLVER_EXCEPTION,0.0,0,True,True
1579.522,-0.053503791792769234,-2.006890933587838,0.17452073989441208,2.475766987139532e-05,0,nan,nan,nan,2.0,-0.006894081165176584,0.17447546470439557,1.9999752423301287,0.0,-1.0,SOLVER_EXCEPTION,0.0,0,True,True
1579.618,-0.05357811264185116,-2.0069040201400252,0.17452072243511044,2.4752714605064887e-05,0,nan,nan,nan,2.0,-0.006907838748970859,0.17447544634606427,1.9999752472853949,0.0,-1.0,SOLVER_EXCEPTION,0.0,0,True,True
1579.717,-0.053654731549706534,-2.006917511336625,0.1745207044355186,2.474772486811055e-05,0,nan,nan,nan,2.0,-0.006921326479313782,0.17447542834672758,1.999975252275132,0.0,-1.0,SOLVER_EXCEPTION,0.0,0,True,True
1579.822,-0.053735180837181665,-2.0069316769926724,0.1745206855346078,2.474258637421013e-05,0,nan,nan,nan,2.0,-0.006934948991818192,0.17447541016657508,1.9999752574136258,0.0,-1.0,SOLVER_EXCEPTION,0.0,0,True,True
1579.917,-0.05380643544265898,-2.0069442236302724,0.17452066879509096,2.4738048680604093e-05,0,nan,nan,nan,2.0,-0.006948436534845215,0.17447539216503172,1.9999752619513194,0.0,-1.0,SOLVER_EXCEPTION,0.0,0,True,True
1580.018,-0.053885351316434016,-2.0069581192756725,0.17452065025787117,2.4732961545998094e-05,0,nan,nan,nan,2.0,-0.006961789111092576,0.1744753743482863,1.999975267038454,0.0,-1.0,SOLVER_EXCEPTION,0.0,0,True,True
1580.122,-0.05396273432152994,-2.0069717450104427,0.17452063207690222,2.4728204490653138e-05,0,nan,nan,nan,2.0,-0.006975276472545454,0.17447535634586142,1.9999752717955093,0.0,-1.0,SOLVER_EXCEPTION,0.0,0,True,True
1580.215,-0.054036286012158645,-2.006984696119369,0.17452061479499759,2.472377505352675e-05,0,nan,nan,nan,2.0,-0.006988763744606275,0.1744753383471651,1.9999752762249465,0.0,-1.0,SOLVER_EXCEPTION,0.0,0,True,True
1580.315,-0.054113668029214364,-2.006998321675869,0.17452059661759592,2.4718984518120284e-05,0,nan,nan,nan,2.0,-0.007002385798681266,0.17447532016537304,1.9999752810154818,0.0,-1.0,SOLVER_EXCEPTION,0.0,0,True,True
1580.419,-0.05418798494366509,-2.0070114075230525,0.17452057915764027,2.4714551677180925e-05,0,nan,nan,nan,2.0,-0.0070153334111141205,0.17447530288769242,1.9999752854483228,0.0,-1.0,SOLVER_EXCEPTION,0.0,0,True,True
1580.518,-0.054263833698439665,-2.007024763098164,0.1745205613368865,2.471010140085945e-05,0,nan,nan,nan,2.0,-0.007028955293202824,0.17447528470682716,1.9999752898985992,0.0,-1.0,SOLVER_EXCEPTION,0.0,0,True,True
1580.618,-0.05434581112171113,-2.0070391978171065,0.1745205420762136,2.4705363889148572e-05,0,nan,nan,nan,2.0,-0.007042711956755287,0.17447526634794164,1.999975294636111,0.0,-1.0,SOLVER_EXCEPTION,0.0,0,True,True
1580.722,-0.054419360501960834,-2.0070521485114097,0.17452052479727861,2.4701059143561816e-05,0,nan,nan,nan,2.0,-0.00705619879686273,0.1744752483450167,1.9999752989408563,0.0,-1.0,SOLVER_EXCEPTION,0.0,0,True,True
1580.815,-0.05449674011797556,-2.0070657736387836,0.17452050661609558,2.4696695725718825e-05,0,nan,nan,nan,2.0,-0.007069820421477173,0.17447523016497524,1.9999753033042742,0.0,-1.0,SOLVER_EXCEPTION,0.0,0,True,True
1580.918,-0.05457335313943264,-2.0070792637800885,0.17452048861821484,2.469228657003507e-05,0,nan,nan,nan,2.0,-0.007082363030546758,0.1744752134252292,1.99997530771343,0.0,-1.0,SOLVER_EXCEPTION,0.0,0,True,True
1581.018,-0.05465149795564565,-2.007093023641415,0.17452047025513176,2.4688142359735275e-05,0,nan,nan,nan,2.0,-0.0070967936874935435,0.17447519416622903,1.9999753118576402,0.0,-1.0,SOLVER_EXCEPTION,0.0,0,True,True
1581.118,-0.054727343950919195,-2.0071063787214087,0.1745204524342396,2.4684014714249536e-05,0,nan,nan,nan,2.0,-0.007110280200700699,0.17447517616419095,1.9999753159852858,0.0,-1.0,SOLVER_EXCEPTION,0.0,0,True,True
1581.218,-0.05480548785816758,-2.0071201384190767,0.17452043407463846,2.4679761354633e-05,0,nan,nan,nan,2.0,-0.007123766634542419,0.17447515816534898,1.9999753202386454,0.0,-1.0,SOLVER_EXCEPTION,0.0,0,True,True
1581.32,-0.054883631312728685,-2.007133898036115,0.17452041571519308,2.46755426555676e-05,0,nan,nan,nan,2.0,-0.007137252989696134,0.17447514016522048,1.9999753244573444,0.0,-1.0,SOLVER_EXCEPTION,0.0,0,True,True
1581.418,-0.054958709897149356,-2.0071471179848177,0.17452039807265757,2.4671710055062444e-05,0,nan,nan,nan,2.0,-0.0071504695433546915,0.17447512252385033,1.9999753282899448,0.0,-1.0,SOLVER_EXCEPTION,0.0,0,True,True
1581.515,-0.05503225587067677,-2.00716006806691,0.17452038079520907,2.4667729929959374e-05,0,nan,nan,nan,2.0,-0.007164225470243759,0.17447510416514955,1.99997533227007,0.0,-1.0,SOLVER_EXCEPTION,0.0,0,True,True
1581.622,-0.05511422853202019,-2.007174501931185,0.17452036153264092,2.4663659472732442e-05,0,nan,nan,nan,2.0,-0.007177711596546672,0.1744750861650619,1.9999753363405273,0.0,-1.0,SOLVER_EXCEPTION,0.0,0,True,True
1581.717,-0.05518777369425928,-2.0071874518679254,0.17452034425378912,2.4659829711860417e-05,0,nan,nan,nan,2.0,-0.007191197649516339,0.17447506816269787,1.9999753401702882,0.0,-1.0,SOLVER_EXCEPTION,0.0,0,True,True
1581.818,-0.05526438283802289,-2.0072009413133474,0.1745203262545092,2.465590572611741e-05,0,nan,nan,nan,2.0,-0.007204413909944334,0.17447505052357748,1.9999753440942738,0.0,-1.0,SOLVER_EXCEPTION,0.0,0,True,True
1581.917,-0.055340991578437,-2.007214430686132,0.17452030825105516,2.4652325852764568e-05,0,nan,nan,nan,2.0,-0.007218034675738999,0.17447503234230544,1.9999753476741473,0.0,-1.0,SOLVER_EXCEPTION,0.0,0,True,True
1582.019,-0.05541836600192157,-2.007228054880163,0.17452029007070724,2.4648531024026257e-05,0,nan,nan,nan,2.0,-0.007231655369608295,0.17447501416074784,1.999975351468976,0.0,-1.0,SOLVER_EXCEPTION,0.0,0,True,True
1582.119,-0.05549574002438398,-2.0072416790011176,0.17452027189345873,2.4644632750488266e-05,0,nan,nan,nan,2.0,-0.007245006276355065,0.17447499634080454,1.9999753553672495,0.0,-1.0,SOLVER_EXCEPTION,0.0,0,True,True
1582.217,-0.05556928328229297,-2.0072546285953803,0.1745202546106034,2.464126054173946e-05,0,nan,nan,nan,2.0,-0.0072584919706399804,0.17447497834069914,1.9999753587394582,0.0,-1.0,SOLVER_EXCEPTION,0.0,0,True,True
1582.314,-0.0556451243966978,-2.007267982798168,0.17452023678899253,2.4637735542290166e-05,0,nan,nan,nan,2.0,-0.007271977596668002,0.17447496034117282,1.9999753622644576,0.0,-1.0,SOLVER_EXCEPTION,0.0,0,True,True
1582.416,-0.05572326333842182,-2.00728174160348,0.1745202184295653,2.4634025042279846e-05,0,nan,nan,nan,2.0,-0.00728559800965223,0.17447494215939097,1.9999753659749577,0.0,-1.0,SOLVER_EXCEPTION,0.0,0,True,True
1582.527,-0.05580599826456399,-2.007296309673181,0.1745201989899497,2.463020604235632e-05,0,nan,nan,nan,2.0,-0.007299083498197844,0.17447492416046373,1.9999753697939577,0.0,-1.0,SOLVER_EXCEPTION,0.0,0,True,True
1582.618,-0.05587724188359871,-2.007308854338059,0.17452018224888222,2.4627010544526288e-05,0,nan,nan,nan,2.0,-0.007312838629286725,0.17447490579780123,1.9999753729894554,0.0,-1.0,SOLVER_EXCEPTION,0.0,0,True,True
1582.715,-0.05595231546343032,-2.0073220733862187,0.17452016460637992,2.4623732637643452e-05,0,nan,nan,nan,2.0,-0.0073259194256949855,0.17447488833632852,1.9999753762673624,0.0,-1.0,SOLVER_EXCEPTION,0.0,0,True,True
1582.818,-0.05603045290380997,-2.007335831920359,0.1745201462459233,2.4620284216048775e-05,0,nan,nan,nan,2.0,-0.007339539570614188,0.17447487015835206,1.999975379715784,0.0,-1.0,SOLVER_EXCEPTION,0.0,0,True,True
1582.918,-0.05610782392613718,-2.0073494555020948,0.17452012806518885,2.4616896009661905e-05,0,nan,nan,nan,2.0,-0.007353024799124198,0.1744748521550279,1.9999753831039904,0.0,-1.0,SOLVER_EXCEPTION,0.0,0,True,True
1583.018,-0.056183662501528654,-2.0073628092464926,0.17452011024469516,2.461362500144914e-05,0,nan,nan,nan,2.0,-0.0073665099637025945,0.1744748341557436,1.9999753863749985,0.0,-1.0,SOLVER_EXCEPTION,0.0,0,True,True
1583.118,-0.056260266778214205,-2.0073762978145475,0.17452009224433765,2.4610373526753757e-05,0,nan,nan,nan,2.0,-0.007379995065260895,0.17447481615561822,1.9999753896264731,0.0,-1.0,SOLVER_EXCEPTION,0.0,0,True,True
1583.224,-0.056335338637000305,-2.007389516552097,0.1745200746047915,2.4607137878624706e-05,0,nan,nan,nan,2.0,-0.007393480106046892,0.17447479815251832,1.9999753928621213,0.0,-1.0,SOLVER_EXCEPTION,0.0,0,True,True
1583.318,-0.05641117620532486,-2.0074028701155338,0.17452005678301052,2.460401309582826e-05,0,nan,nan,nan,2.0,-0.007406830236340333,0.17447478033191288,1.9999753959869042,0.0,-1.0,SOLVER_EXCEPTION,0.0,0,True,True
1583.417,-0.05648854550861684,-2.0074164933859304,0.17452003860130286,2.460092836592856e-05,0,nan,nan,nan,2.0,-0.007420450004091916,0.17447476215233992,1.999975399071634,0.0,-1.0,SOLVER_EXCEPTION,0.0,0,True,True
1583.518,-0.05656744653077286,-2.007430386362139,0.1745200200603749,2.4597737994378067e-05,0,nan,nan,nan,2.0,-0.0074339348636136456,0.1744747441504524,1.9999754022620055,0.0,-1.0,SOLVER_EXCEPTION,0.0,0,True,True
1583.618,-0.05664328311000598,-2.007443739746558,0.17452000223874192,2.4594731472244427e-05,0,nan,nan,nan,2.0,-0.007447419664403781,0.17447472615095805,1.9999754052685277,0.0,-1.0,SOLVER_EXCEPTION,0.0,0,True,True
1583.715,-0.05671758733166294,-2.00745682330951,0.17451998478096648,2.4591636276446257e-05,0,nan,nan,nan,2.0,-0.007460904406410173,0.17447470815090682,1.9999754083637236,0.0,-1.0,SOLVER_EXCEPTION,0.0,0,True,True
1583.819,-0.056795721345369546,-2.0074705812259572,0.1745199664172247,2.4588738141524004e-05,0,nan,nan,nan,2.0,-0.0074745239385434195,0.1744746899682208,1.9999754112618584,0.0,-1.0,SOLVER_EXCEPTION,0.0,0,True,True
1583.915,-0.056871556987934495,-2.007483934441049,0.17451994859526007,2.4585871993459203e-05,0,nan,nan,nan,2.0,-0.00748760402827648,0.17447467250728543,1.9999754141280066,0.0,-1.0,SOLVER_EXCEPTION,0.0,0,True,True
1584.015,-0.05694815833921388,-2.0074974224802857,0.1745199305959941,2.4582889976517273e-05,0,nan,nan,nan,2.0,-0.007500953756308889,0.1744746546867919,1.9999754171100235,0.0,-1.0,SOLVER_EXCEPTION,0.0,0,True,True
1584.119,-0.057027823420065314,-2.0075114499835056,0.1745199118757384,2.457985233630497e-05,0,nan,nan,nan,2.0,-0.007514842809472459,0.17447463614359604,1.9999754201476636,0.0,-1.0,SOLVER_EXCEPTION,0.0,0,True,True
1584.219,-0.05710212613391078,-2.0075245332745375,0.17451989441395485,2.4577123645759876e-05,0,nan,nan,nan,2.0,-0.007528327272047217,0.17447461814391163,1.9999754228763542,0.0,-1.0,SOLVER_EXCEPTION,0.0,0,True,True
1584.317,-0.05717949257926735,-2.0075381560282213,0.17451987623216492,2.457434310096816e-05,0,nan,nan,nan,2.0,-0.007541811680161267,0.174474600143542,1.9999754256568991,0.0,-1.0,SOLVER_EXCEPTION,0.0,0,True,True
1584.415,-0.05725456072426164,-2.0075513740942212,0.174519858591766,2.4571598841797523e-05,0,nan,nan,nan,2.0,-0.007553947601834714,0.17447458394147786,1.9999754284011582,0.0,-1.0,SOLVER_EXCEPTION,0.0,0,True,True
1584.515,-0.05733039458730802,-2.007564726986788,0.17451984077099011,2.4568866909896312e-05,0,nan,nan,nan,2.0,-0.007568645495107401,0.17447456431872554,1.9999754311330902,0.0,-1.0,SOLVER_EXCEPTION,0.0,0,True,True
1584.618,-0.05740546217463063,-2.007577944951135,0.17451982313116998,2.4566140008420332e-05,0,nan,nan,nan,2.0,-0.0075818600613643755,0.17447454667912599,1.9999754338599915,0.0,-1.0,SOLVER_EXCEPTION,0.0,0,True,True
1584.717,-0.05748589143025806,-2.007592107001448,0.17451980422788071,2.4563468609764093e-05,0,nan,nan,nan,2.0,-0.007595613944972206,0.17447452831793653,1.9999754365313902,0.0,-1.0,SOLVER_EXCEPTION,0.0,0,True,True
1584.818,-0.05756325642300089,-2.0076057294926133,0.17451978604683094,2.4560764983434253e-05,0,nan,nan,nan,2.0,-0.007609232935456064,0.17447451013678306,1.9999754392350166,0.0,-1.0,SOLVER_EXCEPTION,0.0,0,True,True
1584.916,-0.05763832317638678,-2.007618947305353,0.17451976840589298,2.455824207527307e-05,0,nan,nan,nan,2.0,-0.007622717032745663,0.1744744921360173,1.9999754417579247,0.0,-1.0,SOLVER_EXCEPTION,0.0,0,True,True
1585.008,-0.057708793767425506,-2.0076313558213887,0.17451975184284266,2.455599207291582e-05,0,nan,nan,nan,2.0,-0.007635392039623124,0.17447447521278336,1.9999754440079272,0.0,-1.0,SOLVER_EXCEPTION,0.0,0,True,True
1585.115,-0.05778386001541289,-2.0076445735432715,0.1745197342025417,2.4553437585058405e-05,0,nan,nan,nan,2.0,-0.007648606362745622,0.17447445757248214,1.9999754465624149,0.0,-1.0,SOLVER_EXCEPTION,0.0,0,True,True
1585.221,-0.05787194763345364,-2.0076600840755394,0.1745197135000499,2.45506217223495e-05,0,nan,nan,nan,2.0,-0.007663034192772037,0.17447443831093112,1.9999754493782778,0.0,-1.0,SOLVER_EXCEPTION,0.0,0,True,True
1585.318,-0.05794471540345952,-2.0076728970768687,0.1745196963977441,2.4548310638639905e-05,0,nan,nan,nan,2.0,-0.007676518096696314,0.17447442030998506,1.9999754516893613,0.0,-1.0,SOLVER_EXCEPTION,0.0,0,True,True
1585.419,-0.05802207877589336,-2.0076865192734,0.17451967821614983,2.4545848082267536e-05,0,nan,nan,nan,2.0,-0.007690001953695225,0.17447440230621858,1.9999754541519177,0.0,-1.0,SOLVER_EXCEPTION,0.0,0,True,True
1585.515,-0.05809637800644998,-2.0076996019314404,0.1745196607584707,2.4543310643488152e-05,0,nan,nan,nan,2.0,-0.007703350925792711,0.1744743844854164,1.9999754566893566,0.0,-1.0,SOLVER_EXCEPTION,0.0,0,True,True
1585.617,-0.05817297490196558,-2.0077130891630874,0.17451964275407839,2.4541115740280273e-05,0,nan,nan,nan,2.0,-0.007716969527162375,0.1744743663051005,1.9999754588842598,0.0,-1.0,SOLVER_EXCEPTION,0.0,0,True,True
1585.715,-0.058250337512666804,-2.007726711221405,0.17451962457155923,2.453876757726356e-05,0,nan,nan,nan,2.0,-0.007730453246338392,0.17447434830153163,1.9999754612324228,0.0,-1.0,SOLVER_EXCEPTION,0.0,0,True,True
1585.819,-0.05832769987182031,-2.007740333232895,0.17451960639295636,2.4536262743234325e-05,0,nan,nan,nan,2.0,-0.007744071756254731,0.17447433012326652,1.9999754637372569,0.0,-1.0,SOLVER_EXCEPTION,0.0,0,True,True
1585.918,-0.058405827942592,-2.0077540900704247,0.17451958802839598,2.453411542199629e-05,0,nan,nan,nan,2.0,-0.0077575553847473964,0.17447431211853548,1.999975465884578,0.0,-1.0,SOLVER_EXCEPTION,0.0,0,True,True
1586.015,-0.05847936001587433,-2.0077670376403587,0.17451957074844515,2.4531849678365206e-05,0,nan,nan,nan,2.0,-0.007770364791513683,0.174474295017502,1.9999754681503217,0.0,-1.0,SOLVER_EXCEPTION,0.0,0,True,True
1586.115,-0.05855595569272536,-2.007780524649795,0.17451955274805228,2.4529527207536235e-05,0,nan,nan,nan,2.0,-0.0077845225112394695,0.17447427611799293,1.9999754704727926,0.0,-1.0,SOLVER_EXCEPTION,0.0,0,True,True
1586.216,-0.05863408304132021,-2.0077942813557392,0.17451953438330417,2.452746240778319e-05,0,nan,nan,nan,2.0,-0.007797871175277825,0.17447425829557783,1.9999754725375922,0.0,-1.0,SOLVER_EXCEPTION,0.0,0,True,True
1586.322,-0.05871527395215221,-2.0078085774938743,0.17451951530280174,2.4525050603710136e-05,0,nan,nan,nan,2.0,-0.007811084963888543,0.1744742406514801,1.9999754749493963,0.0,-1.0,SOLVER_EXCEPTION,0.0,0,True,True
1586.415,-0.058786507275660205,-2.007821120292479,0.17451949856090365,2.4523102140359286e-05,0,nan,nan,nan,2.0,-0.007824972881302489,0.17447422211331576,1.9999754768978597,0.0,-1.0,SOLVER_EXCEPTION,0.0,0,True,True
1586.52,-0.05886693176087952,-2.0078352814746965,0.1745194796585445,2.4520912454378597e-05,0,nan,nan,nan,2.0,-0.007838725921918695,0.1744742037486411,1.9999754790875457,0.0,-1.0,SOLVER_EXCEPTION,0.0,0,True,True
1586.619,-0.05894122844775757,-2.007848363669916,0.17451946219600328,2.451889901502205e-05,0,nan,nan,nan,2.0,-0.0078518047549417,0.17447418628600042,1.9999754811009849,0.0,-1.0,SOLVER_EXCEPTION,0.0,0,True,True
1586.72,-0.0590193546374202,-2.0078621201635456,0.17451944383436982,2.4516793665126306e-05,0,nan,nan,nan,2.0,-0.007864344218853356,0.17447416954450468,1.9999754832063348,0.0,-1.0,SOLVER_EXCEPTION,0.0,0,True,True
1586.818,-0.059093650901902786,-2.007875202281527,0.17451942637243847,2.4514820339253778e-05,0,nan,nan,nan,2.0,-0.00787890613297669,0.17447415010232703,1.9999754851796607,0.0,-1.0,SOLVER_EXCEPTION,0.0,0,True,True
1586.918,-0.05917024477752604,-2.007888688962091,0.17451940837192106,2.4512714566081255e-05,0,nan,nan,nan,2.0,-0.007891715186747621,0.1744741330010684,1.9999754872854338,0.0,-1.0,SOLVER_EXCEPTION,0.0,0,True,True
1587.018,-0.059247604376738705,-2.0079023104694955,0.1745193901895538,2.451075191521321e-05,0,nan,nan,nan,2.0,-0.007905737689258018,0.17447411428016135,1.9999754892480848,0.0,-1.0,SOLVER_EXCEPTION,0.0,0,True,True
1587.119,-0.05932343189520513,-2.0079156622070946,0.17451937236644455,2.4508852456954513e-05,0,nan,nan,nan,2.0,-0.007918277007813957,0.17447409753709353,1.9999754911475431,0.0,-1.0,SOLVER_EXCEPTION,0.0,0,True,True
1587.217,-0.059400025142449936,-2.0079291487730013,0.17451935436575639,2.4506809482351188e-05,0,nan,nan,nan,2.0,-0.00793283875608459,0.1744740780957157,1.9999754931905176,0.0,-1.0,SOLVER_EXCEPTION,0.0,0,True,True
1587.315,-0.0594750863268178,-2.0079423655700923,0.1745193367254962,2.4504868126933636e-05,0,nan,nan,nan,2.0,-0.007946321816233153,0.17447406009543664,1.9999754951318731,0.0,-1.0,SOLVER_EXCEPTION,0.0,0,True,True
1587.421,-0.05955627473658292,-2.007956661250662,0.17451931764081144,2.450300202432578e-05,0,nan,nan,nan,2.0,-0.007959804840331703,0.17447404209102313,1.9999754969979757,0.0,-1.0,SOLVER_EXCEPTION,0.0,0,True,True
1587.515,-0.05962827181849407,-2.007969338517681,0.174519300720329,2.4501142846516928e-05,0,nan,nan,nan,2.0,-0.007973152998533009,0.17447402426805914,1.9999754988571534,0.0,-1.0,SOLVER_EXCEPTION,0.0,0,True,True
1587.616,-0.05970486426816952,-2.0079828249365415,0.17451928271905667,2.4499249115007282e-05,0,nan,nan,nan,2.0,-0.007986635949999946,0.17447400626696474,1.999975500750885,0.0,-1.0,SOLVER_EXCEPTION,0.0,0,True,True
1587.717,-0.059779924680299926,-2.0079960415930502,0.17451926507409177,2.4497637535470606e-05,0,nan,nan,nan,2.0,-0.0079999840370827,0.17447398844403228,1.9999755023624646,0.0,-1.0,SOLVER_EXCEPTION,0.0,0,True,True
1587.819,-0.05986034634609252,-2.008010202258729,0.1745192461720832,2.44957151961162e-05,0,nan,nan,nan,2.0,-0.008013736575506187,0.17447397008317456,1.999975504284804,0.0,-1.0,SOLVER_EXCEPTION,0.0,0,True,True
1587.919,-0.05993617229708222,-2.008023553707445,0.1745192283516994,2.4493879216287686e-05,0,nan,nan,nan,2.0,-0.0080266801081277,0.17447395279939393,1.9999755061207838,0.0,-1.0,SOLVER_EXCEPTION,0.0,0,True,True
1588.017,-0.06001352989645464,-2.0080371748488317,0.17451921016932878,2.449209799960748e-05,0,nan,nan,nan,2.0,-0.008040702232249789,0.17447393407712575,1.9999755079020003,0.0,-1.0,SOLVER_EXCEPTION,0.0,0,True,True
1588.115,-0.06008782365123111,-2.0080502565064853,0.17451919270629115,2.449044109140352e-05,0,nan,nan,nan,2.0,-0.008053106388661127,0.17447391751626773,1.9999755095589087,0.0,-1.0,SOLVER_EXCEPTION,0.0,0,True,True
1588.221,-0.06016824453282915,-2.008064417027307,0.1745191738029699,2.4488719284442978e-05,0,nan,nan,nan,2.0,-0.008066723962374655,0.17447389933420077,1.9999755112807156,0.0,-1.0,SOLVER_EXCEPTION,0.0,0,True,True
1588.318,-0.06024406975365237,-2.0080777683424533,0.17451915598071183,2.448704742894423e-05,0,nan,nan,nan,2.0,-0.008081150463560487,0.17447388007085296,1.9999755129525711,0.0,-1.0,SOLVER_EXCEPTION,0.0,0,True,True
1588.415,-0.06031836298287873,-2.0080908499029726,0.17451913851780884,2.4485449092286986e-05,0,nan,nan,nan,2.0,-0.008094633141444417,0.17447386207000548,1.9999755145509077,0.0,-1.0,SOLVER_EXCEPTION,0.0,0,True,True
1588.528,-0.06039801739583341,-2.008104875459241,0.17451911979558868,2.4483733813789365e-05,0,nan,nan,nan,2.0,-0.008108115786553183,0.17447384406838662,1.9999755162661863,0.0,-1.0,SOLVER_EXCEPTION,0.0,0,True,True
1588.619,-0.060474608000607014,-2.008118361539321,0.1745191017942702,2.4482024148092086e-05,0,nan,nan,nan,2.0,-0.008121733226319313,0.17447382588425153,1.9999755179758518,0.0,-1.0,SOLVER_EXCEPTION,0.0,0,True,True
1588.717,-0.06054890072385955,-2.0081314430062007,0.17451908433200758,2.448046698496293e-05,0,nan,nan,nan,2.0,-0.008135080982082822,0.1744738080620345,1.9999755195330151,0.0,-1.0,SOLVER_EXCEPTION,0.0,0,True,True
1588.818,-0.06062625689567633,-2.008145063883386,0.17451906614892584,2.447892422231792e-05,0,nan,nan,nan,2.0,-0.008148563532041636,0.17447379006027486,1.9999755210757777,0.0,-1.0,SOLVER_EXCEPTION,0.0,0,True,True
1588.919,-0.060703612897103736,-2.00815868473006,0.17451904796544382,2.4477375218726904e-05,0,nan,nan,nan,2.0,-0.008162046052194977,0.17447377205550296,1.9999755226247813,0.0,-1.0,SOLVER_EXCEPTION,0.0,0,True,True
1589.018,-0.06077943693340186,-2.008172035826829,0.17451903014319683,2.447579440377886e-05,0,nan,nan,nan,2.0,-0.00817552854187616,0.17447375405421806,1.9999755242055963,0.0,-1.0,SOLVER_EXCEPTION,0.0,0,True,True
1589.115,-0.06085449491347624,-2.0081852520338135,0.1745190125007649,2.4474339524567383e-05,0,nan,nan,nan,2.0,-0.008188741351272831,0.17447373641346342,1.9999755256604754,0.0,-1.0,SOLVER_EXCEPTION,0.0,0,True,True
1589.217,-0.06093108452981217,-2.0081987379307593,0.17451899449938788,2.4472757358557286e-05,0,nan,nan,nan,2.0,-0.008202358605567846,0.1744737182294278,1.9999755272426414,0.0,-1.0,SOLVER_EXCEPTION,0.0,0,True,True
1589.315,-0.0610069080936654,-2.0082120889397097,0.1745189766773304,2.4471234474215316e-05,0,nan,nan,nan,2.0,-0.008215975829846652,0.17447370004727114,1.9999755287655259,0.0,-1.0,SOLVER_EXCEPTION,0.0,0,True,True
1589.417,-0.06108502918072449,-2.008225844494381,0.17451895831494132,2.4469727189582085e-05,0,nan,nan,nan,2.0,-0.00822945820035389,0.1744736820451136,1.9999755302728104,0.0,-1.0,SOLVER_EXCEPTION,0.0,0,True,True
1589.517,-0.06116238421595722,-2.00823946516236,0.17451894013095207,2.4468310757875104e-05,0,nan,nan,nan,2.0,-0.00824294054316719,0.1744736640398692,1.999975531689242,0.0,-1.0,SOLVER_EXCEPTION,0.0,0,True,True
1589.621,-0.0612420367629388,-2.0082534903729377,0.17451892140992564,2.446674236396022e-05,0,nan,nan,nan,2.0,-0.008256422856756119,0.1744736460385634,1.999975533257636,0.0,-1.0,SOLVER_EXCEPTION,0.0,0,True,True
1589.718,-0.06131556204599973,-2.0082664366950205,0.17451890412501062,2.4465521996932953e-05,0,nan,nan,nan,2.0,-0.00826990514198701,0.1744736280362651,1.999975534478003,0.0,-1.0,SOLVER_EXCEPTION,0.0,0,True,True
1589.821,-0.06139444839494376,-2.0082803269917324,0.1745188855813139,2.4464106112810055e-05,0,nan,nan,nan,2.0,-0.008283387400561098,0.1744736100314319,1.999975535893887,0.0,-1.0,SOLVER_EXCEPTION,0.0,0,True,True
1589.915,-0.06146720751049176,-2.0082931384047265,0.1745188684788683,2.446275065361212e-05,0,nan,nan,nan,2.0,-0.00829646516526957,0.17447359256883654,1.9999755372493464,0.0,-1.0,SOLVER_EXCEPTION,0.0,0,True,True
1590.018,-0.06154532767830951,-2.008306893788264,0.17451885011583093,2.4461417492712502e-05,0,nan,nan,nan,2.0,-0.008310486656598956,0.17447357384597195,1.9999755385825073,0.0,-1.0,SOLVER_EXCEPTION,0.0,0,True,True
1590.116,-0.06162115005125674,-2.0083202445760238,0.17451883229345186,2.446004603534287e-05,0,nan,nan,nan,2.0,-0.008323834011906062,0.17447355602348402,1.9999755399539647,0.0,-1.0,SOLVER_EXCEPTION,0.0,0,True,True
1590.215,-0.061695440524452666,-2.008333325625716,0.17451881483000828,2.445877582180081e-05,0,nan,nan,nan,2.0,-0.008337181341300631,0.17447353819994893,1.9999755412241782,0.0,-1.0,SOLVER_EXCEPTION,0.0,0,True,True
1590.322,-0.061778155535740314,-2.0083478900641216,0.1745187953869178,2.445736938515962e-05,0,nan,nan,nan,2.0,-0.008349854539528486,0.17447352127851046,1.999975542630615,0.0,-1.0,SOLVER_EXCEPTION,0.0,0,True,True
1590.418,-0.06185091397719869,-2.00836070135152,0.17451877828417883,2.4456115942411773e-05,0,nan,nan,nan,2.0,-0.008364280385927542,0.1744735020140924,1.9999755438840576,0.0,-1.0,SOLVER_EXCEPTION,0.0,0,True,True
1590.518,-0.06192826755389326,-2.0083743217464955,0.17451876010459116,2.4454636108896863e-05,0,nan,nan,nan,2.0,-0.008377762458953667,0.17447348401264717,1.999975545363891,0.0,-1.0,SOLVER_EXCEPTION,0.0,0,True,True
1590.614,-0.06200255749319547,-2.008387402696144,0.17451874264003617,2.4453530039256536e-05,0,nan,nan,nan,2.0,-0.008391244506451645,0.1744734660099767,1.9999755464699607,0.0,-1.0,SOLVER_EXCEPTION,0.0,0,True,True
1590.716,-0.06208067667569674,-2.00840115789714,0.17451872427491688,2.4452339331664976e-05,0,nan,nan,nan,2.0,-0.008404726530225306,0.17447344800491527,1.9999755476606684,0.0,-1.0,SOLVER_EXCEPTION,0.0,0,True,True
1590.823,-0.062162625083284,-2.008415587344131,0.17451870501401556,2.4450896573465472e-05,0,nan,nan,nan,2.0,-0.008417399609726229,0.17447343108303448,1.9999755491034266,0.0,-1.0,SOLVER_EXCEPTION,0.0,0,True,True
1590.915,-0.06223308527761797,-2.0084279939495895,0.17451868844902524,2.444991502300423e-05,0,nan,nan,nan,2.0,-0.008431555683014078,0.17447341217915957,1.999975550084977,0.0,-1.0,SOLVER_EXCEPTION,0.0,0,True,True
1591.025,-0.062315799280514964,-2.008442558200052,0.17451866900695256,2.4448512369880116e-05,0,nan,nan,nan,2.0,-0.008445037633819234,0.1744733941773271,1.99997555148763,0.0,-1.0,SOLVER_EXCEPTION,0.0,0,True,True
1591.118,-0.062387025109442634,-2.008455099615043,0.1745186522641823,2.4447404643454863e-05,0,nan,nan,nan,2.0,-0.008458519560968599,0.17447337617241,1.9999755525953566,0.0,-1.0,SOLVER_EXCEPTION,0.0,0,True,True
1591.217,-0.06246437776898022,-2.008468719839289,0.17451863407913262,2.4446323121248805e-05,0,nan,nan,nan,2.0,-0.008472136282874318,0.17447335799145725,1.9999755536768788,0.0,-1.0,SOLVER_EXCEPTION,0.0,0,True,True
1591.315,-0.06253943270464356,-2.0084819354793364,0.17451861643822952,2.4445068891144512e-05,0,nan,nan,nan,2.0,-0.008485618163095636,0.17447333998599301,1.999975554931109,0.0,-1.0,SOLVER_EXCEPTION,0.0,0,True,True
1591.415,-0.06261448752340339,-2.008495151097246,0.17451859879645545,2.4443860062311788e-05,0,nan,nan,nan,2.0,-0.008498965201313895,0.1744733221663961,1.9999755561399377,0.0,-1.0,SOLVER_EXCEPTION,0.0,0,True,True
1591.519,-0.06269490327246875,-2.0085093106640546,0.17451857989119463,2.444279841711674e-05,0,nan,nan,nan,2.0,-0.008512042581101121,0.17447330470166023,1.999975557201583,0.0,-1.0,SOLVER_EXCEPTION,0.0,0,True,True
1591.617,-0.06276919199093599,-2.008522391385286,0.17451856242822134,2.4441668316789735e-05,0,nan,nan,nan,2.0,-0.008526063666985825,0.17447328597596146,1.9999755583316832,0.0,-1.0,SOLVER_EXCEPTION,0.0,0,True,True
1591.727,-0.0628549685185828,-2.0085374948718115,0.17451854226458596,2.444044744234959e-05,0,nan,nan,nan,2.0,-0.008539545456659449,0.1744732679735037,1.9999755595525577,0.0,-1.0,SOLVER_EXCEPTION,0.0,0,True,True
1591.824,-0.06292695942079206,-2.0085501709915845,0.1745185253391777,2.4439556121113082e-05,0,nan,nan,nan,2.0,-0.008552892407022493,0.17447325014962312,1.999975560443879,0.0,-1.0,SOLVER_EXCEPTION,0.0,0,True,True
1591.906,-0.06299205749021032,-2.0085616334233967,0.1745185100370528,2.4438606764479046e-05,0,nan,nan,nan,2.0,-0.008565430432300524,0.17447323340699317,1.9999755613932355,0.0,-1.0,SOLVER_EXCEPTION,0.0,0,True,True
1592.018,-0.06307783364534734,-2.008576736839702,0.174518489873382,2.4437410082717238e-05,0,nan,nan,nan,2.0,-0.008579990696428268,0.1744732139638301,1.9999755625899174,0.0,-1.0,SOLVER_EXCEPTION,0.0,0,True,True
1592.119,-0.06315518523665842,-2.0085903568627725,0.17451847168887702,2.4436391806609507e-05,0,nan,nan,nan,2.0,-0.008593472400813824,0.17447319596118493,1.9999755636081933,0.0,-1.0,SOLVER_EXCEPTION,0.0,0,True,True
1592.218,-0.063230239148799,-2.0086035723096964,0.17451845404769953,2.4435255144615643e-05,0,nan,nan,nan,2.0,-0.008606819267491943,0.17447317813784613,1.9999755647448554,0.0,-1.0,SOLVER_EXCEPTION,0.0,0,True,True
1592.318,-0.06330529295669049,-2.008616787736302,0.1745184364050726,2.4434235590726293e-05,0,nan,nan,nan,2.0,-0.008620031297107235,0.17447316049581607,1.9999755657644094,0.0,-1.0,SOLVER_EXCEPTION,0.0,0,True,True
1592.418,-0.06338417592919869,-2.008630677399638,0.1745184178600766,2.4433252899215873e-05,0,nan,nan,nan,2.0,-0.008633917389306996,0.1744731419501777,1.9999755667471009,0.0,-1.0,SOLVER_EXCEPTION,0.0,0,True,True
1592.517,-0.06345922952686475,-2.0086438927875756,0.17451840021473827,2.4432357425180567e-05,0,nan,nan,nan,2.0,-0.00864739901217867,0.17447312394472636,1.9999755676425748,0.0,-1.0,SOLVER_EXCEPTION,0.0,0,True,True
1592.619,-0.06353811228165314,-2.0086577824082235,0.1745183816729545,2.4431279195144868e-05,0,nan,nan,nan,2.0,-0.00866088061378764,0.17447310594244314,1.999975568720805,0.0,-1.0,SOLVER_EXCEPTION,0.0,0,True,True
1592.715,-0.06361163397370675,-2.008670728056118,0.17451836438789675,2.4430434624319842e-05,0,nan,nan,nan,2.0,-0.008674362196639857,0.17447308794012173,1.9999755695653756,0.0,-1.0,SOLVER_EXCEPTION,0.0,0,True,True
1592.824,-0.06369434576500962,-2.0086852918881735,0.1745183449443452,2.4429381189295084e-05,0,nan,nan,nan,2.0,-0.008687978575977053,0.17447306975560517,1.9999755706188107,0.0,-1.0,SOLVER_EXCEPTION,0.0,0,True,True
1592.916,-0.06376556971330698,-2.0086978329483327,0.17451832820112798,2.442847047107925e-05,0,nan,nan,nan,2.0,-0.008701190488986762,0.1744730521124498,1.9999755715295289,0.0,-1.0,SOLVER_EXCEPTION,0.0,0,True,True
1593.018,-0.06384215450800747,-2.0087113179408562,0.174518310198204,2.4427496457869882e-05,0,nan,nan,nan,2.0,-0.008714672014552238,0.17447303410729775,1.9999755725035422,0.0,-1.0,SOLVER_EXCEPTION,0.0,0,True,True
1593.116,-0.06391720751149892,-2.0087245332154082,0.17451829255289047,2.442666908250477e-05,0,nan,nan,nan,2.0,-0.008728288336469865,0.17447301592283093,1.9999755733309175,0.0,-1.0,SOLVER_EXCEPTION,0.0,0,True,True
1593.217,-0.06399455795859971,-2.008738153019605,0.1745182743716646,2.442563057821256e-05,0,nan,nan,nan,2.0,-0.00874176982384855,0.1744729979194668,1.9999755743694219,0.0,-1.0,SOLVER_EXCEPTION,0.0,0,True,True
1593.32,-0.06407497168590508,-2.008752312203687,0.174518255466547,2.442470825651072e-05,0,nan,nan,nan,2.0,-0.008755251294071977,0.17447297991669597,1.9999755752917434,0.0,-1.0,SOLVER_EXCEPTION,0.0,0,True,True
1593.415,-0.06414772687326536,-2.0087651228762367,0.17451823836310132,2.442385810246562e-05,0,nan,nan,nan,2.0,-0.008768732745798482,0.1744729619107841,1.9999755761418976,0.0,-1.0,SOLVER_EXCEPTION,0.0,0,True,True
1593.516,-0.06422507703278028,-2.008778742625571,0.17451822017828597,2.4423060450129545e-05,0,nan,nan,nan,2.0,-0.008782214178696717,0.17447294390840273,1.99997557693955,0.0,-1.0,SOLVER_EXCEPTION,0.0,0,True,True
1593.616,-0.06430166125633556,-2.0087922275088053,0.17451820217591535,2.442209105126764e-05,0,nan,nan,nan,2.0,-0.008795695594845426,0.17447292590594277,1.9999755779089488,0.0,-1.0,SOLVER_EXCEPTION,0.0,0,True,True
1593.718,-0.06437824538889653,-2.0088057123742176,0.17451818417273152,2.442118327812745e-05,0,nan,nan,nan,2.0,-0.008809176993408774,0.17447290790313064,1.999975578816722,0.0,-1.0,SOLVER_EXCEPTION,0.0,0,True,True
1593.819,-0.06445329775148757,-2.0088189275260024,0.17451816652610347,2.442052693996266e-05,0,nan,nan,nan,2.0,-0.008822658374607861,0.17447288989604415,1.99997557947306,0.0,-1.0,SOLVER_EXCEPTION,0.0,0,True,True
1593.919,-0.06452375499392894,-2.008831333571398,0.1745181499639757,2.4419683283222887e-05,0,nan,nan,nan,2.0,-0.008835061229924076,0.17447287333391603,1.9999755803167167,0.0,-1.0,SOLVER_EXCEPTION,0.0,0,True,True
1594.019,-0.06460876308974679,-2.0088463017161162,0.17451812997880725,2.4418803606515705e-05,0,nan,nan,nan,2.0,-0.00884962108559829,0.174472853890296,1.9999755811963935,0.0,-1.0,SOLVER_EXCEPTION,0.0,0,True,True
1594.117,-0.0646815176815224,-2.008859112274492,0.1745181128739102,2.441807384513e-05,0,nan,nan,nan,2.0,-0.00886283279002699,0.1744728362438508,1.9999755819261549,0.0,-1.0,SOLVER_EXCEPTION,0.0,0,True,True
1594.215,-0.06476039888854927,-2.0088730016001017,0.17451809432970983,2.441722435845443e-05,0,nan,nan,nan,2.0,-0.008876583730971135,0.17447281788068203,1.9999755827756416,0.0,-1.0,SOLVER_EXCEPTION,0.0,0,True,True
1594.317,-0.06483851417059917,-2.008886756059429,0.1745180759659173,2.4416431197912884e-05,0,nan,nan,nan,2.0,-0.008890065027874157,0.17447279987863507,1.999975583568802,0.0,-1.0,SOLVER_EXCEPTION,0.0,0,True,True
1594.418,-0.06491509769609331,-2.008900240808216,0.1745180579629727,2.4415574957282796e-05,0,nan,nan,nan,2.0,-0.008903546309755206,0.1744727818720584,1.9999755844250426,0.0,-1.0,SOLVER_EXCEPTION,0.0,0,True,True
1594.517,-0.0649909153052493,-2.0089135906939206,0.17451804013921782,2.4414755843554365e-05,0,nan,nan,nan,2.0,-0.008916892763373692,0.17447276404703027,1.9999755852441565,0.0,-1.0,SOLVER_EXCEPTION,0.0,0,True,True
1594.619,-0.06506979616769511,-2.0089274799521255,0.1745180215927837,2.4414108940164134e-05,0,nan,nan,nan,2.0,-0.008930508825291906,0.17447274586542116,1.9999755858910597,0.0,-1.0,SOLVER_EXCEPTION,0.0,0,True,True
1594.718,-0.06514561361541321,-2.0089408298063187,0.17451800376854754,2.4413366608605884e-05,0,nan,nan,nan,2.0,-0.008943990059852965,0.17447272785875212,1.9999755866333915,0.0,-1.0,SOLVER_EXCEPTION,0.0,0,True,True
1594.818,-0.06522143098551535,-2.0089541796452637,0.17451798594501244,2.4412581261023423e-05,0,nan,nan,nan,2.0,-0.008957471278830082,0.17447270985611363,1.999975587418739,0.0,-1.0,SOLVER_EXCEPTION,0.0,0,True,True
1594.915,-0.06529648244813648,-2.0089673946222915,0.17451796830106486,2.441186357943565e-05,0,nan,nan,nan,2.0,-0.008970952482137945,0.1744726918521522,1.9999755881364205,0.0,-1.0,SOLVER_EXCEPTION,0.0,0,True,True
1595.02,-0.06537612881695012,-2.0089814186646895,0.17451794957772696,2.4411015038103772e-05,0,nan,nan,nan,2.0,-0.00898443367151024,0.17447267384560128,1.999975588984962,0.0,-1.0,SOLVER_EXCEPTION,0.0,0,True,True
1595.123,-0.06545500927418788,-2.008995307843545,0.1745179310322863,2.4410370194030536e-05,0,nan,nan,nan,2.0,-0.00899764522157964,0.17447265620385988,1.999975589629806,0.0,-1.0,SOLVER_EXCEPTION,0.0,0,True,True
1595.219,-0.06552623136586544,-2.0090078485456186,0.17451791428743557,2.4409758573668096e-05,0,nan,nan,nan,2.0,-0.009011530815212106,0.17447263765737597,1.9999755902414262,0.0,-1.0,SOLVER_EXCEPTION,0.0,0,True,True
1595.316,-0.06560281418831396,-2.0090213331577904,0.17451789628433168,2.440895720903885e-05,0,nan,nan,nan,2.0,-0.00902487714865379,0.17447261983327866,1.999975591042791,0.0,-1.0,SOLVER_EXCEPTION,0.0,0,True,True
1595.418,-0.06568169441873818,-2.009035222292751,0.17451787773934535,2.440827193266123e-05,0,nan,nan,nan,2.0,-0.009038088656549067,0.17447260219018368,1.9999755917280673,0.0,-1.0,SOLVER_EXCEPTION,0.0,0,True,True
1595.516,-0.06575674544032559,-2.009048437183882,0.1745178600955329,2.4407595484828804e-05,0,nan,nan,nan,2.0,-0.009050760905398185,0.1744725852668032,1.9999755924045153,0.0,-1.0,SOLVER_EXCEPTION,0.0,0,True,True
1595.622,-0.06583256221878363,-2.009061786907372,0.17451784227169495,2.4406885333336244e-05,0,nan,nan,nan,2.0,-0.009064781252555432,0.1744725665396758,1.9999755931146668,0.0,-1.0,SOLVER_EXCEPTION,0.0,0,True,True
1595.719,-0.06591067640296053,-2.009075541153236,0.1745178239075857,2.440618066381857e-05,0,nan,nan,nan,2.0,-0.00907880158431513,0.17447254781588795,1.9999755938193362,0.0,-1.0,SOLVER_EXCEPTION,0.0,0,True,True
1595.818,-0.06598802469003602,-2.0090891605405057,0.1745178057215639,2.440557654872049e-05,0,nan,nan,nan,2.0,-0.009092282658758723,0.17447252981163297,1.9999755944234512,0.0,-1.0,SOLVER_EXCEPTION,0.0,0,True,True
1595.917,-0.06606384125974887,-2.00910251022269,0.17451778789720795,2.4404934870850105e-05,0,nan,nan,nan,2.0,-0.009105763719406697,0.17447251180630863,1.9999755950651292,0.0,-1.0,SOLVER_EXCEPTION,0.0,0,True,True
1596.019,-0.06614195523156391,-2.009116264426512,0.17451776953287806,2.4404286326124755e-05,0,nan,nan,nan,2.0,-0.009119244766125339,0.1744724938024973,1.9999755957136738,0.0,-1.0,SOLVER_EXCEPTION,0.0,0,True,True
1596.116,-0.0662162400220772,-2.0091293443927247,0.17451775206862938,2.440363529359893e-05,0,nan,nan,nan,2.0,-0.009132725800345923,0.17447247579866776,1.9999755963647063,0.0,-1.0,SOLVER_EXCEPTION,0.0,0,True,True
1596.217,-0.06629358803653346,-2.0091429637259455,0.1745177338830607,2.4403028299195927e-05,0,nan,nan,nan,2.0,-0.00914607201146786,0.1744724579730983,1.9999755969717008,0.0,-1.0,SOLVER_EXCEPTION,0.0,0,True,True
1596.318,-0.06637093598431203,-2.0091565830448603,0.17451771569712343,2.4402516568527484e-05,0,nan,nan,nan,2.0,-0.0091596878287481,0.1744724397875821,1.9999755974834315,0.0,-1.0,SOLVER_EXCEPTION,0.0,0,True,True
1596.414,-0.06644445476447168,-2.009169528128409,0.17451769841422451,2.440183959871936e-05,0,nan,nan,nan,2.0,-0.00917316882377561,0.1744724217841651,1.9999755981604013,0.0,-1.0,SOLVER_EXCEPTION,0.0,0,True,True
1596.515,-0.066521802584088,-2.0091831474229074,0.17451768022973457,2.4401180308019992e-05,0,nan,nan,nan,2.0,-0.009186110567572795,0.17447240449767065,1.999975598819692,0.0,-1.0,SOLVER_EXCEPTION,0.0,0,True,True
1596.618,-0.06660068197745374,-2.0091970363928198,0.1745176616825582,2.4400707749199298e-05,0,nan,nan,nan,2.0,-0.009200130776069501,0.17447238577276014,1.9999755992922508,0.0,-1.0,SOLVER_EXCEPTION,0.0,0,True,True
1596.718,-0.06667573221270987,-2.009210251128474,0.17451764404017245,2.440001116814058e-05,0,nan,nan,nan,2.0,-0.009213611733244762,0.1744723677702491,1.9999755999888318,0.0,-1.0,SOLVER_EXCEPTION,0.0,0,True,True
1596.818,-0.06675078238880855,-2.0092234658526498,0.17451762639384005,2.439952264780855e-05,0,nan,nan,nan,2.0,-0.00922709267847859,0.1744723497637808,1.9999756004773521,0.0,-1.0,SOLVER_EXCEPTION,0.0,0,True,True
1596.919,-0.06682966159269442,-2.009237354784456,0.17451760784985149,2.4398885372769303e-05,0,nan,nan,nan,2.0,-0.009240573611107028,0.17447233175896892,1.9999756011146272,0.0,-1.0,SOLVER_EXCEPTION,0.0,0,True,True
1597.015,-0.06690471164976973,-2.0092505694852565,0.1745175902030556,2.439843015673802e-05,0,nan,nan,nan,2.0,-0.009253919723266208,0.17447231393302154,1.9999756015698433,0.0,-1.0,SOLVER_EXCEPTION,0.0,0,True,True
1597.122,-0.06698665399429773,-2.00926499776667,0.17451757093993603,2.4397743314518844e-05,0,nan,nan,nan,2.0,-0.009267535440900847,0.17447229575142753,1.9999756022566855,0.0,-1.0,SOLVER_EXCEPTION,0.0,0,True,True
1597.218,-0.0670578748560574,-2.009277538225285,0.17451755419586898,2.4397198966377337e-05,0,nan,nan,nan,2.0,-0.009280881529043184,0.17447227792596864,1.9999756028010336,0.0,-1.0,SOLVER_EXCEPTION,0.0,0,True,True
1597.319,-0.06713675381661073,-2.00929142710911,0.17451753564986633,2.439664989236587e-05,0,nan,nan,nan,2.0,-0.009294632033099345,0.17447225955889323,1.9999756033501077,0.0,-1.0,SOLVER_EXCEPTION,0.0,0,True,True
1597.417,-0.06721256945966464,-2.009304776606555,0.17451751782416813,2.439618185116126e-05,0,nan,nan,nan,2.0,-0.009307978098032977,0.17447224173558062,1.9999756038181489,0.0,-1.0,SOLVER_EXCEPTION,0.0,0,True,True
1597.517,-0.0672883850474718,-2.0093181260931536,0.17451749999901853,2.4395676202147762e-05,0,nan,nan,nan,2.0,-0.009321324152121788,0.1744722239102301,1.999975604323798,0.0,-1.0,SOLVER_EXCEPTION,0.0,0,True,True
1597.615,-0.06736420058073117,-2.0093314755689575,0.17451748217334329,2.4395173354027347e-05,0,nan,nan,nan,2.0,-0.009334939812537042,0.17447220572555988,1.999975604826646,0.0,-1.0,SOLVER_EXCEPTION,0.0,0,True,True
1597.715,-0.0674400160602945,-2.009344825033108,0.1745174643510229,2.4394517923615468e-05,0,nan,nan,nan,2.0,-0.009348420652634543,0.1744721877209634,1.9999756054820763,0.0,-1.0,SOLVER_EXCEPTION,0.0,0,True,True
1597.819,-0.06751966054700463,-2.009358848702343,0.17451744562316832,2.4394110391226797e-05,0,nan,nan,nan,2.0,-0.009361362249376715,0.1744721704333525,1.9999756058896088,0.0,-1.0,SOLVER_EXCEPTION,0.0,0,True,True
1597.917,-0.06759547591822176,-2.009372198144825,0.17451742779836868,2.439360054481774e-05,0,nan,nan,nan,2.0,-0.009375382301127144,0.17447215170952113,1.9999756063994552,0.0,-1.0,SOLVER_EXCEPTION,0.0,0,True,True
1598.015,-0.0676705254266456,-2.0093854127336823,0.17451741015374245,2.4393116382383523e-05,0,nan,nan,nan,2.0,-0.009388863108365765,0.17447213370483716,1.9999756068836176,0.0,-1.0,SOLVER_EXCEPTION,0.0,0,True,True
1598.116,-0.0677478723162874,-2.0093990318414963,0.1745173919672663,2.4392650767956612e-05,0,nan,nan,nan,2.0,-0.009402209098312402,0.17447211587958833,1.999975607349232,0.0,-1.0,SOLVER_EXCEPTION,0.0,0,True,True
1598.22,-0.06782521915353425,-2.009412650937497,0.17451737378515964,2.4391978495597842e-05,0,nan,nan,nan,2.0,-0.009415824692951776,0.1744720976943137,1.9999756080215043,0.0,-1.0,SOLVER_EXCEPTION,0.0,0,True,True
1598.315,-0.06789720527226355,-2.0094253261260477,0.17451735685778935,2.439170495400887e-05,0,nan,nan,nan,2.0,-0.009429035853064408,0.17447208004980874,1.999975608295046,0.0,-1.0,SOLVER_EXCEPTION,0.0,0,True,True
1598.417,-0.0679791468638089,-2.009439754256215,0.17451733759209823,2.4391172295192335e-05,0,nan,nan,nan,2.0,-0.009442786235136927,0.17447206168225637,1.9999756088277048,0.0,-1.0,SOLVER_EXCEPTION,0.0,0,True,True
1598.52,-0.06805572773926118,-2.00945323847867,0.17451731958709873,2.4390689347748567e-05,0,nan,nan,nan,2.0,-0.009455997376288282,0.17447204403831096,1.9999756093106522,0.0,-1.0,SOLVER_EXCEPTION,0.0,0,True,True
1598.618,-0.06813077694960305,-2.0094664530072786,0.1745173019425099,2.439021238034817e-05,0,nan,nan,nan,2.0,-0.00946988254397894,0.17447202549150154,1.9999756097876196,0.0,-1.0,SOLVER_EXCEPTION,0.0,0,True,True
1598.716,-0.06820735772855403,-2.0094799372104446,0.17451728393552476,2.4389835579097673e-05,0,nan,nan,nan,2.0,-0.00948282405034715,0.1744720082080251,1.9999756101644208,0.0,-1.0,SOLVER_EXCEPTION,0.0,0,True,True
1598.815,-0.06828393845984546,-2.0094934214030773,0.17451726593053943,2.4389370022070174e-05,0,nan,nan,nan,2.0,-0.009496978812489185,0.1744719893004798,1.999975610629978,0.0,-1.0,SOLVER_EXCEPTION,0.0,0,True,True
1598.919,-0.068360519143791,-2.0095069055869157,0.17451724792602352,2.4388850009529347e-05,0,nan,nan,nan,2.0,-0.009510189914731808,0.17447197165606587,1.9999756111499905,0.0,-1.0,SOLVER_EXCEPTION,0.0,0,True,True
1599.019,-0.06843939719964916,-2.0095207942856788,0.17451722938041575,2.4388392839180278e-05,0,nan,nan,nan,2.0,-0.009523535814236811,0.17447195383075664,1.9999756116071608,0.0,-1.0,SOLVER_EXCEPTION,0.0,0,True,True
1599.118,-0.06851444617848994,-2.0095340087657063,0.17451721173547777,2.438798127328292e-05,0,nan,nan,nan,2.0,-0.009537151317702393,0.17447193564480212,1.9999756120187266,0.0,-1.0,SOLVER_EXCEPTION,0.0,0,True,True
1599.22,-0.06859255833440407,-2.0095477626039946,0.1745171933677787,2.438762435404942e-05,0,nan,nan,nan,2.0,-0.009550497199042034,0.1744719178180465,1.999975612375646,0.0,-1.0,SOLVER_EXCEPTION,0.0,0,True,True
1599.315,-0.06866607561506419,-2.0095607073837307,0.17451717608373246,2.438712401666073e-05,0,nan,nan,nan,2.0,-0.009563977877709809,0.17447189981371514,1.9999756128759834,0.0,-1.0,SOLVER_EXCEPTION,0.0,0,True,True
1599.416,-0.06874342187688928,-2.0095743263605215,0.17451715789708708,2.438681316975369e-05,0,nan,nan,nan,2.0,-0.009577728159137423,0.17447188144937398,1.9999756131868303,0.0,-1.0,SOLVER_EXCEPTION,0.0,0,True,True
1599.516,-0.06882000229002336,-2.009587810487754,0.17451713989288645,2.4386302486632123e-05,0,nan,nan,nan,2.0,-0.009590130366724837,0.17447186488240396,1.9999756136975133,0.0,-1.0,SOLVER_EXCEPTION,0.0,0,True,True
1599.617,-0.06889734846353651,-2.009601429446673,0.17451712170671188,2.438590801760393e-05,0,nan,nan,nan,2.0,-0.009604554663692694,0.17447184561837137,1.9999756140919824,0.0,-1.0,SOLVER_EXCEPTION,0.0,0,True,True
1599.719,-0.06897469459343489,-2.009615048397208,0.17451710351936928,2.438558762926731e-05,0,nan,nan,nan,2.0,-0.009618170111920352,0.17447182743160639,1.9999756144123708,0.0,-1.0,SOLVER_EXCEPTION,0.0,0,True,True
1599.819,-0.06904974327264145,-2.009628262814986,0.17451708587630577,2.4385061966271057e-05,0,nan,nan,nan,2.0,-0.009631515938583447,0.17447180960638997,1.9999756149380337,0.0,-1.0,SOLVER_EXCEPTION,0.0,0,True,True
1599.917,-0.06912555771418102,-2.0096416120651357,0.17451706804921385,2.4384765429037822e-05,0,nan,nan,nan,2.0,-0.009644996562399226,0.17447179160159365,1.999975615234571,0.0,-1.0,SOLVER_EXCEPTION,0.0,0,True,True
1600.017,-0.06920366952081576,-2.0096553658299983,0.17451704968400178,2.4384312579803572e-05,0,nan,nan,nan,2.0,-0.009658477178605627,0.17447177359310206,1.9999756156874202,0.0,-1.0,SOLVER_EXCEPTION,0.0,0,True,True
1600.117,-0.0692802496824825,-2.009668849904464,0.1745170316759879,2.4384046355645317e-05,0,nan,nan,nan,2.0,-0.009671148949343508,0.17447175666875037,1.9999756159536444,0.0,-1.0,SOLVER_EXCEPTION,0.0,0,True,True
1600.215,-0.06935529820232576,-2.0096820642879045,0.17451701403215006,2.4383609807343568e-05,0,nan,nan,nan,2.0,-0.009685303577697937,0.1744717377624614,1.9999756163901927,0.0,-1.0,SOLVER_EXCEPTION,0.0,0,True,True
1600.32,-0.069433409886527,-2.009695818026696,0.17451699566723855,2.438315076228068e-05,0,nan,nan,nan,2.0,-0.009698784168178338,0.17447171975743325,1.9999756168492377,0.0,-1.0,SOLVER_EXCEPTION,0.0,0,True,True
1600.419,-0.06951075572994346,-2.009709436916213,0.17451697747993156,2.438283142761096e-05,0,nan,nan,nan,2.0,-0.009712399556520654,0.17447170157050307,1.9999756171685723,0.0,-1.0,SOLVER_EXCEPTION,0.0,0,True,True
1600.52,-0.06958886733397947,-2.009723190637372,0.17451695911513945,2.4382419612950772e-05,0,nan,nan,nan,2.0,-0.00972574532376605,0.17447168374360222,1.999975617580387,0.0,-1.0,SOLVER_EXCEPTION,0.0,0,True,True
1600.616,-0.06966238410157521,-2.0097361353087293,0.174516941827866,2.4382155476409018e-05,0,nan,nan,nan,2.0,-0.009739360695244025,0.1744716655579439,1.9999756178445236,0.0,-1.0,SOLVER_EXCEPTION,0.0,0,True,True
1600.72,-0.06974126142845694,-2.009750023853402,0.17451692328331875,2.4381706369588448e-05,0,nan,nan,nan,2.0,-0.009752841252866556,0.17447164755337852,1.9999756182936304,0.0,-1.0,SOLVER_EXCEPTION,0.0,0,True,True
1600.815,-0.0698109491310199,-2.0097622943087265,0.1745169068975276,2.4381414359611505e-05,0,nan,nan,nan,2.0,-0.009765782579965616,0.17447163026746804,1.9999756185856403,0.0,-1.0,SOLVER_EXCEPTION,0.0,0,True,True
1600.915,-0.06989212377919776,-2.0097765873588362,0.17451688780908692,2.4381140094879774e-05,0,nan,nan,nan,2.0,-0.009779532733122254,0.17447161189934057,1.9999756188599052,0.0,-1.0,SOLVER_EXCEPTION,0.0,0,True,True
1601.019,-0.0699702351949511,-2.009790341039112,0.17451686944335437,2.438079083879721e-05,0,nan,nan,nan,2.0,-0.009793282877206516,0.1744715935339376,1.9999756192091611,0.0,-1.0,SOLVER_EXCEPTION,0.0,0,True,True
1601.116,-0.07004528338277224,-2.0098035553527973,0.17451685179851595,2.438036871189127e-05,0,nan,nan,nan,2.0,-0.009805684961710621,0.17447157696925375,1.9999756196312881,0.0,-1.0,SOLVER_EXCEPTION,0.0,0,True,True
1601.215,-0.07012109733411333,-2.0098169044986363,0.17451683397241255,2.4380042329900578e-05,0,nan,nan,nan,2.0,-0.0098203787273539,0.1744715573423532,1.9999756199576701,0.0,-1.0,SOLVER_EXCEPTION,0.0,0,True,True
1601.315,-0.07019767704843809,-2.009830388476065,0.17451681596681495,2.4379712350208387e-05,0,nan,nan,nan,2.0,-0.009833589627330717,0.17447153969710572,1.9999756202876497,0.0,-1.0,SOLVER_EXCEPTION,0.0,0,True,True
1601.426,-0.07028268049088666,-2.009845355683493,0.17451679598005468,2.4379312886982086e-05,0,nan,nan,nan,2.0,-0.009847744156243631,0.1744715207904992,1.999975620687113,0.0,-1.0,SOLVER_EXCEPTION,0.0,0,True,True
1601.517,-0.07035236796665617,-2.0098576260895653,0.174516779593092,2.437908135296714e-05,0,nan,nan,nan,2.0,-0.009860685432776174,0.17447150350258456,1.999975620918647,0.0,-1.0,SOLVER_EXCEPTION,0.0,0,True,True
1601.617,-0.07042818178247964,-2.0098709752054473,0.17451676176617675,2.437884998305696e-05,0,nan,nan,nan,2.0,-0.00987416592058715,0.17447148549637426,1.999975621150017,0.0,-1.0,SOLVER_EXCEPTION,0.0,0,True,True
1601.717,-0.07050476136142743,-2.009884459154103,0.17451674376140996,2.437844158527774e-05,0,nan,nan,nan,2.0,-0.00988751159739024,0.17447146767054944,1.9999756215584148,0.0,-1.0,SOLVER_EXCEPTION,0.0,0,True,True
1601.815,-0.07058057511244567,-2.009897808255965,0.17451672593507905,2.4378119933865142e-05,0,nan,nan,nan,2.0,-0.009901126876359252,0.17447144948631577,1.9999756218800662,0.0,-1.0,SOLVER_EXCEPTION,0.0,0,True,True
1601.915,-0.07065715462678669,-2.0099112921904227,0.17451670792908638,2.4377807169414468e-05,0,nan,nan,nan,2.0,-0.009914607343662195,0.1744714314768574,1.9999756221928306,0.0,-1.0,SOLVER_EXCEPTION,0.0,0,True,True
1602.021,-0.07072913934125269,-2.009923967082186,0.1745166910011669,2.4377644351735556e-05,0,nan,nan,nan,2.0,-0.00992741378070091,0.1744714143711077,1.9999756223556482,0.0,-1.0,SOLVER_EXCEPTION,0.0,0,True,True
1602.115,-0.07080725038298007,-2.009937720680982,0.1745166726356959,2.4377265193999946e-05,0,nan,nan,nan,2.0,-0.009941163842877927,0.17447139600563633,1.999975622734806,0.0,-1.0,SOLVER_EXCEPTION,0.0,0,True,True
1602.218,-0.07088919036249815,-2.009952148468699,0.17451665336819133,2.437698094878875e-05,0,nan,nan,nan,2.0,-0.009955048702867099,0.17447137745838193,1.9999756230190513,0.0,-1.0,SOLVER_EXCEPTION,0.0,0,True,True
1602.319,-0.0709665355446957,-2.009965767213911,0.17451663518368551,2.437656951960617e-05,0,nan,nan,nan,2.0,-0.009968529142132353,0.17447135945299586,1.9999756234304804,0.0,-1.0,SOLVER_EXCEPTION,0.0,0,True,True
1602.419,-0.0710423491092206,-2.009979116274002,0.1745166173565703,2.4376366115686584e-05,0,nan,nan,nan,2.0,-0.009981739965455134,0.17447134180739932,1.9999756236338844,0.0,-1.0,SOLVER_EXCEPTION,0.0,0,True,True
1602.518,-0.07111892843742972,-2.0099926001673634,0.17451659934820127,2.4376159562195096e-05,0,nan,nan,nan,2.0,-0.0099953551961003,0.17447132362069695,1.9999756238404378,0.0,-1.0,SOLVER_EXCEPTION,0.0,0,True,True
1602.617,-0.0711932103576965,-2.010005679537037,0.17451658188512337,2.4375679867064247e-05,0,nan,nan,nan,2.0,-0.010008970420108584,0.17447130543310996,1.999975624320133,0.0,-1.0,SOLVER_EXCEPTION,0.0,0,True,True
1602.718,-0.07126978962827539,-2.0100191634166196,0.1745165638754187,2.4375629657380546e-05,0,nan,nan,nan,2.0,-0.01002191161537484,0.17447128814823287,1.9999756243703426,0.0,-1.0,SOLVER_EXCEPTION,0.0,0,True,True
1602.817,-0.07134636887000641,-2.010032647290118,0.17451654587035437,2.4375253098600525e-05,0,nan,nan,nan,2.0,-0.010035526826252241,0.1744712699605766,1.9999756247469014,0.0,-1.0,SOLVER_EXCEPTION,0.0,0,True,True
1602.919,-0.07142601125137668,-2.0100466705111373,0.17451652714382274,2.4374964360404856e-05,0,nan,nan,nan,2.0,-0.010049276834129046,0.17447125159497068,1.9999756250356395,0.0,-1.0,SOLVER_EXCEPTION,0.0,0,True,True
1603.015,-0.07149952726861565,-2.0100596150177283,0.17451650985503833,2.437483757020966e-05,0,nan,nan,nan,2.0,-0.010062892031389293,0.17447123340723625,1.9999756251624299,0.0,-1.0,SOLVER_EXCEPTION,0.0,0,True,True
1603.116,-0.07157687221764351,-2.010073233710477,0.1745164916686217,2.43745471434459e-05,0,nan,nan,nan,2.0,-0.010076372418630224,0.17447121539872867,1.9999756254528565,0.0,-1.0,SOLVER_EXCEPTION,0.0,0,True,True
1603.217,-0.07165345134770729,-2.010086717557871,0.17451647366226353,2.437428745779384e-05,0,nan,nan,nan,2.0,-0.010089583191405382,0.1744711977528648,1.9999756257125423,0.0,-1.0,SOLVER_EXCEPTION,0.0,0,True,True
1603.321,-0.07173156203236782,-2.010100471076924,0.17451645529646395,2.4373931288826162e-05,0,nan,nan,nan,2.0,-0.010103333174041265,0.1744711793866589,1.9999756260687112,0.0,-1.0,SOLVER_EXCEPTION,0.0,0,True,True
1603.421,-0.07180967268948223,-2.010114224588561,0.17451643692972707,2.4373692616071543e-05,0,nan,nan,nan,2.0,-0.0101168135425604,0.17447116137891738,1.999975626307384,0.0,-1.0,SOLVER_EXCEPTION,0.0,0,True,True
1603.517,-0.0718831885769938,-2.0101271690646536,0.17451641964246886,2.4373506900085856e-05,0,nan,nan,nan,2.0,-0.010130024297044406,0.1744711437329558,1.9999756264931,0.0,-1.0,SOLVER_EXCEPTION,0.0,0,True,True
1603.619,-0.07195976760091008,-2.0101406528886483,0.17451640163682883,2.4373156696036496e-05,0,nan,nan,nan,2.0,-0.010143504654076414,0.17447112572703372,1.999975626843304,0.0,-1.0,SOLVER_EXCEPTION,0.0,0,True,True
1603.72,-0.0720394097587018,-2.010154676058516,0.17451638290991708,2.437290467317811e-05,0,nan,nan,nan,2.0,-0.010157389415071124,0.17447110717848258,1.9999756270953268,0.0,-1.0,SOLVER_EXCEPTION,0.0,0,True,True
1603.817,-0.07211139399309509,-2.0101673508413715,0.1745163659812713,2.4372822229463528e-05,0,nan,nan,nan,2.0,-0.01017073495580448,0.1744710893512118,1.9999756271777704,0.0,-1.0,SOLVER_EXCEPTION,0.0,0,True,True
1603.917,-0.0721879729415346,-2.0101808346475574,0.17451634797578167,2.4372479819924596e-05,0,nan,nan,nan,2.0,-0.010184215294739762,0.17447107134572226,1.99997562752018,0.0,-1.0,SOLVER_EXCEPTION,0.0,0,True,True
1604.017,-0.07226684923267501,-2.0101947229614576,0.17451632942774423,2.4372291443352754e-05,0,nan,nan,nan,2.0,-0.010197156414570804,0.17447105406006758,1.9999756277085567,0.0,-1.0,SOLVER_EXCEPTION,0.0,0,True,True
1604.116,-0.0723403649758408,-2.010207667404084,0.17451631214189225,2.437203437010177e-05,0,nan,nan,nan,2.0,-0.010210906348224165,0.17447103569090538,1.99997562796563,0.0,-1.0,SOLVER_EXCEPTION,0.0,0,True,True
1604.217,-0.07242000700591943,-2.0102216905442103,0.17451629341596692,2.4371700454223236e-05,0,nan,nan,nan,2.0,-0.010223847457138027,0.17447101840575563,1.9999756282995458,0.0,-1.0,SOLVER_EXCEPTION,0.0,0,True,True
1604.322,-0.07250041479863265,-2.010235848516241,0.1745162745078417,2.437151760045785e-05,0,nan,nan,nan,2.0,-0.010238136591848173,0.1744709993184772,1.9999756284823995,0.0,-1.0,SOLVER_EXCEPTION,0.0,0,True,True
1604.422,-0.07257622783655315,-2.0102491974561736,0.17451625667990917,2.4371314791291125e-05,0,nan,nan,nan,2.0,-0.010251482099696134,0.17447098149020812,1.9999756286852086,0.0,-1.0,SOLVER_EXCEPTION,0.0,0,True,True
1604.521,-0.07264897770028214,-2.010262007038757,0.17451623957295065,2.4371149463353218e-05,0,nan,nan,nan,2.0,-0.010265097207392116,0.1744709633034951,1.9999756288505366,0.0,-1.0,SOLVER_EXCEPTION,0.0,0,True,True
1604.619,-0.07272708805718824,-2.010275760480469,0.17451622120631236,2.4370906935732297e-05,0,nan,nan,nan,2.0,-0.010278577506245225,0.17447094529662177,1.9999756290930644,0.0,-1.0,SOLVER_EXCEPTION,0.0,0,True,True
1604.721,-0.07280213524057934,-2.0102889745669117,0.17451620355731506,2.437077027557468e-05,0,nan,nan,nan,2.0,-0.010292192603705713,0.17447092710954948,1.9999756292297244,0.0,-1.0,SOLVER_EXCEPTION,0.0,0,True,True
1604.819,-0.07287871397730046,-2.010302458321899,0.17451618555132814,2.4370529233530554e-05,0,nan,nan,nan,2.0,-0.010305133680378074,0.17447090982353775,1.9999756294707665,0.0,-1.0,SOLVER_EXCEPTION,0.0,0,True,True
1604.916,-0.07295529269184584,-2.010315942072415,0.17451616754537733,2.4370244611472793e-05,0,nan,nan,nan,2.0,-0.01031861396374924,0.17447089181356068,1.9999756297553886,0.0,-1.0,SOLVER_EXCEPTION,0.0,0,True,True
1605.023,-0.07303187138458891,-2.0103294258179725,0.17451614953631825,2.4370108158822094e-05,0,nan,nan,nan,2.0,-0.01033168983410668,0.17447087434679354,1.9999756298918412,0.0,-1.0,SOLVER_EXCEPTION,0.0,0,True,True
1605.119,-0.07310845005597055,-2.0103429095576844,0.17451613152899587,2.4369927475862353e-05,0,nan,nan,nan,2.0,-0.010345844120284343,0.17447085544025676,1.9999756300725242,0.0,-1.0,SOLVER_EXCEPTION,0.0,0,True,True
1605.216,-0.07318502870612072,-2.010356393292401,0.17451611352282165,2.436966490327722e-05,0,nan,nan,nan,2.0,-0.010359593993472277,0.17447083707182465,1.9999756303350966,0.0,-1.0,SOLVER_EXCEPTION,0.0,0,True,True
1605.318,-0.0732623731215963,-2.010370011858864,0.17451609533520315,2.4369483083493374e-05,0,nan,nan,nan,2.0,-0.010372939453045535,0.17447081924692487,1.9999756305169165,0.0,-1.0,SOLVER_EXCEPTION,0.0,0,True,True
1605.417,-0.0733366543718922,-2.010383091072221,0.17451607786657142,2.4369361087158356e-05,0,nan,nan,nan,2.0,-0.010386284908034494,0.17447080141882632,1.999975630638913,0.0,-1.0,SOLVER_EXCEPTION,0.0,0,True,True
1605.528,-0.07342242238972639,-2.0103981928377257,0.17451605769884787,2.436911043677249e-05,0,nan,nan,nan,2.0,-0.010399899963081159,0.174470783231361,1.9999756308895633,0.0,-1.0,SOLVER_EXCEPTION,0.0,0,True,True
1605.618,-0.07349287467125931,-2.010410597854335,0.17451604113409858,2.436885030089224e-05,0,nan,nan,nan,2.0,-0.010413245407604306,0.1744707654026838,1.999975631149699,0.0,-1.0,SOLVER_EXCEPTION,0.0,0,True,True
1605.72,-0.07357021900423746,-2.0104242164014976,0.17451602294556337,2.436868190076808e-05,0,nan,nan,nan,2.0,-0.010426725650518514,0.17447074739594148,1.9999756313180992,0.0,-1.0,SOLVER_EXCEPTION,0.0,0,True,True
1605.819,-0.07364526596165376,-2.0104374304325323,0.17451600529621206,2.4368591440689092e-05,0,nan,nan,nan,2.0,-0.010440205888587267,0.17447072938622732,1.9999756314085593,0.0,-1.0,SOLVER_EXCEPTION,0.0,0,True,True
1605.913,-0.07371878133072755,-2.010450374783399,0.1745159880106381,2.436837571748061e-05,0,nan,nan,nan,2.0,-0.010453686120460067,0.1744707113805788,1.9999756316242825,0.0,-1.0,SOLVER_EXCEPTION,0.0,0,True,True
1606.026,-0.07380148609955861,-2.0104649371744734,0.17451596856353196,2.436809502935449e-05,0,nan,nan,nan,2.0,-0.010467301151194678,0.17447069319180342,1.9999756319049706,0.0,-1.0,SOLVER_EXCEPTION,0.0,0,True,True
1606.119,-0.07387653300046898,-2.0104781511905054,0.17451595091654884,2.4367892834571276e-05,0,nan,nan,nan,2.0,-0.010480511770394408,0.17447067554556117,1.9999756321071653,0.0,-1.0,SOLVER_EXCEPTION,0.0,0,True,True
1606.217,-0.07395157988337685,-2.010491365202489,0.17451593326648449,2.4367886969770152e-05,0,nan,nan,nan,2.0,-0.010494126790337132,0.1744706573569057,1.9999756321130302,0.0,-1.0,SOLVER_EXCEPTION,0.0,0,True,True
1606.316,-0.07402432939585275,-2.010504174699509,0.1745159161598116,2.4367675948570387e-05,0,nan,nan,nan,2.0,-0.010507607004388934,0.17447063935069895,1.9999756323240514,0.0,-1.0,SOLVER_EXCEPTION,0.0,0,True,True
1606.418,-0.07410550251676865,-2.0105184673961602,0.17451589707186216,2.436748446514201e-05,0,nan,nan,nan,2.0,-0.010521222015510628,0.17447062116248668,1.999975632515535,0.0,-1.0,SOLVER_EXCEPTION,0.0,0,True,True
1606.517,-0.07417825199471188,-2.0105312768844175,0.17451587996435147,2.4367341998561536e-05,0,nan,nan,nan,2.0,-0.010534567418112283,0.1744706033342922,1.9999756326580014,0.0,-1.0,SOLVER_EXCEPTION,0.0,0,True,True
1606.618,-0.07425789351011354,-2.0105452998984026,0.174515861237891,2.436705921126509e-05,0,nan,nan,nan,2.0,-0.010548047618214575,0.17447058532818893,1.9999756329407887,0.0,-1.0,SOLVER_EXCEPTION,0.0,0,True,True
1606.718,-0.07433447187253804,-2.010558783560571,0.17451584323030417,2.4366901055879348e-05,0,nan,nan,nan,2.0,-0.010561662615438708,0.1744705671383815,1.9999756330989442,0.0,-1.0,SOLVER_EXCEPTION,0.0,0,True,True
1606.819,-0.07441258178419528,-2.0105725368925667,0.17451582486031833,2.436681188059171e-05,0,nan,nan,nan,2.0,-0.010575008005107292,0.17447054931059913,1.9999756331881193,0.0,-1.0,SOLVER_EXCEPTION,0.0,0,True,True
1606.921,-0.07448992589521003,-2.010586155381747,0.17451580667467526,2.436656619776775e-05,0,nan,nan,nan,2.0,-0.010588622992989358,0.17447053112606836,1.9999756334338021,0.0,-1.0,SOLVER_EXCEPTION,0.0,0,True,True
1607.018,-0.0745642068567459,-2.010599234521691,0.17451578920621563,2.4366451774659952e-05,0,nan,nan,nan,2.0,-0.010602103175155786,0.1744705131154216,1.9999756335482253,0.0,-1.0,SOLVER_EXCEPTION,0.0,0,True,True
1607.116,-0.07464001936831385,-2.0106125833306625,0.17451577137866336,2.4366241460964152e-05,0,nan,nan,nan,2.0,-0.010615448551911192,0.17447049528658676,1.999975633758539,0.0,-1.0,SOLVER_EXCEPTION,0.0,0,True,True
1607.215,-0.07471583186398875,-2.010625932134229,0.1745157535499307,2.4366183968657203e-05,0,nan,nan,nan,2.0,-0.010629063526221063,0.1744704771011083,1.9999756338160313,0.0,-1.0,SOLVER_EXCEPTION,0.0,0,True,True
1607.324,-0.07479777060385089,-2.0106403596255205,0.1745157342803425,2.4366059066824538e-05,0,nan,nan,nan,2.0,-0.010642274092372065,0.17447045945123918,1.9999756339409331,0.0,-1.0,SOLVER_EXCEPTION,0.0,0,True,True
1607.417,-0.07486822258989725,-2.0106527645670056,0.17451571771450236,2.4365813526404687e-05,0,nan,nan,nan,2.0,-0.010655889059493608,0.1744704412634812,1.9999756341864736,0.0,-1.0,SOLVER_EXCEPTION,0.0,0,True,True
1607.517,-0.07494709816713663,-2.0106666527035744,0.17451569916511853,2.4365750431592282e-05,0,nan,nan,nan,2.0,-0.010669504021301459,0.1744704230762837,1.9999756342495685,0.0,-1.0,SOLVER_EXCEPTION,0.0,0,True,True
1607.615,-0.07502137903540691,-2.0106797318184744,0.1745156816976716,2.436559204520452e-05,0,nan,nan,nan,2.0,-0.010682849376410211,0.17447040524873936,1.999975634407955,0.0,-1.0,SOLVER_EXCEPTION,0.0,0,True,True
1607.716,-0.07509948879883623,-2.010693485109997,0.1745156633302269,2.436540287015947e-05,0,nan,nan,nan,2.0,-0.010696599131503231,0.17447038688142946,1.9999756345971298,0.0,-1.0,SOLVER_EXCEPTION,0.0,0,True,True
1607.815,-0.07517453541922677,-2.0107066990535825,0.17451564568295233,2.4365211002756122e-05,0,nan,nan,nan,2.0,-0.010709809677412568,0.17447036923075165,1.9999756347889972,0.0,-1.0,SOLVER_EXCEPTION,0.0,0,True,True
1607.919,-0.07525341093334334,-2.010720587173348,0.1745156271346882,2.4365055081317767e-05,0,nan,nan,nan,2.0,-0.010723289821502564,0.17447035122501653,1.9999756349449187,0.0,-1.0,SOLVER_EXCEPTION,0.0,0,True,True
1608.015,-0.07532845752453284,-2.010733801107819,0.1745156094873081,2.4364913493340747e-05,0,nan,nan,nan,2.0,-0.010736904762653534,0.1744703330351962,1.9999756350865066,0.0,-1.0,SOLVER_EXCEPTION,0.0,0,True,True
1608.117,-0.07540656722669,-2.01074755438401,0.17451559111669418,2.43648616420656e-05,0,nan,nan,nan,2.0,-0.010749710892622829,0.17447031592729934,1.999975635138358,0.0,-1.0,SOLVER_EXCEPTION,0.0,0,True,True
1608.218,-0.07548237957051292,-2.0107609031468385,0.17451557329165446,2.4364560841467786e-05,0,nan,nan,nan,2.0,-0.010763865031603813,0.17447029701876904,1.9999756354391585,0.0,-1.0,SOLVER_EXCEPTION,0.0,0,True,True
1608.321,-0.07555742611925653,-2.0107741170701763,0.17451555564097143,2.4364606171924517e-05,0,nan,nan,nan,2.0,-0.010777345159265591,0.17447027901091205,1.999975635393828,0.0,-1.0,SOLVER_EXCEPTION,0.0,0,True,True
1608.417,-0.0756332384352439,-2.010787465826365,0.17451553781185214,2.436449378902631e-05,0,nan,nan,nan,2.0,-0.010790690482914582,0.17447026118179254,1.999975635506211,0.0,-1.0,SOLVER_EXCEPTION,0.0,0,True,True
1608.519,-0.07571058229928951,-2.0108010842495134,0.1745155196261697,2.4364218943553516e-05,0,nan,nan,nan,2.0,-0.010804305404179393,0.17447024299611025,1.9999756357810565,0.0,-1.0,SOLVER_EXCEPTION,0.0,0,True,True
1608.619,-0.07578869192986419,-2.0108148375050274,0.1745155012552316,2.436424175148358e-05,0,nan,nan,nan,2.0,-0.01081765071940036,0.17447022516772615,1.9999756357582485,0.0,-1.0,SOLVER_EXCEPTION,0.0,0,True,True
1608.719,-0.07586680154631743,-2.010828590756673,0.17451548288819022,2.43639982512007e-05,0,nan,nan,nan,2.0,-0.01083126563380436,0.1744702069784445,1.9999756360017489,0.0,-1.0,SOLVER_EXCEPTION,0.0,0,True,True
1608.815,-0.07594108224713608,-2.0108416698253833,0.1745154654190996,2.4363939820322423e-05,0,nan,nan,nan,2.0,-0.010844745742583024,0.17447018897020605,1.9999756360601797,0.0,-1.0,SOLVER_EXCEPTION,0.0,0,True,True
1608.919,-0.07601766027619342,-2.0108551533977255,0.17451544741173056,2.436376732784549e-05,0,nan,nan,nan,2.0,-0.010858225847882852,0.17447017096074946,1.9999756362326722,0.0,-1.0,SOLVER_EXCEPTION,0.0,0,True,True
1609.016,-0.07609500407233158,-2.0108687718018263,0.17451542922332264,2.4363623648953996e-05,0,nan,nan,nan,2.0,-0.010871705949455584,0.1744701529538597,1.999975636376351,0.0,-1.0,SOLVER_EXCEPTION,0.0,0,True,True
1609.118,-0.07617311363521663,-2.0108825250382445,0.17451541085510894,2.4363474527245982e-05,0,nan,nan,nan,2.0,-0.010885186047055188,0.1744701349454374,1.9999756365254728,0.0,-1.0,SOLVER_EXCEPTION,0.0,0,True,True
1609.219,-0.07624662850583173,-2.0108954692573677,0.17451539356468018,2.4363483776227564e-05,0,nan,nan,nan,2.0,-0.010898666141571173,0.17447011693462056,1.9999756365162238,0.0,-1.0,SOLVER_EXCEPTION,0.0,0,True,True
1609.315,-0.0763239722636796,-2.010909087649763,0.1745153753791271,2.4363215885726078e-05,0,nan,nan,nan,2.0,-0.010911607028330692,0.17447009964816207,1.9999756367841142,0.0,-1.0,SOLVER_EXCEPTION,0.0,0,True,True
1609.417,-0.07640131600861222,-2.0109227060400237,0.17451535718906802,2.436314721662159e-05,0,nan,nan,nan,2.0,-0.01092481751351828,0.17447008199974956,1.9999756368527835,0.0,-1.0,SOLVER_EXCEPTION,0.0,0,True,True
1609.518,-0.07647712818222685,-2.010936054755077,0.17451533936051303,2.4363030349933602e-05,0,nan,nan,nan,2.0,-0.010939106402240358,0.17447006290952105,1.99997563696965,0.0,-1.0,SOLVER_EXCEPTION,0.0,0,True,True
1609.615,-0.0765537061234826,-2.010949538301374,0.174515321352304,2.4362929530882497e-05,0,nan,nan,nan,2.0,-0.010952451680446453,0.17447004508251895,1.999975637070469,0.0,-1.0,SOLVER_EXCEPTION,0.0,0,True,True
1609.719,-0.07663104983186582,-2.0109631566805843,0.17451530316389052,2.4362764091609606e-05,0,nan,nan,nan,2.0,-0.010965662155824854,0.17447002743201656,1.9999756372359083,0.0,-1.0,SOLVER_EXCEPTION,0.0,0,True,True
1609.816,-0.07670762774923907,-2.0109766402202096,0.17451528515544396,2.436264784092097e-05,0,nan,nan,nan,2.0,-0.010979546630432001,0.17447000888573472,1.999975637352159,0.0,-1.0,SOLVER_EXCEPTION,0.0,0,True,True
1609.914,-0.07678267409694989,-2.0109898540858957,0.17451526750466165,2.4362685387955234e-05,0,nan,nan,nan,2.0,-0.010992757098224176,0.17446999123484197,1.999975637314612,0.0,-1.0,SOLVER_EXCEPTION,0.0,0,True,True
1610.017,-0.0768615493280294,-2.011003742125103,0.17451524895610943,2.4362517298266077e-05,0,nan,nan,nan,2.0,-0.011006506765660078,0.17446997286732113,1.9999756374827018,0.0,-1.0,SOLVER_EXCEPTION,0.0,0,True,True
1610.119,-0.07693659565333365,-2.011016955983755,0.1745152313076688,2.4362416369643402e-05,0,nan,nan,nan,2.0,-0.011019582426032681,0.17446995539829135,1.9999756375836304,0.0,-1.0,SOLVER_EXCEPTION,0.0,0,True,True
1610.218,-0.07701470508249039,-2.0110307091804653,0.1745152129395761,2.4362260706757375e-05,0,nan,nan,nan,2.0,-0.011033466886856544,0.17446993684882095,1.9999756377392932,0.0,-1.0,SOLVER_EXCEPTION,0.0,0,True,True
1610.318,-0.07709128294318159,-2.0110441927025873,0.17451519493184386,2.436210344302222e-05,0,nan,nan,nan,2.0,-0.011046946942411786,0.17446991884164298,1.999975637896557,0.0,-1.0,SOLVER_EXCEPTION,0.0,0,True,True
1610.414,-0.07716862657125137,-2.0110578110574955,0.17451517674245343,2.436201029315993e-05,0,nan,nan,nan,2.0,-0.011060292194118733,0.17446990101068227,1.999975637989707,0.0,-1.0,SOLVER_EXCEPTION,0.0,0,True,True
1610.516,-0.07724367285335698,-2.011071024903514,0.1745151590914606,2.4362032780249328e-05,0,nan,nan,nan,2.0,-0.011073907043739572,0.1744698828216138,1.9999756379672198,0.0,-1.0,SOLVER_EXCEPTION,0.0,0,True,True
1610.618,-0.07731642179072414,-2.011083834240089,0.17451514198675372,2.4361724897485926e-05,0,nan,nan,nan,2.0,-0.011086982687464773,0.17446986535669406,1.9999756382751026,0.0,-1.0,SOLVER_EXCEPTION,0.0,0,True,True
1610.718,-0.07739836005602913,-2.0110982615956576,0.17451512271511177,2.436173328102105e-05,0,nan,nan,nan,2.0,-0.01110046273026459,0.17446984734465687,1.9999756382667189,0.0,-1.0,SOLVER_EXCEPTION,0.0,0,True,True
1610.824,-0.07747800097555142,-2.011112284441729,0.17451510398599454,2.4361629922451765e-05,0,nan,nan,nan,2.0,-0.011114347170730841,0.17446982879536588,1.9999756383700775,0.0,-1.0,SOLVER_EXCEPTION,0.0,0,True,True
1610.918,-0.0775515156606658,-2.0111252286043824,0.17451508669637703,2.436161034301396e-05,0,nan,nan,nan,2.0,-0.011127827205922126,0.17446981078682455,1.999975638389657,0.0,-1.0,SOLVER_EXCEPTION,0.0,0,True,True
1611.018,-0.07762885922550801,-2.0111388469395153,0.1745150685064315,2.436152404179578e-05,0,nan,nan,nan,2.0,-0.01114184644024837,0.17446979205867796,1.9999756384759582,0.0,-1.0,SOLVER_EXCEPTION,0.0,0,True,True
1611.118,-0.07770467122491083,-2.011152195600625,0.17451505067984868,2.4361312671779018e-05,0,nan,nan,nan,2.0,-0.011154787268183237,0.1744697747704511,1.9999756386873282,0.0,-1.0,SOLVER_EXCEPTION,0.0,0,True,True
1611.218,-0.07778124899219965,-2.0111656790941743,0.17451503266851262,2.4361355301258483e-05,0,nan,nan,nan,2.0,-0.011168267294489654,0.17446975675892507,1.9999756386446987,0.0,-1.0,SOLVER_EXCEPTION,0.0,0,True,True
1611.317,-0.07785629519476046,-2.011178892914645,0.17451501502116745,2.4361154143866802e-05,0,nan,nan,nan,2.0,-0.011181477717411407,0.17446973911145136,1.999975638845856,0.0,-1.0,SOLVER_EXCEPTION,0.0,0,True,True
1611.418,-0.07793210716558671,-2.0111922415668233,0.17451499719112712,2.43611313834738e-05,0,nan,nan,nan,2.0,-0.011194957737235873,0.17446972110251258,1.9999756388686165,0.0,-1.0,SOLVER_EXCEPTION,0.0,0,True,True
1611.514,-0.07800791912711136,-2.0112055902161594,0.17451497936207674,2.4361046786012133e-05,0,nan,nan,nan,2.0,-0.011208707354741125,0.17446970273201723,1.999975638953214,0.0,-1.0,SOLVER_EXCEPTION,0.0,0,True,True
1611.615,-0.07808526263404834,-2.0112192085317244,0.17451496117517187,2.4360802642827792e-05,0,nan,nan,nan,2.0,-0.011222187368601448,0.17446968472439917,1.999975639197357,0.0,-1.0,SOLVER_EXCEPTION,0.0,0,True,True
1611.717,-0.0781626061314803,-2.011232826844772,0.17451494298490033,2.4360771369098462e-05,0,nan,nan,nan,2.0,-0.01123566737938287,0.17446966671502384,1.999975639228631,0.0,-1.0,SOLVER_EXCEPTION,0.0,0,True,True
1611.818,-0.0782399496196864,-2.011246445154433,0.17451492479562264,2.4360679027281682e-05,0,nan,nan,nan,2.0,-0.011249147387332306,0.17446964870366477,1.9999756393209727,0.0,-1.0,SOLVER_EXCEPTION,0.0,0,True,True
1611.918,-0.07831576154487269,-2.0112597937911048,0.17451490696472036,2.4360717988189902e-05,0,nan,nan,nan,2.0,-0.011262627391479407,0.17446963069500532,1.9999756392820118,0.0,-1.0,SOLVER_EXCEPTION,0.0,0,True,True
1612.019,-0.07839387079185393,-2.0112735469299197,0.17451488859628278,2.4360535065489305e-05,0,nan,nan,nan,2.0,-0.011275568193690497,0.17446961340697253,1.9999756394649346,0.0,-1.0,SOLVER_EXCEPTION,0.0,0,True,True
1612.127,-0.0784773404674249,-2.0112882439074595,0.1745148689650623,2.4360517984608172e-05,0,nan,nan,nan,2.0,-0.011289317792679726,0.17446959503651094,1.9999756394820154,0.0,-1.0,SOLVER_EXCEPTION,0.0,0,True,True
1612.215,-0.07854396304522572,-2.0112999745196403,0.17451485329741867,2.436044061382068e-05,0,nan,nan,nan,2.0,-0.011303067387863068,0.1744695766673594,1.9999756395593862,0.0,-1.0,SOLVER_EXCEPTION,0.0,0,True,True
1612.318,-0.07862360381920987,-2.0113139973186955,0.17451483456876363,2.436024453809365e-05,0,nan,nan,nan,2.0,-0.011316547381417118,0.17446955865904235,1.999975639755462,0.0,-1.0,SOLVER_EXCEPTION,0.0,0,True,True
1612.418,-0.07870018147811836,-2.0113274807752295,0.17451481655909226,2.4360219336449696e-05,0,nan,nan,nan,2.0,-0.01132989257094192,0.17446954082902177,1.9999756397806636,0.0,-1.0,SOLVER_EXCEPTION,0.0,0,True,True
1612.521,-0.07877752490504847,-2.0113410990641776,0.17451479837000258,2.436010103936688e-05,0,nan,nan,nan,2.0,-0.011343507358185723,0.17446952263826843,1.9999756398989605,0.0,-1.0,SOLVER_EXCEPTION,0.0,0,True,True
1612.615,-0.07885103944166798,-2.0113540431778967,0.17451478107903265,2.436009571833219e-05,0,nan,nan,nan,2.0,-0.011356987342790727,0.17446950463008193,1.9999756399042816,0.0,-1.0,SOLVER_EXCEPTION,0.0,0,True,True
1612.715,-0.07892761707622586,-2.0113675266258837,0.17451476306926517,2.436007676712517e-05,0,nan,nan,nan,2.0,-0.011370332523798557,0.17446948679953067,1.999975639923233,0.0,-1.0,SOLVER_EXCEPTION,0.0,0,True,True
1612.818,-0.07900649203131767,-2.0113814145751934,0.1745147445199049,2.4359955958633815e-05,0,nan,nan,nan,2.0,-0.011383947302380624,0.17446946861029655,1.9999756400440414,0.0,-1.0,SOLVER_EXCEPTION,0.0,0,True,True
1612.919,-0.07908077232130174,-2.011394493514332,0.17451472705247567,2.4359768936409044e-05,0,nan,nan,nan,2.0,-0.011397022879313382,0.1744694511401108,1.9999756402310636,0.0,-1.0,SOLVER_EXCEPTION,0.0,0,True,True
1613.015,-0.07915734993199121,-2.0114079769550184,0.17451470903994593,2.43598624472931e-05,0,nan,nan,nan,2.0,-0.011410502851747762,0.17446943313136387,1.9999756401375528,0.0,-1.0,SOLVER_EXCEPTION,0.0,0,True,True
1613.121,-0.07923852219116329,-2.011422269397804,0.17451468995153485,2.4359698956805006e-05,0,nan,nan,nan,2.0,-0.01142425242148239,0.17446941476311117,1.9999756403010431,0.0,-1.0,SOLVER_EXCEPTION,0.0,0,True,True
1613.221,-0.07931433401027975,-2.011435617998082,0.17451467212072724,2.435969270836417e-05,0,nan,nan,nan,2.0,-0.01143719318994295,0.17446939747462986,1.9999756403072917,0.0,-1.0,SOLVER_EXCEPTION,0.0,0,True,True
1613.318,-0.079388614270325,-2.011448696927373,0.17451465465145122,2.435958656732643e-05,0,nan,nan,nan,2.0,-0.011451212353766522,0.17446937874163027,1.9999756404134326,0.0,-1.0,SOLVER_EXCEPTION,0.0,0,True,True
1613.415,-0.07946289452364214,-2.011461775852823,0.1745146371853692,2.4359340839225918e-05,0,nan,nan,nan,2.0,-0.011464827114759416,0.17446936055530982,1.9999756406591607,0.0,-1.0,SOLVER_EXCEPTION,0.0,0,True,True
1613.518,-0.07954023787274404,-2.0114753941135355,0.17451461899361922,2.4359389350326897e-05,0,nan,nan,nan,2.0,-0.011478037474882265,0.1744693429028601,1.9999756406106497,0.0,-1.0,SOLVER_EXCEPTION,0.0,0,True,True
1613.617,-0.07961834699001519,-2.0114891472063405,0.17451460062162946,2.4359392889782833e-05,0,nan,nan,nan,2.0,-0.011491787031063672,0.17446932453401054,1.9999756406071103,0.0,-1.0,SOLVER_EXCEPTION,0.0,0,True,True
1613.718,-0.07969492454906585,-2.0115026306263823,0.17451458261296365,2.4359313466893645e-05,0,nan,nan,nan,2.0,-0.011505132184513819,0.17446930670362404,1.999975640686533,0.0,-1.0,SOLVER_EXCEPTION,0.0,0,True,True
1613.816,-0.07977073632539604,-2.011515979210849,0.17451456478240218,2.4359269049402283e-05,0,nan,nan,nan,2.0,-0.011518746935655022,0.17446928851254384,1.9999756407309506,0.0,-1.0,SOLVER_EXCEPTION,0.0,0,True,True
1613.916,-0.0798457823195291,-2.01152919295854,0.17451454713396483,2.4359101525826617e-05,0,nan,nan,nan,2.0,-0.011531957285595272,0.17446927086402653,1.9999756408984741,0.0,-1.0,SOLVER_EXCEPTION,0.0,0,True,True
1614.016,-0.07992312563331137,-2.0115428112051124,0.17451452894282507,2.435914984980598e-05,0,nan,nan,nan,2.0,-0.011545706829590373,0.17446925249512368,1.9999756408501501,0.0,-1.0,SOLVER_EXCEPTION,0.0,0,True,True
1614.126,-0.08000812669297153,-2.0115577777900033,0.17451450895443432,2.435893723419148e-05,0,nan,nan,nan,2.0,-0.011558377976689016,0.17446923556400007,1.9999756410627658,0.0,-1.0,SOLVER_EXCEPTION,0.0,0,True,True
1614.218,-0.08007857801531584,-2.0115701825255545,0.1745144923831532,2.435896852385626e-05,0,nan,nan,nan,2.0,-0.011572666713708582,0.17446921647369118,1.9999756410314762,0.0,-1.0,SOLVER_EXCEPTION,0.0,0,True,True
1614.32,-0.08015592130851852,-2.011583800764907,0.17451447419295912,2.4358911134947932e-05,0,nan,nan,nan,2.0,-0.01158614665169517,0.17446919846454456,1.999975641088865,0.0,-1.0,SOLVER_EXCEPTION,0.0,0,True,True
1614.416,-0.0802302014948824,-2.0115968796649515,0.17451445672576385,2.435869965308295e-05,0,nan,nan,nan,2.0,-0.01159949178795364,0.17446918063517947,1.9999756413003469,0.0,-1.0,SOLVER_EXCEPTION,0.0,0,True,True
1614.517,-0.08030677900014149,-2.0116103630653943,0.1745144387126031,2.4358817364407836e-05,0,nan,nan,nan,2.0,-0.011613106520257377,0.17446916244276744,1.9999756411826355,0.0,-1.0,SOLVER_EXCEPTION,0.0,0,True,True
1614.619,-0.08038488804907643,-2.011624116130771,0.17451442034453934,2.435862812976463e-05,0,nan,nan,nan,2.0,-0.011626316851884538,0.1744691447951916,1.9999756413718703,0.0,-1.0,SOLVER_EXCEPTION,0.0,0,True,True
1614.718,-0.08046069976691547,-2.0116374646912667,0.17451440251282513,2.4358692441224855e-05,0,nan,nan,nan,2.0,-0.011640066377790878,0.17446912642555645,1.9999756413075587,0.0,-1.0,SOLVER_EXCEPTION,0.0,0,True,True
1614.82,-0.08053497992886081,-2.0116505435825425,0.17451438504303077,2.435860314218029e-05,0,nan,nan,nan,2.0,-0.011653546303871094,0.17446910841297125,1.999975641396858,0.0,-1.0,SOLVER_EXCEPTION,0.0,0,True,True
1614.919,-0.08061232318429566,-2.0116641618064515,0.17451436685282923,2.4358537681861233e-05,0,nan,nan,nan,2.0,-0.011667026226620024,0.17446909040390945,1.9999756414623182,0.0,-1.0,SOLVER_EXCEPTION,0.0,0,True,True
1615.015,-0.0806881348842946,-2.011677510359449,0.17451434902411103,2.4358433559763645e-05,0,nan,nan,nan,2.0,-0.01168050614640981,0.1744690723940514,1.9999756415664403,0.0,-1.0,SOLVER_EXCEPTION,0.0,0,True,True
1615.119,-0.08076777545152203,-2.011691533080657,0.17451433029139857,2.4358444029365725e-05,0,nan,nan,nan,2.0,-0.011693986065104751,0.17446905438171578,1.9999756415559706,0.0,-1.0,SOLVER_EXCEPTION,0.0,0,True,True
1615.219,-0.08084358713973645,-2.01170488162851,0.17451431246344093,2.4358311419043828e-05,0,nan,nan,nan,2.0,-0.011707465979714766,0.17446903637305056,1.999975641688581,0.0,-1.0,SOLVER_EXCEPTION,0.0,0,True,True
1615.315,-0.08091863304756354,-2.0117180953412865,0.17451429481154299,2.4358352835363512e-05,0,nan,nan,nan,2.0,-0.011720137097833982,0.17446901944458082,1.9999756416471646,0.0,-1.0,SOLVER_EXCEPTION,0.0,0,True,True
1615.42,-0.08099750782242794,-2.0117319832201184,0.1745142762637706,2.435811062573471e-05,0,nan,nan,nan,2.0,-0.011733482210259995,0.17446900161304635,1.9999756418893742,0.0,-1.0,SOLVER_EXCEPTION,0.0,0,True,True
1615.517,-0.08107331949359556,-2.011745331761595,0.174514258432791,2.4358123801125126e-05,0,nan,nan,nan,2.0,-0.011747770912164331,0.1744689825233472,1.999975641876199,0.0,-1.0,SOLVER_EXCEPTION,0.0,0,True,True
1615.617,-0.08114913115930227,-2.011758680300877,0.17451424060197215,2.4358090028229652e-05,0,nan,nan,nan,2.0,-0.01176138561726659,0.17446896433213555,1.9999756419099717,0.0,-1.0,SOLVER_EXCEPTION,0.0,0,True,True
1615.716,-0.08122570859404134,-2.01177216367109,0.17451422259197402,2.4358006746516326e-05,0,nan,nan,nan,2.0,-0.011774865520501651,0.17446894632238097,1.9999756419932535,0.0,-1.0,SOLVER_EXCEPTION,0.0,0,True,True
1615.82,-0.08130381757179872,-2.0117859167069065,0.17451420421973315,2.435804728118846e-05,0,nan,nan,nan,2.0,-0.01178834542156092,0.174468928310191,1.9999756419527188,0.0,-1.0,SOLVER_EXCEPTION,0.0,0,True,True
1615.915,-0.08137809767301814,-2.01179899557166,0.17451418674908148,2.4358015051797864e-05,0,nan,nan,nan,2.0,-0.011801286124239791,0.1744689110217612,1.9999756419849481,0.0,-1.0,SOLVER_EXCEPTION,0.0,0,True,True
1616.019,-0.08145697241432615,-2.011812883435545,0.17451416820049823,2.4357847581529123e-05,0,nan,nan,nan,2.0,-0.01181530521612089,0.17446889229096962,1.9999756421524184,0.0,-1.0,SOLVER_EXCEPTION,0.0,0,True,True
1616.115,-0.08152895518303764,-2.011825557795177,0.17451415126837624,2.435792924413761e-05,0,nan,nan,nan,2.0,-0.011828515512476514,0.17446887463831695,1.999975642070756,0.0,-1.0,SOLVER_EXCEPTION,0.0,0,True,True
1616.216,-0.08160782991395311,-2.011839445653924,0.17451413272049154,2.4357725811896646e-05,0,nan,nan,nan,2.0,-0.011842130202295553,0.1744688564509298,1.9999756422741881,0.0,-1.0,SOLVER_EXCEPTION,0.0,0,True,True
1616.317,-0.08168517309123625,-2.011853063844542,0.1745141145283673,2.4357726696874375e-05,0,nan,nan,nan,2.0,-0.011855610092183602,0.17446883843759986,1.999975642273303,0.0,-1.0,SOLVER_EXCEPTION,0.0,0,True,True
1616.419,-0.0817640478115105,-2.011866951698935,0.1745140959769665,2.435770842304005e-05,0,nan,nan,nan,2.0,-0.011868281185809798,0.1744688215087944,1.9999756422915769,0.0,-1.0,SOLVER_EXCEPTION,0.0,0,True,True
1616.517,-0.08183909365702104,-2.0118801653833778,0.17451407832734642,2.435764189343251e-05,0,nan,nan,nan,2.0,-0.011882165466640403,0.1744688029573802,1.9999756423581065,0.0,-1.0,SOLVER_EXCEPTION,0.0,0,True,True
1616.617,-0.08191567104543016,-2.0118936487334977,0.1745140603146967,2.435766296854031e-05,0,nan,nan,nan,2.0,-0.011896184544940904,0.1744687842271575,1.9999756423370314,0.0,-1.0,SOLVER_EXCEPTION,0.0,0,True,True
1616.717,-0.08199071688166298,-2.011906862413033,0.17451404266570616,2.4357568974456672e-05,0,nan,nan,nan,2.0,-0.011909664424403062,0.1744687662169544,1.9999756424310255,0.0,-1.0,SOLVER_EXCEPTION,0.0,0,True,True
1616.817,-0.08206882580828473,-2.0119206154249225,0.17451402429582533,2.4357464008982984e-05,0,nan,nan,nan,2.0,-0.011923144302365307,0.1744687482039109,1.999975642535991,0.0,-1.0,SOLVER_EXCEPTION,0.0,0,True,True
1616.917,-0.08214463740879986,-2.011933963934735,0.17451400646421,2.435742723233015e-05,0,nan,nan,nan,2.0,-0.011936624178452822,0.17446873019433662,1.9999756425727677,0.0,-1.0,SOLVER_EXCEPTION,0.0,0,True,True
1617.019,-0.08222274632602697,-2.0119477169413758,0.17451398809407018,2.435737809939157e-05,0,nan,nan,nan,2.0,-0.011950104050952294,0.17446871218464644,1.9999756426219006,0.0,-1.0,SOLVER_EXCEPTION,0.0,0,True,True
1617.119,-0.0823000894647587,-2.011961335113111,0.17451396990258614,2.435735088005131e-05,0,nan,nan,nan,2.0,-0.011963583922395049,0.17446869417208033,1.99997564264912,0.0,-1.0,SOLVER_EXCEPTION,0.0,0,True,True
1617.217,-0.08237436950464284,-2.0119744139488196,0.17451395243131834,2.4357346561333044e-05,0,nan,nan,nan,2.0,-0.011977063791165919,0.17446867616169204,1.9999756426534387,0.0,-1.0,SOLVER_EXCEPTION,0.0,0,True,True
1617.32,-0.08245324418152855,-2.0119883017828633,0.17451393387969544,2.4357328532799277e-05,0,nan,nan,nan,2.0,-0.011990274060336491,0.1744686585116093,1.9999756426714672,0.0,-1.0,SOLVER_EXCEPTION,0.0,0,True,True
1617.422,-0.08253211885395798,-2.012002189613574,0.17451391533030824,2.4357203036773372e-05,0,nan,nan,nan,2.0,-0.012004158320927463,0.17446863996092965,1.9999756427969633,0.0,-1.0,SOLVER_EXCEPTION,0.0,0,True,True
1617.518,-0.08260486733398592,-2.012014998776892,0.1745138982197386,2.435714665126325e-05,0,nan,nan,nan,2.0,-0.01201750338459936,0.1744686221278413,1.9999756428533488,0.0,-1.0,SOLVER_EXCEPTION,0.0,0,True,True
1617.619,-0.08268297622408878,-2.012028751770939,0.174513879846282,2.4357226309844837e-05,0,nan,nan,nan,2.0,-0.01203098324460203,0.17446860411908238,1.99997564277369,0.0,-1.0,SOLVER_EXCEPTION,0.0,0,True,True
1617.718,-0.08275802201653507,-2.0120419654287076,0.17451386219624032,2.4357175055045672e-05,0,nan,nan,nan,2.0,-0.012044328303677979,0.17446858628719752,1.9999756428249449,0.0,-1.0,SOLVER_EXCEPTION,0.0,0,True,True
1617.818,-0.08283306780476869,-2.012055179085733,0.17451384454627414,2.4357054608014715e-05,0,nan,nan,nan,2.0,-0.012057808159840545,0.17446856827642465,1.999975642945392,0.0,-1.0,SOLVER_EXCEPTION,0.0,0,True,True
1617.918,-0.08290964513576275,-2.012068662406485,0.1745138265343273,2.4357069452769752e-05,0,nan,nan,nan,2.0,-0.012071422811929763,0.17446855008541728,1.9999756429305473,0.0,-1.0,SOLVER_EXCEPTION,0.0,0,True,True
1618.019,-0.08298851978256537,-2.012082550224083,0.17451380798420085,2.4356982902204684e-05,0,nan,nan,nan,2.0,-0.012084228670376135,0.17446853297469644,1.9999756430170978,0.0,-1.0,SOLVER_EXCEPTION,0.0,0,True,True
1618.122,-0.08306586287853052,-2.0120961683742515,0.17451378979317694,2.4356885330348548e-05,0,nan,nan,nan,2.0,-0.012098382513056328,0.1744685140613833,1.9999756431146696,0.0,-1.0,SOLVER_EXCEPTION,0.0,0,True,True
1618.216,-0.0831393771048839,-2.0121091123552173,0.17451377250274988,2.435688086443427e-05,0,nan,nan,nan,2.0,-0.012111727560873293,0.17446849623323146,1.9999756431191356,0.0,-1.0,SOLVER_EXCEPTION,0.0,0,True,True
1618.318,-0.08321672019314642,-2.012122730500848,0.1745137543115173,2.4356828687997206e-05,0,nan,nan,nan,2.0,-0.012125072607655267,0.17446847840194657,1.999975643171312,0.0,-1.0,SOLVER_EXCEPTION,0.0,0,True,True
1618.416,-0.0832932975043433,-2.012136213811649,0.1745137362983256,2.435686081903417e-05,0,nan,nan,nan,2.0,-0.012138822048340398,0.17446846002844252,1.9999756431391809,0.0,-1.0,SOLVER_EXCEPTION,0.0,0,True,True
1618.516,-0.08336987481201251,-2.012149697118968,0.1745137182869722,2.435688591215491e-05,0,nan,nan,nan,2.0,-0.012152436686683012,0.17446844183929455,1.9999756431140878,0.0,-1.0,SOLVER_EXCEPTION,0.0,0,True,True
1618.617,-0.08344645211579707,-2.0121631804251257,0.17451370027717686,2.4356740343226657e-05,0,nan,nan,nan,2.0,-0.012165781727503601,0.17446842400733953,1.9999756432596567,0.0,-1.0,SOLVER_EXCEPTION,0.0,0,True,True
1618.716,-0.08352149787000983,-2.0121763940627657,0.17451368262636066,2.4356693655216625e-05,0,nan,nan,nan,2.0,-0.012179126765818357,0.17446840617547732,1.9999756433063447,0.0,-1.0,SOLVER_EXCEPTION,0.0,0,True,True
1618.817,-0.08360037248544146,-2.012190281863682,0.1745136640745089,2.4356679459741507e-05,0,nan,nan,nan,2.0,-0.012192741398758245,0.17446838798383268,1.9999756433205402,0.0,-1.0,SOLVER_EXCEPTION,0.0,0,True,True
1618.918,-0.08367694977839353,-2.012203765163198,0.17451364606453051,2.435654891155347e-05,0,nan,nan,nan,2.0,-0.012206221231495678,0.17446836997399995,1.9999756434510885,0.0,-1.0,SOLVER_EXCEPTION,0.0,0,True,True
1619.015,-0.08375199552195657,-2.012216978795346,0.1745136284101194,2.4356705518417676e-05,0,nan,nan,nan,2.0,-0.012219701061958202,0.17446835196238375,1.9999756432944815,0.0,-1.0,SOLVER_EXCEPTION,0.0,0,True,True
1619.116,-0.08382857280797865,-2.0122304620907716,0.1745136104012473,2.435653487922736e-05,0,nan,nan,nan,2.0,-0.012233180890585022,0.17446833394909644,1.9999756434651208,0.0,-1.0,SOLVER_EXCEPTION,0.0,0,True,True
1619.219,-0.08390821318183218,-2.0122444847156697,0.1745135916696264,2.435649807069944e-05,0,nan,nan,nan,2.0,-0.012246660716669135,0.17446831593835554,1.9999756435019294,0.0,-1.0,SOLVER_EXCEPTION,0.0,0,True,True
1619.319,-0.08398325891515324,-2.0122576983422604,0.17451357401601586,2.4356566575412392e-05,0,nan,nan,nan,2.0,-0.012259601348246298,0.17446829864885816,1.9999756434334246,0.0,-1.0,SOLVER_EXCEPTION,0.0,0,True,True
1619.42,-0.08406213350929163,-2.012271586129513,0.17451355546691225,2.435641253606559e-05,0,nan,nan,nan,2.0,-0.012273620363971059,0.1744682799152688,1.9999756435874638,0.0,-1.0,SOLVER_EXCEPTION,0.0,0,True,True
1619.518,-0.08413641346347829,-2.0122846649186497,0.1745135379946355,2.4356432736783725e-05,0,nan,nan,nan,2.0,-0.012287100183993808,0.17446826190395548,1.9999756435672633,0.0,-1.0,SOLVER_EXCEPTION,0.0,0,True,True
1619.617,-0.0842114591872069,-2.0122978785391683,0.1745135203408908,2.4356517323199535e-05,0,nan,nan,nan,2.0,-0.012299906011830713,0.1744682447927577,1.9999756434826768,0.0,-1.0,SOLVER_EXCEPTION,0.0,0,True,True
1619.714,-0.08428727068079327,-2.012311226988929,0.1745135025124617,2.4356348614845513e-05,0,nan,nan,nan,2.0,-0.012314059818500186,0.17446822588240218,1.9999756436513851,0.0,-1.0,SOLVER_EXCEPTION,0.0,0,True,True
1619.82,-0.08436767680666941,-2.0123253844351883,0.1745134836000741,2.4356290800386337e-05,0,nan,nan,nan,2.0,-0.012327539633700573,0.17446820786834571,1.9999756437091996,0.0,-1.0,SOLVER_EXCEPTION,0.0,0,True,True
1619.915,-0.08444119097602103,-2.0123383283833762,0.17451346630962952,2.4356221623296736e-05,0,nan,nan,nan,2.0,-0.012341154243927427,0.1744681896795699,1.9999756437783767,0.0,-1.0,SOLVER_EXCEPTION,0.0,0,True,True
1620.02,-0.08452159709548546,-2.012352485824706,0.1745134473968876,2.4356246071759325e-05,0,nan,nan,nan,2.0,-0.012354499255910973,0.17446817184768948,1.9999756437539282,0.0,-1.0,SOLVER_EXCEPTION,0.0,0,True,True
1620.118,-0.084596642803844,-2.012365699435334,0.17451342974351378,2.4356281697568905e-05,0,nan,nan,nan,2.0,-0.012367979065263567,0.1744681538338826,1.9999756437183025,0.0,-1.0,SOLVER_EXCEPTION,0.0,0,True,True
1620.219,-0.08467398582699558,-2.012379317541132,0.17451341155350575,2.435618799768703e-05,0,nan,nan,nan,2.0,-0.012381189275057438,0.17446813618272605,1.9999756438120022,0.0,-1.0,SOLVER_EXCEPTION,0.0,0,True,True
1620.321,-0.08475132884697939,-2.012392935645805,0.174513393361023,2.435617629825116e-05,0,nan,nan,nan,2.0,-0.012394938675965327,0.174468117811716,1.9999756438237017,0.0,-1.0,SOLVER_EXCEPTION,0.0,0,True,True
1620.418,-0.08482560877434717,-2.0124060144172495,0.17451337588916804,2.4356166786274135e-05,0,nan,nan,nan,2.0,-0.012408553276726663,0.1744680996196597,1.9999756438332137,0.0,-1.0,SOLVER_EXCEPTION,0.0,0,True,True
1620.519,-0.08490218601617765,-2.0124194976851264,0.17451335787779487,2.4356133542861477e-05,0,nan,nan,nan,2.0,-0.01242189827922868,0.174468081787174,1.999975643866457,0.0,-1.0,SOLVER_EXCEPTION,0.0,0,True,True
1620.619,-0.08497952902752344,-2.012433115783847,0.17451333968641367,2.435604931306595e-05,0,nan,nan,nan,2.0,-0.012434838886301855,0.17446806449728092,1.9999756439506868,0.0,-1.0,SOLVER_EXCEPTION,0.0,0,True,True
1620.718,-0.08505534049133794,-2.0124464642152304,0.17451332185241114,2.4356151490557236e-05,0,nan,nan,nan,2.0,-0.012448723077179768,0.17446804594301213,1.9999756438485095,0.0,-1.0,SOLVER_EXCEPTION,0.0,0,True,True
1620.818,-0.08513268349706368,-2.0124600823100924,0.17451330366033452,2.4356126968192083e-05,0,nan,nan,nan,2.0,-0.012462337670183824,0.17446802775083237,1.9999756438730318,0.0,-1.0,SOLVER_EXCEPTION,0.0,0,True,True
1620.918,-0.08520543186635929,-2.0124728914068175,0.17451328655262138,2.435588515042841e-05,0,nan,nan,nan,2.0,-0.012475547867433065,0.17446801010068214,1.9999756441148495,0.0,-1.0,SOLVER_EXCEPTION,0.0,0,True,True
1621.014,-0.08528277486670818,-2.012486509498016,0.17451326835837774,2.4355994713909982e-05,0,nan,nan,nan,2.0,-0.012489027658420165,0.17446799208851926,1.999975644005286,0.0,-1.0,SOLVER_EXCEPTION,0.0,0,True,True
1621.117,-0.08536088363662306,-2.0125002624196675,0.17451324998533566,2.4356006829264742e-05,0,nan,nan,nan,2.0,-0.012502777043670053,0.1744679737155428,1.9999756439931706,0.0,-1.0,SOLVER_EXCEPTION,0.0,0,True,True
1621.222,-0.08543899240391244,-2.012514015338815,0.1745132316132881,2.43559882458014e-05,0,nan,nan,nan,2.0,-0.012516256830552231,0.17446795570386398,1.9999756440117542,0.0,-1.0,SOLVER_EXCEPTION,0.0,0,True,True
1621.319,-0.08551556962395668,-2.012527498592024,0.1745132136022911,2.4355863270867984e-05,0,nan,nan,nan,2.0,-0.01252973661661519,0.17446793769253954,1.9999756441367291,0.0,-1.0,SOLVER_EXCEPTION,0.0,0,True,True
1621.415,-0.08558984952522493,-2.0125405773443936,0.17451319613020133,2.435590183357113e-05,0,nan,nan,nan,2.0,-0.012543216399488365,0.17446791968145137,1.9999756440981664,0.0,-1.0,SOLVER_EXCEPTION,0.0,0,True,True
1621.515,-0.08566642674033964,-2.0125540605936467,0.17451317811885678,2.4355813269466016e-05,0,nan,nan,nan,2.0,-0.01255669618177413,0.17446790166669768,1.9999756441867305,0.0,-1.0,SOLVER_EXCEPTION,0.0,0,True,True
1621.617,-0.08574453549725648,-2.0125678135056866,0.1745131597472752,2.435572702832049e-05,0,nan,nan,nan,2.0,-0.012570175961704554,0.17446788365665622,1.9999756442729717,0.0,-1.0,SOLVER_EXCEPTION,0.0,0,True,True
1621.718,-0.08582111270753202,-2.0125812967504717,0.1745131417324043,2.4355898275552167e-05,0,nan,nan,nan,2.0,-0.012583655738973656,0.1744678656450689,1.9999756441017245,0.0,-1.0,SOLVER_EXCEPTION,0.0,0,True,True
1621.818,-0.08589768991525522,-2.0125947799942305,0.17451312372143385,2.4355759983548708e-05,0,nan,nan,nan,2.0,-0.012597000718158969,0.17446784781183267,1.9999756442400165,0.0,-1.0,SOLVER_EXCEPTION,0.0,0,True,True
1621.917,-0.0859735013487365,-2.0126081284027526,0.17451310588829344,2.4355831786491867e-05,0,nan,nan,nan,2.0,-0.01261048049184049,0.17446782980127384,1.9999756441682135,0.0,-1.0,SOLVER_EXCEPTION,0.0,0,True,True
1622.02,-0.08605237586785813,-2.0126220161398263,0.1745130873359007,2.4355781057926116e-05,0,nan,nan,nan,2.0,-0.012624095062278656,0.1744678116075269,1.999975644218942,0.0,-1.0,SOLVER_EXCEPTION,0.0,0,True,True
1622.116,-0.08612665575261176,-2.012635094880431,0.17451306986610432,2.4355606988920274e-05,0,nan,nan,nan,2.0,-0.012637844428512892,0.17446779323604478,1.999975644393011,0.0,-1.0,SOLVER_EXCEPTION,0.0,0,True,True
1622.218,-0.08620476449510572,-2.012648847781001,0.17451305149137272,2.4355744659643982e-05,0,nan,nan,nan,2.0,-0.012651054601655734,0.17446777558194704,1.9999756442553402,0.0,-1.0,SOLVER_EXCEPTION,0.0,0,True,True
1622.321,-0.08627444974375888,-2.012661117524201,0.1745130350995244,2.435574372141112e-05,0,nan,nan,nan,2.0,-0.012663860380642412,0.17446775846946494,1.9999756442562786,0.0,-1.0,SOLVER_EXCEPTION,0.0,0,True,True
1622.421,-0.08635638734154942,-2.012675544582556,0.1745130158285782,2.4355593793772124e-05,0,nan,nan,nan,2.0,-0.012675992169328165,0.17446774226054496,1.9999756444062062,0.0,-1.0,SOLVER_EXCEPTION,0.0,0,True,True
1622.52,-0.0864360276210072,-2.01268956714259,0.17451299709334955,2.4355698424965604e-05,0,nan,nan,nan,2.0,-0.01269135909951536,0.17446772172653446,1.999975644301575,0.0,-1.0,SOLVER_EXCEPTION,0.0,0,True,True
1622.617,-0.08650954172321859,-2.012702511041503,0.17451297980228536,2.435563772090281e-05,0,nan,nan,nan,2.0,-0.012704973658678708,0.17446770353278973,1.9999756443622791,0.0,-1.0,SOLVER_EXCEPTION,0.0,0,True,True
1622.718,-0.08658765045446538,-2.012716263933466,0.17451296143005018,2.4355572749816968e-05,0,nan,nan,nan,2.0,-0.012717644632623846,0.17446768660253298,1.9999756444272503,0.0,-1.0,SOLVER_EXCEPTION,0.0,0,True,True
1622.815,-0.08666039878076573,-2.0127290729970517,0.17451294431859662,2.4355539459866616e-05,0,nan,nan,nan,2.0,-0.012731798378951649,0.17446766768853728,1.99997564446054,0.0,-1.0,SOLVER_EXCEPTION,0.0,0,True,True
1622.915,-0.0867385075079975,-2.012742825884493,0.17451292594600878,2.435551435210283e-05,0,nan,nan,nan,2.0,-0.012744738944703848,0.1744676503972471,1.9999756444856478,0.0,-1.0,SOLVER_EXCEPTION,0.0,0,True,True
1623.016,-0.08681585046116656,-2.0127564439386676,0.17451290775298373,2.435549970197704e-05,0,nan,nan,nan,2.0,-0.012757814306448397,0.1744676329244359,1.999975644500298,0.0,-1.0,SOLVER_EXCEPTION,0.0,0,True,True
1623.115,-0.08689166186891593,-2.0127697923255385,0.17451288992054556,2.4355502832512058e-05,0,nan,nan,nan,2.0,-0.01277223764167992,0.1744676136510801,1.9999756444971675,0.0,-1.0,SOLVER_EXCEPTION,0.0,0,True,True
1623.221,-0.0869713021333341,-2.0127838148727366,0.17451287118806685,2.4355414020463383e-05,0,nan,nan,nan,2.0,-0.012785852190557398,0.174467595456397,1.9999756445859795,0.0,-1.0,SOLVER_EXCEPTION,0.0,0,True,True
1623.32,-0.08704251890655983,-2.012796354263714,0.17451285443637699,2.4355402784158894e-05,0,nan,nan,nan,2.0,-0.012799062344433563,0.1744675778063174,1.9999756445972159,0.0,-1.0,SOLVER_EXCEPTION,0.0,0,True,True
1623.418,-0.08712369071064674,-2.012810646470507,0.17451283534325332,2.4355390058797453e-05,0,nan,nan,nan,2.0,-0.012812811686040306,0.1744675594338405,1.9999756446099413,0.0,-1.0,SOLVER_EXCEPTION,0.0,0,True,True
1623.515,-0.08719797056701889,-2.0128237251875416,0.17451281786979858,2.435538796629454e-05,0,nan,nan,nan,2.0,-0.01282575224263502,0.17446754213922677,1.9999756446120338,0.0,-1.0,SOLVER_EXCEPTION,0.0,0,True,True
1623.618,-0.08727684505203304,-2.012837612894007,0.17451279931572872,2.4355468435213968e-05,0,nan,nan,nan,2.0,-0.012839501580694997,0.17446752376724728,1.9999756445315648,0.0,-1.0,SOLVER_EXCEPTION,0.0,0,True,True
1623.716,-0.08735189067657356,-2.012850826439164,0.17451278166455736,2.435535510960419e-05,0,nan,nan,nan,2.0,-0.012853250917656388,0.17446750539475486,1.9999756446448904,0.0,-1.0,SOLVER_EXCEPTION,0.0,0,True,True
1623.827,-0.08742693629930232,-2.0128640399830218,0.1745127640098058,2.4355432836286696e-05,0,nan,nan,nan,2.0,-0.012866730658547711,0.17446748737974627,1.9999756445671637,0.0,-1.0,SOLVER_EXCEPTION,0.0,0,True,True
1623.915,-0.08750427923548532,-2.012877658019823,0.17451274581925189,2.435532959527244e-05,0,nan,nan,nan,2.0,-0.012880210396161725,0.1744674693683348,1.9999756446704047,0.0,-1.0,SOLVER_EXCEPTION,0.0,0,True,True
1624.019,-0.08757932485474414,-2.012890871560292,0.17451272816472746,2.435537776853949e-05,0,nan,nan,nan,2.0,-0.012893555336150197,0.17446745153466825,1.9999756446222314,0.0,-1.0,SOLVER_EXCEPTION,0.0,0,True,True
1624.121,-0.08765590201575818,-2.012904354761837,0.17451271015303083,2.4355329705760096e-05,0,nan,nan,nan,2.0,-0.012906765475844576,0.1744674338835015,1.9999756446702943,0.0,-1.0,SOLVER_EXCEPTION,0.0,0,True,True
1624.218,-0.08773630803277839,-2.012918512122722,0.17451269123849564,2.435535081775438e-05,0,nan,nan,nan,2.0,-0.012920649601490272,0.17446741532900045,1.9999756446491823,0.0,-1.0,SOLVER_EXCEPTION,0.0,0,True,True
1624.319,-0.08781288519024336,-2.012931995321049,0.1745126732259241,2.435531139671274e-05,0,nan,nan,nan,2.0,-0.012934129333062771,0.1744673973169002,1.9999756446886032,0.0,-1.0,SOLVER_EXCEPTION,0.0,0,True,True
1624.416,-0.08788793080287575,-2.01294520885412,0.17451265557505166,2.435520289628563e-05,0,nan,nan,nan,2.0,-0.012947474265438078,0.1744673794832532,1.9999756447971038,0.0,-1.0,SOLVER_EXCEPTION,0.0,0,True,True
1624.518,-0.08796603950011388,-2.0129589617130272,0.17451263720323845,2.4355088428432606e-05,0,nan,nan,nan,2.0,-0.012961088791034355,0.17446736129067286,1.9999756449115715,0.0,-1.0,SOLVER_EXCEPTION,0.0,0,True,True
1624.619,-0.08804338242404286,-2.0129725797388405,0.17451261900795215,2.4355188706460505e-05,0,nan,nan,nan,2.0,-0.01297456851734684,0.17446734327756896,1.9999756448112935,0.0,-1.0,SOLVER_EXCEPTION,0.0,0,True,True
1624.721,-0.08812072534640011,-2.012986197762595,0.17451260081478803,2.4355170032174894e-05,0,nan,nan,nan,2.0,-0.012987913444787204,0.1744673254447502,1.999975644829968,0.0,-1.0,SOLVER_EXCEPTION,0.0,0,True,True
1624.817,-0.08819500518132435,-2.012999276456409,0.17451258334157413,2.4355207454117825e-05,0,nan,nan,nan,2.0,-0.013001393167397903,0.17446730743240124,1.9999756447925459,0.0,-1.0,SOLVER_EXCEPTION,0.0,0,True,True
1624.918,-0.08827158232898853,-2.013012759645458,0.17451256532925313,2.4355119532532045e-05,0,nan,nan,nan,2.0,-0.013015007686444155,0.1744672892372261,1.9999756448804675,0.0,-1.0,SOLVER_EXCEPTION,0.0,0,True,True
1625.016,-0.08834586216092567,-2.0130258383362896,0.17451254785701037,2.4355082754206204e-05,0,nan,nan,nan,2.0,-0.013028352608756386,0.17446727140486695,1.9999756449172459,0.0,-1.0,SOLVER_EXCEPTION,0.0,0,True,True
1625.119,-0.0884262681629223,-2.0130399956805234,0.17451252894101155,2.4355196645653757e-05,0,nan,nan,nan,2.0,-0.013041967123380974,0.17446725321387735,1.9999756448033543,0.0,-1.0,SOLVER_EXCEPTION,0.0,0,True,True
1625.218,-0.08850207953466793,-2.0130533440323353,0.1745125111077059,2.4355175883334193e-05,0,nan,nan,nan,2.0,-0.013054503259610876,0.17446723646154094,1.9999756448241166,0.0,-1.0,SOLVER_EXCEPTION,0.0,0,True,True
1625.316,-0.08857712513375691,-2.0130665575496285,0.1745124934552574,2.4355169960957512e-05,0,nan,nan,nan,2.0,-0.013068926553942718,0.174467217185573,1.999975644830039,0.0,-1.0,SOLVER_EXCEPTION,0.0,0,True,True
1625.417,-0.08865446804541183,-2.013080175562043,0.17451247526196906,2.435510503724886e-05,0,nan,nan,nan,2.0,-0.013082406267399819,0.17446719917330444,1.9999756448949628,0.0,-1.0,SOLVER_EXCEPTION,0.0,0,True,True
1625.525,-0.08873640558412411,-2.013094602562169,0.17451245598957402,2.4355020578671186e-05,0,nan,nan,nan,2.0,-0.013095077195786587,0.17446718224002877,1.9999756449794213,0.0,-1.0,SOLVER_EXCEPTION,0.0,0,True,True
1625.62,-0.08880991963606717,-2.0131075464117942,0.17451243869525793,2.4355083737246615e-05,0,nan,nan,nan,2.0,-0.013109230890406475,0.1744671633271868,1.9999756449162627,0.0,-1.0,SOLVER_EXCEPTION,0.0,0,True,True
1625.719,-0.08888573100085102,-2.0131208947548407,0.17451242086365187,2.435496002256759e-05,0,nan,nan,nan,2.0,-0.013122845395935627,0.1744671451336952,1.9999756450399775,0.0,-1.0,SOLVER_EXCEPTION,0.0,0,True,True
1625.815,-0.08895924505031476,-2.0131338386008815,0.1745124035694213,2.4355064238313067e-05,0,nan,nan,nan,2.0,-0.0131359207100128,0.17446712766022454,1.9999756449357617,0.0,-1.0,SOLVER_EXCEPTION,0.0,0,True,True
1625.916,-0.08903658795503373,-2.013147456604807,0.17451238537492686,2.4355061359860538e-05,0,nan,nan,nan,2.0,-0.013149804806373344,0.17446710910511776,1.99997564493864,0.0,-1.0,SOLVER_EXCEPTION,0.0,0,True,True
1626.018,-0.08911393085863001,-2.013161074605777,0.17451236718340987,2.4354964852809906e-05,0,nan,nan,nan,2.0,-0.013163284508580252,0.17446709109309744,1.9999756450351471,0.0,-1.0,SOLVER_EXCEPTION,0.0,0,True,True
1626.119,-0.08919127376074151,-2.013174692605966,0.17451234899017593,2.4354922193375745e-05,0,nan,nan,nan,2.0,-0.013176629412916441,0.17446707325863464,1.9999756450778066,0.0,-1.0,SOLVER_EXCEPTION,0.0,0,True,True
1626.217,-0.08926631934774412,-2.0131879061091333,0.17451233133762983,2.4354850116212164e-05,0,nan,nan,nan,2.0,-0.013190243909543682,0.17446705506820148,1.9999756451498838,0.0,-1.0,SOLVER_EXCEPTION,0.0,0,True,True
1626.317,-0.08934366224734157,-2.0132015241057886,0.1745123131432372,2.4354904225011555e-05,0,nan,nan,nan,2.0,-0.013203723607178424,0.17446703705148092,1.999975645095775,0.0,-1.0,SOLVER_EXCEPTION,0.0,0,True,True
1626.421,-0.0894202393743634,-2.0132150072693915,0.17451229512807542,2.4354956697892593e-05,0,nan,nan,nan,2.0,-0.013216798912792491,0.17446701957878608,1.9999756450433022,0.0,-1.0,SOLVER_EXCEPTION,0.0,0,True,True
1626.516,-0.08949605072900393,-2.013228355599211,0.17451227729563987,2.4354898246960666e-05,0,nan,nan,nan,2.0,-0.013230952591835177,0.1744670006655804,1.999975645101753,0.0,-1.0,SOLVER_EXCEPTION,0.0,0,True,True
1626.615,-0.08957109631116537,-2.013241569096158,0.17451225964136588,2.435494660804042e-05,0,nan,nan,nan,2.0,-0.013244162690957403,0.17446698301130636,1.9999756450533919,0.0,-1.0,SOLVER_EXCEPTION,0.0,0,True,True
1626.717,-0.08964997074842682,-2.0132554567488756,0.17451224108868854,2.4354857769369867e-05,0,nan,nan,nan,2.0,-0.013257642381925696,0.1744669649983126,1.9999756451422306,0.0,-1.0,SOLVER_EXCEPTION,0.0,0,True,True
1626.822,-0.08972578209942993,-2.0132688050744796,0.17451222325468946,2.435486601165914e-05,0,nan,nan,nan,2.0,-0.013270987274876269,0.17446694716409938,1.9999756451339883,0.0,-1.0,SOLVER_EXCEPTION,0.0,0,True,True
1626.917,-0.08980312499184968,-2.0132824230608133,0.17451220506113574,2.4354837907078022e-05,0,nan,nan,nan,2.0,-0.013284601759966014,0.17446692896971605,1.999975645162093,0.0,-1.0,SOLVER_EXCEPTION,0.0,0,True,True
1627.016,-0.08987893634060007,-2.013295771383138,0.1745121872257429,2.435491953683167e-05,0,nan,nan,nan,2.0,-0.013298081446181822,0.17446691095599443,1.999975645080463,0.0,-1.0,SOLVER_EXCEPTION,0.0,0,True,True
1627.118,-0.0899570450018605,-2.0133095241981,0.17451216885383902,2.4354782531361688e-05,0,nan,nan,nan,2.0,-0.013310752349661364,0.17446689402536464,1.9999756452174686,0.0,-1.0,SOLVER_EXCEPTION,0.0,0,True,True
1627.218,-0.09003285634854666,-2.013322872516402,0.17451215101837683,2.4354898138073188e-05,0,nan,nan,nan,2.0,-0.013324771219869082,0.1744668752915679,1.999975645101862,0.0,-1.0,SOLVER_EXCEPTION,0.0,0,True,True
1627.315,-0.09010790192282372,-2.0133360860027003,0.1745121333657606,2.435480221352369e-05,0,nan,nan,nan,2.0,-0.013338116105160254,0.1744668574560846,1.9999756451977864,0.0,-1.0,SOLVER_EXCEPTION,0.0,0,True,True
1627.417,-0.09018601058095638,-2.0133498388117417,0.17451211499336514,2.435473015895184e-05,0,nan,nan,nan,2.0,-0.013352000175108085,0.17446683890200498,1.999975645269841,0.0,-1.0,SOLVER_EXCEPTION,0.0,0,True,True
1627.518,-0.0902625876954428,-2.0133633219577605,0.17451209697716025,2.435482309312282e-05,0,nan,nan,nan,2.0,-0.013365479853588996,0.17446682088853915,1.9999756451769068,0.0,-1.0,SOLVER_EXCEPTION,0.0,0,True,True
1627.618,-0.09033993058017645,-2.013376939932751,0.17451207878598762,2.4354641902193143e-05,0,nan,nan,nan,2.0,-0.01337895953053385,0.1744668028735301,1.999975645358098,0.0,-1.0,SOLVER_EXCEPTION,0.0,0,True,True
1627.715,-0.0904142103794023,-2.0133900185803797,0.1745120613109386,2.4354752310723318e-05,0,nan,nan,nan,2.0,-0.013392304408112702,0.1744667850412478,1.9999756452476893,0.0,-1.0,SOLVER_EXCEPTION,0.0,0,True,True
1627.815,-0.09049002171974127,-2.0134033668902425,0.1745120434772214,2.4354694347380852e-05,0,nan,nan,nan,2.0,-0.013405918879030228,0.174466766847162,1.9999756453056525,0.0,-1.0,SOLVER_EXCEPTION,0.0,0,True,True
1627.93,-0.09056659883046168,-2.0134168500285115,0.17451202546351324,2.4354705570500017e-05,0,nan,nan,nan,2.0,-0.013419398550131884,0.1744667488334537,1.9999756452944295,0.0,-1.0,SOLVER_EXCEPTION,0.0,0,True,True
1628.012,-0.09064164439781215,-2.013430063503678,0.1745120078075479,2.4354801112717997e-05,0,nan,nan,nan,2.0,-0.013432608627474425,0.17446673117748857,1.9999756451988873,0.0,-1.0,SOLVER_EXCEPTION,0.0,0,True,True
1628.116,-0.0907212845908073,-2.0134440859650105,0.17451198907353122,2.435474130858085e-05,0,nan,nan,nan,2.0,-0.01344635788982713,0.1744667128040689,1.9999756452586914,0.0,-1.0,SOLVER_EXCEPTION,0.0,0,True,True
1628.214,-0.09079633015645572,-2.0134572994360247,0.1745119714215516,2.4354665413688686e-05,0,nan,nan,nan,2.0,-0.01345983755614341,0.17446669479149213,1.9999756453345863,0.0,-1.0,SOLVER_EXCEPTION,0.0,0,True,True
1628.318,-0.09087597034746711,-2.013471321894147,0.17451195268793884,2.4354550071997267e-05,0,nan,nan,nan,2.0,-0.013473317222334068,0.17446667677538086,1.999975645449928,0.0,-1.0,SOLVER_EXCEPTION,0.0,0,True,True
1628.419,-0.09095254745331008,-2.0134848050251604,0.1745119346703897,2.4354769478265764e-05,0,nan,nan,nan,2.0,-0.013486257698954719,0.17446665948220152,1.9999756452305217,0.0,-1.0,SOLVER_EXCEPTION,0.0,0,True,True
1628.517,-0.09102529570302073,-2.013497613998211,0.17451191755754297,2.4354711811168823e-05,0,nan,nan,nan,2.0,-0.013500141751500083,0.17446664092748332,1.999975645288189,0.0,-1.0,SOLVER_EXCEPTION,0.0,0,True,True
1628.62,-0.09109957549400757,-2.0135106926323854,0.17451190008556391,2.435457598362663e-05,0,nan,nan,nan,2.0,-0.013512947429665158,0.174466623812652,1.9999756454240163,0.0,-1.0,SOLVER_EXCEPTION,0.0,0,True,True
1628.717,-0.09118151299451631,-2.0135251195772987,0.17451188080958788,2.43546418494864e-05,0,nan,nan,nan,2.0,-0.013527235867769868,0.17446660471900444,1.9999756453581505,0.0,-1.0,SOLVER_EXCEPTION,0.0,0,True,True
1628.821,-0.09126038740999533,-2.0135390071953188,0.17451186225439036,2.435466346079474e-05,0,nan,nan,nan,2.0,-0.01354044593248283,0.17446658706639173,1.9999756453365392,0.0,-1.0,SOLVER_EXCEPTION,0.0,0,True,True
1628.917,-0.09133466719837656,-2.01355208582514,0.17451184477991752,2.4354681058151743e-05,0,nan,nan,nan,2.0,-0.013553925588000032,0.1744665690517735,1.999975645318942,0.0,-1.0,SOLVER_EXCEPTION,0.0,0,True,True
1629.018,-0.09141201007005217,-2.0135657037779615,0.17451182658496492,2.4354687344513023e-05,0,nan,nan,nan,2.0,-0.01356767483587491,0.17446655067549566,1.9999756453126556,0.0,-1.0,SOLVER_EXCEPTION,0.0,0,True,True
1629.118,-0.09148782139898923,-2.013579052066344,0.1745118087529935,2.4354558188965052e-05,0,nan,nan,nan,2.0,-0.013581154488517596,0.17446653266124912,1.999975645441811,0.0,-1.0,SOLVER_EXCEPTION,0.0,0,True,True
1629.218,-0.09156133541407675,-2.013591995860248,0.17451179145698226,2.435468134336333e-05,0,nan,nan,nan,2.0,-0.013594499343368574,0.17446651482692266,1.9999756453186566,0.0,-1.0,SOLVER_EXCEPTION,0.0,0,True,True
1629.317,-0.09163791251245657,-2.0136054789767854,0.17451177344370944,2.435459626931142e-05,0,nan,nan,nan,2.0,-0.013607978992739285,0.17446649681365,1.9999756454037307,0.0,-1.0,SOLVER_EXCEPTION,0.0,0,True,True
1629.417,-0.0917167869228214,-2.013619366586069,0.1745117548878823,2.4354636276127483e-05,0,nan,nan,nan,2.0,-0.013621189047923194,0.17446647916059854,1.9999756453637239,0.0,-1.0,SOLVER_EXCEPTION,0.0,0,True,True
1629.517,-0.09179412979070742,-2.0136329845299854,0.17451173669635833,2.4354479052666382e-05,0,nan,nan,nan,2.0,-0.013635073084103366,0.17446646060516358,1.9999756455209474,0.0,-1.0,SOLVER_EXCEPTION,0.0,0,True,True
1629.621,-0.09187376997043704,-2.013647006967124,0.17451171795863682,2.4354600334595628e-05,0,nan,nan,nan,2.0,-0.013648552728917381,0.17446644259066435,1.9999756453996653,0.0,-1.0,SOLVER_EXCEPTION,0.0,0,True,True
1629.719,-0.09194651821090921,-2.0136598159222627,0.17451170084477774,2.4354592830854662e-05,0,nan,nan,nan,2.0,-0.013661627983185473,0.17446642511656396,1.999975645407169,0.0,-1.0,SOLVER_EXCEPTION,0.0,0,True,True
1629.815,-0.09202232953464638,-2.013673164199477,0.1745116830118579,2.435452899768149e-05,0,nan,nan,nan,2.0,-0.013675512013898562,0.17446640656097978,1.9999756454710023,0.0,-1.0,SOLVER_EXCEPTION,0.0,0,True,True
1629.918,-0.09210043817019135,-2.013686916970064,0.17451166463471257,2.4354600080209503e-05,0,nan,nan,nan,2.0,-0.0136887220620909,0.17446638890746735,1.9999756453999198,0.0,-1.0,SOLVER_EXCEPTION,0.0,0,True,True
1630.017,-0.09217701526350035,-2.0137004000749585,0.17451164662160434,2.435455906891019e-05,0,nan,nan,nan,2.0,-0.013702471292886445,0.17446637053344238,1.999975645440931,0.0,-1.0,SOLVER_EXCEPTION,0.0,0,True,True
1630.115,-0.09224899773036248,-2.0137130741933973,0.1745116296888703,2.435446760321214e-05,0,nan,nan,nan,2.0,-0.013715007355838887,0.1744663537794895,1.9999756455323967,0.0,-1.0,SOLVER_EXCEPTION,0.0,0,True,True
1630.209,-0.09232251173846877,-2.013726017972439,0.17451161239260266,2.4354587706624358e-05,0,nan,nan,nan,2.0,-0.013728217399154323,0.17446633612287998,1.9999756454122934,0.0,-1.0,SOLVER_EXCEPTION,0.0,0,True,True
1630.317,-0.09240674653878193,-2.013740849383536,0.1745115925766529,2.435458217602283e-05,0,nan,nan,nan,2.0,-0.013742910199866594,0.17446631648932653,1.999975645417824,0.0,-1.0,SOLVER_EXCEPTION,0.0,0,True,True
1630.417,-0.09248026054552387,-2.0137537931598604,0.17451157528358535,2.4354472076898796e-05,0,nan,nan,nan,2.0,-0.013756120240726281,0.1744662988326251,1.9999756455279232,0.0,-1.0,SOLVER_EXCEPTION,0.0,0,True,True
1630.517,-0.09255913494816467,-2.0137676807503038,0.1745115567273846,2.435456783676894e-05,0,nan,nan,nan,2.0,-0.013769869463555908,0.1744662804577608,1.9999756454321633,0.0,-1.0,SOLVER_EXCEPTION,0.0,0,True,True
1630.619,-0.09263724357906696,-2.0137814335091817,0.17451153835366595,2.435444875060695e-05,0,nan,nan,nan,2.0,-0.013783349093463496,0.17446626244416663,1.9999756455512494,0.0,-1.0,SOLVER_EXCEPTION,0.0,0,True,True
1630.715,-0.09271152335502714,-2.013794512111082,0.1745115208783746,2.4354513098464406e-05,0,nan,nan,nan,2.0,-0.013796828720960587,0.17446624443085001,1.9999756454869015,0.0,-1.0,SOLVER_EXCEPTION,0.0,0,True,True
1630.815,-0.09278810044298037,-2.013807995204679,0.17451150286463135,2.4354449913415196e-05,0,nan,nan,nan,2.0,-0.013810308347576194,0.17446622641371556,1.9999756455500866,0.0,-1.0,SOLVER_EXCEPTION,0.0,0,True,True
1630.915,-0.0928646775302911,-2.01382147829699,0.17451148485073223,2.4354341538562136e-05,0,nan,nan,nan,2.0,-0.013823518380526346,0.17446620876026087,1.9999756456584614,0.0,-1.0,SOLVER_EXCEPTION,0.0,0,True,True
1631.015,-0.09294125461712074,-2.013834961387157,0.17451146683386654,2.435449775154106e-05,0,nan,nan,nan,2.0,-0.013837267595584108,0.1744661903850262,1.9999756455022484,0.0,-1.0,SOLVER_EXCEPTION,0.0,0,True,True
1631.119,-0.09301476861983593,-2.013847905152832,0.174511449540962,2.435438000850361e-05,0,nan,nan,nan,2.0,-0.013850342829132731,0.17446617291090272,1.9999756456199915,0.0,-1.0,SOLVER_EXCEPTION,0.0,0,True,True
1631.219,-0.09309440878895521,-2.013861927563474,0.1745114308050119,2.4354418452942392e-05,0,nan,nan,nan,2.0,-0.01386409204146473,0.17446615453541225,1.9999756455815472,0.0,-1.0,SOLVER_EXCEPTION,0.0,0,True,True
1631.318,-0.09317251741564932,-2.013875680311478,0.17451141242802418,2.4354493764708653e-05,0,nan,nan,nan,2.0,-0.013877706456640498,0.17446613634066832,1.9999756455062352,0.0,-1.0,SOLVER_EXCEPTION,0.0,0,True,True
1631.42,-0.09325062604189442,-2.013889433057211,0.17451139405289276,2.4354477812795702e-05,0,nan,nan,nan,2.0,-0.013891186073792272,0.174466118326305,1.999975645522187,0.0,-1.0,SOLVER_EXCEPTION,0.0,0,True,True
1631.519,-0.09332643735496254,-2.013902781309502,0.1745113762177137,2.435448633736343e-05,0,nan,nan,nan,2.0,-0.013904530893305084,0.1744661004907555,1.9999756455136626,0.0,-1.0,SOLVER_EXCEPTION,0.0,0,True,True
1631.621,-0.09340531175103045,-2.013916668882444,0.17451135766498868,2.435434172608857e-05,0,nan,nan,nan,2.0,-0.013917875711721466,0.17446608265510255,1.999975645658274,0.0,-1.0,SOLVER_EXCEPTION,0.0,0,True,True
1631.715,-0.09347729420884493,-2.013929342978167,0.17451134072816812,2.4354462817545082e-05,0,nan,nan,nan,2.0,-0.013931624916495194,0.1744660642792324,1.9999756455371824,0.0,-1.0,SOLVER_EXCEPTION,0.0,0,True,True
1631.82,-0.09355616860373779,-2.0139432305487808,0.1745113221730659,2.4354416907927246e-05,0,nan,nan,nan,2.0,-0.013944834935542015,0.1744660466239405,1.9999756455830922,0.0,-1.0,SOLVER_EXCEPTION,0.0,0,True,True
1631.919,-0.09363274568569792,-2.0139567136252414,0.1745113041579861,2.435441723056138e-05,0,nan,nan,nan,2.0,-0.013957775360811012,0.17446602933020605,1.9999756455827695,0.0,-1.0,SOLVER_EXCEPTION,0.0,0,True,True
1632.019,-0.09371008853787188,-2.0139703315315436,0.1745112859624549,2.435440984120329e-05,0,nan,nan,nan,2.0,-0.013972737725976183,0.17446600933239553,1.9999756455901587,0.0,-1.0,SOLVER_EXCEPTION,0.0,0,True,True
1632.124,-0.09378743138973526,-2.0139839494352825,0.17451126776851347,2.4354353577520548e-05,0,nan,nan,nan,2.0,-0.013985273759426035,0.17446599258033713,1.9999756456464224,0.0,-1.0,SOLVER_EXCEPTION,0.0,0,True,True
1632.215,-0.09385941384527323,-2.0139966235237665,0.17451125083171692,2.435446881633128e-05,0,nan,nan,nan,2.0,-0.01399902295722546,0.17446597420165766,1.9999756455311837,0.0,-1.0,SOLVER_EXCEPTION,0.0,0,True,True
1632.319,-0.0939390540086012,-2.014010645916674,0.17451123209782815,2.4354362397952035e-05,0,nan,nan,nan,2.0,-0.014012502560595129,0.17446595618919813,1.999975645637602,0.0,-1.0,SOLVER_EXCEPTION,0.0,0,True,True
1632.415,-0.09400950492175647,-2.014023050340653,0.17451121552456278,2.4354290225108554e-05,0,nan,nan,nan,2.0,-0.014025577774660515,0.1744659387121028,1.9999756457097748,0.0,-1.0,SOLVER_EXCEPTION,0.0,0,True,True
1632.516,-0.09409067662556074,-2.014037342392871,0.17451119642595567,2.4354407877061892e-05,0,nan,nan,nan,2.0,-0.014038518191089592,0.17446592141966555,1.999975645592123,0.0,-1.0,SOLVER_EXCEPTION,0.0,0,True,True
1632.615,-0.094166487933584,-2.014050690627677,0.1745111785933182,2.435428485468094e-05,0,nan,nan,nan,2.0,-0.01405280656578887,0.17446590232363812,1.9999756457151454,0.0,-1.0,SOLVER_EXCEPTION,0.0,0,True,True
1632.715,-0.09424306501167985,-2.014064173693282,0.17451116057556385,2.4354374610743705e-05,0,nan,nan,nan,2.0,-0.014066420960150492,0.17446588412663333,1.9999756456253892,0.0,-1.0,SOLVER_EXCEPTION,0.0,0,True,True
1632.815,-0.09431964208967805,-2.014077656755552,0.17451114256065783,2.4354382920597172e-05,0,nan,nan,nan,2.0,-0.014080035351343988,0.17446586593059843,1.9999756456170794,0.0,-1.0,SOLVER_EXCEPTION,0.0,0,True,True
1632.916,-0.09439698493775592,-2.0140912746485276,0.1745111243649041,2.4354345073592162e-05,0,nan,nan,nan,2.0,-0.01409338015059464,0.17446584809514176,1.9999756456549265,0.0,-1.0,SOLVER_EXCEPTION,0.0,0,True,True
1633.016,-0.09447356201487048,-2.0141047577081514,0.17451110634969508,2.4354352964393354e-05,0,nan,nan,nan,2.0,-0.014106859743199722,0.17446583008031524,1.9999756456470357,0.0,-1.0,SOLVER_EXCEPTION,0.0,0,True,True
1633.12,-0.09455013909146967,-2.0141182407669582,0.1745110883351735,2.4354286535333347e-05,0,nan,nan,nan,2.0,-0.014120069742848095,0.17446581242576498,1.9999756457134648,0.0,-1.0,SOLVER_EXCEPTION,0.0,0,True,True
1633.221,-0.0946282477091998,-2.014131993485405,0.17451106995970625,2.4354237739548447e-05,0,nan,nan,nan,2.0,-0.014133818925458534,0.17446579404743323,1.9999756457622604,0.0,-1.0,SOLVER_EXCEPTION,0.0,0,True,True
1633.318,-0.09470482478507998,-2.0141454765408713,0.17451105194279207,2.435433981179145e-05,0,nan,nan,nan,2.0,-0.014147298513137382,0.17446577603350688,1.9999756456601883,0.0,-1.0,SOLVER_EXCEPTION,0.0,0,True,True
1633.42,-0.0947814018604881,-2.0141589595954152,0.17451103392850628,2.4354216842750232e-05,0,nan,nan,nan,2.0,-0.014160778100789171,0.17446575801902364,1.9999756457831572,0.0,-1.0,SOLVER_EXCEPTION,0.0,0,True,True
1633.518,-0.09485797893568564,-2.0141724426475975,0.1745110159125503,2.4354272641964114e-05,0,nan,nan,nan,2.0,-0.014173583706572498,0.17446574090392053,1.999975645727358,0.0,-1.0,SOLVER_EXCEPTION,0.0,0,True,True
1633.617,-0.09493302446888165,-2.014185656038149,0.1745109982555035,2.4354341015928428e-05,0,nan,nan,nan,2.0,-0.014187602474237608,0.1744657221681254,1.9999756456589841,0.0,-1.0,SOLVER_EXCEPTION,0.0,0,True,True
1633.717,-0.09501036731408735,-2.01419927391807,0.17451098006201413,2.4354201879723548e-05,0,nan,nan,nan,2.0,-0.014201216852800484,0.17446570397047356,1.9999756457981204,0.0,-1.0,SOLVER_EXCEPTION,0.0,0,True,True
