timestamp,x,y,yaw,speed,nearest_path_index,reference_x,reference_y,reference_yaw,reference_speed,cte,heading_error,speed_error,steering_command,acceleration_command,solver_status,solver_time_ms,iteration_count,state_valid,fallback_active
1749.315,-0.015367580268944967,-1.999993568866643,-3.4393128773575473e-06,8.771726282127385e-05,0,nan,nan,nan,5.0,4.776319533812152e-07,-4.871576027243307e-05,4.999912282737179,0.0,-1.0,SOLVER_EXCEPTION,0.0,0,True,True
1749.42,-0.015436323856593711,-1.9999935507219804,-3.457719856653788e-06,7.544629174475492e-05,0,nan,nan,nan,5.0,4.976364425693466e-07,-4.873308518815733e-05,4.999924553708255,0.0,-1.0,SOLVER_EXCEPTION,0.0,0,True,True
1749.521,-0.015506291578261664,-1.999993532571909,-3.4761279679177725e-06,6.388429839922822e-05,0,nan,nan,nan,5.0,5.193687049548312e-07,-4.875185296482343e-05,4.999936115701601,0.0,-1.0,SOLVER_EXCEPTION,0.0,0,True,True
1749.617,-0.015573200669360982,-1.9999935154851758,-3.4934521946770738e-06,5.362967743679583e-05,0,nan,nan,nan,5.0,5.399017372937581e-07,-4.876954190669025e-05,4.999946370322563,0.0,-1.0,SOLVER_EXCEPTION,0.0,0,True,True
1749.722,-0.015648203970916767,-1.999993496612516,-3.512580690705841e-06,4.3001346005604035e-05,0,nan,nan,nan,5.0,5.604861005814694e-07,-4.8787227778124276e-05,4.999956998653994,0.0,-1.0,SOLVER_EXCEPTION,0.0,0,True,True
1749.817,-0.015714927803604582,-1.999993480049876,-3.5293656648284207e-06,3.428463204932165e-05,0,nan,nan,nan,5.0,5.82383327555315e-07,-4.880599572443245e-05,4.999965715367951,0.0,-1.0,SOLVER_EXCEPTION,0.0,0,True,True
1749.917,-0.01578977258375192,-1.9999934617017736,-3.547952296533096e-06,2.5350276376435775e-05,0,nan,nan,nan,5.0,6.036976505217043e-07,-4.882422119267815e-05,4.999974649723623,0.0,-1.0,SOLVER_EXCEPTION,0.0,0,True,True
1750.016,-0.01586185675219723,-1.9999934442409808,-3.5656411649199507e-06,1.773807124135823e-05,0,nan,nan,nan,5.0,6.24633171136685e-07,-4.884208856026362e-05,4.999982261928759,0.0,-1.0,SOLVER_EXCEPTION,0.0,0,True,True
1750.115,-0.015935491682690536,-1.9999934265967507,-3.5835062363123093e-06,1.1586633791292632e-05,0,nan,nan,nan,5.0,6.458228419143545e-07,-4.8860136295569845e-05,4.999988413366209,0.0,-1.0,SOLVER_EXCEPTION,0.0,0,True,True
1750.215,-0.016010655359092803,-1.9999934087700864,-3.6015526507075803e-06,9.093769335843872e-06,0,nan,nan,nan,5.0,6.670526642321843e-07,-4.887818271015476e-05,4.999990906230664,0.0,-1.0,SOLVER_EXCEPTION,0.0,0,True,True
1750.315,-0.01608656286734356,-1.9999933909394718,-3.61959958533349e-06,1.1897957525546626e-05,0,nan,nan,nan,5.0,6.883201149229507e-07,-4.889622964476814e-05,4.999988102042474,0.0,-1.0,SOLVER_EXCEPTION,0.0,0,True,True
1750.415,-0.01615855570928046,-1.999993374175848,-3.6365667457712125e-06,1.6764452184345974e-05,0,nan,nan,nan,5.0,7.083433319983711e-07,-4.891319680533357e-05,4.999983235547815,0.0,-1.0,SOLVER_EXCEPTION,0.0,0,True,True
1750.519,-0.016243543463936035,-1.9999933545535356,-3.65641764287803e-06,2.300734440318037e-05,0,nan,nan,nan,5.0,7.307461239775886e-07,-4.893214433288051e-05,4.999976992655597,0.0,-1.0,SOLVER_EXCEPTION,0.0,0,True,True
1750.616,-0.016319892928979254,-1.9999933370681322,-3.674104470777151e-06,2.851702394002423e-05,0,nan,nan,nan,5.0,7.527558533579777e-07,-4.8950734530262e-05,4.9999714829760595,0.0,-1.0,SOLVER_EXCEPTION,0.0,0,True,True
1750.72,-0.01639916569890553,-1.9999933190439285,-3.692330364286906e-06,3.3980971836741835e-05,0,nan,nan,nan,5.0,7.737266814745514e-07,-4.896841946289143e-05,4.999966019028164,0.0,-1.0,SOLVER_EXCEPTION,0.0,0,True,True
1750.818,-0.016478997682788366,-1.999993301017061,-3.7105590126592035e-06,3.917684655379629e-05,0,nan,nan,nan,5.0,7.94081167269477e-07,-4.898556565402501e-05,4.9999608231534465,0.0,-1.0,SOLVER_EXCEPTION,0.0,0,True,True
1750.918,-0.016558556552886888,-1.999993283164392,-3.7286057226075183e-06,4.4042270990636136e-05,0,nan,nan,nan,5.0,8.153192085386399e-07,-4.900343079761171e-05,4.99995595772901,0.0,-1.0,SOLVER_EXCEPTION,0.0,0,True,True
1751.018,-0.016638598474035447,-1.9999932653083796,-3.7466535371354393e-06,4.862975807493827e-05,0,nan,nan,nan,5.0,8.380859688568941e-07,-4.902256148486828e-05,4.999951370241925,0.0,-1.0,SOLVER_EXCEPTION,0.0,0,True,True
1751.12,-0.016720707786039925,-1.9999932470922426,-3.7650617164375135e-06,5.302876482981919e-05,0,nan,nan,nan,5.0,8.595880461501008e-07,-4.9040608201433855e-05,4.99994697123517,0.0,-1.0,SOLVER_EXCEPTION,0.0,0,True,True
1751.218,-0.01679920183738146,-1.9999932297664744,-3.7825681308218843e-06,5.69581693194709e-05,0,nan,nan,nan,5.0,8.811128779904535e-07,-4.9058657732636846e-05,4.99994304183068,0.0,-1.0,SOLVER_EXCEPTION,0.0,0,True,True
1751.319,-0.016882145272248766,-1.9999932115441126,-3.800976012332558e-06,6.083345070302475e-05,0,nan,nan,nan,5.0,9.028746610853447e-07,-4.907688408417599e-05,4.999939166549297,0.0,-1.0,SOLVER_EXCEPTION,0.0,0,True,True
1751.418,-0.016962200549726462,-1.9999931940334466,-3.81866311635936e-06,6.4319406184303e-05,0,nan,nan,nan,5.0,9.242248273833303e-07,-4.909475244296857e-05,4.999935680593816,0.0,-1.0,SOLVER_EXCEPTION,0.0,0,True,True
1751.517,-0.017041767890132592,-1.9999931766995813,-3.836169736567517e-06,6.755090303274045e-05,0,nan,nan,nan,5.0,9.455924849640393e-07,-4.911262027462726e-05,4.999932449096967,0.0,-1.0,SOLVER_EXCEPTION,0.0,0,True,True
1751.616,-0.01712494130367425,-1.9999931586476212,-3.854399446489755e-06,7.069494264637655e-05,0,nan,nan,nan,5.0,9.674103327174134e-07,-4.913084684288194e-05,4.9999293050573534,0.0,-1.0,SOLVER_EXCEPTION,0.0,0,True,True
1751.72,-0.017210079971758423,-1.9999931402349904,-3.872986866371339e-06,7.368036091259924e-05,0,nan,nan,nan,5.0,9.89461201285438e-07,-4.9149255939795466e-05,4.999926319639087,0.0,-1.0,SOLVER_EXCEPTION,0.0,0,True,True
1751.817,-0.017290532644996595,-1.9999931228927144,-3.890493876749541e-06,7.629799311305237e-05,0,nan,nan,nan,5.0,1.0106622218211275e-06,-4.916694243162212e-05,4.999923702006887,0.0,-1.0,SOLVER_EXCEPTION,0.0,0,True,True
1751.916,-0.01737539835316636,-1.9999931046541601,-3.908901863143852e-06,7.885771968034592e-05,0,nan,nan,nan,5.0,1.032309810832715e-06,-4.9184991475215156e-05,4.99992114228032,0.0,-1.0,SOLVER_EXCEPTION,0.0,0,True,True
1752.018,-0.01745801022878456,-1.9999930869493032,-3.926770684211101e-06,8.116256831446467e-05,0,nan,nan,nan,5.0,1.0533217452355723e-06,-4.9202496088973646e-05,4.999918837431686,0.0,-1.0,SOLVER_EXCEPTION,0.0,0,True,True
1752.118,-0.017542518817395124,-1.999993068884162,-3.944997391210699e-06,8.334081806717872e-05,0,nan,nan,nan,5.0,1.075429163068248e-06,-4.92209052507242e-05,4.999916659181933,0.0,-1.0,SOLVER_EXCEPTION,0.0,0,True,True
1752.218,-0.017626400389573763,-1.999993050995732,-3.9630443525041624e-06,8.53340112305176e-05,0,nan,nan,nan,5.0,1.0973314788680998e-06,-4.9239134651823946e-05,4.999914665988769,0.0,-1.0,SOLVER_EXCEPTION,0.0,0,True,True
1752.317,-0.017709632926930542,-1.9999930332845532,-3.980912468208707e-06,8.715524513191749e-05,0,nan,nan,nan,5.0,1.1190281686895233e-06,-4.925718155535108e-05,4.999912844754868,0.0,-1.0,SOLVER_EXCEPTION,0.0,0,True,True
1752.419,-0.017795569567235877,-1.9999930150336354,-3.999321846862704e-06,8.888162052839125e-05,0,nan,nan,nan,5.0,1.140735648728239e-06,-4.927522993636302e-05,4.9999111183794716,0.0,-1.0,SOLVER_EXCEPTION,0.0,0,True,True
1752.514,-0.017876606237527928,-1.9999929978540951,-4.0166479812658685e-06,9.037446046132242e-05,0,nan,nan,nan,5.0,1.1624526226476416e-06,-4.929327804070738e-05,4.999909625539539,0.0,-1.0,SOLVER_EXCEPTION,0.0,0,True,True
1752.622,-0.017967090599722686,-1.9999929787039927,-4.035960225905473e-06,9.189553515524113e-05,0,nan,nan,nan,5.0,1.184177785481751e-06,-4.931132695373819e-05,4.999908104464844,0.0,-1.0,SOLVER_EXCEPTION,0.0,0,True,True
1752.719,-0.018050101197592868,-1.999992961162919,-4.053645636524235e-06,9.316347662598444e-05,0,nan,nan,nan,5.0,1.2059121105864054e-06,-4.932937542134752e-05,4.999906836523374,0.0,-1.0,SOLVER_EXCEPTION,0.0,0,True,True
1752.823,-0.0181323821798022,-1.9999929437985586,-4.071153833837396e-06,9.430695711687427e-05,0,nan,nan,nan,5.0,1.2280888317961343e-06,-4.934778389342753e-05,4.999905693042883,0.0,-1.0,SOLVER_EXCEPTION,0.0,0,True,True
1752.916,-0.01821646915729439,-1.9999929260739897,-4.089019456823438e-06,9.536544977275236e-05,0,nan,nan,nan,5.0,1.2494028786183579e-06,-4.93654710678193e-05,4.999904634550227,0.0,-1.0,SOLVER_EXCEPTION,0.0,0,True,True
1753.019,-0.0183040596337215,-1.9999929076321812,-4.107609788588135e-06,9.635657824011738e-05,0,nan,nan,nan,5.0,1.2709401621824142e-06,-4.9383339582487196e-05,4.99990364342176,0.0,-1.0,SOLVER_EXCEPTION,0.0,0,True,True
1753.117,-0.0183866366159054,-1.999992890262053,-4.125117982324166e-06,9.719276661969942e-05,0,nan,nan,nan,5.0,1.2916139480093722e-06,-4.9400483496331304e-05,4.99990280723338,0.0,-1.0,SOLVER_EXCEPTION,0.0,0,True,True
1753.216,-0.018467585734035678,-1.9999928732480066,-4.142261611550934e-06,9.792510172742422e-05,0,nan,nan,nan,5.0,1.3142516657468848e-06,-4.941925282286874e-05,4.999902074898273,0.0,-1.0,SOLVER_EXCEPTION,0.0,0,True,True
1753.322,-0.01856225139915408,-1.9999928533669957,-4.162297471511144e-06,9.867827694323685e-05,0,nan,nan,nan,5.0,1.3360230229148052e-06,-4.943730314410644e-05,4.999901321723057,0.0,-1.0,SOLVER_EXCEPTION,0.0,0,True,True
1753.419,-0.0186458953598752,-1.999992835812671,-4.1799829140749915e-06,9.925639356358012e-05,0,nan,nan,nan,5.0,1.3582357810048733e-06,-4.94557127295181e-05,4.999900743606436,0.0,-1.0,SOLVER_EXCEPTION,0.0,0,True,True
1753.522,-0.01873130099505209,-1.9999928178979678,-4.198031779949087e-06,9.976720110466151e-05,0,nan,nan,nan,5.0,1.380017421156216e-06,-4.9473760256102395e-05,4.999900232798895,0.0,-1.0,SOLVER_EXCEPTION,0.0,0,True,True
1753.62,-0.018816754082588226,-1.9999927999813896,-4.216079390055494e-06,0.00010020243683956447,0,nan,nan,nan,5.0,1.4015848673281896e-06,-4.9491625873088196e-05,4.9998997975631605,0.0,-1.0,SOLVER_EXCEPTION,0.0,0,True,True
1753.715,-0.018898826840785844,-1.9999927827808326,-4.233408401900169e-06,0.00010055313251535201,0,nan,nan,nan,5.0,1.4235908693598893e-06,-4.950985578799916e-05,4.999899446867484,0.0,-1.0,SOLVER_EXCEPTION,0.0,0,True,True
1753.816,-0.018982641141973646,-1.999992765219325,-4.251095177609122e-06,0.00010084697235983711,0,nan,nan,nan,5.0,1.4451649257077372e-06,-4.952772523703075e-05,4.99989915302764,0.0,-1.0,SOLVER_EXCEPTION,0.0,0,True,True
1753.92,-0.019073326363440054,-1.999992746222584,-4.270227001194444e-06,0.0001010959993121558,0,nan,nan,nan,5.0,1.4671781056267476e-06,-4.954595230755032e-05,4.999898904000688,0.0,-1.0,SOLVER_EXCEPTION,0.0,0,True,True
1754.015,-0.01915547630648794,-1.9999927290164012,-4.287553179463666e-06,0.00010126332879666985,0,nan,nan,nan,5.0,1.4885393584100123e-06,-4.95636393087473e-05,4.999898736671203,0.0,-1.0,SOLVER_EXCEPTION,0.0,0,True,True
1754.119,-0.019243631322166808,-1.9999927105543742,-4.306143488525414e-06,0.0001013849528501947,0,nan,nan,nan,5.0,1.5107745723289356e-06,-4.95820516457357e-05,4.99989861504715,0.0,-1.0,SOLVER_EXCEPTION,0.0,0,True,True
1754.219,-0.019329227973874742,-1.9999926926277891,-4.324191259522261e-06,0.00010144898949266036,0,nan,nan,nan,5.0,1.5325767707843144e-06,-4.960009931709308e-05,4.999898551010507,0.0,-1.0,SOLVER_EXCEPTION,0.0,0,True,True
1754.315,-0.01941226048284169,-1.9999926752373587,-4.341696427804254e-06,0.00010146319395142102,0,nan,nan,nan,5.0,1.5543804191303087e-06,-4.9618148077801294e-05,4.9998985368060485,0.0,-1.0,SOLVER_EXCEPTION,0.0,0,True,True
1754.417,-0.019499572070023983,-1.9999926569498772,-4.360105857693364e-06,0.00010143026822085228,0,nan,nan,nan,5.0,1.5761848817918212e-06,-4.963619515629958e-05,4.999898569731779,0.0,-1.0,SOLVER_EXCEPTION,0.0,0,True,True
1754.516,-0.01958345430033531,-1.9999926393779592,-4.37779582699498e-06,0.00010135517798430838,0,nan,nan,nan,5.0,1.5977730148770723e-06,-4.9654064883775106e-05,4.999898644822015,0.0,-1.0,SOLVER_EXCEPTION,0.0,0,True,True
1754.621,-0.01967331759701642,-1.9999926205487404,-4.396745295895908e-06,0.00010123026406839617,0,nan,nan,nan,5.0,1.619798753076514e-06,-4.9672292315783295e-05,4.999898769735932,0.0,-1.0,SOLVER_EXCEPTION,0.0,0,True,True
1754.716,-0.01975546490098365,-1.9999926033318425,-4.414071997517966e-06,0.00010107832271204902,0,nan,nan,nan,5.0,1.641825080212865e-06,-4.9690522410994475e-05,4.999898921677288,0.0,-1.0,SOLVER_EXCEPTION,0.0,0,True,True
1754.816,-0.01984016220190299,-1.9999925855765115,-4.43194050863148e-06,0.00010088618746678734,0,nan,nan,nan,5.0,1.6629791089036205e-06,-4.970803148429681e-05,4.999899113812533,0.0,-1.0,SOLVER_EXCEPTION,0.0,0,True,True
1754.919,-0.019924838702166815,-1.99999256781881,-4.4498098940015245e-06,0.00010066029050566804,0,nan,nan,nan,5.0,1.6847888154129361e-06,-4.972607895892267e-05,4.999899339709494,0.0,-1.0,SOLVER_EXCEPTION,0.0,0,True,True
1755.018,-0.020013765831436763,-1.9999925491628339,-4.468581050493778e-06,0.00010038890419474073,0,nan,nan,nan,5.0,1.7070350121866662e-06,-4.9744488963998634e-05,4.999899611095805,0.0,-1.0,SOLVER_EXCEPTION,0.0,0,True,True
1755.116,-0.02009753509135681,-1.9999925315819016,-4.48626735140902e-06,0.00010010324953223416,0,nan,nan,nan,5.0,1.728844493397979e-06,-4.9762535982988965e-05,4.999899896750468,0.0,-1.0,SOLVER_EXCEPTION,0.0,0,True,True
1755.218,-0.02018383786125641,-1.999992513461897,-4.504497903709829e-06,9.978053563535108e-05,0,nan,nan,nan,5.0,1.7506543757938175e-06,-4.9780585468450766e-05,4.999900219464364,0.0,-1.0,SOLVER_EXCEPTION,0.0,0,True,True
1755.315,-0.02026754459855991,-1.9999924958780686,-4.5221863063384496e-06,9.944169074748869e-05,0,nan,nan,nan,5.0,1.7726822802869194e-06,-4.979881636568706e-05,4.999900558309252,0.0,-1.0,SOLVER_EXCEPTION,0.0,0,True,True
1755.415,-0.020352924029348126,-1.9999924779340328,-4.540234251682627e-06,9.907154877165541e-05,0,nan,nan,nan,5.0,1.7942739850686284e-06,-4.981668274739448e-05,4.999900928451228,0.0,-1.0,SOLVER_EXCEPTION,0.0,0,True,True
1755.519,-0.020441677936549343,-1.9999924592710685,-4.55900504204804e-06,9.866230539611192e-05,0,nan,nan,nan,5.0,1.8158646139828518e-06,-4.983455174922824e-05,4.999901337694604,0.0,-1.0,SOLVER_EXCEPTION,0.0,0,True,True
1755.615,-0.020523565653783254,-1.999992442042607,-4.576331849916625e-06,9.82640786114978e-05,0,nan,nan,nan,5.0,1.8378914149148663e-06,-4.985278244706848e-05,4.999901735921388,0.0,-1.0,SOLVER_EXCEPTION,0.0,0,True,True
1755.718,-0.020609675913408645,-1.999992423914876,-4.5945622963501e-06,9.78254303587668e-05,0,nan,nan,nan,5.0,1.8596998915767452e-06,-4.987083128993319e-05,4.999902174569641,0.0,-1.0,SOLVER_EXCEPTION,0.0,0,True,True
1755.816,-0.020689777328241357,-1.9999924070427904,-4.611526400868521e-06,9.740026499141348e-05,0,nan,nan,nan,5.0,1.8799804621988684e-06,-4.9887617176391785e-05,4.999902599735009,0.0,-1.0,SOLVER_EXCEPTION,0.0,0,True,True
1755.917,-0.02078090679126527,-1.9999923878356975,-4.630840381301184e-06,9.689803878894881e-05,0,nan,nan,nan,5.0,1.9033139155834755e-06,-4.990692796713603e-05,4.999903101961211,0.0,-1.0,SOLVER_EXCEPTION,0.0,0,True,True
1756.023,-0.020871130389512375,-1.999992368806783,-4.649973185411874e-06,9.638274876359258e-05,0,nan,nan,nan,5.0,1.9240297586003065e-06,-4.992407585868719e-05,4.9999036172512366,0.0,-1.0,SOLVER_EXCEPTION,0.0,0,True,True
1756.118,-0.020951093414384194,-1.9999923519302005,-4.666938412967512e-06,9.591217856824937e-05,0,nan,nan,nan,5.0,1.9469249345319434e-06,-4.994302572569609e-05,4.999904087821432,0.0,-1.0,SOLVER_EXCEPTION,0.0,0,True,True
1756.215,-0.021034411194140446,-1.999992334335207,-4.684625989121381e-06,9.540905006264107e-05,0,nan,nan,nan,5.0,1.968074213018228e-06,-4.996053405337264e-05,4.999904590949938,0.0,-1.0,SOLVER_EXCEPTION,0.0,0,True,True
1756.318,-0.02111852826241384,-1.9999923165589177,-4.7024961797513115e-06,9.488888127284603e-05,0,nan,nan,nan,5.0,1.990313275091164e-06,-4.997894356195687e-05,4.999905111118728,0.0,-1.0,SOLVER_EXCEPTION,0.0,0,True,True
1756.415,-0.021204290769281167,-1.999992298421758,-4.720724029601734e-06,9.434682870639957e-05,0,nan,nan,nan,5.0,2.0123332438862758e-06,-4.99971745315797e-05,4.999905653171294,0.0,-1.0,SOLVER_EXCEPTION,0.0,0,True,True
1756.52,-0.02129339091398803,-1.9999922795654208,-4.739676474622543e-06,9.377229575278817e-05,0,nan,nan,nan,5.0,2.033697283894855e-06,-5.001486168243474e-05,4.999906227704248,0.0,-1.0,SOLVER_EXCEPTION,0.0,0,True,True
1756.617,-0.021374800408098815,-1.9999922623243702,-4.757003059286226e-06,9.323803674144313e-05,0,nan,nan,nan,5.0,2.055932821584137e-06,-5.003327214003761e-05,4.999906761963259,0.0,-1.0,SOLVER_EXCEPTION,0.0,0,True,True
1756.72,-0.02146293542131165,-1.99999224364472,-4.775773617702256e-06,9.265055412600215e-05,0,nan,nan,nan,5.0,2.0777312612646443e-06,-5.005132061963735e-05,4.999907349445874,0.0,-1.0,SOLVER_EXCEPTION,0.0,0,True,True
1756.818,-0.021544235960106954,-1.999992226400657,-4.793101308125439e-06,9.210102659883813e-05,0,nan,nan,nan,5.0,2.0990922323795264e-06,-5.006900901260991e-05,4.999907898973401,0.0,-1.0,SOLVER_EXCEPTION,0.0,0,True,True
1756.917,-0.021628867312453576,-1.9999922084374533,-4.811149152378584e-06,9.152193417277799e-05,0,nan,nan,nan,5.0,2.121322709100064e-06,-5.0087421113342856e-05,4.999908478065827,0.0,-1.0,SOLVER_EXCEPTION,0.0,0,True,True
1757.016,-0.021712594724876,-1.999992190652596,-4.829019374530879e-06,9.09427498407224e-05,0,nan,nan,nan,5.0,2.1428989632038283e-06,-5.010528840809769e-05,4.999909057250159,0.0,-1.0,SOLVER_EXCEPTION,0.0,0,True,True
1757.116,-0.02179795393512189,-1.9999921725068475,-4.8472507215714775e-06,9.034649502045676e-05,0,nan,nan,nan,5.0,2.1649095166464907e-06,-5.012351971744877e-05,4.99990965350498,0.0,-1.0,SOLVER_EXCEPTION,0.0,0,True,True
1757.215,-0.021881563882617576,-1.999992154718973,-4.865117568609904e-06,8.975738815930537e-05,0,nan,nan,nan,5.0,2.186482861092229e-06,-5.014138635450749e-05,4.999910242611841,0.0,-1.0,SOLVER_EXCEPTION,0.0,0,True,True
1757.321,-0.02197102042804639,-1.9999921356725534,-4.884249895418653e-06,8.912230177684447e-05,0,nan,nan,nan,5.0,2.2076184531596676e-06,-5.01588951777876e-05,4.999910877698223,0.0,-1.0,SOLVER_EXCEPTION,0.0,0,True,True
1757.417,-0.022050293041276266,-1.9999921187814063,-4.901219232818828e-06,8.855595218431732e-05,0,nan,nan,nan,5.0,2.2302780953618448e-06,-5.0177666635065066e-05,4.999911444047815,0.0,-1.0,SOLVER_EXCEPTION,0.0,0,True,True
1757.518,-0.022137093980214635,-1.9999921002707959,-4.9198083449095995e-06,8.793242268002722e-05,0,nan,nan,nan,5.0,2.252065079977555e-06,-5.0195716222667386e-05,4.99991206757732,0.0,-1.0,SOLVER_EXCEPTION,0.0,0,True,True
1757.617,-0.022220463033268526,-1.999992082478402,-4.937678010592198e-06,8.733081802306201e-05,0,nan,nan,nan,5.0,2.272760486234684e-06,-5.021286367323796e-05,4.999912669181977,0.0,-1.0,SOLVER_EXCEPTION,0.0,0,True,True
1757.723,-0.02230881921291471,-1.9999920636064121,-4.956628390900301e-06,8.669078258560119e-05,0,nan,nan,nan,5.0,2.295415503466659e-06,-5.023163457362756e-05,4.999913309217415,0.0,-1.0,SOLVER_EXCEPTION,0.0,0,True,True
1757.818,-0.022389542805030256,-1.999992046350936,-4.973958271608539e-06,8.61043865866606e-05,0,nan,nan,nan,5.0,2.317197601649171e-06,-5.024968470124236e-05,4.999913895613413,0.0,-1.0,SOLVER_EXCEPTION,0.0,0,True,True
1757.92,-0.022472729668631834,-1.9999920285544877,-4.991825543756589e-06,8.549873903159092e-05,0,nan,nan,nan,5.0,2.3398492093478185e-06,-5.0268455602964224e-05,4.999914501260968,0.0,-1.0,SOLVER_EXCEPTION,0.0,0,True,True
1758.017,-0.022554177481430234,-1.9999920111172904,-5.009334162769597e-06,8.490489858139899e-05,0,nan,nan,nan,5.0,2.360974089059584e-06,-5.028596422240739e-05,4.999915095101419,0.0,-1.0,SOLVER_EXCEPTION,0.0,0,True,True
1758.116,-0.022638922391467028,-1.999991992959237,-5.027565826142722e-06,8.428650764450328e-05,0,nan,nan,nan,5.0,2.382751442421714e-06,-5.03040144153033e-05,4.9999157134923555,0.0,-1.0,SOLVER_EXCEPTION,0.0,0,True,True
1758.223,-0.02272528072628886,-1.9999919744400283,-5.046155308581944e-06,8.365612004856222e-05,0,nan,nan,nan,5.0,2.4034385824876772e-06,-5.032116247694063e-05,4.999916343879952,0.0,-1.0,SOLVER_EXCEPTION,0.0,0,True,True
1758.317,-0.02280822381076213,-1.999991956639281,-5.064026211844311e-06,8.305089799630762e-05,0,nan,nan,nan,5.0,2.425429992051251e-06,-5.0339393435017143e-05,4.999916949102004,0.0,-1.0,SOLVER_EXCEPTION,0.0,0,True,True
1758.416,-0.022890269759588407,-1.9999919390172083,-5.08171341121078e-06,8.245267172029509e-05,0,nan,nan,nan,5.0,2.447420458776217e-06,-5.03576215105106e-05,4.9999175473282795,0.0,-1.0,SOLVER_EXCEPTION,0.0,0,True,True
1758.516,-0.0229730930831143,-1.9999919212137287,-5.099584099539958e-06,8.184963840323918e-05,0,nan,nan,nan,5.0,2.469627134587889e-06,-5.037603267954438e-05,4.999918150361597,0.0,-1.0,SOLVER_EXCEPTION,0.0,0,True,True
1758.613,-0.023055856406491295,-1.9999919034088853,-5.1174512926939695e-06,8.124807037086196e-05,0,nan,nan,nan,5.0,2.4913968251238042e-06,-5.039408135232293e-05,4.999918751929629,0.0,-1.0,SOLVER_EXCEPTION,0.0,0,True,True
1758.718,-0.023142735248976337,-1.9999918847044065,-5.136223189958807e-06,8.061807901652205e-05,0,nan,nan,nan,5.0,2.5133816622888354e-06,-5.041231245161981e-05,4.999919381920983,0.0,-1.0,SOLVER_EXCEPTION,0.0,0,True,True
1758.817,-0.023224541611218015,-1.9999918670777306,-5.153914400766276e-06,8.002654806612953e-05,0,nan,nan,nan,5.0,2.534495040481274e-06,-5.042982235492488e-05,4.9999199734519335,0.0,-1.0,SOLVER_EXCEPTION,0.0,0,True,True
1758.915,-0.023307123596052994,-1.9999918492692972,-5.17178201158704e-06,7.94311790609764e-05,0,nan,nan,nan,5.0,2.5566951735303326e-06,-5.0448233679833976e-05,4.999920568820939,0.0,-1.0,SOLVER_EXCEPTION,0.0,0,True,True
1759.018,-0.02339131289440983,-1.9999918311004674,-5.190013614717051e-06,7.882639866569083e-05,0,nan,nan,nan,5.0,2.5786759886689706e-06,-5.046646205242311e-05,4.999921173601335,0.0,-1.0,SOLVER_EXCEPTION,0.0,0,True,True
1759.116,-0.023474608190216725,-1.9999918131105765,-5.208063351428831e-06,7.82303506137961e-05,0,nan,nan,nan,5.0,2.60043713421623e-06,-5.048451387690278e-05,4.9999217696493865,0.0,-1.0,SOLVER_EXCEPTION,0.0,0,True,True
1759.217,-0.02355950772375318,-1.9999917947590022,-5.226473628994329e-06,7.76254224161092e-05,0,nan,nan,nan,5.0,2.620674705983345e-06,-5.0501298363592184e-05,4.999922374577584,0.0,-1.0,SOLVER_EXCEPTION,0.0,0,True,True
1759.318,-0.02364351385385029,-1.9999917765865383,-5.244706345885981e-06,7.70296824250438e-05,0,nan,nan,nan,5.0,2.64265083243618e-06,-5.051952971424356e-05,4.999922970317575,0.0,-1.0,SOLVER_EXCEPTION,0.0,0,True,True
1759.422,-0.02372995207443621,-1.999991757872383,-5.263477378720791e-06,7.641971893760114e-05,0,nan,nan,nan,5.0,2.6654952984313065e-06,-5.053848402525318e-05,4.999923580281062,0.0,-1.0,SOLVER_EXCEPTION,0.0,0,True,True
1759.518,-0.023808854391560105,-1.9999917407774543,-5.280625304148341e-06,7.58658246835097e-05,0,nan,nan,nan,5.0,2.687468944162463e-06,-5.055671288056729e-05,4.999924134175316,0.0,-1.0,SOLVER_EXCEPTION,0.0,0,True,True
1759.619,-0.0238935117416463,-1.9999917224212305,-5.299037060962894e-06,7.527475366299072e-05,0,nan,nan,nan,5.0,2.708788411564942e-06,-5.057440123890089e-05,4.999924725246337,0.0,-1.0,SOLVER_EXCEPTION,0.0,0,True,True
1759.719,-0.023968159119231412,-1.9999917062234907,-5.315280038095655e-06,7.475639119197936e-05,0,nan,nan,nan,5.0,2.7298882120136846e-06,-5.059191009770814e-05,4.999925243608808,0.0,-1.0,SOLVER_EXCEPTION,0.0,0,True,True
1759.816,-0.024054359973692773,-1.9999916875050587,-5.3340529375467565e-06,7.416134802696914e-05,0,nan,nan,nan,5.0,2.7522919769266418e-06,-5.061050344323803e-05,4.999925838651973,0.0,-1.0,SOLVER_EXCEPTION,0.0,0,True,True
1759.92,-0.02414049869752016,-1.9999916687851713,-5.352824616279409e-06,7.357057607475496e-05,0,nan,nan,nan,5.0,2.7729549879132733e-06,-5.0627649321288715e-05,4.999926429423925,0.0,-1.0,SOLVER_EXCEPTION,0.0,0,True,True
1760.023,-0.024224093607639826,-1.9999916506040685,-5.3710568835944415e-06,7.300110849125049e-05,0,nan,nan,nan,5.0,2.796225733473046e-06,-5.0646964794953675e-05,4.9999269988915085,0.0,-1.0,SOLVER_EXCEPTION,0.0,0,True,True
1760.118,-0.024302669767198415,-1.9999916335017731,-5.388201803983396e-06,7.246927002874554e-05,0,nan,nan,nan,5.0,2.817755444329604e-06,-5.0664831863223014e-05,4.9999275307299715,0.0,-1.0,SOLVER_EXCEPTION,0.0,0,True,True
1760.215,-0.02438615299587793,-1.9999916153184945,-5.4064338575318045e-06,7.190815226456756e-05,0,nan,nan,nan,5.0,2.839500963988248e-06,-5.0682885586184057e-05,4.999928091847735,0.0,-1.0,SOLVER_EXCEPTION,0.0,0,True,True
1760.316,-0.024468753591191637,-1.9999915973137385,-5.424484454557876e-06,7.135693705191641e-05,0,nan,nan,nan,5.0,2.8610285114876813e-06,-5.070075361857107e-05,4.999928643062948,0.0,-1.0,SOLVER_EXCEPTION,0.0,0,True,True
1760.417,-0.02455377434146037,-1.9999915787676297,-5.443077337198122e-06,7.079381284114935e-05,0,nan,nan,nan,5.0,2.883206579831458e-06,-5.071916477694671e-05,4.999929206187159,0.0,-1.0,SOLVER_EXCEPTION,0.0,0,True,True
1760.518,-0.024636263034482363,-1.9999915607605323,-5.461127371272859e-06,7.025161227113866e-05,0,nan,nan,nan,5.0,2.9047306564388907e-06,-5.073703500979576e-05,4.9999297483877285,0.0,-1.0,SOLVER_EXCEPTION,0.0,0,True,True
1760.619,-0.024718697278942114,-1.9999915427524033,-5.479176672249446e-06,6.971394717262903e-05,0,nan,nan,nan,5.0,2.926254103959458e-06,-5.075490633732471e-05,4.999930286052828,0.0,-1.0,SOLVER_EXCEPTION,0.0,0,True,True
1760.712,-0.024797783349706,-1.9999915254630776,-5.496505533387596e-06,6.920214603637912e-05,0,nan,nan,nan,5.0,2.9479937928681824e-06,-5.0772956008415804e-05,4.999930797853963,0.0,-1.0,SOLVER_EXCEPTION,0.0,0,True,True
1760.815,-0.024881758230259923,-1.9999915070921617,-5.5149160618656135e-06,6.86630110219365e-05,0,nan,nan,nan,5.0,2.968209936974768e-06,-5.078974318450946e-05,4.999931336988978,0.0,-1.0,SOLVER_EXCEPTION,0.0,0,True,True
1760.919,-0.024965677884889126,-1.9999914887209094,-5.5333305046728505e-06,6.812881894504844e-05,0,nan,nan,nan,5.0,2.9903817626433036e-06,-5.080815532343408e-05,4.9999318711810545,0.0,-1.0,SOLVER_EXCEPTION,0.0,0,True,True
1761.018,-0.025048720868570573,-1.9999914705276132,-5.551560028327396e-06,6.760462956121185e-05,0,nan,nan,nan,5.0,3.013421615728281e-06,-5.082728845140494e-05,4.999932395370439,0.0,-1.0,SOLVER_EXCEPTION,0.0,0,True,True
1761.116,-0.02513006782596388,-1.9999914526932723,-5.569431445344396e-06,6.709559096728529e-05,0,nan,nan,nan,5.0,3.034504695786768e-06,-5.084479531802799e-05,4.999932904409032,0.0,-1.0,SOLVER_EXCEPTION,0.0,0,True,True
1761.217,-0.025212185069954318,-1.9999914346775858,-5.587480778682033e-06,6.658610804816512e-05,0,nan,nan,nan,5.0,3.056455000865604e-06,-5.086302705459289e-05,4.999933413891952,0.0,-1.0,SOLVER_EXCEPTION,0.0,0,True,True
1761.316,-0.025293430721886244,-1.999991416841557,-5.605351615976251e-06,6.608648943827267e-05,0,nan,nan,nan,5.0,3.078187569818059e-06,-5.088107815476306e-05,4.999933913510562,0.0,-1.0,SOLVER_EXCEPTION,0.0,0,True,True
1761.418,-0.025376266486789773,-1.9999913986435052,-5.6235819612743835e-06,6.558162169306963e-05,0,nan,nan,nan,5.0,3.1005707143493493e-06,-5.089967160509801e-05,4.999934418378307,0.0,-1.0,SOLVER_EXCEPTION,0.0,0,True,True
1761.519,-0.025457412214171457,-1.999991380804355,-5.641453198864413e-06,6.509158174626293e-05,0,nan,nan,nan,5.0,3.1223011141760958e-06,-5.0917722120846776e-05,4.999934908418254,0.0,-1.0,SOLVER_EXCEPTION,0.0,0,True,True
1761.617,-0.025539328098020536,-1.9999913627843002,-5.6595019857872465e-06,6.460134151345784e-05,0,nan,nan,nan,5.0,3.1438125938066254e-06,-5.0935592718737155e-05,4.9999353986584865,0.0,-1.0,SOLVER_EXCEPTION,0.0,0,True,True
1761.715,-0.02562037629276359,-1.9999913449430031,-5.6773736945856645e-06,6.412087087165111e-05,0,nan,nan,nan,5.0,3.1657583474954067e-06,-5.095382227082723e-05,4.999935879129128,0.0,-1.0,SOLVER_EXCEPTION,0.0,0,True,True
1761.823,-0.025707920082690967,-1.999991325658649,-5.696686510214099e-06,6.360685613806799e-05,0,nan,nan,nan,5.0,3.186399436148397e-06,-5.097097157635844e-05,4.999936393143862,0.0,-1.0,SOLVER_EXCEPTION,0.0,0,True,True
1761.919,-0.02578641699243819,-1.9999913083553449,-5.7140155006457285e-06,6.315045674661718e-05,0,nan,nan,nan,5.0,3.20855970369174e-06,-5.098938178926815e-05,4.9999368495432535,0.0,-1.0,SOLVER_EXCEPTION,0.0,0,True,True
1762.017,-0.02586650381339507,-1.9999912906914532,-5.7317068090742595e-06,6.268917599949537e-05,0,nan,nan,nan,5.0,3.23093644896191e-06,-5.1007975820471785e-05,4.999937310824,0.0,-1.0,SOLVER_EXCEPTION,0.0,0,True,True
1762.107,-0.02594082943397756,-1.9999912742869475,-5.748131173098996e-06,6.226496733250462e-05,0,nan,nan,nan,5.0,3.2511406188096824e-06,-5.10247612326431e-05,4.999937735032668,0.0,-1.0,SOLVER_EXCEPTION,0.0,0,True,True
1762.222,-0.026034701916575507,-1.9999912535558062,-5.768891558720395e-06,6.173468953422064e-05,0,nan,nan,nan,5.0,3.2741673228991676e-06,-5.104389571108925e-05,4.999938265310465,0.0,-1.0,SOLVER_EXCEPTION,0.0,0,True,True
1762.318,-0.026112202494431476,-1.9999912364280061,-5.7860377450489155e-06,6.130138343840013e-05,0,nan,nan,nan,5.0,3.2956720208857942e-06,-5.1061766547455534e-05,4.999938698616561,0.0,-1.0,SOLVER_EXCEPTION,0.0,0,True,True
1762.417,-0.026193737321995817,-1.9999912183987596,-5.80409149327857e-06,6.08500743876126e-05,0,nan,nan,nan,5.0,3.317828194698391e-06,-5.10801778448311e-05,4.999939149925613,0.0,-1.0,SOLVER_EXCEPTION,0.0,0,True,True
1762.516,-0.026274412074804382,-1.9999912005475222,-5.821960235271192e-06,6.040792994903177e-05,0,nan,nan,nan,5.0,3.3395492042546814e-06,-5.10982292398765e-05,4.999939592070051,0.0,-1.0,SOLVER_EXCEPTION,0.0,0,True,True
1762.615,-0.026355042791029924,-1.9999911826955168,-5.839831711245517e-06,5.9970533498451745e-05,0,nan,nan,nan,5.0,3.361051921525596e-06,-5.111610071617534e-05,4.999940029466502,0.0,-1.0,SOLVER_EXCEPTION,0.0,0,True,True
1762.717,-0.026438071291858458,-1.9999911643012889,-5.858243300777488e-06,5.952473479193856e-05,0,nan,nan,nan,5.0,3.3827705878310636e-06,-5.113415096191787e-05,4.999940475265208,0.0,-1.0,SOLVER_EXCEPTION,0.0,0,True,True
1762.815,-0.02651698731740224,-1.9999911468077,-5.875753819146636e-06,5.9105420375929085e-05,0,nan,nan,nan,5.0,3.4044893552014856e-06,-5.115220118945274e-05,4.999940894579624,0.0,-1.0,SOLVER_EXCEPTION,0.0,0,True,True
1762.924,-0.0266064301958754,-1.9999911269680497,-5.895609422828656e-06,5.863525063211108e-05,0,nan,nan,nan,5.0,3.425990002572446e-06,-5.117007311206123e-05,4.999941364749368,0.0,-1.0,SOLVER_EXCEPTION,0.0,0,True,True
1763.016,-0.026681196984514727,-1.9999911103732826,-5.912216509947814e-06,5.824641156791842e-05,0,nan,nan,nan,5.0,3.448141291462229e-06,-5.1188485293174324e-05,4.999941753588432,0.0,-1.0,SOLVER_EXCEPTION,0.0,0,True,True
1763.119,-0.026757551925612737,-1.9999910934174598,-5.929182926619676e-06,5.785315854704788e-05,0,nan,nan,nan,5.0,3.4694227963993293e-06,-5.120617404674732e-05,4.999942146841453,0.0,-1.0,SOLVER_EXCEPTION,0.0,0,True,True
1763.218,-0.026843609664330463,-1.9999910742956262,-5.948317916210067e-06,5.7414703636822795e-05,0,nan,nan,nan,5.0,3.4913553831415203e-06,-5.12244073358481e-05,4.999942585296363,0.0,-1.0,SOLVER_EXCEPTION,0.0,0,True,True
1763.315,-0.026923942076682653,-1.9999910564349728,-5.966190003160147e-06,5.70099263391828e-05,0,nan,nan,nan,5.0,3.5130704094539025e-06,-5.124245890630874e-05,4.999942990073661,0.0,-1.0,SOLVER_EXCEPTION,0.0,0,True,True
1763.417,-0.027005855769483278,-1.9999910382122665,-5.984419828187891e-06,5.6601530472791144e-05,0,nan,nan,nan,5.0,3.5347844746730124e-06,-5.126050884696198e-05,4.999943398469528,0.0,-1.0,SOLVER_EXCEPTION,0.0,0,True,True
1763.519,-0.02708853832662286,-1.9999910198086404,-6.002833697399074e-06,5.619390208846465e-05,0,nan,nan,nan,5.0,3.556714832623338e-06,-5.127874169730262e-05,4.999943806097911,0.0,-1.0,SOLVER_EXCEPTION,0.0,0,True,True
1763.62,-0.02717117899391548,-1.9999910014030446,-6.021246536018736e-06,5.5790986717165575e-05,0,nan,nan,nan,5.0,3.5788622012004636e-06,-5.129715451657191e-05,4.999944209013282,0.0,-1.0,SOLVER_EXCEPTION,0.0,0,True,True
1763.717,-0.027247301362395768,-1.9999909844395127,-6.03821383385846e-06,5.542379457428021e-05,0,nan,nan,nan,5.0,3.5999236699804303e-06,-5.131466234287174e-05,4.999944576205426,0.0,-1.0,SOLVER_EXCEPTION,0.0,0,True,True
1763.82,-0.027327435176184484,-1.999990966573464,-6.0560849978325944e-06,5.504136188531938e-05,0,nan,nan,nan,5.0,3.621634937061671e-06,-5.133271505730619e-05,4.999944958638115,0.0,-1.0,SOLVER_EXCEPTION,0.0,0,True,True
1763.923,-0.027416428001718323,-1.9999909467197732,-6.075938968772322e-06,5.4621490163053915e-05,0,nan,nan,nan,5.0,3.6416097795178285e-06,-5.134932266193104e-05,4.999945378509837,0.0,-1.0,SOLVER_EXCEPTION,0.0,0,True,True
1764.022,-0.02749567330596421,-1.9999909290316715,-6.093632378790321e-06,5.425204239200635e-05,0,nan,nan,nan,5.0,3.665057263433667e-06,-5.136881829459483e-05,4.999945747957608,0.0,-1.0,SOLVER_EXCEPTION,0.0,0,True,True
1764.121,-0.027576498216774298,-1.9999909109804506,-6.1116829980984615e-06,5.3879300226191845e-05,0,nan,nan,nan,5.0,3.686767971748159e-06,-5.138686837335982e-05,4.999946120699774,0.0,-1.0,SOLVER_EXCEPTION,0.0,0,True,True
1764.214,-0.02765163163668215,-1.9999908941924909,-6.128471040268653e-06,5.353654707942219e-05,0,nan,nan,nan,5.0,3.7082602484145e-06,-5.140474007214735e-05,4.999946463452921,0.0,-1.0,SOLVER_EXCEPTION,0.0,0,True,True
1764.32,-0.02773642104777182,-1.9999908752365103,-6.1474235803377605e-06,5.315401523910779e-05,0,nan,nan,nan,5.0,3.7304039280847242e-06,-5.142315315342927e-05,4.999946845984761,0.0,-1.0,SOLVER_EXCEPTION,0.0,0,True,True
1764.416,-0.027814714304576254,-1.999990857723482,-6.164934982915652e-06,5.280488941983595e-05,0,nan,nan,nan,5.0,3.751896223620831e-06,-5.144102237286674e-05,4.99994719511058,0.0,-1.0,SOLVER_EXCEPTION,0.0,0,True,True
1764.524,-0.027892166754994376,-1.9999908403900892,-6.182264162350174e-06,5.2463224538046456e-05,0,nan,nan,nan,5.0,3.773387454560279e-06,-5.1458894221756424e-05,4.999947536775462,0.0,-1.0,SOLVER_EXCEPTION,0.0,0,True,True
1764.619,-0.027974423711448385,-1.9999908219723663,-6.200675801142293e-06,5.210443165322197e-05,0,nan,nan,nan,5.0,3.795529495229653e-06,-5.147730586063659e-05,4.999947895568347,0.0,-1.0,SOLVER_EXCEPTION,0.0,0,True,True
1764.719,-0.028055837829592686,-1.999990803733676,-6.218909490638195e-06,5.175349435387281e-05,0,nan,nan,nan,5.0,3.817237376859282e-06,-5.149535805060168e-05,4.999948246505646,0.0,-1.0,SOLVER_EXCEPTION,0.0,0,True,True
1764.815,-0.02813560504922434,-1.9999907858544428,-6.236778804307612e-06,5.1413503058002864e-05,0,nan,nan,nan,5.0,3.83894516653396e-06,-5.151340886389022e-05,4.999948586496942,0.0,-1.0,SOLVER_EXCEPTION,0.0,0,True,True
1764.914,-0.028216143492606198,-1.9999907677938353,-6.2548304194123e-06,5.107417914356373e-05,0,nan,nan,nan,5.0,3.8606522832747825e-06,-5.153146047875978e-05,4.999948925820856,0.0,-1.0,SOLVER_EXCEPTION,0.0,0,True,True
1765.018,-0.028299062261016455,-1.9999907491905347,-6.2734245570552706e-06,5.072893045705116e-05,0,nan,nan,nan,5.0,3.882141643570718e-06,-5.154933254924998e-05,4.999949271069543,0.0,-1.0,SOLVER_EXCEPTION,0.0,0,True,True
1765.115,-0.0283779224905817,-1.999990731488332,-6.291114518539213e-06,5.040436368587121e-05,0,nan,nan,nan,5.0,3.9040653981723395e-06,-5.156756621982339e-05,4.9999495956363145,0.0,-1.0,SOLVER_EXCEPTION,0.0,0,True,True
1765.217,-0.028459967370637385,-1.9999907130626624,-6.309527451453942e-06,5.007061390520847e-05,0,nan,nan,nan,5.0,3.925771821144921e-06,-5.158561818996432e-05,4.999949929386095,0.0,-1.0,SOLVER_EXCEPTION,0.0,0,True,True
1765.32,-0.028537154645972472,-1.9999906957202516,-6.326859429265037e-06,4.976027772264442e-05,0,nan,nan,nan,5.0,3.9468260601694525e-06,-5.160312853291771e-05,4.999950239722278,0.0,-1.0,SOLVER_EXCEPTION,0.0,0,True,True
1765.418,-0.02862074020438562,-1.9999906769304516,-6.345632524427129e-06,4.942806197168828e-05,0,nan,nan,nan,5.0,3.968966215803477e-06,-5.1621540531066046e-05,4.999950571938029,0.0,-1.0,SOLVER_EXCEPTION,0.0,0,True,True
1765.515,-0.028698668324573698,-1.9999906594038537,-6.363141044358453e-06,4.9121945738315955e-05,0,nan,nan,nan,5.0,3.9908893631244374e-06,-5.163977110367313e-05,4.999950878054261,0.0,-1.0,SOLVER_EXCEPTION,0.0,0,True,True
1765.618,-0.028782186771201927,-1.9999906406116026,-6.381915516748831e-06,4.879778709285358e-05,0,nan,nan,nan,5.0,4.012377853340384e-06,-5.165764360581804e-05,4.999951202212907,0.0,-1.0,SOLVER_EXCEPTION,0.0,0,True,True
1765.718,-0.028862460809834185,-1.9999906225408026,-6.399966083802391e-06,4.848988930088904e-05,0,nan,nan,nan,5.0,4.0340826144953735e-06,-5.167569507502634e-05,4.999951510110699,0.0,-1.0,SOLVER_EXCEPTION,0.0,0,True,True
1765.816,-0.028941099144546182,-1.9999906048309102,-6.417660089485642e-06,4.819190293141995e-05,0,nan,nan,nan,5.0,4.0553538713296926e-06,-5.1693385270557e-05,4.999951808097069,0.0,-1.0,SOLVER_EXCEPTION,0.0,0,True,True
1765.918,-0.02902291581181517,-1.999990586396175,-6.436072518830414e-06,4.788542779742678e-05,0,nan,nan,nan,5.0,4.077709879575846e-06,-5.1711980358248866e-05,4.999952114572203,0.0,-1.0,SOLVER_EXCEPTION,0.0,0,True,True
1766.019,-0.029103097514671376,-1.9999905683215258,-6.454124881626355e-06,4.7588688641760856e-05,0,nan,nan,nan,5.0,4.098980545949014e-06,-5.172967101207959e-05,4.999952411311358,0.0,-1.0,SOLVER_EXCEPTION,0.0,0,True,True
1766.121,-0.029185653261436878,-1.9999905497033914,-6.472716632777068e-06,4.7286766675237084e-05,0,nan,nan,nan,5.0,4.1211190534138914e-06,-5.174808307684131e-05,4.999952713233324,0.0,-1.0,SOLVER_EXCEPTION,0.0,0,True,True
1766.217,-0.029262570070564653,-1.9999905323500435,-6.490048210099812e-06,4.700887920187704e-05,0,nan,nan,nan,5.0,4.142606688476836e-06,-5.1765956134097735e-05,4.999952991120798,0.0,-1.0,SOLVER_EXCEPTION,0.0,0,True,True
1766.323,-0.02934506534452187,-1.9999905137292604,-6.508640255274641e-06,4.6714280022633337e-05,0,nan,nan,nan,5.0,4.165396609989245e-06,-5.178490924695467e-05,4.999953285719977,0.0,-1.0,SOLVER_EXCEPTION,0.0,0,True,True
1766.419,-0.029423527456468656,-1.9999904960109707,-6.526331476273605e-06,4.643749252180891e-05,0,nan,nan,nan,5.0,4.186233175289563e-06,-5.1802238981935034e-05,4.9999535625074785,0.0,-1.0,SOLVER_EXCEPTION,0.0,0,True,True
1766.515,-0.02949876119635618,-1.9999904790156078,-6.543301859896234e-06,4.617515687145339e-05,0,nan,nan,nan,5.0,4.207503117792206e-06,-5.181993191927248e-05,4.999953824843129,0.0,-1.0,SOLVER_EXCEPTION,0.0,0,True,True
1766.615,-0.029581169463365732,-1.9999904603909406,-6.561893951258236e-06,4.589111113470016e-05,0,nan,nan,nan,5.0,4.22964177338615e-06,-5.1838345653365536e-05,4.999954108888866,0.0,-1.0,SOLVER_EXCEPTION,0.0,0,True,True
1766.718,-0.029661149116960238,-1.9999904423076231,-6.579946434149673e-06,4.561884334191134e-05,0,nan,nan,nan,5.0,4.25069554748723e-06,-5.185585433942208e-05,4.999954381156658,0.0,-1.0,SOLVER_EXCEPTION,0.0,0,True,True
1766.818,-0.029742699920179468,-1.9999904238612694,-6.598359485288979e-06,4.534456934086219e-05,0,nan,nan,nan,5.0,4.271965204022198e-06,-5.1873548018388504e-05,4.999954655430659,0.0,-1.0,SOLVER_EXCEPTION,0.0,0,True,True
1766.915,-0.029820226809204275,-1.999990406318448,-6.615870716766683e-06,4.508696778640361e-05,0,nan,nan,nan,5.0,4.294755157189947e-06,-5.189250077597407e-05,4.999954913032213,0.0,-1.0,SOLVER_EXCEPTION,0.0,0,True,True
1767.015,-0.029900124894505206,-1.9999903882310623,-6.63392224725877e-06,4.4824613960227496e-05,0,nan,nan,nan,5.0,4.31646005881008e-06,-5.1910552306466684e-05,4.99995517538604,0.0,-1.0,SOLVER_EXCEPTION,0.0,0,True,True
1767.119,-0.02998398923696067,-1.9999903692381944,-6.6528786116998905e-06,4.4552705541804535e-05,0,nan,nan,nan,5.0,4.337730910044483e-06,-5.192824358868364e-05,4.999955447294458,0.0,-1.0,SOLVER_EXCEPTION,0.0,0,True,True
1767.22,-0.030063833093376575,-1.9999903511483965,-6.670931184976233e-06,4.429699888248458e-05,0,nan,nan,nan,5.0,4.3596521561752296e-06,-5.1946477071851405e-05,4.999955703001118,0.0,-1.0,SOLVER_EXCEPTION,0.0,0,True,True
1767.317,-0.03014125682416856,-1.9999903336007459,-6.688442545532228e-06,4.405199527153034e-05,0,nan,nan,nan,5.0,4.3807059189169215e-06,-5.1963989368797314e-05,4.999955948004729,0.0,-1.0,SOLVER_EXCEPTION,0.0,0,True,True
1767.419,-0.03022264543512883,-1.9999903151466358,-6.7068554204064265e-06,4.3797529211444626e-05,0,nan,nan,nan,5.0,4.403279115905661e-06,-5.1982763268565435e-05,4.999956202470789,0.0,-1.0,SOLVER_EXCEPTION,0.0,0,True,True
1767.518,-0.030301615050419336,-1.9999902972336954,-6.724725553597881e-06,4.355360133595692e-05,0,nan,nan,nan,5.0,4.424984322452632e-06,-5.2000815947472745e-05,4.999956446398664,0.0,-1.0,SOLVER_EXCEPTION,0.0,0,True,True
1767.617,-0.030377370903652244,-1.999990280044205,-6.741875692654518e-06,4.332240067089806e-05,0,nan,nan,nan,5.0,4.445820946752637e-06,-5.2018144673482425e-05,4.999956677599329,0.0,-1.0,SOLVER_EXCEPTION,0.0,0,True,True
1767.72,-0.03046346624039812,-1.9999902605006517,-6.761373077304927e-06,4.306291147831562e-05,0,nan,nan,nan,5.0,4.467960445422735e-06,-5.203655883301295e-05,4.9999569370885215,0.0,-1.0,SOLVER_EXCEPTION,0.0,0,True,True
1767.818,-0.030538377877805237,-1.9999902434887953,-6.778341670088194e-06,4.28398815014967e-05,0,nan,nan,nan,5.0,4.4901002699218925e-06,-5.2054971729553756e-05,4.999957160118498,0.0,-1.0,SOLVER_EXCEPTION,0.0,0,True,True
1767.918,-0.03062043743001687,-1.9999902248472243,-6.79693714270958e-06,4.259856136600974e-05,0,nan,nan,nan,5.0,4.511806150843766e-06,-5.2073024385812516e-05,4.999957401438634,0.0,-1.0,SOLVER_EXCEPTION,0.0,0,True,True
1768.019,-0.030700879041575556,-1.9999902065662136,-6.815168048413607e-06,4.2364827475128256e-05,0,nan,nan,nan,5.0,4.5335114773557935e-06,-5.209107854220463e-05,4.999957635172525,0.0,-1.0,SOLVER_EXCEPTION,0.0,0,True,True
1768.123,-0.030784481010926762,-1.9999901875604331,-6.834124192302401e-06,4.21250671129396e-05,0,nan,nan,nan,5.0,4.555000875906707e-06,-5.210894896912066e-05,4.999957874932887,0.0,-1.0,SOLVER_EXCEPTION,0.0,0,True,True
1768.215,-0.030859302940251097,-1.9999901705438814,-6.851094160425189e-06,4.191310942309001e-05,0,nan,nan,nan,5.0,4.577141523162612e-06,-5.212736313708888e-05,4.999958086890577,0.0,-1.0,SOLVER_EXCEPTION,0.0,0,True,True
1768.321,-0.030942061015680766,-1.999990151716003,-6.869869159601484e-06,4.1681492274818886e-05,0,nan,nan,nan,5.0,4.5984142343541865e-06,-5.214505332507002e-05,4.999958318507725,0.0,-1.0,SOLVER_EXCEPTION,0.0,0,True,True
1768.415,-0.031016840478099748,-1.9999901346978042,-6.886839816546051e-06,4.1474759422785856e-05,0,nan,nan,nan,5.0,4.620337462024034e-06,-5.216328844515061e-05,4.999958525240578,0.0,-1.0,SOLVER_EXCEPTION,0.0,0,True,True
1768.518,-0.031098756950281886,-1.999990116048025,-6.905432237795533e-06,4.1250955871013716e-05,0,nan,nan,nan,5.0,4.642044863907485e-06,-5.218134023854404e-05,4.999958749044129,0.0,-1.0,SOLVER_EXCEPTION,0.0,0,True,True
1768.615,-0.031174290162956263,-1.999990098845564,-6.922583671232317e-06,4.10472099795645e-05,0,nan,nan,nan,5.0,4.6635354664411144e-06,-5.21992137305638e-05,4.999958952790021,0.0,-1.0,SOLVER_EXCEPTION,0.0,0,True,True
1768.717,-0.031256161777937566,-1.9999900801931443,-6.941176012571598e-06,4.082893097475329e-05,0,nan,nan,nan,5.0,4.685460502715802e-06,-5.221744474770418e-05,4.999959171069025,0.0,-1.0,SOLVER_EXCEPTION,0.0,0,True,True
1768.815,-0.031334832322671716,-1.9999900622645645,-6.959048890905353e-06,4.0621868424378e-05,0,nan,nan,nan,5.0,4.706951119196392e-06,-5.2235317893778443e-05,4.999959378131575,0.0,-1.0,SOLVER_EXCEPTION,0.0,0,True,True
1768.917,-0.03141586496544272,-1.999990043790795,-6.977463333103163e-06,4.041124628656034e-05,0,nan,nan,nan,5.0,4.728876691888693e-06,-5.2253552731862385e-05,4.999959588753714,0.0,-1.0,SOLVER_EXCEPTION,0.0,0,True,True
1769.016,-0.03149449334172764,-1.9999900258590644,-6.995337127375766e-06,4.0209438038373946e-05,0,nan,nan,nan,5.0,4.750585593208906e-06,-5.227160604226455e-05,4.999959790561961,0.0,-1.0,SOLVER_EXCEPTION,0.0,0,True,True
1769.117,-0.03157389524883436,-1.999990007744841,-7.013389086301569e-06,4.0008061121877146e-05,0,nan,nan,nan,5.0,4.772294781555513e-06,-5.2289657820114854e-05,4.999959991938878,0.0,-1.0,SOLVER_EXCEPTION,0.0,0,True,True
1769.223,-0.03165486403204364,-1.9999899892677446,-7.031802717771905e-06,3.980527223631258e-05,0,nan,nan,nan,5.0,4.7944378929981665e-06,-5.2308071693207836e-05,4.999960194727763,0.0,-1.0,SOLVER_EXCEPTION,0.0,0,True,True
1769.315,-0.03173184417543182,-1.9999899716946157,-7.049315644892215e-06,3.961493558203972e-05,0,nan,nan,nan,5.0,4.815713689100834e-06,-5.232576297675706e-05,4.999960385064418,0.0,-1.0,SOLVER_EXCEPTION,0.0,0,True,True
1769.421,-0.03181435864550748,-1.999989952851803,-7.068090108913587e-06,3.9413368816145623e-05,0,nan,nan,nan,5.0,4.837424147453104e-06,-5.2343816333788595e-05,4.999960586631184,0.0,-1.0,SOLVER_EXCEPTION,0.0,0,True,True
1769.518,-0.03189209307825444,-1.9999899350947625,-7.0857822828143645e-06,3.922588036965666e-05,0,nan,nan,nan,5.0,4.858917405141093e-06,-5.236168962774457e-05,4.99996077411963,0.0,-1.0,SOLVER_EXCEPTION,0.0,0,True,True
1769.62,-0.03197298041311804,-1.999989916612197,-7.10419475230816e-06,3.9033123763049705e-05,0,nan,nan,nan,5.0,4.880411004806186e-06,-5.237956321879622e-05,4.999960966876237,0.0,-1.0,SOLVER_EXCEPTION,0.0,0,True,True
1769.72,-0.032046713125457996,-1.999989899758712,-7.1209855424956815e-06,3.885967292052041e-05,0,nan,nan,nan,5.0,4.902556845062977e-06,-5.239797670419932e-05,4.99996114032708,0.0,-1.0,SOLVER_EXCEPTION,0.0,0,True,True
1769.818,-0.032129939917023474,-1.9999898807292056,-7.13993962902062e-06,3.8666164843736804e-05,0,nan,nan,nan,5.0,4.924268986636486e-06,-5.24160301211829e-05,4.999961333835156,0.0,-1.0,SOLVER_EXCEPTION,0.0,0,True,True
1769.915,-0.03220601481188624,-1.9999898633299427,-7.15727012565792e-06,3.849151034450365e-05,0,nan,nan,nan,5.0,4.945546714332921e-06,-5.243372038998828e-05,4.999961508489656,0.0,-1.0,SOLVER_EXCEPTION,0.0,0,True,True
1770.019,-0.03228920210387996,-1.9999898442981567,-7.176227203415886e-06,3.830299705805039e-05,0,nan,nan,nan,5.0,4.967693853304164e-06,-5.245213513438429e-05,4.999961697002942,0.0,-1.0,SOLVER_EXCEPTION,0.0,0,True,True
1770.115,-0.03236603332144266,-1.9999898267148373,-7.193740288874851e-06,3.813109420708195e-05,0,nan,nan,nan,5.0,4.989407369001109e-06,-5.2470187631215026e-05,4.9999618689057925,0.0,-1.0,SOLVER_EXCEPTION,0.0,0,True,True
1770.217,-0.032446806503570576,-1.999989808223687,-7.212153826855479e-06,3.7952523397451314e-05,0,nan,nan,nan,5.0,5.011555561041809e-06,-5.248860236228836e-05,4.999962047476602,0.0,-1.0,SOLVER_EXCEPTION,0.0,0,True,True
1770.316,-0.032524394553631285,-1.999989790456747,-7.229845483371306e-06,3.778311911494789e-05,0,nan,nan,nan,5.0,5.0328353103799916e-06,-5.250629392383743e-05,4.999962216880885,0.0,-1.0,SOLVER_EXCEPTION,0.0,0,True,True
1770.428,-0.0326122543831175,-1.999989770330933,-7.24988325433889e-06,3.7593780898913815e-05,0,nan,nan,nan,5.0,5.053681342260297e-06,-5.252362738428218e-05,4.999962406219101,0.0,-1.0,SOLVER_EXCEPTION,0.0,0,True,True
1770.515,-0.03268189372854327,-1.9999897543750174,-7.265772754419626e-06,3.744568549070012e-05,0,nan,nan,nan,5.0,5.076265221511698e-06,-5.254240281393763e-05,4.999962554314509,0.0,-1.0,SOLVER_EXCEPTION,0.0,0,True,True
1770.622,-0.032767341945553315,-1.9999897347905773,-7.285269674742013e-06,3.72660673019024e-05,0,nan,nan,nan,5.0,5.097981346770124e-06,-5.256045525658948e-05,4.999962733932698,0.0,-1.0,SOLVER_EXCEPTION,0.0,0,True,True
1770.718,-0.03284327923374666,-1.9999897173807348,-7.3026010407665645e-06,3.710850361301201e-05,0,nan,nan,nan,5.0,5.11969765817269e-06,-5.257850840223455e-05,4.999962891496387,0.0,-1.0,SOLVER_EXCEPTION,0.0,0,True,True
1770.828,-0.03293027165787132,-1.999989697430775,-7.3224593229855425e-06,3.693029683498317e-05,0,nan,nan,nan,5.0,5.141197074132946e-06,-5.259638234900166e-05,4.999963069703165,0.0,-1.0,SOLVER_EXCEPTION,0.0,0,True,True
1770.918,-0.03300143232919919,-1.9999896811072229,-7.338706735670749e-06,3.678631818419366e-05,0,nan,nan,nan,5.0,5.1631320564641605e-06,-5.261461461225636e-05,4.9999632136818155,0.0,-1.0,SOLVER_EXCEPTION,0.0,0,True,True
1771.016,-0.03307890328188412,-1.9999896633307754,-7.356398272507532e-06,3.6631430809903676e-05,0,nan,nan,nan,5.0,5.185284718012205e-06,-5.2633028332138565e-05,4.99996336856919,0.0,-1.0,SOLVER_EXCEPTION,0.0,0,True,True
1771.118,-0.0331587295062371,-1.9999896450093062,-7.374633381263484e-06,3.647387783353739e-05,0,nan,nan,nan,5.0,5.206568727480211e-06,-5.265072031335194e-05,4.999963526122166,0.0,-1.0,SOLVER_EXCEPTION,0.0,0,True,True
1771.22,-0.03323853940246851,-1.9999896266870625,-7.39286832917534e-06,3.631832774400251e-05,0,nan,nan,nan,5.0,5.22850476639796e-06,-5.266895578071029e-05,4.999963681672256,0.0,-1.0,SOLVER_EXCEPTION,0.0,0,True,True
1771.317,-0.033315963293974654,-1.9999896089069458,-7.4105613046420155e-06,3.616932346219184e-05,0,nan,nan,nan,5.0,5.249790531013458e-06,-5.268664749147334e-05,4.9999638306765375,0.0,-1.0,SOLVER_EXCEPTION,0.0,0,True,True
1771.418,-0.03339574161659194,-1.9999895905811431,-7.428793761476601e-06,3.6017609643873704e-05,0,nan,nan,nan,5.0,5.271728149884165e-06,-5.270488299347065e-05,4.999963982390356,0.0,-1.0,SOLVER_EXCEPTION,0.0,0,True,True
1771.52,-0.033476293863508456,-1.999989572072666,-7.447207436630053e-06,3.586638931032957e-05,0,nan,nan,nan,5.0,5.293448688148954e-06,-5.272293604319245e-05,4.99996413361069,0.0,-1.0,SOLVER_EXCEPTION,0.0,0,True,True
1771.621,-0.03355604077815733,-1.9999895537450223,-7.465442290605682e-06,3.571863269613679e-05,0,nan,nan,nan,5.0,5.315170451299908e-06,-5.2740989060051646e-05,4.999964281367304,0.0,-1.0,SOLVER_EXCEPTION,0.0,0,True,True
1771.718,-0.03363182561081926,-1.9999895363227602,-7.482774369472075e-06,3.557997553325822e-05,0,nan,nan,nan,5.0,5.336892819311198e-06,-5.275904331458747e-05,4.999964420024467,0.0,-1.0,SOLVER_EXCEPTION,0.0,0,True,True
1771.817,-0.0337115427998342,-1.9999895179917107,-7.501009929696818e-06,3.543595241237547e-05,0,nan,nan,nan,5.0,5.358616124845326e-06,-5.2777096009481994e-05,4.999964564047588,0.0,-1.0,SOLVER_EXCEPTION,0.0,0,True,True
1771.917,-0.03378966691288785,-1.9999895000223475,-7.518880831034912e-06,3.529642639907383e-05,0,nan,nan,nan,5.0,5.380121943374375e-06,-5.2794969629399446e-05,4.999964703573601,0.0,-1.0,SOLVER_EXCEPTION,0.0,0,True,True
1772.018,-0.03386935466485752,-1.9999894816892791,-7.537116050717397e-06,3.515601693548897e-05,0,nan,nan,nan,5.0,5.401846281966676e-06,-5.281302394166687e-05,4.999964843983064,0.0,-1.0,SOLVER_EXCEPTION,0.0,0,True,True
1772.118,-0.03394587273146791,-1.9999894640804161,-7.5546296729647355e-06,3.502290984342446e-05,0,nan,nan,nan,5.0,5.423788532159076e-06,-5.283125973232217e-05,4.999964977090157,0.0,-1.0,SOLVER_EXCEPTION,0.0,0,True,True
1772.217,-0.034027109326814575,-1.9999894453808538,-7.5732233910877454e-06,3.4883236427371385e-05,0,nan,nan,nan,5.0,5.44551444103762e-06,-5.284931266302806e-05,4.999965116763573,0.0,-1.0,SOLVER_EXCEPTION,0.0,0,True,True
1772.319,-0.03410675414405842,-1.999989427043252,-7.591458973329111e-06,3.474816452668098e-05,0,nan,nan,nan,5.0,5.467023433236475e-06,-5.286718339059249e-05,4.999965251835473,0.0,-1.0,SOLVER_EXCEPTION,0.0,0,True,True
1772.416,-0.034182443124390186,-1.9999894096125619,-7.608789030484089e-06,3.46212653765858e-05,0,nan,nan,nan,5.0,5.488967496489855e-06,-5.2885419089765406e-05,4.999965378734624,0.0,-1.0,SOLVER_EXCEPTION,0.0,0,True,True
1772.517,-0.034263637153081325,-1.9999893909092195,-7.627386077280806e-06,3.448698691080596e-05,0,nan,nan,nan,5.0,5.510695356152437e-06,-5.290347352104874e-05,4.999965513013089,0.0,-1.0,SOLVER_EXCEPTION,0.0,0,True,True
1772.616,-0.03434166458359745,-1.9999893729305187,-7.645258707802757e-06,3.435950446177153e-05,0,nan,nan,nan,5.0,5.53177214380522e-06,-5.292098665865552e-05,4.999965640495538,0.0,-1.0,SOLVER_EXCEPTION,0.0,0,True,True
1772.717,-0.03442125492899432,-1.9999893545877778,-7.663493940014716e-06,3.423113903761189e-05,0,nan,nan,nan,5.0,5.554152900893737e-06,-5.293957980567754e-05,4.999965768860962,0.0,-1.0,SOLVER_EXCEPTION,0.0,0,True,True
1772.815,-0.03449846843101255,-1.9999893367886945,-7.68118538650613e-06,3.410808444065851e-05,0,nan,nan,nan,5.0,5.575882467821444e-06,-5.295763710311263e-05,4.99996589191556,0.0,-1.0,SOLVER_EXCEPTION,0.0,0,True,True
1772.917,-0.03457882030983171,-1.99998931826132,-7.699600937495378e-06,3.398173270185894e-05,0,nan,nan,nan,5.0,5.596744267354238e-06,-5.297496817480152e-05,4.9999660182672985,0.0,-1.0,SOLVER_EXCEPTION,0.0,0,True,True
1773.018,-0.0346575837592242,-1.9999893000956754,-7.717654161950866e-06,3.385940701750846e-05,0,nan,nan,nan,5.0,5.619345076751271e-06,-5.299374464762252e-05,4.999966140592982,0.0,-1.0,SOLVER_EXCEPTION,0.0,0,True,True
1773.115,-0.03473397225136154,-1.9999892824741945,-7.735167280505997e-06,3.374227597297398e-05,0,nan,nan,nan,5.0,5.641077243989418e-06,-5.301179733985251e-05,4.999966257724027,0.0,-1.0,SOLVER_EXCEPTION,0.0,0,True,True
1773.218,-0.03481586029410134,-1.9999892635797667,-7.75394362286932e-06,3.3618292512502415e-05,0,nan,nan,nan,5.0,5.662809981436614e-06,-5.302985151667272e-05,4.9999663817074875,0.0,-1.0,SOLVER_EXCEPTION,0.0,0,True,True
1773.319,-0.03489301184920197,-1.999989245773632,-7.771635982912336e-06,3.3502945472301476e-05,0,nan,nan,nan,5.0,5.6845439611564394e-06,-5.30479049336563e-05,4.999966497054528,0.0,-1.0,SOLVER_EXCEPTION,0.0,0,True,True
1773.42,-0.034973300057013254,-1.9999892272395252,-7.790051780597247e-06,3.3384467054889105e-05,0,nan,nan,nan,5.0,5.706061244345805e-06,-5.306577985342287e-05,4.999966615532945,0.0,-1.0,SOLVER_EXCEPTION,0.0,0,True,True
1773.515,-0.035046493130818576,-1.999989210339959,-7.806842299689951e-06,3.327774764407064e-05,0,nan,nan,nan,5.0,5.727361371629365e-06,-5.30834723591056e-05,4.999966722252356,0.0,-1.0,SOLVER_EXCEPTION,0.0,0,True,True
1773.619,-0.03513147867922241,-1.9999891907128098,-7.826340252081553e-06,3.3155395389543504e-05,0,nan,nan,nan,5.0,5.74974948331469e-06,-5.3102069716981504e-05,4.999966844604611,0.0,-1.0,SOLVER_EXCEPTION,0.0,0,True,True
1773.718,-0.03520937011001051,-1.9999891727200034,-7.84421556593709e-06,3.3044810861968564e-05,0,nan,nan,nan,5.0,5.771269258091974e-06,-5.311994183898605e-05,4.999966955189138,0.0,-1.0,SOLVER_EXCEPTION,0.0,0,True,True
1773.815,-0.03528567699506293,-1.999989155088779,-7.86172632303154e-06,3.293768346114719e-05,0,nan,nan,nan,5.0,5.793441990982151e-06,-5.313835638265374e-05,4.999967062316538,0.0,-1.0,SOLVER_EXCEPTION,0.0,0,True,True
1773.917,-0.03536590564583218,-1.9999891365479872,-7.880142029826293e-06,3.282653774878727e-05,0,nan,nan,nan,5.0,5.814962916383438e-06,-5.315623091872723e-05,4.9999671734622515,0.0,-1.0,SOLVER_EXCEPTION,0.0,0,True,True
1774.021,-0.03544769534031268,-1.9999891176422704,-7.898917721550874e-06,3.2714648393965064e-05,0,nan,nan,nan,5.0,5.836267159430821e-06,-5.317392434367463e-05,4.999967285351606,0.0,-1.0,SOLVER_EXCEPTION,0.0,0,True,True
1774.118,-0.035523182841364326,-1.9999891001899421,-7.916252929850306e-06,3.261285090054213e-05,0,nan,nan,nan,5.0,5.858224844133898e-06,-5.319216071031363e-05,4.999967387149099,0.0,-1.0,SOLVER_EXCEPTION,0.0,0,True,True
1774.217,-0.03560180489016756,-1.9999890820084012,-7.934306634999517e-06,3.250798484389394e-05,0,nan,nan,nan,5.0,5.880618279005131e-06,-5.3210755146082533e-05,4.9999674920151564,0.0,-1.0,SOLVER_EXCEPTION,0.0,0,True,True
1774.315,-0.03567884397130672,-1.999989064189332,-7.951999990056232e-06,3.240653171379629e-05,0,nan,nan,nan,5.0,5.901925415972871e-06,-5.3228447174369364e-05,4.999967593468286,0.0,-1.0,SOLVER_EXCEPTION,0.0,0,True,True
1774.419,-0.03575980252716231,-1.999989045459928,-7.97059394322777e-06,3.230117182442694e-05,0,nan,nan,nan,5.0,5.923232758805449e-06,-5.324614357071766e-05,4.999967698828176,0.0,-1.0,SOLVER_EXCEPTION,0.0,0,True,True
1774.515,-0.03583603478697269,-1.9999890278202987,-7.988108069528285e-06,3.220337382572662e-05,0,nan,nan,nan,5.0,5.9438896383117105e-06,-5.32632934882038e-05,4.999967796626175,0.0,-1.0,SOLVER_EXCEPTION,0.0,0,True,True
1774.619,-0.03591775742450882,-1.9999890089060186,-8.006884093130325e-06,3.20997704019826e-05,0,nan,nan,nan,5.0,5.965416403818177e-06,-5.3281168191254835e-05,4.999967900229598,0.0,-1.0,SOLVER_EXCEPTION,0.0,0,True,True
1774.719,-0.035996326361141605,-1.9999889907178228,-8.02493906028747e-06,3.2001494921177026e-05,0,nan,nan,nan,5.0,5.9880312152207854e-06,-5.329994389846604e-05,4.9999679985050784,0.0,-1.0,SOLVER_EXCEPTION,0.0,0,True,True
1774.82,-0.03607567064867518,-1.9999889723466875,-8.043174881671111e-06,3.190350244244122e-05,0,nan,nan,nan,5.0,6.010647240997051e-06,-5.331872124259007e-05,4.9999680964975575,0.0,-1.0,SOLVER_EXCEPTION,0.0,0,True,True
1774.919,-0.03615264836731406,-1.9999889545199423,-8.060867302431305e-06,3.18095672600597e-05,0,nan,nan,nan,5.0,6.032176962607474e-06,-5.333659675788027e-05,4.99996819043274,0.0,-1.0,SOLVER_EXCEPTION,0.0,0,True,True
1775.019,-0.03622961654544754,-1.9999889366915156,-8.078561314457945e-06,3.171688210058471e-05,0,nan,nan,nan,5.0,6.054142751648047e-06,-5.335483023172216e-05,4.9999682831179,0.0,-1.0,SOLVER_EXCEPTION,0.0,0,True,True
1775.12,-0.03630971627508792,-1.9999889181340507,-8.096976285564764e-06,3.162158497382785e-05,0,nan,nan,nan,5.0,6.075456807347741e-06,-5.337252244119739e-05,4.999968378415026,0.0,-1.0,SOLVER_EXCEPTION,0.0,0,True,True
1775.219,-0.036388235636947375,-1.9999888999395055,-8.115030517523971e-06,3.1529347042047825e-05,0,nan,nan,nan,5.0,6.097640974689371e-06,-5.339094130762945e-05,4.999968470652958,0.0,-1.0,SOLVER_EXCEPTION,0.0,0,True,True
1775.32,-0.036461250055886185,-1.9999888830172206,-8.131822637858362e-06,3.1444727105884744e-05,0,nan,nan,nan,5.0,6.1187395356615144e-06,-5.34084526973011e-05,4.999968555272894,0.0,-1.0,SOLVER_EXCEPTION,0.0,0,True,True
1775.415,-0.03654289090783046,-1.9999888640917936,-8.150598885040218e-06,3.135118742831205e-05,0,nan,nan,nan,5.0,6.140491426304969e-06,-5.342650662276682e-05,4.999968648812572,0.0,-1.0,SOLVER_EXCEPTION,0.0,0,True,True
1775.516,-0.03662138220681085,-1.9999888458928639,-8.16865374982709e-06,3.1262445004604204e-05,0,nan,nan,nan,5.0,6.162896511105534e-06,-5.344510409344139e-05,4.999968737554996,0.0,-1.0,SOLVER_EXCEPTION,0.0,0,True,True
1775.616,-0.03669986429048727,-1.9999888276933904,-8.186710164094812e-06,3.117488187660579e-05,0,nan,nan,nan,5.0,6.184649555077397e-06,-5.346315871390672e-05,4.999968825118123,0.0,-1.0,SOLVER_EXCEPTION,0.0,0,True,True
1775.713,-0.03677598321586851,-1.999988810037677,-8.204221691531714e-06,3.109090282716021e-05,0,nan,nan,nan,5.0,6.2059691359532745e-06,-5.348085175116424e-05,4.999968909097173,0.0,-1.0,SOLVER_EXCEPTION,0.0,0,True,True
1775.821,-0.036849739876593304,-1.9999887929268207,-8.221193303522863e-06,3.10105788254475e-05,0,nan,nan,nan,5.0,6.225331138688183e-06,-5.3496920684459326e-05,4.999968989421174,0.0,-1.0,SOLVER_EXCEPTION,0.0,0,True,True
1775.919,-0.03693760991229257,-1.9999887725384602,-8.24141525245066e-06,3.0916135443923804e-05,0,nan,nan,nan,5.0,6.248827840629163e-06,-5.351642054129968e-05,4.999969083864556,0.0,-1.0,SOLVER_EXCEPTION,0.0,0,True,True
1776.019,-0.03701291833414903,-1.999988755061745,-8.258749290244242e-06,3.083628227123762e-05,0,nan,nan,nan,5.0,6.271455195008269e-06,-5.3535197881871e-05,4.999969163717728,0.0,-1.0,SOLVER_EXCEPTION,0.0,0,True,True
1776.123,-0.037097630779660565,-1.9999887353977803,-8.278246134654038e-06,3.074746702159093e-05,0,nan,nan,nan,5.0,6.29321359926826e-06,-5.355325212352824e-05,4.999969252532979,0.0,-1.0,SOLVER_EXCEPTION,0.0,0,True,True
1776.217,-0.03717213811970958,-1.9999887181000997,-8.295399678265526e-06,3.067051528201762e-05,0,nan,nan,nan,5.0,6.314537821278814e-06,-5.3570946429992716e-05,4.999969329484718,0.0,-1.0,SOLVER_EXCEPTION,0.0,0,True,True
1776.318,-0.037251342838354295,-1.9999886997081473,-8.313636519532464e-06,3.058972512047988e-05,0,nan,nan,nan,5.0,6.336950943119845e-06,-5.358954414180772e-05,4.99996941027488,0.0,-1.0,SOLVER_EXCEPTION,0.0,0,True,True
1776.418,-0.037325834569235834,-1.9999886824083213,-8.330789124178664e-06,3.05146091918228e-05,0,nan,nan,nan,5.0,6.357841208993068e-06,-5.360687539690545e-05,4.9999694853908085,0.0,-1.0,SOLVER_EXCEPTION,0.0,0,True,True
1776.515,-0.03740580689747444,-1.9999886638316042,-8.349204574819672e-06,3.0434959481200444e-05,0,nan,nan,nan,5.0,6.380473952016086e-06,-5.362565312649892e-05,4.9999695650405185,0.0,-1.0,SOLVER_EXCEPTION,0.0,0,True,True
1776.617,-0.037481851169290814,-1.9999886461640217,-8.366716332089195e-06,3.036013374891439e-05,0,nan,nan,nan,5.0,6.401802113284517e-06,-5.36433463915742e-05,4.999969639866251,0.0,-1.0,SOLVER_EXCEPTION,0.0,0,True,True
1776.718,-0.037564942461983296,-1.9999886268561484,-8.38585535859683e-06,3.0279522414038548e-05,0,nan,nan,nan,5.0,6.424001616133627e-06,-5.3661763065981916e-05,4.999969720477586,0.0,-1.0,SOLVER_EXCEPTION,0.0,0,True,True
1776.819,-0.0376425385538132,-1.9999886088218184,-8.403730836184228e-06,3.020522883983084e-05,0,nan,nan,nan,5.0,6.445548611425823e-06,-5.3679637940895475e-05,4.99996979477116,0.0,-1.0,SOLVER_EXCEPTION,0.0,0,True,True
1776.924,-0.037725612741071876,-1.9999885895109615,-8.422868737192384e-06,3.0126655451001698e-05,0,nan,nan,nan,5.0,6.467097035760916e-06,-5.369751409256551e-05,4.999969873344549,0.0,-1.0,SOLVER_EXCEPTION,0.0,0,True,True
1777.021,-0.037800058648918174,-1.999988572203211,-8.440021907044526e-06,3.0057184204825296e-05,0,nan,nan,nan,5.0,6.488429111358408e-06,-5.371520744246183e-05,4.999969942815795,0.0,-1.0,SOLVER_EXCEPTION,0.0,0,True,True
1777.116,-0.0378752812054713,-1.9999885547113478,-8.457355365347103e-06,2.9987843144729845e-05,0,nan,nan,nan,5.0,6.511067973265324e-06,-5.373398542474206e-05,4.999970012156855,0.0,-1.0,SOLVER_EXCEPTION,0.0,0,True,True
1777.218,-0.03795598101939986,-1.9999885359426899,-8.475950308568504e-06,2.991426632874141e-05,0,nan,nan,nan,5.0,6.532837152433622e-06,-5.375203919388838e-05,4.999970085733671,0.0,-1.0,SOLVER_EXCEPTION,0.0,0,True,True
1777.319,-0.03803510618271186,-1.9999885175378962,-8.494186840932005e-06,2.9843154218693306e-05,0,nan,nan,nan,5.0,6.554389240725465e-06,-5.376991504624229e-05,4.999970156845781,0.0,-1.0,SOLVER_EXCEPTION,0.0,0,True,True
1777.416,-0.03811187393095874,-1.9999884996776875,-8.511880388499848e-06,2.9774999774193995e-05,0,nan,nan,nan,5.0,6.575943037704583e-06,-5.3787788159009864e-05,4.999970225000226,0.0,-1.0,SOLVER_EXCEPTION,0.0,0,True,True
1777.523,-0.03819333412708564,-1.9999884807228063,-8.530658585253186e-06,2.970365362519754e-05,0,nan,nan,nan,5.0,6.597279998039618e-06,-5.380548268663077e-05,4.999970296346375,0.0,-1.0,SOLVER_EXCEPTION,0.0,0,True,True
1777.617,-0.03826852127811746,-1.9999884632242755,-8.547990785636035e-06,2.9638573444688534e-05,0,nan,nan,nan,5.0,6.619488682546302e-06,-5.382389808783472e-05,4.999970361426556,0.0,-1.0,SOLVER_EXCEPTION,0.0,0,True,True
1777.72,-0.038349183577660075,-1.999988444448984,-8.566589125547281e-06,2.9569720294027186e-05,0,nan,nan,nan,5.0,6.641697773277111e-06,-5.3842317753627356e-05,4.999970430279706,0.0,-1.0,SOLVER_EXCEPTION,0.0,0,True,True
1777.816,-0.038425140327142955,-1.9999884267663564,-8.584103636803047e-06,2.9505681701322517e-05,0,nan,nan,nan,5.0,6.663473288663177e-06,-5.386037254728748e-05,4.9999704943182985,0.0,-1.0,SOLVER_EXCEPTION,0.0,0,True,True
1777.923,-0.038508137190935994,-1.9999884074412486,-8.603243103971253e-06,2.9436607880724118e-05,0,nan,nan,nan,5.0,6.684378965956321e-06,-5.3877706037930295e-05,4.999970563392119,0.0,-1.0,SOLVER_EXCEPTION,0.0,0,True,True
1778.019,-0.038583297559161525,-1.999988389937456,-8.620575566648057e-06,2.9374804508745894e-05,0,nan,nan,nan,5.0,6.707027468838345e-06,-5.389648308806727e-05,4.999970625195491,0.0,-1.0,SOLVER_EXCEPTION,0.0,0,True,True
1778.12,-0.03866236584079907,-1.999988371520868,-8.638809712932413e-06,2.9310531173965166e-05,0,nan,nan,nan,5.0,6.729459363789736e-06,-5.391507835872389e-05,4.999970689468826,0.0,-1.0,SOLVER_EXCEPTION,0.0,0,True,True
1778.217,-0.03874064459451496,-1.9999883532861469,-8.6568680876815e-06,2.924791423650632e-05,0,nan,nan,nan,5.0,6.750585222773665e-06,-5.3932593107930415e-05,4.999970752085764,0.0,-1.0,SOLVER_EXCEPTION,0.0,0,True,True
1778.317,-0.03881735141093699,-1.9999883354138919,-8.674561909498827e-06,2.9187193188388752e-05,0,nan,nan,nan,5.0,6.772365969734203e-06,-5.395064925206583e-05,4.999970812806811,0.0,-1.0,SOLVER_EXCEPTION,0.0,0,True,True
1778.418,-0.03889639988728952,-1.9999883169930868,-8.692796405025241e-06,2.912535398130545e-05,0,nan,nan,nan,5.0,6.793058560260686e-06,-5.3967802632115536e-05,4.999970874646019,0.0,-1.0,SOLVER_EXCEPTION,0.0,0,True,True
1778.515,-0.03897152902450623,-1.9999882994833167,-8.710129259992727e-06,2.906733609809738e-05,0,nan,nan,nan,5.0,6.815930411096725e-06,-5.398675931944652e-05,4.999970932663902,0.0,-1.0,SOLVER_EXCEPTION,0.0,0,True,True
1778.618,-0.039052912354634026,-1.9999882805133118,-8.728909555768322e-06,2.9005438327757087e-05,0,nan,nan,nan,5.0,6.83771388142309e-06,-5.4004817341191114e-05,4.999970994561672,0.0,-1.0,SOLVER_EXCEPTION,0.0,0,True,True
1778.719,-0.039131941632255904,-1.9999882620884708,-8.747144235361013e-06,2.8945940638416457e-05,0,nan,nan,nan,5.0,6.85971691464717e-06,-5.402305199719848e-05,4.999971054059362,0.0,-1.0,SOLVER_EXCEPTION,0.0,0,True,True
1778.818,-0.03920861750113175,-1.9999882442095431,-8.764839346079142e-06,2.8889042078282445e-05,0,nan,nan,nan,5.0,6.881067468120101e-06,-5.4040746984451715e-05,4.9999711109579215,0.0,-1.0,SOLVER_EXCEPTION,0.0,0,True,True
1778.923,-0.03929076373832129,-1.999988225052301,-8.783799335509502e-06,2.8828899162387666e-05,0,nan,nan,nan,5.0,6.901764777548034e-06,-5.405790020862611e-05,4.999971171100838,0.0,-1.0,SOLVER_EXCEPTION,0.0,0,True,True
1779.018,-0.03936351630563561,-1.999988208083645,-8.800591470698286e-06,2.8776233764448246e-05,0,nan,nan,nan,5.0,6.9248602444037024e-06,-5.407703878956838e-05,4.999971223766235,0.0,-1.0,SOLVER_EXCEPTION,0.0,0,True,True
1779.116,-0.03944095695085401,-1.9999881900181868,-8.8184650990904e-06,2.872079623668581e-05,0,nan,nan,nan,5.0,6.946649655387511e-06,-5.409509515841293e-05,4.999971279203764,0.0,-1.0,SOLVER_EXCEPTION,0.0,0,True,True
1779.219,-0.039523084695879875,-1.9999881708567961,-8.837425306591374e-06,2.8662903654435878e-05,0,nan,nan,nan,5.0,6.966697151920413e-06,-5.411170505187357e-05,4.999971337096346,0.0,-1.0,SOLVER_EXCEPTION,0.0,0,True,True
1779.316,-0.03959816733997629,-1.9999881533360384,-8.854757908046836e-06,2.8610541648958516e-05,0,nan,nan,nan,5.0,6.990231913341543e-06,-5.4131206337348914e-05,4.999971389458351,0.0,-1.0,SOLVER_EXCEPTION,0.0,0,True,True
1779.415,-0.03967559080403222,-1.9999881352673359,-8.872633784882819e-06,2.855726411632864e-05,0,nan,nan,nan,5.0,7.012023936461598e-06,-5.414926384439411e-05,4.999971442735884,0.0,-1.0,SOLVER_EXCEPTION,0.0,0,True,True
1779.518,-0.039754572681453305,-1.9999881168314837,-8.890868699346048e-06,2.8503525310341634e-05,0,nan,nan,nan,5.0,7.033164191426279e-06,-5.416677645619927e-05,4.999971496474689,0.0,-1.0,SOLVER_EXCEPTION,0.0,0,True,True
1779.617,-0.039834330791492345,-1.9999880982118046,-8.909286336908916e-06,2.845005619816879e-05,0,nan,nan,nan,5.0,7.05561286004664e-06,-5.4185375602422425e-05,4.999971549943802,0.0,-1.0,SOLVER_EXCEPTION,0.0,0,True,True
1779.718,-0.039913301322035626,-1.9999880797732748,-8.927524304118143e-06,2.8397836184067818e-05,0,nan,nan,nan,5.0,7.077408960842048e-06,-5.4203431844257466e-05,4.999971602163816,0.0,-1.0,SOLVER_EXCEPTION,0.0,0,True,True
1779.82,-0.03998757547806445,-1.9999880624293376,-8.944677768380969e-06,2.8349253857867208e-05,0,nan,nan,nan,5.0,7.09898754935197e-06,-5.422130782761769e-05,4.999971650746142,0.0,-1.0,SOLVER_EXCEPTION,0.0,0,True,True
1779.915,-0.040061844792504804,-1.9999880450833571,-8.961829365520503e-06,2.8301204917702014e-05,0,nan,nan,nan,5.0,7.1194781734559745e-06,-5.423827980122198e-05,4.999971698795083,0.0,-1.0,SOLVER_EXCEPTION,0.0,0,True,True
1780.015,-0.04014548976828773,-1.999988025545401,-8.981150961409032e-06,2.8247924204570336e-05,0,nan,nan,nan,5.0,7.142803512356027e-06,-5.425759827604182e-05,4.999971752075796,0.0,-1.0,SOLVER_EXCEPTION,0.0,0,True,True
1780.117,-0.04022522052461582,-1.9999880069186213,-8.999567502910678e-06,2.819771113594342e-05,0,nan,nan,nan,5.0,7.16155148371678e-06,-5.427312879824342e-05,4.999971802288864,0.0,-1.0,SOLVER_EXCEPTION,0.0,0,True,True
1780.217,-0.04030260112097684,-1.9999879888382246,-9.017441055242394e-06,2.814952789259599e-05,0,nan,nan,nan,5.0,7.186405860899142e-06,-5.429370970277958e-05,4.999971850472107,0.0,-1.0,SOLVER_EXCEPTION,0.0,0,True,True
1780.318,-0.04038153981197432,-1.9999879703920262,-9.035678441262538e-06,2.8101103975503145e-05,0,nan,nan,nan,5.0,7.20799015715462e-06,-5.4311586244359944e-05,4.999971898896025,0.0,-1.0,SOLVER_EXCEPTION,0.0,0,True,True
1780.415,-0.04045812887939951,-1.9999879524917372,-9.053374066128603e-06,2.805474112479871e-05,0,nan,nan,nan,5.0,7.229358179895384e-06,-5.4329281813370045e-05,4.999971945258875,0.0,-1.0,SOLVER_EXCEPTION,0.0,0,True,True
1780.518,-0.04053862040561718,-1.9999879336768873,-9.071973492339756e-06,2.8006673097846194e-05,0,nan,nan,nan,5.0,7.251599514727316e-06,-5.4347698402512634e-05,4.999971993326902,0.0,-1.0,SOLVER_EXCEPTION,0.0,0,True,True
1780.624,-0.0406198881192661,-1.9999879146777182,-9.090751299326536e-06,2.7958669948317175e-05,0,nan,nan,nan,5.0,7.272532802714526e-06,-5.436503487388222e-05,4.999972041330052,0.0,-1.0,SOLVER_EXCEPTION,0.0,0,True,True
1780.716,-0.04069333711903153,-1.9999878975046048,-9.107723465342543e-06,2.7915794325100696e-05,0,nan,nan,nan,5.0,7.295430640470189e-06,-5.438399240187408e-05,4.999972084205675,0.0,-1.0,SOLVER_EXCEPTION,0.0,0,True,True
1780.817,-0.04077146970965818,-1.9999878792335126,-9.125779151965845e-06,2.7870783870009696e-05,0,nan,nan,nan,5.0,7.3168031933715646e-06,-5.4401686936156324e-05,4.99997212921613,0.0,-1.0,SOLVER_EXCEPTION,0.0,0,True,True
1780.915,-0.04084881631681239,-1.999987861143813,-9.14365641821102e-06,2.7826892174617347e-05,0,nan,nan,nan,5.0,7.3373045237194304e-06,-5.441865996447248e-05,4.9999721731078255,0.0,-1.0,SOLVER_EXCEPTION,0.0,0,True,True
1781.022,-0.04093240801034938,-1.9999878415907966,-9.16297517389443e-06,2.7779909113332205e-05,0,nan,nan,nan,5.0,7.360860235847149e-06,-5.44381604319355e-05,4.9999722200908865,0.0,-1.0,SOLVER_EXCEPTION,0.0,0,True,True
1781.123,-0.04101130747882134,-1.9999878231327939,-9.181213561255246e-06,2.7736292822180088e-05,0,nan,nan,nan,5.0,7.382890123879065e-06,-5.445639830137239e-05,4.9999722637071775,0.0,-1.0,SOLVER_EXCEPTION,0.0,0,True,True
1781.216,-0.041083953379657125,-1.9999878061361314,-9.198006364261017e-06,2.7696550081783303e-05,0,nan,nan,nan,5.0,7.4038305200125224e-06,-5.447373262912336e-05,4.999972303449918,0.0,-1.0,SOLVER_EXCEPTION,0.0,0,True,True
1781.318,-0.04115112784806473,-1.9999877904169265,-9.213534422308219e-06,2.7660205946824776e-05,0,nan,nan,nan,5.0,7.423900079640174e-06,-5.44903430577115e-05,4.999972339794053,0.0,-1.0,SOLVER_EXCEPTION,0.0,0,True,True
1781.419,-0.04124251109447694,-1.999987769030263,-9.23465989639323e-06,2.7611404164434525e-05,0,nan,nan,nan,5.0,7.4478970883290985e-06,-5.451020629365644e-05,4.999972388595835,0.0,-1.0,SOLVER_EXCEPTION,0.0,0,True,True
1781.515,-0.041317487735340185,-1.9999877514806395,-9.251993076072581e-06,2.7571865161199816e-05,0,nan,nan,nan,5.0,7.4701501924202645e-06,-5.452862313548579e-05,4.999972428134839,0.0,-1.0,SOLVER_EXCEPTION,0.0,0,True,True
1781.619,-0.041398707928329025,-1.9999877324676627,-9.27077179784834e-06,2.7529604383764708e-05,0,nan,nan,nan,5.0,7.490222086303288e-06,-5.454523793835264e-05,4.999972470395616,0.0,-1.0,SOLVER_EXCEPTION,0.0,0,True,True
1781.72,-0.041476799908277254,-1.9999877141845857,-9.288830647279907e-06,2.7489638894251798e-05,0,nan,nan,nan,5.0,7.513350333055547e-06,-5.456437726625296e-05,4.999972510361106,0.0,-1.0,SOLVER_EXCEPTION,0.0,0,True,True
1781.817,-0.041552545096532674,-1.9999876964479966,-9.306343887185076e-06,2.7451174612486114e-05,0,nan,nan,nan,5.0,7.535170756241356e-06,-5.458243432032717e-05,4.999972548825387,0.0,-1.0,SOLVER_EXCEPTION,0.0,0,True,True
1781.918,-0.04163219044617378,-1.9999876777960384,-9.324762090464664e-06,2.7411335336750832e-05,0,nan,nan,nan,5.0,7.556992324440399e-06,-5.460048981920096e-05,4.999972588664663,0.0,-1.0,SOLVER_EXCEPTION,0.0,0,True,True
1782.019,-0.041706366086438684,-1.999987660423443,-9.341916260290494e-06,2.737466271509598e-05,0,nan,nan,nan,5.0,7.578596192512266e-06,-5.46183667116118e-05,4.999972625337285,0.0,-1.0,SOLVER_EXCEPTION,0.0,0,True,True
1782.119,-0.04178678395131718,-1.999987641586011,-9.360516205231094e-06,2.733549049308913e-05,0,nan,nan,nan,5.0,7.599983644981493e-06,-5.463606283040434e-05,4.999972664509507,0.0,-1.0,SOLVER_EXCEPTION,0.0,0,True,True
1782.22,-0.04186797825171058,-1.9999876225640367,-9.379294573809818e-06,2.7296349795061075e-05,0,nan,nan,nan,5.0,7.6226817905643595e-06,-5.4654841162626866e-05,4.999972703650205,0.0,-1.0,SOLVER_EXCEPTION,0.0,0,True,True
1782.315,-0.04194214237602389,-1.999987605186519,-9.39644670885322e-06,2.726099431362071e-05,0,nan,nan,nan,5.0,7.644508159100272e-06,-5.467289831395661e-05,4.9999727390056865,0.0,-1.0,SOLVER_EXCEPTION,0.0,0,True,True
1782.421,-0.042024109141654054,-1.9999875859789116,-9.415407804510164e-06,2.7222572167509797e-05,0,nan,nan,nan,5.0,7.666335530096695e-06,-5.469095375154609e-05,4.999972777427833,0.0,-1.0,SOLVER_EXCEPTION,0.0,0,True,True
1782.517,-0.042099827034354526,-1.9999875682339014,-9.4329233447457e-06,2.718745850681709e-05,0,nan,nan,nan,5.0,7.68794548109934e-06,-5.4708831134675506e-05,4.999972812541493,0.0,-1.0,SOLVER_EXCEPTION,0.0,0,True,True
1782.619,-0.04217944403890336,-1.9999875495721438,-9.451341861343777e-06,2.7151041262367006e-05,0,nan,nan,nan,5.0,7.709993911153258e-06,-5.4727066889803666e-05,4.999972848958738,0.0,-1.0,SOLVER_EXCEPTION,0.0,0,True,True
1782.719,-0.04225671561785492,-1.9999875314576794,-9.469216588067097e-06,2.711604220973701e-05,0,nan,nan,nan,5.0,7.731606750556418e-06,-5.474494462109902e-05,4.99997288395779,0.0,-1.0,SOLVER_EXCEPTION,0.0,0,True,True
1782.819,-0.042335544481054484,-1.9999875129760405,-9.487455444440582e-06,2.7080934427472754e-05,0,nan,nan,nan,5.0,7.753657553115646e-06,-5.4763180132866296e-05,4.999972919065573,0.0,-1.0,SOLVER_EXCEPTION,0.0,0,True,True
1782.917,-0.042412028310077586,-1.9999874950421075,-9.505149780002916e-06,2.7047139887574903e-05,0,nan,nan,nan,5.0,7.77549034506678e-06,-5.478123986879524e-05,4.999972952860112,0.0,-1.0,SOLVER_EXCEPTION,0.0,0,True,True
1783.018,-0.042486947865256176,-1.9999874774731885,-9.52248466246113e-06,2.701453359834207e-05,0,nan,nan,nan,5.0,7.79710685674384e-06,-5.479911472194843e-05,4.9999729854664015,0.0,-1.0,SOLVER_EXCEPTION,0.0,0,True,True
1783.12,-0.042569667704128594,-1.9999874580722872,-9.541624430788042e-06,2.6978953153747923e-05,0,nan,nan,nan,5.0,7.818724536488848e-06,-5.481699256426609e-05,4.999973021046846,0.0,-1.0,SOLVER_EXCEPTION,0.0,0,True,True
1783.219,-0.042647701643334264,-1.9999874397680357,-9.559681956611728e-06,2.6945888869698932e-05,0,nan,nan,nan,5.0,7.839688242512249e-06,-5.4834325748043256e-05,4.9999730541111305,0.0,-1.0,SOLVER_EXCEPTION,0.0,0,True,True
1783.319,-0.04272573208923232,-1.9999874214623263,-9.577738110912514e-06,2.6913166944871502e-05,0,nan,nan,nan,5.0,7.862618476824993e-06,-5.4853283877775993e-05,4.999973086833055,0.0,-1.0,SOLVER_EXCEPTION,0.0,0,True,True
1783.417,-0.042802198579147514,-1.9999874035223142,-9.5954366650921e-06,2.6881650753976153e-05,0,nan,nan,nan,5.0,7.884020919721914e-06,-5.487098327572326e-05,4.999973118349246,0.0,-1.0,SOLVER_EXCEPTION,0.0,0,True,True
1783.517,-0.04288022223676813,-1.9999873852140315,-9.61349319298112e-06,2.6849759338891742e-05,0,nan,nan,nan,5.0,7.906298603708522e-06,-5.488940093334449e-05,4.9999731502406615,0.0,-1.0,SOLVER_EXCEPTION,0.0,0,True,True
1783.616,-0.04295746234336179,-1.9999873670871757,-9.631368071782388e-06,2.6818537479668512e-05,0,nan,nan,nan,5.0,7.92792261567315e-06,-5.490727569412712e-05,4.99997318146252,0.0,-1.0,SOLVER_EXCEPTION,0.0,0,True,True
1783.715,-0.04303079841962325,-1.999987349874996,-9.648341237757909e-06,2.6789274803961583e-05,0,nan,nan,nan,5.0,7.949328769418775e-06,-5.492497129733209e-05,4.999973210725196,0.0,-1.0,SOLVER_EXCEPTION,0.0,0,True,True
1783.819,-0.04311505331035192,-1.9999873300974431,-9.667842777710662e-06,2.6756140287294445e-05,0,nan,nan,nan,5.0,7.972046679301521e-06,-5.494375306636101e-05,4.999973243859713,0.0,-1.0,SOLVER_EXCEPTION,0.0,0,True,True
1783.915,-0.04319072346213475,-1.9999873123335188,-9.685359211792777e-06,2.6726806105320235e-05,0,nan,nan,nan,5.0,7.993674242720117e-06,-5.49616281086962e-05,4.999973273193895,0.0,-1.0,SOLVER_EXCEPTION,0.0,0,True,True
1784.018,-0.04326873077619531,-1.999987294018268,-9.703416984269666e-06,2.669693588837369e-05,0,nan,nan,nan,5.0,8.01573976116727e-06,-5.497986740143901e-05,4.999973303064111,0.0,-1.0,SOLVER_EXCEPTION,0.0,0,True,True
1784.118,-0.043349075006430315,-1.9999872751523817,-9.722017554272312e-06,2.6666608261189685e-05,0,nan,nan,nan,5.0,8.037588062083205e-06,-5.499792512653201e-05,4.999973333391739,0.0,-1.0,SOLVER_EXCEPTION,0.0,0,True,True
1784.219,-0.04342551595846588,-1.9999872572006188,-9.739712488920426e-06,2.6637980617611834e-05,0,nan,nan,nan,5.0,8.05900020439742e-06,-5.501561948273448e-05,4.999973362019382,0.0,-1.0,SOLVER_EXCEPTION,0.0,0,True,True
1784.315,-0.04350195395147655,-1.9999872392481555,-9.757408501862435e-06,2.6609749793713397e-05,0,nan,nan,nan,5.0,8.08128794459132e-06,-5.503403856144118e-05,4.999973390250206,0.0,-1.0,SOLVER_EXCEPTION,0.0,0,True,True
1784.42,-0.043583848558754086,-1.9999872200116364,-9.776370346789417e-06,2.6579991450508627e-05,0,nan,nan,nan,5.0,8.103140029299173e-06,-5.505209533263056e-05,4.9999734200085495,0.0,-1.0,SOLVER_EXCEPTION,0.0,0,True,True
1784.517,-0.043660280537333854,-1.999987202055724,-9.794065891861747e-06,2.6552481815615965e-05,0,nan,nan,nan,5.0,8.1247748779086e-06,-5.506997351512055e-05,4.999973447518184,0.0,-1.0,SOLVER_EXCEPTION,0.0,0,True,True
1784.616,-0.04373748954149527,-1.9999871839151644,-9.811940859262591e-06,2.6524967880892114e-05,0,nan,nan,nan,5.0,8.146629380269087e-06,-5.508803102083348e-05,4.999973475032119,0.0,-1.0,SOLVER_EXCEPTION,0.0,0,True,True
1784.718,-0.043816255364828104,-1.9999871654073593,-9.830179803508891e-06,2.6497371754863933e-05,0,nan,nan,nan,5.0,8.168703085082557e-06,-5.5106269877036596e-05,4.9999735026282455,0.0,-1.0,SOLVER_EXCEPTION,0.0,0,True,True
1784.815,-0.04389189897137718,-1.9999871476312838,-9.84769666529176e-06,2.647123384279895e-05,0,nan,nan,nan,5.0,8.190560212545654e-06,-5.512432672460932e-05,4.999973528766157,0.0,-1.0,SOLVER_EXCEPTION,0.0,0,True,True
1784.919,-0.04397299840913487,-1.999987128570603,-9.866477085563914e-06,2.6443536234947113e-05,0,nan,nan,nan,5.0,8.211981502023468e-06,-5.5142023561050024e-05,4.999973556463765,0.0,-1.0,SOLVER_EXCEPTION,0.0,0,True,True
1785.02,-0.044047076959432475,-1.999987111157556,-9.88362977312164e-06,2.6418439090356156e-05,0,nan,nan,nan,5.0,8.2340598766802e-06,-5.5160259832653935e-05,4.999973581560909,0.0,-1.0,SOLVER_EXCEPTION,0.0,0,True,True
1785.119,-0.044125051664298955,-1.9999870928274641,-9.901685887846235e-06,2.6392332577289765e-05,0,nan,nan,nan,5.0,8.255920400415224e-06,-5.517831594747946e-05,4.999973607667423,0.0,-1.0,SOLVER_EXCEPTION,0.0,0,True,True
1785.217,-0.044205362733743175,-1.9999870739460885,-9.920286563546978e-06,2.636596296219553e-05,0,nan,nan,nan,5.0,8.278000771394903e-06,-5.519655545338509e-05,4.999973634037038,0.0,-1.0,SOLVER_EXCEPTION,0.0,0,True,True
1785.317,-0.04428411156629032,-1.9999870554296082,-9.93852626286468e-06,2.634045763288765e-05,0,nan,nan,nan,5.0,8.3003014155768e-06,-5.521497477634085e-05,4.999973659542367,0.0,-1.0,SOLVER_EXCEPTION,0.0,0,True,True
1785.418,-0.04436285766288394,-1.999987036911463,-9.956762899619499e-06,2.631511736620327e-05,0,nan,nan,nan,5.0,8.321729015205977e-06,-5.5232670529647976e-05,4.999973684882634,0.0,-1.0,SOLVER_EXCEPTION,0.0,0,True,True
1785.517,-0.0444384825587534,-1.9999870191254223,-9.974279957426936e-06,2.629122193183941e-05,0,nan,nan,nan,5.0,8.342501149445963e-06,-5.524982548976709e-05,4.999973708778068,0.0,-1.0,SOLVER_EXCEPTION,0.0,0,True,True
1785.617,-0.04451800299073343,-1.9999870004215663,-9.992698866451895e-06,2.6266328417496166e-05,0,nan,nan,nan,5.0,8.363930942265734e-06,-5.526752258289136e-05,4.999973733671583,0.0,-1.0,SOLVER_EXCEPTION,0.0,0,True,True
1785.716,-0.044594402443045564,-1.9999869824498262,-1.0010394384200447e-05,2.6242672002699062e-05,0,nan,nan,nan,5.0,8.387329835677775e-06,-5.5286846017743585e-05,4.999973757327997,0.0,-1.0,SOLVER_EXCEPTION,0.0,0,True,True
1785.815,-0.04467001989649945,-1.999986964659778,-1.0027911815349117e-05,2.621968907510032e-05,0,nan,nan,nan,5.0,8.408762411338765e-06,-5.530454187496758e-05,4.999973780310925,0.0,-1.0,SOLVER_EXCEPTION,0.0,0,True,True
1785.919,-0.044752650692179985,-1.9999869452179413,-1.0047053760021302e-05,2.6194830146356987e-05,0,nan,nan,nan,5.0,8.430852288265285e-06,-5.5322778437449927e-05,4.999973805169853,0.0,-1.0,SOLVER_EXCEPTION,0.0,0,True,True
1786.016,-0.04482826321658204,-1.9999869274250797,-1.0064567483061153e-05,2.6172217507580326e-05,0,nan,nan,nan,5.0,8.452942964878215e-06,-5.534101773019273e-05,4.999973827782492,0.0,-1.0,SOLVER_EXCEPTION,0.0,0,True,True
1786.119,-0.04490932974834237,-1.9999869083470894,-1.0083347157499775e-05,2.6148387055827985e-05,0,nan,nan,nan,5.0,8.473285084282361e-06,-5.535781255083805e-05,4.999973851612944,0.0,-1.0,SOLVER_EXCEPTION,0.0,0,True,True
1786.215,-0.04498259916425279,-1.999986891102562,-1.0100324524656405e-05,2.6127301265324637e-05,0,nan,nan,nan,5.0,8.496472163224768e-06,-5.5376954584129834e-05,4.999973872698734,0.0,-1.0,SOLVER_EXCEPTION,0.0,0,True,True
1786.318,-0.04506288130727533,-1.9999868722049219,-1.0118922571376738e-05,2.610423485065589e-05,0,nan,nan,nan,5.0,8.518567270301237e-06,-5.5395191388640797e-05,4.999973895765149,0.0,-1.0,SOLVER_EXCEPTION,0.0,0,True,True
1786.417,-0.0451392639292021,-1.9999868542232422,-1.0136618463429352e-05,2.608259899701551e-05,0,nan,nan,nan,5.0,8.540444735610714e-06,-5.541324852265106e-05,4.999973917401003,0.0,-1.0,SOLVER_EXCEPTION,0.0,0,True,True
1786.523,-0.045212526784829364,-1.9999868369751317,-1.0153595554544681e-05,2.6062250611151913e-05,0,nan,nan,nan,5.0,8.559916287651569e-06,-5.542932048951954e-05,4.999973937749389,0.0,-1.0,SOLVER_EXCEPTION,0.0,0,True,True
1786.62,-0.04529903668132992,-1.999986816605327,-1.017363845274026e-05,2.6038316502650525e-05,0,nan,nan,nan,5.0,8.583108816746286e-06,-5.544846258231928e-05,4.999973961683497,0.0,-1.0,SOLVER_EXCEPTION,0.0,0,True,True
1786.716,-0.045376191789130944,-1.9999867984362476,-1.0191517444872553e-05,2.6017418121458425e-05,0,nan,nan,nan,5.0,8.606302845265276e-06,-5.54676035360302e-05,4.999973982581879,0.0,-1.0,SOLVER_EXCEPTION,0.0,0,True,True
1786.814,-0.045453344693537415,-1.999986780265392,-1.020939321852131e-05,2.5996615746802843e-05,0,nan,nan,nan,5.0,8.627747940684241e-06,-5.548530078369751e-05,4.999974003384253,0.0,-1.0,SOLVER_EXCEPTION,0.0,0,True,True
1786.918,-0.045531274711133794,-1.999986761909737,-1.0227450391610257e-05,2.5975900247797157e-05,0,nan,nan,nan,5.0,8.649850478433131e-06,-5.55035405258586e-05,4.999974024099752,0.0,-1.0,SOLVER_EXCEPTION,0.0,0,True,True
1787.017,-0.0456084232687629,-1.9999867437370946,-1.0245328404472827e-05,2.595568755717777e-05,0,nan,nan,nan,5.0,8.671735138013247e-06,-5.55215972961598e-05,4.9999740443124425,0.0,-1.0,SOLVER_EXCEPTION,0.0,0,True,True
1787.118,-0.04568634895036283,-1.9999867253789279,-1.0263387167732617e-05,2.593557049768009e-05,0,nan,nan,nan,5.0,8.693183846401786e-06,-5.5539294856021826e-05,4.9999740644295025,0.0,-1.0,SOLVER_EXCEPTION,0.0,0,True,True
1787.216,-0.04576427249376133,-1.9999867070191664,-1.0281444688520841e-05,2.5915642188087194e-05,0,nan,nan,nan,5.0,8.715290381413392e-06,-5.555753510533279e-05,4.999974084357812,0.0,-1.0,SOLVER_EXCEPTION,0.0,0,True,True
1787.317,-0.04584297312947036,-1.9999866884745658,-1.02996849280276e-05,2.5895876491414172e-05,0,nan,nan,nan,5.0,8.73739844889733e-06,-5.557577210257847e-05,4.999974104123509,0.0,-1.0,SOLVER_EXCEPTION,0.0,0,True,True
1787.417,-0.04592089245570979,-1.9999866701122075,-1.031774353455122e-05,2.5876492464554437e-05,0,nan,nan,nan,5.0,8.7586313374694e-06,-5.5593289105981825e-05,4.999974123507536,0.0,-1.0,SOLVER_EXCEPTION,0.0,0,True,True
1787.53,-0.046006601337831556,-1.9999866499120476,-1.0337607297908738e-05,2.5855420751957403e-05,0,nan,nan,nan,5.0,8.780085050378916e-06,-5.561098564665912e-05,4.999974144579248,0.0,-1.0,SOLVER_EXCEPTION,0.0,0,True,True
1787.616,-0.04607516667308205,-1.9999866337510752,-1.0353497968707479e-05,2.5838726412697842e-05,0,nan,nan,nan,5.0,8.80307243108767e-06,-5.562994839802826e-05,4.999974161273587,0.0,-1.0,SOLVER_EXCEPTION,0.0,0,True,True
1787.717,-0.04615463818530617,-1.99998661501701,-1.037191676345445e-05,2.581964791111238e-05,0,nan,nan,nan,5.0,8.824966744781518e-06,-5.5648007201813954e-05,4.999974180352089,0.0,-1.0,SOLVER_EXCEPTION,0.0,0,True,True
1787.816,-0.0462317703275729,-1.9999865968327446,-1.0389795916271304e-05,2.5801465520374187e-05,0,nan,nan,nan,5.0,8.846862314501896e-06,-5.566606466489432e-05,4.999974198534479,0.0,-1.0,SOLVER_EXCEPTION,0.0,0,True,True
1787.918,-0.04630812146741307,-1.9999865788313824,-1.0407492614702521e-05,2.578356223249301e-05,0,nan,nan,nan,5.0,8.86832055984473e-06,-5.568376154396759e-05,4.999974216437767,0.0,-1.0,SOLVER_EXCEPTION,0.0,0,True,True
1788.017,-0.04638680794400335,-1.9999865602771394,-1.0425733248712175e-05,2.5765490173743356e-05,0,nan,nan,nan,5.0,8.890656613660738e-06,-5.570218057338039e-05,4.999974234509827,0.0,-1.0,SOLVER_EXCEPTION,0.0,0,True,True
1788.115,-0.04646393438220898,-1.999986542088518,-1.0443609548474202e-05,2.574784026928515e-05,0,nan,nan,nan,5.0,8.912556073611315e-06,-5.572023960809247e-05,4.99997425215973,0.0,-1.0,SOLVER_EXCEPTION,0.0,0,True,True
1788.218,-0.04653326869294367,-1.9999865257362297,-1.0459680939156746e-05,2.5732184024293935e-05,0,nan,nan,nan,5.0,8.934237773049144e-06,-5.5738119147275e-05,4.9999742678159755,0.0,-1.0,SOLVER_EXCEPTION,0.0,0,True,True
1788.319,-0.04662285578608821,-1.9999865046050227,-1.0480448796833133e-05,2.571231126538349e-05,0,nan,nan,nan,5.0,8.956140028454024e-06,-5.5756176747578934e-05,4.999974287688735,0.0,-1.0,SOLVER_EXCEPTION,0.0,0,True,True
1788.419,-0.04670075562936603,-1.9999864862286443,-1.0498506302730418e-05,2.569516417443381e-05,0,nan,nan,nan,5.0,8.978261749683153e-06,-5.577441670823191e-05,4.999974304835826,0.0,-1.0,SOLVER_EXCEPTION,0.0,0,True,True
1788.523,-0.046780990570937486,-1.9999864673001215,-1.0517107405753905e-05,2.5677815780933286e-05,0,nan,nan,nan,5.0,8.998852386395912e-06,-5.5791391019521797e-05,4.999974322184219,0.0,-1.0,SOLVER_EXCEPTION,0.0,0,True,True
1788.621,-0.046858107800957796,-1.9999864491046662,-1.0534987272266733e-05,2.5661446611207594e-05,0,nan,nan,nan,5.0,9.022072556245398e-06,-5.5810533743372304e-05,4.999974338553389,0.0,-1.0,SOLVER_EXCEPTION,0.0,0,True,True
1788.719,-0.046934444361211476,-1.9999864310914817,-1.0552684002564503e-05,2.5645305576827e-05,0,nan,nan,nan,5.0,9.043103730030519e-06,-5.58278687781133e-05,4.999974354694423,0.0,-1.0,SOLVER_EXCEPTION,0.0,0,True,True
1788.818,-0.04701155816199379,-1.9999864128932203,-1.0570560312890709e-05,2.562913372611463e-05,0,nan,nan,nan,5.0,9.065888488233107e-06,-5.5846650442781254e-05,4.999974370866274,0.0,-1.0,SOLVER_EXCEPTION,0.0,0,True,True
1788.918,-0.04708944917295479,-1.9999863945102507,-1.0588618725080533e-05,2.5613057140213358e-05,0,nan,nan,nan,5.0,9.087578729161888e-06,-5.586452933314945e-05,4.99997438694286,0.0,-1.0,SOLVER_EXCEPTION,0.0,0,True,True
1789.015,-0.04716578071014315,-1.9999863764936658,-1.0606318598772333e-05,2.5597664298970977e-05,0,nan,nan,nan,5.0,9.109489971986914e-06,-5.588258747257768e-05,4.999974402335701,0.0,-1.0,SOLVER_EXCEPTION,0.0,0,True,True
1789.115,-0.047243668367487265,-1.9999863581074746,-1.0624377835052728e-05,2.558206332526687e-05,0,nan,nan,nan,5.0,9.131621909395692e-06,-5.590082512307859e-05,4.9999744179366745,0.0,-1.0,SOLVER_EXCEPTION,0.0,0,True,True
1789.218,-0.04732155436261186,-1.9999863397198163,-1.064243577462114e-05,2.5566583792356466e-05,0,nan,nan,nan,5.0,9.152878347385023e-06,-5.591834308127375e-05,4.999974433416208,0.0,-1.0,SOLVER_EXCEPTION,0.0,0,True,True
1789.317,-0.04740021755164226,-1.9999863211470381,-1.066067305466438e-05,2.5551060693489354e-05,0,nan,nan,nan,5.0,9.175231260903371e-06,-5.593676291715255e-05,4.999974448939306,0.0,-1.0,SOLVER_EXCEPTION,0.0,0,True,True
1789.419,-0.04747498499057549,-1.9999863034930767,-1.0678012673394584e-05,2.5536766189548863e-05,0,nan,nan,nan,5.0,9.196928478899577e-06,-5.595464273300266e-05,4.99997446323381,0.0,-1.0,SOLVER_EXCEPTION,0.0,0,True,True
1789.523,-0.0475606542012809,-1.9999862832623767,-1.0697876887125403e-05,2.5520376674402864e-05,0,nan,nan,nan,5.0,9.219284637915816e-06,-5.597306221405418e-05,4.999974479623326,0.0,-1.0,SOLVER_EXCEPTION,0.0,0,True,True
1789.624,-0.047637754856453295,-1.9999862650529907,-1.0715753598145e-05,2.5505784559964776e-05,0,nan,nan,nan,5.0,9.241203924142379e-06,-5.599112158183317e-05,4.99997449421544,0.0,-1.0,SOLVER_EXCEPTION,0.0,0,True,True
1789.718,-0.04770784503423734,-1.9999862484977102,-1.073200634609864e-05,2.5492732656167755e-05,0,nan,nan,nan,5.0,9.262466963375117e-06,-5.6008636405646683e-05,4.999974507267344,0.0,-1.0,SOLVER_EXCEPTION,0.0,0,True,True
1789.815,-0.04778883657391798,-1.9999862293662485,-1.0750786631419678e-05,2.547777934647823e-05,0,nan,nan,nan,5.0,9.285045878138148e-06,-5.602723803566079e-05,4.999974522220653,0.0,-1.0,SOLVER_EXCEPTION,0.0,0,True,True
1789.923,-0.04787138394944622,-1.9999862098650931,-1.076993021114739e-05,2.546287665655425e-05,0,nan,nan,nan,5.0,9.308065410574704e-06,-5.604619869226113e-05,4.999974537123343,0.0,-1.0,SOLVER_EXCEPTION,0.0,0,True,True
1790.016,-0.04794380619984884,-1.9999861927545863,-1.0786725890941492e-05,2.5449953884792084e-05,0,nan,nan,nan,5.0,9.32889361361267e-06,-5.6063355950541904e-05,4.999974550046115,0.0,-1.0,SOLVER_EXCEPTION,0.0,0,True,True
1790.119,-0.04802479300312022,-1.99998617361856,-1.0805506696825947e-05,2.5435595472086722e-05,0,nan,nan,nan,5.0,9.350819570036369e-06,-5.6081414260500395e-05,4.9999745644045275,0.0,-1.0,SOLVER_EXCEPTION,0.0,0,True,True
1790.218,-0.04810032734305029,-1.9999861557690048,-1.0823025086267813e-05,2.542246986847136e-05,0,nan,nan,nan,5.0,9.372746747292184e-06,-5.6099473481285855e-05,4.999974577530131,0.0,-1.0,SOLVER_EXCEPTION,0.0,0,True,True
1790.315,-0.04817819637133631,-1.9999861373666792,-1.0841083723562968e-05,2.540899224613289e-05,0,nan,nan,nan,5.0,9.394455370765564e-06,-5.611735257593509e-05,4.999974591007754,0.0,-1.0,SOLVER_EXCEPTION,0.0,0,True,True
1790.416,-0.04825684263943661,-1.9999861187785213,-1.0859324985476268e-05,2.5395687899648875e-05,0,nan,nan,nan,5.0,9.41660436948656e-06,-5.613559382444677e-05,4.999974604312101,0.0,-1.0,SOLVER_EXCEPTION,0.0,0,True,True
1790.517,-0.04833315150377527,-1.9999861007407636,-1.0877022234521545e-05,2.538282953161418e-05,0,nan,nan,nan,5.0,9.438535679586926e-06,-5.615365229383329e-05,4.999974617170468,0.0,-1.0,SOLVER_EXCEPTION,0.0,0,True,True
1790.615,-0.04841179495339014,-1.9999860821495294,-1.0895260391381483e-05,2.5369685599058588e-05,0,nan,nan,nan,5.0,9.46024904731018e-06,-5.617152915826651e-05,4.999974630314401,0.0,-1.0,SOLVER_EXCEPTION,0.0,0,True,True
1790.716,-0.04849043699932037,-1.999986063557041,-1.0913501413178939e-05,2.5356853722541143e-05,0,nan,nan,nan,5.0,9.482402045021114e-06,-5.6189770052839094e-05,4.9999746431462775,0.0,-1.0,SOLVER_EXCEPTION,0.0,0,True,True
1790.816,-0.04856674181792987,-1.999986045515947,-1.0931199051998621e-05,2.534445470282018e-05,0,nan,nan,nan,5.0,9.504336678263706e-06,-5.620782911153199e-05,4.999974655545297,0.0,-1.0,SOLVER_EXCEPTION,0.0,0,True,True
1790.918,-0.04864460254930643,-1.999986027104695,-1.0949257722602077e-05,2.5331977539318476e-05,0,nan,nan,nan,5.0,9.5260536870528e-06,-5.622570934971094e-05,4.99997466802246,0.0,-1.0,SOLVER_EXCEPTION,0.0,0,True,True
1791.021,-0.048724019130242935,-1.999986008323939,-1.0967678860129247e-05,2.5319474391061562e-05,0,nan,nan,nan,5.0,9.548210952857619e-06,-5.6243947714307296e-05,4.999974680525609,0.0,-1.0,SOLVER_EXCEPTION,0.0,0,True,True
1791.12,-0.04880343435008182,-1.9999859895414849,-1.0986098679748442e-05,2.5307065842447763e-05,0,nan,nan,nan,5.0,9.570150262209598e-06,-5.6262006255636265e-05,4.999974692934158,0.0,-1.0,SOLVER_EXCEPTION,0.0,0,True,True
1791.216,-0.04887895542019404,-1.999985971678586,-1.1003617234122582e-05,2.529548973017438e-05,0,nan,nan,nan,5.0,9.59187104007885e-06,-5.627988579837151e-05,4.99997470451027,0.0,-1.0,SOLVER_EXCEPTION,0.0,0,True,True
1791.317,-0.04895681093694591,-1.9999859532624142,-1.1021676578130906e-05,2.5283631562359388e-05,0,nan,nan,nan,5.0,9.612496079179633e-06,-5.62968622248583e-05,4.999974716368437,0.0,-1.0,SOLVER_EXCEPTION,0.0,0,True,True
1791.415,-0.049034665193812395,-1.9999859348441649,-1.1039735481712541e-05,2.5271928419604107e-05,0,nan,nan,nan,5.0,9.635974878742564e-06,-5.631618714696529e-05,4.999974728071581,0.0,-1.0,SOLVER_EXCEPTION,0.0,0,True,True
1791.515,-0.049111739682544064,-1.9999859166087637,-1.105761609858761e-05,2.526061466463833e-05,0,nan,nan,nan,5.0,9.657919528194563e-06,-5.6334246158140644e-05,4.999974739385335,0.0,-1.0,SOLVER_EXCEPTION,0.0,0,True,True
1791.615,-0.04918959147896499,-1.9999858981873933,-1.1075674840284666e-05,2.5249194023428368e-05,0,nan,nan,nan,5.0,9.679865765589557e-06,-5.635230489975385e-05,4.999974750805976,0.0,-1.0,SOLVER_EXCEPTION,0.0,0,True,True
1791.714,-0.04926744206207168,-1.9999858797652321,-1.1093734233923808e-05,2.5237917805612705e-05,0,nan,nan,nan,5.0,9.701593299127018e-06,-5.637018132897964e-05,4.999974762082195,0.0,-1.0,SOLVER_EXCEPTION,0.0,0,True,True
1791.82,-0.04934840539774326,-1.9999858606045067,-1.1112515588269805e-05,2.5226337965855516e-05,0,nan,nan,nan,5.0,9.72376096706158e-06,-5.638842282174039e-05,4.999974773662034,0.0,-1.0,SOLVER_EXCEPTION,0.0,0,True,True
1791.919,-0.049427032028206815,-1.9999858419955236,-1.1130756930105707e-05,2.5215317339866395e-05,0,nan,nan,nan,5.0,9.745491216264283e-06,-5.640630339653896e-05,4.99997478468266,0.0,-1.0,SOLVER_EXCEPTION,0.0,0,True,True
1792.018,-0.04950332207554874,-1.9999858239372876,-1.1148455836027765e-05,2.520475220308932e-05,0,nan,nan,nan,5.0,9.76700363136535e-06,-5.64240021740936e-05,4.999974795247797,0.0,-1.0,SOLVER_EXCEPTION,0.0,0,True,True
1792.119,-0.049581946373684134,-1.9999858053247543,-1.116669441331343e-05,2.5193872491817046e-05,0,nan,nan,nan,5.0,9.78983433311318e-06,-5.644278349015153e-05,4.999974806127508,0.0,-1.0,SOLVER_EXCEPTION,0.0,0,True,True
1792.215,-0.049657455744575224,-1.9999857874483318,-1.1184213340381797e-05,2.5183682601088598e-05,0,nan,nan,nan,5.0,9.81134893672174e-06,-5.646048187202268e-05,4.9999748163173985,0.0,-1.0,SOLVER_EXCEPTION,0.0,0,True,True
1792.318,-0.04973763463990072,-1.9999857684648075,-1.1202812754461779e-05,2.517281035147545e-05,0,nan,nan,nan,5.0,9.833523245952582e-06,-5.647872333236492e-05,4.999974827189648,0.0,-1.0,SOLVER_EXCEPTION,0.0,0,True,True
1792.422,-0.049817033938431385,-1.9999857496642794,-1.1221235904422634e-05,2.5162442607188893e-05,0,nan,nan,nan,5.0,9.855480044975709e-06,-5.6496782343984364e-05,4.999974837557393,0.0,-1.0,SOLVER_EXCEPTION,0.0,0,True,True
1792.516,-0.04989098323945063,-1.9999857321520882,-1.1238391079164866e-05,2.515271822427671e-05,0,nan,nan,nan,5.0,9.877438017352026e-06,-5.6514842682098276e-05,4.999974847281775,0.0,-1.0,SOLVER_EXCEPTION,0.0,0,True,True
1792.618,-0.04996882355311322,-1.999985713716962,-1.1256451252174928e-05,2.5142711069099602e-05,0,nan,nan,nan,5.0,9.899178068201778e-06,-5.653271995953446e-05,4.999974857288931,0.0,-1.0,SOLVER_EXCEPTION,0.0,0,True,True
1792.72,-0.05004977634490905,-1.9999856945430312,-1.1275232697222949e-05,2.5132364115299566e-05,0,nan,nan,nan,5.0,9.921577911260376e-06,-5.655113985891802e-05,4.999974867635885,0.0,-1.0,SOLVER_EXCEPTION,0.0,0,True,True
1792.815,-0.05012450098510763,-1.9999856768433906,-1.1292572674273711e-05,2.512309181038782e-05,0,nan,nan,nan,5.0,9.943319881391743e-06,-5.656901995454433e-05,4.9999748769081895,0.0,-1.0,SOLVER_EXCEPTION,0.0,0,True,True
1792.918,-0.05020467322842116,-1.9999856578509032,-1.1311172781949463e-05,2.5113060592919613e-05,0,nan,nan,nan,5.0,9.965283323149632e-06,-5.6587080363712516e-05,4.999974886939407,0.0,-1.0,SOLVER_EXCEPTION,0.0,0,True,True
1793.016,-0.05028095260107779,-1.9999856397788949,-1.1328870776369151e-05,2.510368668544604e-05,0,nan,nan,nan,5.0,9.98724820619182e-06,-5.660513957206348e-05,4.999974896313314,0.0,-1.0,SOLVER_EXCEPTION,0.0,0,True,True
1793.115,-0.05035800934310468,-1.9999856215211276,-1.1346751288238197e-05,2.5094435871481175e-05,0,nan,nan,nan,5.0,1.0009214488025443e-05,-5.66231997121136e-05,4.9999749055641285,0.0,-1.0,SOLVER_EXCEPTION,0.0,0,True,True
1793.215,-0.050435843436841016,-1.9999856030779533,-1.1364811127574194e-05,2.5085106286896098e-05,0,nan,nan,nan,5.0,1.0031181658302368e-05,-5.664125821169819e-05,4.999974914893713,0.0,-1.0,SOLVER_EXCEPTION,0.0,0,True,True
1793.318,-0.05051056323366886,-1.9999855853712518,-1.1382147685684283e-05,2.507622298503714e-05,0,nan,nan,nan,5.0,1.005161236156175e-05,-5.665805532162338e-05,4.999974923777015,0.0,-1.0,SOLVER_EXCEPTION,0.0,0,True,True
1793.415,-0.050591508661591275,-1.9999855661872494,-1.1400930641937148e-05,2.5066821176696e-05,0,nan,nan,nan,5.0,1.007512023342481e-05,-5.667738105108455e-05,4.999974933178823,0.0,-1.0,SOLVER_EXCEPTION,0.0,0,True,True
1793.52,-0.0506732313498956,-1.9999855468173997,-1.1419895260943377e-05,2.5057506629164477e-05,0,nan,nan,nan,5.0,1.0094674772565238e-05,-5.6693451864653355e-05,4.999974942493371,0.0,-1.0,SOLVER_EXCEPTION,0.0,0,True,True
1793.617,-0.050748726612388745,-1.9999855289216528,-1.1437411937868325e-05,2.504884612852211e-05,0,nan,nan,nan,5.0,1.0118845012943445e-05,-5.671331939183233e-05,4.999974951153871,0.0,-1.0,SOLVER_EXCEPTION,0.0,0,True,True
1793.719,-0.050828112426669694,-1.9999855101021142,-1.1455832408378029e-05,2.5039894630258863e-05,0,nan,nan,nan,5.0,1.014103861047705e-05,-5.673156106311694e-05,4.999974960105369,0.0,-1.0,SOLVER_EXCEPTION,0.0,0,True,True
1793.819,-0.05090204932370827,-1.9999854925735294,-1.147299022410805e-05,2.503172309563223e-05,0,nan,nan,nan,5.0,1.0163013949305863e-05,-5.674962028345831e-05,4.999974968276905,0.0,-1.0,SOLVER_EXCEPTION,0.0,0,True,True
1793.917,-0.05097909847027709,-1.999985474304717,-1.149087159809044e-05,2.5023411089385566e-05,0,nan,nan,nan,5.0,1.0184551714587701e-05,-5.6767318870942773e-05,4.999974976588911,0.0,-1.0,SOLVER_EXCEPTION,0.0,0,True,True
1794.019,-0.05106081628961502,-1.9999854549273592,-1.1509833268730862e-05,2.5014496415738744e-05,0,nan,nan,nan,5.0,1.0206969527884281e-05,-5.67857408584338e-05,4.999974985503584,0.0,-1.0,SOLVER_EXCEPTION,0.0,0,True,True
1794.119,-0.0511378636139606,-1.9999854366557712,-1.1527714250287578e-05,2.5006365896894222e-05,0,nan,nan,nan,5.0,1.0228949423834545e-05,-5.680380014627673e-05,4.999974993634103,0.0,-1.0,SOLVER_EXCEPTION,0.0,0,True,True
1794.217,-0.05121491007072721,-1.9999854183828183,-1.154559202110723e-05,2.4998143066775173e-05,0,nan,nan,nan,5.0,1.0250930248693677e-05,-5.6821860589195694e-05,4.999975001856933,0.0,-1.0,SOLVER_EXCEPTION,0.0,0,True,True
1794.311,-0.05128884273360924,-1.9999854008475622,-1.156274998357573e-05,2.499046801139194e-05,0,nan,nan,nan,5.0,1.0271593121405606e-05,-5.6838839174400135e-05,4.999975009531989,0.0,-1.0,SOLVER_EXCEPTION,0.0,0,True,True
1794.416,-0.051370556875422774,-1.9999853814644621,-1.1581714804757392e-05,2.4982160018868814e-05,0,nan,nan,nan,5.0,1.0294676164764435e-05,-5.6857800872833764e-05,4.999975017839981,0.0,-1.0,SOLVER_EXCEPTION,0.0,0,True,True
1794.516,-0.05144760077665862,-1.999985363187189,-1.1599592912711197e-05,2.497427027713269e-05,0,nan,nan,nan,5.0,1.0316881129227847e-05,-5.687604329374096e-05,4.999975025729723,0.0,-1.0,SOLVER_EXCEPTION,0.0,0,True,True
1794.617,-0.05152620027008711,-1.9999853445396365,-1.1617835387218115e-05,2.4966480929853397e-05,0,nan,nan,nan,5.0,1.0338867609575629e-05,-5.689410412967888e-05,4.99997503351907,0.0,-1.0,SOLVER_EXCEPTION,0.0,0,True,True
1794.716,-0.051604020715252975,-1.9999853260750864,-1.1635894607646825e-05,2.4958720773853133e-05,0,nan,nan,nan,5.0,1.0360855406527098e-05,-5.691216311909386e-05,4.999975041279226,0.0,-1.0,SOLVER_EXCEPTION,0.0,0,True,True
1794.823,-0.05168339672374368,-1.9999853072401652,-1.1654316554343396e-05,2.495097802502085e-05,0,nan,nan,nan,5.0,1.0382404505189894e-05,-5.692986248195808e-05,4.999975049021975,0.0,-1.0,SOLVER_EXCEPTION,0.0,0,True,True
1794.92,-0.051760437337360445,-1.999985288958013,-1.1672197521596812e-05,2.4943608290002883e-05,0,nan,nan,nan,5.0,1.0404834900383807e-05,-5.6948283554181245e-05,4.99997505639171,0.0,-1.0,SOLVER_EXCEPTION,0.0,0,True,True
1795.019,-0.05183903351873857,-1.999985270304362,-1.169043689014457e-05,2.4936051086954836e-05,0,nan,nan,nan,5.0,1.0425507789000383e-05,-5.696526042209271e-05,4.999975063948913,0.0,-1.0,SOLVER_EXCEPTION,0.0,0,True,True
1795.117,-0.05191607255770781,-1.9999852520189907,-1.1708318266481026e-05,2.4928898300120476e-05,0,nan,nan,nan,5.0,1.0448820532652127e-05,-5.698440417756245e-05,4.9999750711017,0.0,-1.0,SOLVER_EXCEPTION,0.0,0,True,True
1795.219,-0.0519946671527366,-1.9999852333625183,-1.1726557521051836e-05,2.4921504630510742e-05,0,nan,nan,nan,5.0,1.0470815164489178e-05,-5.700246465512038e-05,4.999975078495369,0.0,-1.0,SOLVER_EXCEPTION,0.0,0,True,True
1795.318,-0.0520701483504458,-1.9999852154443654,-1.1744076655572004e-05,2.491458537577757e-05,0,nan,nan,nan,5.0,1.0492810674245749e-05,-5.702052705647276e-05,4.999975085414624,0.0,-1.0,SOLVER_EXCEPTION,0.0,0,True,True
1795.415,-0.05214796326850048,-1.9999851969701492,-1.1762136716928938e-05,2.4907511307362576e-05,0,nan,nan,nan,5.0,1.0513268465113727e-05,-5.7037321849140454e-05,4.999975092488692,0.0,-1.0,SOLVER_EXCEPTION,0.0,0,True,True
1795.517,-0.05222655557278403,-1.9999851783097649,-1.1780379432715798e-05,2.4900574155545308e-05,0,nan,nan,nan,5.0,1.0536806947165713e-05,-5.705664826338719e-05,4.9999750994258445,0.0,-1.0,SOLVER_EXCEPTION,0.0,0,True,True
1795.619,-0.052306703380664406,-1.9999851592782216,-1.1798980314623389e-05,2.4893419752120107e-05,0,nan,nan,nan,5.0,1.0558807156075148e-05,-5.707470932225789e-05,4.999975106580248,0.0,-1.0,SOLVER_EXCEPTION,0.0,0,True,True
1795.719,-0.05238373791966572,-1.9999851409846876,-1.1816861875982421e-05,2.4886782252875348e-05,0,nan,nan,nan,5.0,1.0580808515513797e-05,-5.709276918874906e-05,4.999975113217747,0.0,-1.0,SOLVER_EXCEPTION,0.0,0,True,True
1795.82,-0.05246232798128572,-1.9999851223199625,-1.1835101110042527e-05,2.4879898716991296e-05,0,nan,nan,nan,5.0,1.060281096461282e-05,-5.7110829907891514e-05,4.999975120101283,0.0,-1.0,SOLVER_EXCEPTION,0.0,0,True,True
1795.916,-0.052537804879089225,-1.9999851043934571,-1.1852621456074118e-05,2.487356769883094e-05,0,nan,nan,nan,5.0,1.0624375442537462e-05,-5.7128529035388453e-05,4.999975126432301,0.0,-1.0,SOLVER_EXCEPTION,0.0,0,True,True
1796.018,-0.052616393520777946,-1.9999850857260475,-1.1870864377159389e-05,2.4867061270805667e-05,0,nan,nan,nan,5.0,1.0646821226198372e-05,-5.714695041492135e-05,4.999975132938729,0.0,-1.0,SOLVER_EXCEPTION,0.0,0,True,True
1796.121,-0.05269653764122128,-1.999985066687245,-1.1889465409979045e-05,2.4860342538377673e-05,0,nan,nan,nan,5.0,1.066882837246812e-05,-5.716501162655874e-05,4.999975139657462,0.0,-1.0,SOLVER_EXCEPTION,0.0,0,True,True
1796.218,-0.05277201250479574,-1.999985048756283,-1.1906985797234073e-05,2.4854247758031213e-05,0,nan,nan,nan,5.0,1.0690836756336206e-05,-5.7183071588085e-05,4.999975145752242,0.0,-1.0,SOLVER_EXCEPTION,0.0,0,True,True
1796.325,-0.05284826481056941,-1.9999850306395504,-1.1924683658780135e-05,2.4847960763796392e-05,0,nan,nan,nan,5.0,1.0713066006484713e-05,-5.7201313718113767e-05,4.999975152039236,0.0,-1.0,SOLVER_EXCEPTION,0.0,0,True,True
1796.417,-0.05292762877094217,-1.9999850117815858,-1.1943106404480847e-05,2.4841669023159722e-05,0,nan,nan,nan,5.0,1.0734856937108417e-05,-5.72191955701129e-05,4.999975158330977,0.0,-1.0,SOLVER_EXCEPTION,0.0,0,True,True
1796.515,-0.0530038797697483,-1.9999849936616068,-1.196080552243469e-05,2.4835638290710378e-05,0,nan,nan,nan,5.0,1.0756869410015838e-05,-5.7237257121478535e-05,4.999975164361709,0.0,-1.0,SOLVER_EXCEPTION,0.0,0,True,True
1796.62,-0.05308324238683568,-1.9999849748005756,-1.1979228159163061e-05,2.4829502264828323e-05,0,nan,nan,nan,5.0,1.0778663558157457e-05,-5.7255135603728746e-05,4.999975170497735,0.0,-1.0,SOLVER_EXCEPTION,0.0,0,True,True
1796.718,-0.05316182627671985,-1.9999849561232212,-1.1997471245735983e-05,2.482355273742351e-05,0,nan,nan,nan,5.0,1.0800898847860397e-05,-5.727337853533854e-05,4.999975176447262,0.0,-1.0,SOLVER_EXCEPTION,0.0,0,True,True
1796.818,-0.05323963146718636,-1.9999849376291279,-1.2015531035239696e-05,2.4817584804872496e-05,0,nan,nan,nan,5.0,1.0822474787971307e-05,-5.729107661034405e-05,4.999975182415195,0.0,-1.0,SOLVER_EXCEPTION,0.0,0,True,True
1796.918,-0.053317436027752095,-1.9999849191342665,-1.2033591878269006e-05,2.481173320299102e-05,0,nan,nan,nan,5.0,1.0845373456359936e-05,-5.730986068375188e-05,4.999975188266797,0.0,-1.0,SOLVER_EXCEPTION,0.0,0,True,True
1797.021,-0.053397574074930135,-1.999984900082716,-1.2052196288425959e-05,2.4805894650645427e-05,0,nan,nan,nan,5.0,1.0866512342458771e-05,-5.73271985571111e-05,4.99997519410535,0.0,-1.0,SOLVER_EXCEPTION,0.0,0,True,True
1797.119,-0.05347304329062309,-1.999984882139144,-1.2069713859591811e-05,2.48003113616347e-05,0,nan,nan,nan,5.0,1.0888973587140813e-05,-5.73456213524004e-05,4.999975199688638,0.0,-1.0,SOLVER_EXCEPTION,0.0,0,True,True
1797.221,-0.053553180080645635,-1.9999848630847814,-1.2088318430140883e-05,2.4794619441105408e-05,0,nan,nan,nan,5.0,1.0910334881458637e-05,-5.7363141734434464e-05,4.999975205380559,0.0,-1.0,SOLVER_EXCEPTION,0.0,0,True,True
1797.316,-0.05362709209068124,-1.9999848455086089,-1.2105474140040459e-05,2.4789217172645585e-05,0,nan,nan,nan,5.0,1.0932137474372074e-05,-5.7381023088165506e-05,4.999975210782828,0.0,-1.0,SOLVER_EXCEPTION,0.0,0,True,True
1797.416,-0.05370489362982044,-1.9999848270070721,-1.2123537362488498e-05,2.4783836261700983e-05,0,nan,nan,nan,5.0,1.095504324062534e-05,-5.7399806218327853e-05,4.9999752161637385,0.0,-1.0,SOLVER_EXCEPTION,0.0,0,True,True
1797.515,-0.0537819165780847,-1.999984808688281,-1.2141416514921426e-05,2.4778416378019922e-05,0,nan,nan,nan,5.0,1.0977069473451355e-05,-5.741786816226835e-05,4.999975221583622,0.0,-1.0,SOLVER_EXCEPTION,0.0,0,True,True
1797.624,-0.0538643849667222,-1.9999847890729978,-1.2160562159236834e-05,2.4772799479738165e-05,0,nan,nan,nan,5.0,1.0998877340695011e-05,-5.7435746309231206e-05,4.999975227200521,0.0,-1.0,SOLVER_EXCEPTION,0.0,0,True,True
1797.717,-0.05393907276647014,-1.9999847713061358,-1.217790051943698e-05,2.476774668205715e-05,0,nan,nan,nan,5.0,1.1020906446402377e-05,-5.745380791255528e-05,4.999975232253318,0.0,-1.0,SOLVER_EXCEPTION,0.0,0,True,True
1797.819,-0.0540153160274199,-1.9999847531682176,-1.2195599563576478e-05,2.47625927979735e-05,0,nan,nan,nan,5.0,1.1042936805607675e-05,-5.747186811122518e-05,4.999975237407202,0.0,-1.0,SOLVER_EXCEPTION,0.0,0,True,True
1797.918,-0.05409544867569951,-1.9999847341039438,-1.2214203897820362e-05,2.475734552848368e-05,0,nan,nan,nan,5.0,1.1063645956116462e-05,-5.748884895107054e-05,4.999975242654472,0.0,-1.0,SOLVER_EXCEPTION,0.0,0,True,True
1798.015,-0.054170912870643365,-1.9999847161488689,-1.2231724510659016e-05,2.4752488628835997e-05,0,nan,nan,nan,5.0,1.1087221490296833e-05,-5.750817300098632e-05,4.9999752475113715,0.0,-1.0,SOLVER_EXCEPTION,0.0,0,True,True
1798.116,-0.05424637655586992,-1.9999846981918887,-1.2249242498381683e-05,2.4747554298771757e-05,0,nan,nan,nan,5.0,1.1108154365792404e-05,-5.7525332758601166e-05,4.999975252445701,0.0,-1.0,SOLVER_EXCEPTION,0.0,0,True,True
1798.217,-0.05432806348284558,-1.9999846787527562,-1.2268208483759577e-05,2.4742444867635325e-05,0,nan,nan,nan,5.0,1.1131071767829109e-05,-5.7544115899421655e-05,4.999975257555132,0.0,-1.0,SOLVER_EXCEPTION,0.0,0,True,True
1798.316,-0.05440508205198921,-1.9999846604226983,-1.2286087502858203e-05,2.4737518387549646e-05,0,nan,nan,nan,5.0,1.115310902206423e-05,-5.7562177513847956e-05,4.9999752624816125,0.0,-1.0,SOLVER_EXCEPTION,0.0,0,True,True
1798.415,-0.05447898827903881,-1.9999846428326635,-1.2303246284806563e-05,2.473293818440667e-05,0,nan,nan,nan,5.0,1.1174706556098805e-05,-5.7579876344249215e-05,4.999975267061815,0.0,-1.0,SOLVER_EXCEPTION,0.0,0,True,True
1798.515,-0.05455989561554418,-1.9999846235741972,-1.2322030771648425e-05,2.4728022353289834e-05,0,nan,nan,nan,5.0,1.1197407788426446e-05,-5.759848114728072e-05,4.999975271977647,0.0,-1.0,SOLVER_EXCEPTION,0.0,0,True,True
1798.615,-0.05463769061248852,-1.9999846050548777,-1.2340091628147588e-05,2.4723290166494582e-05,0,nan,nan,nan,5.0,1.1219449300314881e-05,-5.761654321867482e-05,4.999975276709834,0.0,-1.0,SOLVER_EXCEPTION,0.0,0,True,True
1798.711,-0.054718596876562026,-1.999984585793557,-1.2358876287894682e-05,2.4718497219420828e-05,0,nan,nan,nan,5.0,1.1241492287815087e-05,-5.763460409413668e-05,4.99997528150278,0.0,-1.0,SOLVER_EXCEPTION,0.0,0,True,True
1798.817,-0.05479483498072693,-1.9999845676416779,-1.2376575817956875e-05,2.4713965255602456e-05,0,nan,nan,nan,5.0,1.1262213295093979e-05,-5.765158135284665e-05,4.999975286034744,0.0,-1.0,SOLVER_EXCEPTION,0.0,0,True,True
1798.918,-0.05486718295070167,-1.9999845504156204,-1.239337353652657e-05,2.470974434801407e-05,0,nan,nan,nan,5.0,1.1284699745667335e-05,-5.767000359613306e-05,4.999975290255652,0.0,-1.0,SOLVER_EXCEPTION,0.0,0,True,True
1799.019,-0.05495042149538206,-1.9999845305944282,-1.2412701203277972e-05,2.4705043004455392e-05,0,nan,nan,nan,5.0,1.1307628333567551e-05,-5.768878853418258e-05,4.999975294956996,0.0,-1.0,SOLVER_EXCEPTION,0.0,0,True,True
1799.116,-0.055025102341010844,-1.9999845128090301,-1.2430041308474173e-05,2.4700887499554696e-05,0,nan,nan,nan,5.0,1.1328795278586518e-05,-5.770612737654446e-05,4.9999752991125,0.0,-1.0,SOLVER_EXCEPTION,0.0,0,True,True
1799.215,-0.05510445026323317,-1.9999844939108038,-1.2448463777736294e-05,2.4696414764308624e-05,0,nan,nan,nan,5.0,1.135106537025552e-05,-5.772437123097163e-05,4.999975303585236,0.0,-1.0,SOLVER_EXCEPTION,0.0,0,True,True
1799.314,-0.05518146395959826,-1.9999844755667355,-1.2466342986411539e-05,2.4692054092558707e-05,0,nan,nan,nan,5.0,1.1373778215428128e-05,-5.774297304572684e-05,4.999975307945907,0.0,-1.0,SOLVER_EXCEPTION,0.0,0,True,True
1799.419,-0.05526158884204621,-1.9999844564806073,-1.2484948144739514e-05,2.4687755635733072e-05,0,nan,nan,nan,5.0,1.139583062027774e-05,-5.776103380705777e-05,4.999975312244365,0.0,-1.0,SOLVER_EXCEPTION,0.0,0,True,True
1799.518,-0.055340157433751966,-1.99998443776341,-1.2503188612537977e-05,2.468340327708913e-05,0,nan,nan,nan,5.0,1.1417883848998202e-05,-5.777909870996467e-05,4.999975316596723,0.0,-1.0,SOLVER_EXCEPTION,0.0,0,True,True
1799.618,-0.05541716976791499,-1.9999844194160867,-1.2521070872896455e-05,2.4679340758045484e-05,0,nan,nan,nan,5.0,1.1439939131752037e-05,-5.7797160013972615e-05,4.999975320659242,0.0,-1.0,SOLVER_EXCEPTION,0.0,0,True,True
1799.725,-0.05550118272866296,-1.999984399398575,-1.2540577045915034e-05,2.4674889940132757e-05,0,nan,nan,nan,5.0,1.1461995979629175e-05,-5.7815222337609384e-05,4.99997532511006,0.0,-1.0,SOLVER_EXCEPTION,0.0,0,True,True
1799.817,-0.0555727489227732,-1.9999843823451335,-1.2557194493281083e-05,2.4671225283447023e-05,0,nan,nan,nan,5.0,1.1483613101577753e-05,-5.783292213212832e-05,4.999975328774717,0.0,-1.0,SOLVER_EXCEPTION,0.0,0,True,True
1799.919,-0.05564742630102229,-1.9999843645488307,-1.2574532687090847e-05,2.4667336581672038e-05,0,nan,nan,nan,5.0,1.150589332473052e-05,-5.785116274648061e-05,4.999975332663419,0.0,-1.0,SOLVER_EXCEPTION,0.0,0,True,True
1800.015,-0.05572599270181035,-1.9999843458252176,-1.259277591682941e-05,2.4663365802979793e-05,0,nan,nan,nan,5.0,1.1528174159678092e-05,-5.786940597607426e-05,4.999975336634197,0.0,-1.0,SOLVER_EXCEPTION,0.0,0,True,True
1800.115,-0.05580455867299497,-1.9999843270995696,-1.2611019956010721e-05,2.46595263433414e-05,0,nan,nan,nan,5.0,1.15502364751637e-05,-5.78874684369346e-05,4.999975340473656,0.0,-1.0,SOLVER_EXCEPTION,0.0,0,True,True
1800.22,-0.055885457843685815,-1.9999843078163724,-1.2629805137759425e-05,2.465556429256445e-05,0,nan,nan,nan,5.0,1.1572079332523812e-05,-5.790535142979891e-05,4.999975344435708,0.0,-1.0,SOLVER_EXCEPTION,0.0,0,True,True
1800.32,-0.055963245089130996,-1.999984289273055,-1.2647866478431542e-05,2.465174422942659e-05,0,nan,nan,nan,5.0,1.1594144523108866e-05,-5.7923412689842024e-05,4.999975348255771,0.0,-1.0,SOLVER_EXCEPTION,0.0,0,True,True
1800.427,-0.0560410319293114,-1.9999842707286288,-1.2665929189382724e-05,2.4648029596517113e-05,0,nan,nan,nan,5.0,1.1615990174021453e-05,-5.794129240577206e-05,4.999975351970403,0.0,-1.0,SOLVER_EXCEPTION,0.0,0,True,True
1800.518,-0.05611570691932141,-1.9999842529244876,-1.268326784952429e-05,2.4644427334730946e-05,0,nan,nan,nan,5.0,1.1638057724152077e-05,-5.795935475649827e-05,4.999975355572666,0.0,-1.0,SOLVER_EXCEPTION,0.0,0,True,True
1800.618,-0.056194270838465385,-1.9999842341921938,-1.2701511755484199e-05,2.4640784973569406e-05,0,nan,nan,nan,5.0,1.1660126493828977e-05,-5.797741931745648e-05,4.999975359215027,0.0,-1.0,SOLVER_EXCEPTION,0.0,0,True,True
1800.72,-0.05627283435938009,-1.9999842154578003,-1.2719752912779707e-05,2.463706412241594e-05,0,nan,nan,nan,5.0,1.1682638592594294e-05,-5.7995842029701095e-05,4.999975362935878,0.0,-1.0,SOLVER_EXCEPTION,0.0,0,True,True
1800.817,-0.056347508232525864,-1.9999841976495054,-1.2737091966845948e-05,2.4633617125717877e-05,0,nan,nan,nan,5.0,1.1704490000421638e-05,-5.801372202629551e-05,4.999975366382874,0.0,-1.0,SOLVER_EXCEPTION,0.0,0,True,True
1800.917,-0.056426848838294075,-1.9999841787270463,-1.2755516035231079e-05,2.463006407797936e-05,0,nan,nan,nan,5.0,1.1726563325627864e-05,-5.8031784756718e-05,4.999975369935922,0.0,-1.0,SOLVER_EXCEPTION,0.0,0,True,True
1801.021,-0.05650696689624321,-1.999984159617573,-1.2774121544133262e-05,2.4626564731873662e-05,0,nan,nan,nan,5.0,1.1748196316304464e-05,-5.804948416487932e-05,4.9999753734352685,0.0,-1.0,SOLVER_EXCEPTION,0.0,0,True,True
1801.115,-0.056583973202170235,-1.9999841412487047,-1.2792001083788275e-05,2.4623047820953826e-05,0,nan,nan,nan,5.0,1.1770713490323203e-05,-5.806791111950815e-05,4.999975376952179,0.0,-1.0,SOLVER_EXCEPTION,0.0,0,True,True
1801.218,-0.05666175698491238,-1.999984122693504,-1.2810065236805352e-05,2.4619752628721677e-05,0,nan,nan,nan,5.0,1.1792570423948736e-05,-5.80857911600674e-05,4.999975380247371,0.0,-1.0,SOLVER_EXCEPTION,0.0,0,True,True
1801.317,-0.056738762573304465,-1.9999841043217097,-1.2827945326732949e-05,2.461636540052429e-05,0,nan,nan,nan,5.0,1.1815090962976617e-05,-5.810421409435662e-05,4.9999753836346,0.0,-1.0,SOLVER_EXCEPTION,0.0,0,True,True
1801.416,-0.05681654564029157,-1.9999840857629025,-1.2846008062408089e-05,2.46131019889222e-05,0,nan,nan,nan,5.0,1.1836950667273576e-05,-5.8122097076118706e-05,4.9999753868980115,0.0,-1.0,SOLVER_EXCEPTION,0.0,0,True,True
1801.521,-0.05689821748083565,-1.999984066275124,-1.2864975182453668e-05,2.460976408682773e-05,0,nan,nan,nan,5.0,1.1859032297189243e-05,-5.814015984162424e-05,4.999975390235913,0.0,-1.0,SOLVER_EXCEPTION,0.0,0,True,True
1801.618,-0.056973666363592676,-1.9999840482702305,-1.2882493852087455e-05,2.460654190447293e-05,0,nan,nan,nan,5.0,1.1882219605267472e-05,-5.815912391149425e-05,4.9999753934580955,0.0,-1.0,SOLVER_EXCEPTION,0.0,0,True,True
1801.715,-0.057049114922595026,-1.999984030265095,-1.2900015023419312e-05,2.4603451416287947e-05,0,nan,nan,nan,5.0,1.1903199081445574e-05,-5.817628385207385e-05,4.999975396548583,0.0,-1.0,SOLVER_EXCEPTION,0.0,0,True,True
1801.815,-0.05712689660741414,-1.9999840117008991,-1.2918077009124303e-05,2.46002960493336e-05,0,nan,nan,nan,5.0,1.1925505685837393e-05,-5.819452863820018e-05,4.999975399703951,0.0,-1.0,SOLVER_EXCEPTION,0.0,0,True,True
1801.917,-0.05720623358016494,-1.9999839927637648,-1.2936500549406018e-05,2.4597135761854512e-05,0,nan,nan,nan,5.0,1.1947593232182036e-05,-5.821259084992647e-05,4.999975402864238,0.0,-1.0,SOLVER_EXCEPTION,0.0,0,True,True
1802.015,-0.057282458974283634,-1.999983974568015,-1.2954202359928344e-05,2.4594171868390205e-05,0,nan,nan,nan,5.0,1.1969681980988185e-05,-5.823065270105232e-05,4.999975405828132,0.0,-1.0,SOLVER_EXCEPTION,0.0,0,True,True
1802.119,-0.057362573080383096,-1.9999839554425696,-1.2972808169039019e-05,2.4591136632318123e-05,0,nan,nan,nan,5.0,1.1991109209506963e-05,-5.82481707693816e-05,4.999975408863368,0.0,-1.0,SOLVER_EXCEPTION,0.0,0,True,True
1802.224,-0.05744502024921038,-1.9999839357586089,-1.2991954098571915e-05,2.4587946309581955e-05,0,nan,nan,nan,5.0,1.2013862923975516e-05,-5.82667766675371e-05,4.999975412053691,0.0,-1.0,SOLVER_EXCEPTION,0.0,0,True,True
1802.315,-0.057515800079907836,-1.9999839188592152,-1.3008391362746531e-05,2.4585260353048164e-05,0,nan,nan,nan,5.0,1.2035513941525982e-05,-5.8284478574144316e-05,4.999975414739647,0.0,-1.0,SOLVER_EXCEPTION,0.0,0,True,True
1802.418,-0.057595913199928454,-1.9999838997293204,-1.3026994360455307e-05,2.4582179994275933e-05,0,nan,nan,nan,5.0,1.2058050078802269e-05,-5.8302901862816725e-05,4.999975417820005,0.0,-1.0,SOLVER_EXCEPTION,0.0,0,True,True
1802.519,-0.057672914819696025,-1.9999838813409847,-1.3044877889909536e-05,2.457943150234401e-05,0,nan,nan,nan,5.0,1.2080366635495336e-05,-5.8321146632955845e-05,4.999975420568497,0.0,-1.0,SOLVER_EXCEPTION,0.0,0,True,True
1802.616,-0.05775069392790287,-1.999983862765317,-1.3062940972393093e-05,2.457662549817921e-05,0,nan,nan,nan,5.0,1.2102021924464243e-05,-5.833884821315749e-05,4.999975423374502,0.0,-1.0,SOLVER_EXCEPTION,0.0,0,True,True
1802.717,-0.05782847273270717,-1.9999838441882896,-1.3081002770944008e-05,2.4573773021269707e-05,0,nan,nan,nan,5.0,1.2124341345492695e-05,-5.835708959267549e-05,4.999975426226979,0.0,-1.0,SOLVER_EXCEPTION,0.0,0,True,True
1802.817,-0.05790625123790666,-1.9999838256101876,-1.3099065528838618e-05,2.4570990306140277e-05,0,nan,nan,nan,5.0,1.2146440557668987e-05,-5.837515422602024e-05,4.999975429009694,0.0,-1.0,SOLVER_EXCEPTION,0.0,0,True,True
1802.918,-0.05798325166661058,-1.9999838072168414,-1.311694890028177e-05,2.456833671886142e-05,0,nan,nan,nan,5.0,1.2167215555364076e-05,-5.83921339423199e-05,4.999975431663281,0.0,-1.0,SOLVER_EXCEPTION,0.0,0,True,True
1803.019,-0.058062585142155114,-1.99998378826425,-1.313537249969571e-05,2.4565553782444343e-05,0,nan,nan,nan,5.0,1.2190423161711243e-05,-5.841109850601711e-05,4.999975434446218,0.0,-1.0,SOLVER_EXCEPTION,0.0,0,True,True
1803.115,-0.058137251668448596,-1.9999837704245884,-1.3152712546150908e-05,2.456300717647647e-05,0,nan,nan,nan,5.0,1.2212748468404579e-05,-5.8429342605581525e-05,4.999975436992823,0.0,-1.0,SOLVER_EXCEPTION,0.0,0,True,True
1803.217,-0.05821658456492511,-1.9999837514690721,-1.3171137206538189e-05,2.456035115575813e-05,0,nan,nan,nan,5.0,1.2234853820801599e-05,-5.8447405844930245e-05,4.9999754396488445,0.0,-1.0,SOLVER_EXCEPTION,0.0,0,True,True
1803.322,-0.058297472707032685,-1.9999837321403329,-1.3189922044202168e-05,2.4557618017884345e-05,0,nan,nan,nan,5.0,1.2256960448093428e-05,-5.846546758592197e-05,4.999975442381982,0.0,-1.0,SOLVER_EXCEPTION,0.0,0,True,True
1803.414,-0.05836980511807609,-1.9999837148553015,-1.3206721069087977e-05,2.4555229133962565e-05,0,nan,nan,nan,5.0,1.2278846991801568e-05,-5.848335112856873e-05,4.999975444770866,0.0,-1.0,SOLVER_EXCEPTION,0.0,0,True,True
1803.524,-0.058454581512945254,-1.9999836945942182,-1.3226408184227065e-05,2.455237703571483e-05,0,nan,nan,nan,5.0,1.2301177763586809e-05,-5.850159317155601e-05,4.9999754476229645,0.0,-1.0,SOLVER_EXCEPTION,0.0,0,True,True
1803.618,-0.05852769117300624,-1.999983677119829,-1.3243387902914345e-05,2.4550076303377432e-05,0,nan,nan,nan,5.0,1.2323288857998946e-05,-5.851965665693015e-05,4.999975449923697,0.0,-1.0,SOLVER_EXCEPTION,0.0,0,True,True
1803.719,-0.05860546714767899,-1.9999836585286974,-1.3261450185022443e-05,2.4547575317881806e-05,0,nan,nan,nan,5.0,1.2344295676234218e-05,-5.8536817367116356e-05,4.999975452424682,0.0,-1.0,SOLVER_EXCEPTION,0.0,0,True,True
1803.815,-0.058682465102366264,-1.9999836401222102,-1.3279333744228323e-05,2.4545231006118036e-05,0,nan,nan,nan,5.0,1.236707289086532e-05,-5.8555420528794144e-05,4.999975454768994,0.0,-1.0,SOLVER_EXCEPTION,0.0,0,True,True
1803.917,-0.05876101830779994,-1.99998362134267,-1.3297575087518772e-05,2.4542639831621638e-05,0,nan,nan,nan,5.0,1.2389629710588747e-05,-5.857384676311028e-05,4.9999754573601685,0.0,-1.0,SOLVER_EXCEPTION,0.0,0,True,True
1804.018,-0.05883646024777703,-1.9999836033057588,-1.331509771958908e-05,2.4540406662302318e-05,0,nan,nan,nan,5.0,1.2410861468617729e-05,-5.859118803863694e-05,4.999975459593338,0.0,-1.0,SOLVER_EXCEPTION,0.0,0,True,True
1804.118,-0.05891190194831767,-1.9999835852671735,-1.3332620486117743e-05,2.4538219099975445e-05,0,nan,nan,nan,5.0,1.243297943730571e-05,-5.8609250545682556e-05,4.9999754617809,0.0,-1.0,SOLVER_EXCEPTION,0.0,0,True,True
1804.218,-0.05899589861509404,-1.9999835651816784,-1.3352129474529551e-05,2.4535746041004352e-05,0,nan,nan,nan,5.0,1.2455983330761603e-05,-5.8628037064245575e-05,4.999975464253959,0.0,-1.0,SOLVER_EXCEPTION,0.0,0,True,True
1804.317,-0.0590728953054412,-1.9999835467677936,-1.3370009685098668e-05,2.4533368735346416e-05,0,nan,nan,nan,5.0,1.2477883337843712e-05,-5.8645916964028544e-05,4.999975466631264,0.0,-1.0,SOLVER_EXCEPTION,0.0,0,True,True
1804.417,-0.05914755853347812,-1.9999835289110286,-1.338735025513728e-05,2.4531180131195532e-05,0,nan,nan,nan,5.0,1.2500005318133555e-05,-5.8663980314399566e-05,4.999975468819869,0.0,-1.0,SOLVER_EXCEPTION,0.0,0,True,True
1804.514,-0.05922611023063403,-1.9999835101234777,-1.3405595210656686e-05,2.4528959451047656e-05,0,nan,nan,nan,5.0,1.2522349425094136e-05,-5.8682225270167976e-05,4.999975471040549,0.0,-1.0,SOLVER_EXCEPTION,0.0,0,True,True
1804.621,-0.05930855036361314,-1.99998349040366,-1.342474171825365e-05,2.452658726438534e-05,0,nan,nan,nan,5.0,1.2544474378662004e-05,-5.870028797394511e-05,4.999975473412736,0.0,-1.0,SOLVER_EXCEPTION,0.0,0,True,True
1804.718,-0.05938399063047101,-1.999983472356763,-1.3442264657195047e-05,2.452457563144468e-05,0,nan,nan,nan,5.0,1.2566600802141556e-05,-5.871835181814333e-05,4.999975475424368,0.0,-1.0,SOLVER_EXCEPTION,0.0,0,True,True
1804.819,-0.059463319334577845,-1.9999834533782044,-1.346068986621721e-05,2.4522419817463027e-05,0,nan,nan,nan,5.0,1.2587401160683851e-05,-5.873533016309551e-05,4.999975477580183,0.0,-1.0,SOLVER_EXCEPTION,0.0,0,True,True
1804.924,-0.05954031461273018,-1.999983434956068,-1.3478570856878627e-05,2.4520237176983883e-05,0,nan,nan,nan,5.0,1.2610194002757709e-05,-5.875393676291196e-05,4.999975479762823,0.0,-1.0,SOLVER_EXCEPTION,0.0,0,True,True
1805.017,-0.05961730966834317,-1.9999834165328416,-1.3496454786317423e-05,2.4518229088219797e-05,0,nan,nan,nan,5.0,1.26325456392467e-05,-5.877217869709739e-05,4.999975481770912,0.0,-1.0,SOLVER_EXCEPTION,0.0,0,True,True
1805.12,-0.05969741540205266,-1.999983397363835,-1.3515058204332916e-05,2.4515974952821897e-05,0,nan,nan,nan,5.0,1.2655562241742614e-05,-5.879096823901975e-05,4.999975484025047,0.0,-1.0,SOLVER_EXCEPTION,0.0,0,True,True
1805.219,-0.059774410012113914,-1.9999833789384647,-1.353294205768706e-05,2.4513985135993296e-05,0,nan,nan,nan,5.0,1.2676588932721293e-05,-5.880812704850413e-05,4.999975486014864,0.0,-1.0,SOLVER_EXCEPTION,0.0,0,True,True
1805.316,-0.05984984896767955,-1.9999833608835016,-1.355046525621505e-05,2.4512125071604107e-05,0,nan,nan,nan,5.0,1.2699387533573025e-05,-5.8826734063988084e-05,4.999975487874928,0.0,-1.0,SOLVER_EXCEPTION,0.0,0,True,True
1805.419,-0.05992995402801651,-1.9999833417100008,-1.3569069556428205e-05,2.4510020500471852e-05,0,nan,nan,nan,5.0,1.2721523926567137e-05,-5.884479732909398e-05,4.9999754899795,0.0,-1.0,SOLVER_EXCEPTION,0.0,0,True,True
1805.515,-0.060004614851446106,-1.9999833238380196,-1.3586409745457013e-05,2.4508092038425793e-05,0,nan,nan,nan,5.0,1.2743661510054604e-05,-5.886286002354524e-05,4.9999754919079615,0.0,-1.0,SOLVER_EXCEPTION,0.0,0,True,True
1805.621,-0.06008160862234388,-1.9999833054068226,-1.3604293615305055e-05,2.450619745648447e-05,0,nan,nan,nan,5.0,1.2765135602336941e-05,-5.8880382292070266e-05,4.999975493802544,0.0,-1.0,SOLVER_EXCEPTION,0.0,0,True,True
1805.724,-0.0601671570176908,-1.9999832849256443,-1.3624163585444814e-05,2.4504100905699535e-05,0,nan,nan,nan,5.0,1.2787718580640071e-05,-5.88988078269459e-05,4.999975495899094,0.0,-1.0,SOLVER_EXCEPTION,0.0,0,True,True
1805.82,-0.06023637326483507,-1.9999832683538816,-1.3640240821199948e-05,2.4502433287793374e-05,0,nan,nan,nan,5.0,1.2809417558304951e-05,-5.891650956657557e-05,4.999975497566712,0.0,-1.0,SOLVER_EXCEPTION,0.0,0,True,True
1805.917,-0.06031103330639713,-1.9999832504764972,-1.3657582101532796e-05,2.4500666759383324e-05,0,nan,nan,nan,5.0,1.283178241295394e-05,-5.893475209894916e-05,4.999975499333241,0.0,-1.0,SOLVER_EXCEPTION,0.0,0,True,True
1806.017,-0.06039502563249338,-1.99998323036352,-1.367709053251472e-05,2.4498643444771668e-05,0,nan,nan,nan,5.0,1.2854369780411465e-05,-5.895317757964591e-05,4.999975501356555,0.0,-1.0,SOLVER_EXCEPTION,0.0,0,True,True
1806.12,-0.06047512921009517,-1.9999832111798277,-1.3695694530118831e-05,2.4496676744404206e-05,0,nan,nan,nan,5.0,1.2876072808059427e-05,-5.897087875306184e-05,4.999975503323256,0.0,-1.0,SOLVER_EXCEPTION,0.0,0,True,True
1806.219,-0.06055212177398192,-1.9999831927399188,-1.3713578895418e-05,2.4494959648391232e-05,0,nan,nan,nan,5.0,1.2898662715981414e-05,-5.898930404724112e-05,4.999975505040352,0.0,-1.0,SOLVER_EXCEPTION,0.0,0,True,True
1806.316,-0.06062755874930825,-1.9999831746719148,-1.3731101419676249e-05,2.4493232404402896e-05,0,nan,nan,nan,5.0,1.2920810858596266e-05,-5.900737022201952e-05,4.999975506767596,0.0,-1.0,SOLVER_EXCEPTION,0.0,0,True,True
1806.417,-0.06070532863944915,-1.999983156043068,-1.3749166176618932e-05,2.4491536115415716e-05,0,nan,nan,nan,5.0,1.2941189377089492e-05,-5.902398866730607e-05,4.999975508463884,0.0,-1.0,SOLVER_EXCEPTION,0.0,0,True,True
1806.521,-0.06078387603765885,-1.9999831372260077,-1.3767408147488089e-05,2.44896552974842e-05,0,nan,nan,nan,5.0,1.2964891348593107e-05,-5.904331556694231e-05,4.999975510344703,0.0,-1.0,SOLVER_EXCEPTION,0.0,0,True,True
1806.622,-0.06086320094070106,-1.9999831182215957,-1.3785833904809904e-05,2.448794263626406e-05,0,nan,nan,nan,5.0,1.2987044263686003e-05,-5.9061379931169e-05,4.999975512057364,0.0,-1.0,SOLVER_EXCEPTION,0.0,0,True,True
1806.718,-0.06094019257599771,-1.999983099774651,-1.3803718525376823e-05,2.44863444198448e-05,0,nan,nan,nan,5.0,1.3009419913314834e-05,-5.9079625648106315e-05,4.99997551365558,0.0,-1.0,SOLVER_EXCEPTION,0.0,0,True,True
1806.824,-0.06102262786770394,-1.999983080022004,-1.3822865868287283e-05,2.4484547524036192e-05,0,nan,nan,nan,5.0,1.303046724106454e-05,-5.909678719895339e-05,4.999975515452476,0.0,-1.0,SOLVER_EXCEPTION,0.0,0,True,True
1806.918,-0.061095730694274465,-1.9999830625045492,-1.383984535582875e-05,2.4482935246346907e-05,0,nan,nan,nan,5.0,1.3053732217466633e-05,-5.911575282135928e-05,4.999975517064754,0.0,-1.0,SOLVER_EXCEPTION,0.0,0,True,True
1807.018,-0.06117272180049224,-1.9999830440534192,-1.3857730106985347e-05,2.4481419498772604e-05,0,nan,nan,nan,5.0,1.3075890994501221e-05,-5.913381602562495e-05,4.999975518580501,0.0,-1.0,SOLVER_EXCEPTION,0.0,0,True,True
1807.116,-0.061249712735876045,-1.9999830256006719,-1.38756118101391e-05,2.4479745365759294e-05,0,nan,nan,nan,5.0,1.3097829368354535e-05,-5.915170081394194e-05,4.999975520254634,0.0,-1.0,SOLVER_EXCEPTION,0.0,0,True,True
1807.218,-0.06132903655346662,-1.999983006587566,-1.3894036536768744e-05,2.4478090569226342e-05,0,nan,nan,nan,5.0,1.3120212413873943e-05,-5.91699438787785e-05,4.99997552190943,0.0,-1.0,SOLVER_EXCEPTION,0.0,0,True,True
1807.321,-0.061408360194246406,-1.9999829875731445,-1.3912462512448889e-05,2.447651823628499e-05,0,nan,nan,nan,5.0,1.3142374924291961e-05,-5.918800833804028e-05,4.999975523481764,0.0,-1.0,SOLVER_EXCEPTION,0.0,0,True,True
1807.419,-0.06148301757901616,-1.9999829696758875,-1.3929802956938666e-05,2.447495537745064e-05,0,nan,nan,nan,5.0,1.316453869276219e-05,-5.920607144105361e-05,4.999975525044623,0.0,-1.0,SOLVER_EXCEPTION,0.0,0,True,True
1807.516,-0.061560007847081565,-1.9999829512182095,-1.3947687795269791e-05,2.4473512960695422e-05,0,nan,nan,nan,5.0,1.3186260712965165e-05,-5.922377685863012e-05,4.999975526487039,0.0,-1.0,SOLVER_EXCEPTION,0.0,0,True,True
1807.615,-0.06163855330877034,-1.999982932386051,-1.3965934224838536e-05,2.4472077182759813e-05,0,nan,nan,nan,5.0,1.3208870845787746e-05,-5.924220298236804e-05,4.9999755279228175,0.0,-1.0,SOLVER_EXCEPTION,0.0,0,True,True
1807.721,-0.061720209307034694,-1.9999829128063595,-1.3984900147568305e-05,2.447042309058941e-05,0,nan,nan,nan,5.0,1.3230374356304797e-05,-5.9259723629079275e-05,4.9999755295769095,0.0,-1.0,SOLVER_EXCEPTION,0.0,0,True,True
1807.821,-0.06179642141336923,-1.9999828945303377,-1.4002602397393065e-05,2.4468955776340234e-05,0,nan,nan,nan,5.0,1.3253209085306231e-05,-5.927833118590797e-05,4.999975531044224,0.0,-1.0,SOLVER_EXCEPTION,0.0,0,True,True
1807.921,-0.06187341104062611,-1.9999828760667193,-1.4020487397282495e-05,2.4467595863659962e-05,0,nan,nan,nan,5.0,1.3275380204372027e-05,-5.9296394457231116e-05,4.999975532404136,0.0,-1.0,SOLVER_EXCEPTION,0.0,0,True,True
1808.016,-0.06194884517395139,-1.999982857974804,-1.4038007164426379e-05,2.4466038809416953e-05,0,nan,nan,nan,5.0,1.329755228739023e-05,-5.9314458506154466e-05,4.999975533961191,0.0,-1.0,SOLVER_EXCEPTION,0.0,0,True,True
1808.117,-0.06202738983951645,-1.999982839135571,-1.4056253345663239e-05,2.4464683439662646e-05,0,nan,nan,nan,5.0,1.3319282957277567e-05,-5.933216077869119e-05,4.99997553531656,0.0,-1.0,SOLVER_EXCEPTION,0.0,0,True,True
1808.219,-0.0621067120179188,-1.9999828201082037,-1.4074679593879008e-05,2.4463285879296008e-05,0,nan,nan,nan,5.0,1.3341901667778181e-05,-5.93505870716271e-05,4.99997553671412,0.0,-1.0,SOLVER_EXCEPTION,0.0,0,True,True
1808.323,-0.062186811706559764,-1.9999828008929794,-1.4093287530146652e-05,2.446194569743929e-05,0,nan,nan,nan,5.0,1.336363484048599e-05,-5.9368289592853785e-05,4.9999755380543025,0.0,-1.0,SOLVER_EXCEPTION,0.0,0,True,True
1808.419,-0.062262245250422656,-1.9999827827954197,-1.4110808657597282e-05,2.4460552243623738e-05,0,nan,nan,nan,5.0,1.338625654171111e-05,-5.9386716246390137e-05,4.999975539447757,0.0,-1.0,SOLVER_EXCEPTION,0.0,0,True,True
1808.517,-0.06234001164659421,-1.9999827641365255,-1.4128872710121965e-05,2.4459197683246946e-05,0,nan,nan,nan,5.0,1.3408657937023134e-05,-5.9404961539666346e-05,4.999975540802317,0.0,-1.0,SOLVER_EXCEPTION,0.0,0,True,True
1808.618,-0.06241777789849193,-1.9999827454764532,-1.414693622946873e-05,2.445780901038404e-05,0,nan,nan,nan,5.0,1.3430838654781992e-05,-5.9423026055771544e-05,4.99997554219099,0.0,-1.0,SOLVER_EXCEPTION,0.0,0,True,True
1808.717,-0.0624947663475267,-1.9999827270023294,-1.4164820815461688e-05,2.445651976447112e-05,0,nan,nan,nan,5.0,1.345235506100459e-05,-5.9440549801337283e-05,4.999975543480235,0.0,-1.0,SOLVER_EXCEPTION,0.0,0,True,True
1808.816,-0.06257175465865916,-1.9999827085262691,-1.4182706264849722e-05,2.4455329281336896e-05,0,nan,nan,nan,5.0,1.3474982508663874e-05,-5.945897500936326e-05,4.999975544670718,0.0,-1.0,SOLVER_EXCEPTION,0.0,0,True,True
1808.915,-0.0626479651759411,-1.999982690235227,-1.4200410017182054e-05,2.445411661408782e-05,0,nan,nan,nan,5.0,1.349694609271382e-05,-5.947685723262097e-05,4.999975545883386,0.0,-1.0,SOLVER_EXCEPTION,0.0,0,True,True
1809.019,-0.06272884149912591,-1.999982670822948,-1.4219196532947935e-05,2.4452766062306972e-05,0,nan,nan,nan,5.0,1.3518245390349162e-05,-5.9494199209808585e-05,4.999975547233937,0.0,-1.0,SOLVER_EXCEPTION,0.0,0,True,True
1809.115,-0.06280427409153591,-1.9999826527155409,-1.4236717254096694e-05,2.4451450912535582e-05,0,nan,nan,nan,5.0,1.354065483422772e-05,-5.95124455853302e-05,4.999975548549087,0.0,-1.0,SOLVER_EXCEPTION,0.0,0,True,True
1809.215,-0.06288203951892342,-1.999982634047366,-1.4254782094821464e-05,2.445020614207146e-05,0,nan,nan,nan,5.0,1.3563065425665355e-05,-5.95306920971872e-05,4.999975549793858,0.0,-1.0,SOLVER_EXCEPTION,0.0,0,True,True
1809.321,-0.06296447072771262,-1.999982614257498,-1.4273930191904045e-05,2.4448876243559628e-05,0,nan,nan,nan,5.0,1.358592176371327e-05,-5.954929747131743e-05,4.9999755511237565,0.0,-1.0,SOLVER_EXCEPTION,0.0,0,True,True
1809.419,-0.06303912528088734,-1.999982596333518,-1.4291274726018284e-05,2.4447858914178813e-05,0,nan,nan,nan,5.0,1.3608114217797127e-05,-5.9567361865742186e-05,4.999975552141086,0.0,-1.0,SOLVER_EXCEPTION,0.0,0,True,True
1809.517,-0.06311222441581923,-1.9999825787810475,-1.4308256061822591e-05,2.44467829143278e-05,0,nan,nan,nan,5.0,1.3628754377735152e-05,-5.9584163343728846e-05,4.9999755532170855,0.0,-1.0,SOLVER_EXCEPTION,0.0,0,True,True
1809.617,-0.06319387757189329,-1.9999825591733345,-1.4327222599202543e-05,2.4445463621109813e-05,0,nan,nan,nan,5.0,1.3652502863084978e-05,-5.960349130296194e-05,4.999975554536379,0.0,-1.0,SOLVER_EXCEPTION,0.0,0,True,True
1809.724,-0.06327242000082259,-1.9999825403110927,-1.4345469390829105e-05,2.4444371407711957e-05,0,nan,nan,nan,5.0,1.3674699367072953e-05,-5.96215550676682e-05,4.999975555628592,0.0,-1.0,SOLVER_EXCEPTION,0.0,0,True,True
1809.816,-0.06334940701131085,-1.9999825218208946,-1.436335177890003e-05,2.444313690345536e-05,0,nan,nan,nan,5.0,1.3696008480745536e-05,-5.9638900093972325e-05,4.999975556863096,0.0,-1.0,SOLVER_EXCEPTION,0.0,0,True,True
1809.918,-0.06342872683594006,-1.9999825027691895,-1.4381776554363885e-05,2.4441888469074664e-05,0,nan,nan,nan,5.0,1.371820777576801e-05,-5.965696421350586e-05,4.999975558111531,0.0,-1.0,SOLVER_EXCEPTION,0.0,0,True,True
1810.018,-0.06350338067355454,-1.9999824848369998,-1.4399122210192768e-05,2.444101597278471e-05,0,nan,nan,nan,5.0,1.3741296293425575e-05,-5.967575226950572e-05,4.999975558984027,0.0,-1.0,SOLVER_EXCEPTION,0.0,0,True,True
1810.115,-0.06358192261302499,-1.9999824659690235,-1.4417366253843098e-05,2.443981528643863e-05,0,nan,nan,nan,5.0,1.3763498307154698e-05,-5.9693816602646166e-05,4.999975560184714,0.0,-1.0,SOLVER_EXCEPTION,0.0,0,True,True
1810.221,-0.06366124207331751,-1.9999824469128737,-1.4435791928176292e-05,2.4438672614351286e-05,0,nan,nan,nan,5.0,1.3785257620052082e-05,-5.971152083539266e-05,4.9999755613273855,0.0,-1.0,SOLVER_EXCEPTION,0.0,0,True,True
1810.316,-0.06373511793221176,-1.9999824291630224,-1.44529553815723e-05,2.4437759843239977e-05,0,nan,nan,nan,5.0,1.3807684756043622e-05,-5.9729764024130105e-05,4.999975562240157,0.0,-1.0,SOLVER_EXCEPTION,0.0,0,True,True
1810.423,-0.0638214359095297,-1.999982408422304,-1.4473006272911832e-05,2.4436511825379403e-05,0,nan,nan,nan,5.0,1.3829668260406351e-05,-5.974764885463557e-05,4.999975563488174,0.0,-1.0,SOLVER_EXCEPTION,0.0,0,True,True
1810.519,-0.06389531154475499,-1.9999823906700862,-1.4490168812232002e-05,2.4435534894805554e-05,0,nan,nan,nan,5.0,1.385143159663218e-05,-5.976535324370147e-05,4.999975564465105,0.0,-1.0,SOLVER_EXCEPTION,0.0,0,True,True
1810.619,-0.0639730752619914,-1.9999823719822467,-1.450823290009899e-05,2.443443696461428e-05,0,nan,nan,nan,5.0,1.3874306678222732e-05,-5.9783961830817134e-05,4.999975565563036,0.0,-1.0,SOLVER_EXCEPTION,0.0,0,True,True
1810.72,-0.06405239413949847,-1.9999823529189036,-1.452665989061675e-05,2.4433433318044354e-05,0,nan,nan,nan,5.0,1.3896739391027443e-05,-5.98022059445924e-05,4.999975566566682,0.0,-1.0,SOLVER_EXCEPTION,0.0,0,True,True
1810.819,-0.06412860236563266,-1.9999823346014423,-1.4544362928764671e-05,2.4432421470520464e-05,0,nan,nan,nan,5.0,1.3918729232038037e-05,-5.982009172766922e-05,4.999975567578529,0.0,-1.0,SOLVER_EXCEPTION,0.0,0,True,True
1810.92,-0.06420247758787809,-1.9999823168434498,-1.4561526010136813e-05,2.4431550751980047e-05,0,nan,nan,nan,5.0,1.3940942595567966e-05,-5.983815606969145e-05,4.999975568449248,0.0,-1.0,SOLVER_EXCEPTION,0.0,0,True,True
1811.017,-0.06428257377270563,-1.9999822975888628,-1.4580131388479352e-05,2.443042417269375e-05,0,nan,nan,nan,5.0,1.3963379259710065e-05,-5.985639988592695e-05,4.9999755695758274,0.0,-1.0,SOLVER_EXCEPTION,0.0,0,True,True
1811.119,-0.06436266984579442,-1.99998227833311,-1.4598740357263341e-05,2.4429520476207346e-05,0,nan,nan,nan,5.0,1.398448401515422e-05,-5.987356335213079e-05,4.999975570479524,0.0,-1.0,SOLVER_EXCEPTION,0.0,0,True,True
1811.212,-0.06443498950631288,-1.9999822609456355,-1.4615542057481e-05,2.4428679611033527e-05,0,nan,nan,nan,5.0,1.4007367765999657e-05,-5.9892172116882136e-05,4.999975571320389,0.0,-1.0,SOLVER_EXCEPTION,0.0,0,True,True
1811.319,-0.06451664062917009,-1.999982241312689,-1.4634509056229665e-05,2.4427596726222947e-05,0,nan,nan,nan,5.0,1.4029586686817792e-05,-5.991023675200324e-05,4.999975572403274,0.0,-1.0,SOLVER_EXCEPTION,0.0,0,True,True
1811.419,-0.06459595875573536,-1.9999822222392496,-1.465293511081675e-05,2.442661116425735e-05,0,nan,nan,nan,5.0,1.4052251243887574e-05,-5.9928664001063225e-05,4.999975573388836,0.0,-1.0,SOLVER_EXCEPTION,0.0,0,True,True
1811.517,-0.06466905576051295,-1.999982204660192,-1.4669916880994495e-05,2.4425780425347912e-05,0,nan,nan,nan,5.0,1.4074250940556335e-05,-5.9946546940192746e-05,4.999975574219575,0.0,-1.0,SOLVER_EXCEPTION,0.0,0,True,True
1811.616,-0.06474837368811441,-1.9999821855838016,-1.4688342731809417e-05,2.442481024693301e-05,0,nan,nan,nan,5.0,1.4096696203113435e-05,-5.996479419323464e-05,4.999975575189753,0.0,-1.0,SOLVER_EXCEPTION,0.0,0,True,True
1811.716,-0.06482691388884443,-1.9999821666931488,-1.470658986134745e-05,2.4423961026458374e-05,0,nan,nan,nan,5.0,1.4118031398813341e-05,-5.998213519209372e-05,4.999975576038974,0.0,-1.0,SOLVER_EXCEPTION,0.0,0,True,True
1811.818,-0.06490623161548982,-1.9999821476141986,-1.4725016903873873e-05,2.4423052701780883e-05,0,nan,nan,nan,5.0,1.4141146090247286e-05,-6.0000923928438255e-05,4.999975576947298,0.0,-1.0,SOLVER_EXCEPTION,0.0,0,True,True
1811.922,-0.0649871044897039,-1.9999821281594798,-1.4743804425286403e-05,2.442210105876315e-05,0,nan,nan,nan,5.0,1.416359535764571e-05,-6.001917168418913e-05,4.999975577898941,0.0,-1.0,SOLVER_EXCEPTION,0.0,0,True,True
1812.021,-0.06506331152814544,-1.9999821098262387,-1.4761509051935875e-05,2.4421267832390125e-05,0,nan,nan,nan,5.0,1.4185379746573365e-05,-6.0036875715763216e-05,4.999975578732168,0.0,-1.0,SOLVER_EXCEPTION,0.0,0,True,True
1812.121,-0.06514185134185145,-1.9999820909295811,-1.477975586592983e-05,2.4420456117026855e-05,0,nan,nan,nan,5.0,1.4207609972206772e-05,-6.00549404876638e-05,4.999975579543883,0.0,-1.0,SOLVER_EXCEPTION,0.0,0,True,True
1812.217,-0.06521650295929679,-1.999982072967086,-1.4797099235641063e-05,2.4419678924719505e-05,0,nan,nan,nan,5.0,1.4230063892061883e-05,-6.00731849829117e-05,4.999975580321076,0.0,-1.0,SOLVER_EXCEPTION,0.0,0,True,True
1812.315,-0.06529270973271555,-1.999982054629155,-1.4814802401514733e-05,2.4418790369278074e-05,0,nan,nan,nan,5.0,1.4252296617615879e-05,-6.009125070960408e-05,4.999975581209631,0.0,-1.0,SOLVER_EXCEPTION,0.0,0,True,True
1812.42,-0.06536969403907122,-1.999982036103278,-1.4832688058779728e-05,2.441800375040052e-05,0,nan,nan,nan,5.0,1.4274085742159423e-05,-6.010895677865946e-05,4.9999755819962495,0.0,-1.0,SOLVER_EXCEPTION,0.0,0,True,True
1812.519,-0.06544978873059006,-1.9999820168268014,-1.4851294072598474e-05,2.441707727599962e-05,0,nan,nan,nan,5.0,1.4296543925474436e-05,-6.012720145376349e-05,4.999975582922724,0.0,-1.0,SOLVER_EXCEPTION,0.0,0,True,True
1812.616,-0.0655259952444068,-1.999981998484561,-1.4868998823026521e-05,2.4416329381920235e-05,0,nan,nan,nan,5.0,1.431900348343585e-05,-6.0145449161108644e-05,4.999975583670618,0.0,-1.0,SOLVER_EXCEPTION,0.0,0,True,True
1812.717,-0.06560453452416255,-1.9999819795799267,-1.4887246850231245e-05,2.4415608621684893e-05,0,nan,nan,nan,5.0,1.434124178617536e-05,-6.016351557969202e-05,4.999975584391378,0.0,-1.0,SOLVER_EXCEPTION,0.0,0,True,True
1812.815,-0.06567918564034954,-1.9999819616092178,-1.4904589478778768e-05,2.441484503091199e-05,0,nan,nan,nan,5.0,1.4363037191408625e-05,-6.018121953799138e-05,4.999975585154969,0.0,-1.0,SOLVER_EXCEPTION,0.0,0,True,True
1812.917,-0.06576005759555603,-1.99998194213984,-1.4923377246245036e-05,2.4414005193453998e-05,0,nan,nan,nan,5.0,1.4385723316868991e-05,-6.0199645753211684e-05,4.9999755859948065,0.0,-1.0,SOLVER_EXCEPTION,0.0,0,True,True
1813.017,-0.06583781900636884,-1.9999819234180694,-1.494144304968298e-05,2.4413224608686252e-05,0,nan,nan,nan,5.0,1.4407743037814399e-05,-6.0217531659301216e-05,4.999975586775391,0.0,-1.0,SOLVER_EXCEPTION,0.0,0,True,True
1813.119,-0.0659163579481933,-1.9999819045080003,-1.4959690754754115e-05,2.4412515374561325e-05,0,nan,nan,nan,5.0,1.4430209618492907e-05,-6.0235776677686204e-05,4.9999755874846254,0.0,-1.0,SOLVER_EXCEPTION,0.0,0,True,True
1813.227,-0.065999562479802,-1.9999818844719743,-1.497902004419688e-05,2.4411665778360283e-05,0,nan,nan,nan,5.0,1.4452455241696587e-05,-6.025384301056036e-05,4.999975588334221,0.0,-1.0,SOLVER_EXCEPTION,0.0,0,True,True
1813.315,-0.06607032514039586,-1.9999818674312182,-1.4995460922732518e-05,2.4411066716681378e-05,0,nan,nan,nan,5.0,1.4474257552996241e-05,-6.027154674592694e-05,4.9999755889332835,0.0,-1.0,SOLVER_EXCEPTION,0.0,0,True,True
1813.421,-0.06615197428307794,-1.9999818477670386,-1.5014428460662066e-05,2.441021357559534e-05,0,nan,nan,nan,5.0,1.4497618220314026e-05,-6.029051742606484e-05,4.999975589786424,0.0,-1.0,SOLVER_EXCEPTION,0.0,0,True,True
1813.518,-0.06622740246244638,-1.9999818295998257,-1.503195385483899e-05,2.4409597626818644e-05,0,nan,nan,nan,5.0,1.451920069602259e-05,-6.030803960088704e-05,4.999975590402373,0.0,-1.0,SOLVER_EXCEPTION,0.0,0,True,True
1813.616,-0.0663036081784743,-1.9999818112441443,-1.504965762484307e-05,2.4408840084201955e-05,0,nan,nan,nan,5.0,1.4541451528633322e-05,-6.032610596529153e-05,4.999975591159916,0.0,-1.0,SOLVER_EXCEPTION,0.0,0,True,True
1813.717,-0.06637981382159078,-1.9999817928871662,-1.5067361291698127e-05,2.4408088709546115e-05,0,nan,nan,nan,5.0,1.4563481325859408e-05,-6.034399135090851e-05,4.999975591911291,0.0,-1.0,SOLVER_EXCEPTION,0.0,0,True,True
1813.815,-0.06645835221516873,-1.9999817739667438,-1.5085609534256368e-05,2.4407479222196968e-05,0,nan,nan,nan,5.0,1.4585735242310286e-05,-6.0362057987539686e-05,4.999975592520777,0.0,-1.0,SOLVER_EXCEPTION,0.0,0,True,True
1813.917,-0.06653766813995524,-1.9999817548574887,-1.5104037557328254e-05,2.4406819610716776e-05,0,nan,nan,nan,5.0,1.4608213040783605e-05,-6.038030628419122e-05,4.999975593180389,0.0,-1.0,SOLVER_EXCEPTION,0.0,0,True,True
1814.016,-0.06661387356467542,-1.9999817364959325,-1.512174161621167e-05,2.4406134589338765e-05,0,nan,nan,nan,5.0,1.463046999588005e-05,-6.039837167559625e-05,4.99997559386541,0.0,-1.0,SOLVER_EXCEPTION,0.0,0,True,True
1814.115,-0.06669318934126633,-1.9999817173834809,-1.5140169356104841e-05,2.440548965806682e-05,0,nan,nan,nan,5.0,1.465272850424036e-05,-6.041643795606788e-05,4.999975594510342,0.0,-1.0,SOLVER_EXCEPTION,0.0,0,True,True
1814.215,-0.06677017222997526,-1.9999816988317334,-1.515805300917342e-05,2.4404740248875644e-05,0,nan,nan,nan,5.0,1.4674988214852948e-05,-6.0434503255546446e-05,4.999975595259751,0.0,-1.0,SOLVER_EXCEPTION,0.0,0,True,True
1814.319,-0.06684871025746753,-1.999981679904276,-1.517630111485736e-05,2.4404138269260078e-05,0,nan,nan,nan,5.0,1.4697026295669833e-05,-6.045238651886109e-05,4.999975595861731,0.0,-1.0,SOLVER_EXCEPTION,0.0,0,True,True
1814.416,-0.06692569300768257,-1.999981661350782,-1.5194187752028418e-05,2.4403538223904782e-05,0,nan,nan,nan,5.0,1.4719065660149858e-05,-6.0470273827828436e-05,4.999975596461776,0.0,-1.0,SOLVER_EXCEPTION,0.0,0,True,True
1814.519,-0.06700500849815602,-1.9999816422324912,-1.521261494854814e-05,2.4402891471083362e-05,0,nan,nan,nan,5.0,1.4741106990452293e-05,-6.048816098491727e-05,4.999975597108529,0.0,-1.0,SOLVER_EXCEPTION,0.0,0,True,True
1814.618,-0.06708199111265617,-1.9999816236752117,-1.5230498983647087e-05,2.4402191053006787e-05,0,nan,nan,nan,5.0,1.4763817542262692e-05,-6.050658796796782e-05,4.999975597808947,0.0,-1.0,SOLVER_EXCEPTION,0.0,0,True,True
1814.717,-0.06715975126273631,-1.9999816049291719,-1.5248564664540844e-05,2.4401543417790478e-05,0,nan,nan,nan,5.0,1.4786306983352501e-05,-6.052483334206826e-05,4.999975598456582,0.0,-1.0,SOLVER_EXCEPTION,0.0,0,True,True
1814.815,-0.06723517854516396,-1.9999815867441566,-1.5266090117436312e-05,2.440102260721209e-05,0,nan,nan,nan,5.0,1.4808352367341222e-05,-6.054272017674833e-05,4.999975598977393,0.0,-1.0,SOLVER_EXCEPTION,0.0,0,True,True
1814.915,-0.06731449376559814,-1.999981567620417,-1.528451828207588e-05,2.4400444668874632e-05,0,nan,nan,nan,5.0,1.4830399266551917e-05,-6.056060376380401e-05,4.999975599555331,0.0,-1.0,SOLVER_EXCEPTION,0.0,0,True,True
1815.016,-0.06739303131975814,-1.9999815486826422,-1.5302763295021563e-05,2.4399721776869593e-05,0,nan,nan,nan,5.0,1.4853115290029639e-05,-6.057903165013201e-05,4.999975600278223,0.0,-1.0,SOLVER_EXCEPTION,0.0,0,True,True
1815.119,-0.06747156880900348,-1.9999815297441452,-1.5321011340767133e-05,2.439915892820176e-05,0,nan,nan,nan,5.0,1.4875387057239516e-05,-6.059710037531474e-05,4.999975600841072,0.0,-1.0,SOLVER_EXCEPTION,0.0,0,True,True
1815.215,-0.06754699584228847,-1.9999815115536994,-1.5338536728216882e-05,2.439866728431908e-05,0,nan,nan,nan,5.0,1.4897660860861206e-05,-6.061516678768086e-05,4.999975601332716,0.0,-1.0,SOLVER_EXCEPTION,0.0,0,True,True
1815.32,-0.06762864359602301,-1.9999814918614347,-1.5357504893468558e-05,2.4397976942419283e-05,0,nan,nan,nan,5.0,1.4919936057223006e-05,-6.063323373339813e-05,4.999975602023057,0.0,-1.0,SOLVER_EXCEPTION,0.0,0,True,True
1815.42,-0.06770718089540721,-1.9999814729181098,-1.5375753618781682e-05,2.4397494728475773e-05,0,nan,nan,nan,5.0,1.4942435459473126e-05,-6.065147931932913e-05,4.9999756025052715,0.0,-1.0,SOLVER_EXCEPTION,0.0,0,True,True
1815.517,-0.06778183015247351,-1.9999814549109893,-1.5393097877231202e-05,2.4396987853456698e-05,0,nan,nan,nan,5.0,1.4964490537713023e-05,-6.0669366441334915e-05,4.999975603012147,0.0,-1.0,SOLVER_EXCEPTION,0.0,0,True,True
1815.619,-0.0678580345456011,-1.9999814365275317,-1.541080164967703e-05,2.4396357811463155e-05,0,nan,nan,nan,5.0,1.4986769812806466e-05,-6.0687431709283146e-05,4.999975603642189,0.0,-1.0,SOLVER_EXCEPTION,0.0,0,True,True
1815.715,-0.06793657166697077,-1.9999814175797634,-1.5429046959726127e-05,2.4395703138267797e-05,0,nan,nan,nan,5.0,1.5009050324236658e-05,-6.070549827796867e-05,4.9999756042968615,0.0,-1.0,SOLVER_EXCEPTION,0.0,0,True,True
1815.817,-0.06801666391764713,-1.999981398255797,-1.544765690277921e-05,2.4395216942865073e-05,0,nan,nan,nan,5.0,1.503133245617423e-05,-6.072356431019443e-05,4.9999756047830575,0.0,-1.0,SOLVER_EXCEPTION,0.0,0,True,True
1815.919,-0.06809520091972712,-1.9999813793055732,-1.5465905879404372e-05,2.439476611368371e-05,0,nan,nan,nan,5.0,1.5053615774999089e-05,-6.07416317373044e-05,4.999975605233886,0.0,-1.0,SOLVER_EXCEPTION,0.0,0,True,True
1816.017,-0.06817140508418083,-1.9999813609162531,-1.5483611071653087e-05,2.4394268683454792e-05,0,nan,nan,nan,5.0,1.5075901065449489e-05,-6.0759698128798334e-05,4.999975605731317,0.0,-1.0,SOLVER_EXCEPTION,0.0,0,True,True
1816.115,-0.06824760919475922,-1.9999813425257484,-1.550131690253605e-05,2.439379269445338e-05,0,nan,nan,nan,5.0,1.509818754573859e-05,-6.077776408996982e-05,4.999975606207306,0.0,-1.0,SOLVER_EXCEPTION,0.0,0,True,True
1816.22,-0.06832847880494193,-1.9999813230079813,-1.5520105748288266e-05,2.4393227413237752e-05,0,nan,nan,nan,5.0,1.5120029381810615e-05,-6.0795469548846626e-05,4.999975606772587,0.0,-1.0,SOLVER_EXCEPTION,0.0,0,True,True
1816.318,-0.06840235003176164,-1.9999813051777073,-1.553726688923227e-05,2.4392619697526282e-05,0,nan,nan,nan,5.0,1.5142541280177016e-05,-6.081371825095161e-05,4.9999756073803026,0.0,-1.0,SOLVER_EXCEPTION,0.0,0,True,True
1816.416,-0.06848166434733534,-1.9999812860325603,-1.555569511445455e-05,2.4392109016799307e-05,0,nan,nan,nan,5.0,1.5165054426380498e-05,-6.083196669015578e-05,4.999975607890983,0.0,-1.0,SOLVER_EXCEPTION,0.0,0,True,True
1816.518,-0.0685609786074066,-1.9999812668860844,-1.5574125432129717e-05,2.4391730169384107e-05,0,nan,nan,nan,5.0,1.518734654985397e-05,-6.085003280853485e-05,4.999975608269831,0.0,-1.0,SOLVER_EXCEPTION,0.0,0,True,True
1816.618,-0.06863873763271107,-1.9999812481134571,-1.5592192959459062e-05,2.43912759395811e-05,0,nan,nan,nan,5.0,1.5209639768064102e-05,-6.086810035244028e-05,4.9999756087240605,0.0,-1.0,SOLVER_EXCEPTION,0.0,0,True,True
1816.716,-0.06871494142704845,-1.9999812297146597,-1.560989848561853e-05,2.4390819277702485e-05,0,nan,nan,nan,5.0,1.5231488878466135e-05,-6.08858057735695e-05,4.999975609180722,0.0,-1.0,SOLVER_EXCEPTION,0.0,0,True,True
1816.815,-0.06879192276103417,-1.999981211126534,-1.562778299638422e-05,2.4390264349203367e-05,0,nan,nan,nan,5.0,1.5254231117954693e-05,-6.090423328775074e-05,4.9999756097356505,0.0,-1.0,SOLVER_EXCEPTION,0.0,0,True,True
1816.924,-0.06887667992985586,-1.999981190659945,-1.564747766386886e-05,2.4389839098379148e-05,0,nan,nan,nan,5.0,1.5276528703464026e-05,-6.092230059850934e-05,4.999975610160901,0.0,-1.0,SOLVER_EXCEPTION,0.0,0,True,True
1817.02,-0.06894977322033262,-1.9999811730078831,-1.5664459592923063e-05,2.4389356300638834e-05,0,nan,nan,nan,5.0,1.5298604561341115e-05,-6.0940184562152666e-05,4.999975610643699,0.0,-1.0,SOLVER_EXCEPTION,0.0,0,True,True
1817.115,-0.06902519922959582,-1.999981154791911,-1.5681984976066222e-05,2.438892290805832e-05,0,nan,nan,nan,5.0,1.5321350716726126e-05,-6.095861503530031e-05,4.999975611077092,0.0,-1.0,SOLVER_EXCEPTION,0.0,0,True,True
1817.221,-0.06910606830188586,-1.9999811352594825,-1.5700775235336258e-05,2.438848383930535e-05,0,nan,nan,nan,5.0,1.5343429743190918e-05,-6.097649975078667e-05,4.99997561151616,0.0,-1.0,SOLVER_EXCEPTION,0.0,0,True,True
1817.315,-0.06918071663000587,-1.9999811172280821,-1.571811900193891e-05,2.438802519579273e-05,0,nan,nan,nan,5.0,1.536506376438266e-05,-6.09940263531783e-05,4.999975611974804,0.0,-1.0,SOLVER_EXCEPTION,0.0,0,True,True
1817.415,-0.06925769767240564,-1.9999810986316435,-1.5736004373162734e-05,2.438755043438672e-05,0,nan,nan,nan,5.0,1.5388037730196967e-05,-6.10126344327e-05,4.999975612449566,0.0,-1.0,SOLVER_EXCEPTION,0.0,0,True,True
1817.515,-0.06933623383986773,-1.9999810796583533,-1.5754253544297647e-05,2.43871929261422e-05,0,nan,nan,nan,5.0,1.5410344000667497e-05,-6.103070072605021e-05,4.999975612807074,0.0,-1.0,SOLVER_EXCEPTION,0.0,0,True,True
1817.619,-0.06941710271526969,-1.999981060120046,-1.5773042815406805e-05,2.4386712745206398e-05,0,nan,nan,nan,5.0,1.5432874398345678e-05,-6.104894993175236e-05,4.999975613287255,0.0,-1.0,SOLVER_EXCEPTION,0.0,0,True,True
1817.716,-0.06949175086392195,-1.9999810420834823,-1.5790387127997837e-05,2.4386276731102717e-05,0,nan,nan,nan,5.0,1.5454513373111144e-05,-6.10664756819368e-05,4.999975613723269,0.0,-1.0,SOLVER_EXCEPTION,0.0,0,True,True
1817.815,-0.06956795413928454,-1.9999810236697613,-1.5808091802399275e-05,2.4385808736505405e-05,0,nan,nan,nan,5.0,1.5476823733225767e-05,-6.108454333109137e-05,4.999975614191263,0.0,-1.0,SOLVER_EXCEPTION,0.0,0,True,True
1817.917,-0.06964804529055771,-1.9999810043149442,-1.5826702423538738e-05,2.4385468464922244e-05,0,nan,nan,nan,5.0,1.5499581851324746e-05,-6.110297112238428e-05,4.999975614531535,0.0,-1.0,SOLVER_EXCEPTION,0.0,0,True,True
1818.015,-0.06972502606169419,-1.9999809857102928,-1.5844587502981454e-05,2.438497675862273e-05,0,nan,nan,nan,5.0,1.5521671889982747e-05,-6.112085621179375e-05,4.999975615023241,0.0,-1.0,SOLVER_EXCEPTION,0.0,0,True,True
1818.128,-0.06981289295027528,-1.9999809644730187,-1.5865002280192007e-05,2.4384438956739632e-05,0,nan,nan,nan,5.0,1.5543763309154534e-05,-6.113874481439296e-05,4.999975615561043,0.0,-1.0,SOLVER_EXCEPTION,0.0,0,True,True
1818.215,-0.06987976505873135,-1.9999809483089506,-1.5880542818442034e-05,2.4384275773358765e-05,0,nan,nan,nan,5.0,1.556652553791597e-05,-6.115717287791256e-05,4.999975615724226,0.0,-1.0,SOLVER_EXCEPTION,0.0,0,True,True
1818.319,-0.0699583008668923,-1.9999809293240995,-1.5898789093303414e-05,2.4383782586276585e-05,0,nan,nan,nan,5.0,1.558884289339861e-05,-6.117524054749524e-05,4.999975616217414,0.0,-1.0,SOLVER_EXCEPTION,0.0,0,True,True
1818.418,-0.07003605905058494,-1.9999809105261286,-1.59168566309953e-05,2.4383392977213237e-05,0,nan,nan,nan,5.0,1.5610938247678204e-05,-6.119312495345142e-05,4.999975616607022,0.0,-1.0,SOLVER_EXCEPTION,0.0,0,True,True
1818.523,-0.0701161499364373,-1.9999808911627843,-1.5935467397462133e-05,2.4383068943009647e-05,0,nan,nan,nan,5.0,1.563258858902737e-05,-6.121065153052996e-05,4.999975616931057,0.0,-1.0,SOLVER_EXCEPTION,0.0,0,True,True
1818.618,-0.07018846497080367,-1.9999808736780347,-1.595227098996509e-05,2.438277910177922e-05,0,nan,nan,nan,5.0,1.5655133345444633e-05,-6.1228901049315e-05,4.9999756172208984,0.0,-1.0,SOLVER_EXCEPTION,0.0,0,True,True
1818.716,-0.0702701109353092,-1.9999808539356005,-1.5971240342652325e-05,2.438229480127128e-05,0,nan,nan,nan,5.0,1.567812599336981e-05,-6.124750904490384e-05,4.999975617705199,0.0,-1.0,SOLVER_EXCEPTION,0.0,0,True,True
1818.817,-0.0703447586357479,-1.9999808358837081,-1.5988584960880146e-05,2.4381951161444474e-05,0,nan,nan,nan,5.0,1.570045054426015e-05,-6.126557643559849e-05,4.999975618048839,0.0,-1.0,SOLVER_EXCEPTION,0.0,0,True,True
1818.915,-0.07042251661838517,-1.9999808170784477,-1.6006651656159615e-05,2.4381539892002306e-05,0,nan,nan,nan,5.0,1.5722776486472688e-05,-6.128364319746282e-05,4.999975618460108,0.0,-1.0,SOLVER_EXCEPTION,0.0,0,True,True
1819.017,-0.07050416245823772,-1.9999807973318304,-1.6025624389146814e-05,2.4381259432439137e-05,0,nan,nan,nan,5.0,1.5744657031875616e-05,-6.13013497523518e-05,4.999975618740567,0.0,-1.0,SOLVER_EXCEPTION,0.0,0,True,True
1819.118,-0.07058192036154208,-1.999980778523766,-1.6043692284186566e-05,2.4380925185045346e-05,0,nan,nan,nan,5.0,1.576743218946007e-05,-6.131977774925801e-05,4.999975619074815,0.0,-1.0,SOLVER_EXCEPTION,0.0,0,True,True
1819.218,-0.0706589006484179,-1.9999807599024744,-1.6061576764038392e-05,2.4380426952508006e-05,0,nan,nan,nan,5.0,1.578931508292348e-05,-6.133748693715191e-05,4.999975619573047,0.0,-1.0,SOLVER_EXCEPTION,0.0,0,True,True
1819.319,-0.0707389912109189,-1.999980740527549,-1.608018766335854e-05,2.4380138853436765e-05,0,nan,nan,nan,5.0,1.581209318066713e-05,-6.135591526890138e-05,4.9999756198611465,0.0,-1.0,SOLVER_EXCEPTION,0.0,0,True,True
1819.415,-0.0708136386901225,-1.9999807224677912,-1.6097532082395327e-05,2.4379779266997723e-05,0,nan,nan,nan,5.0,1.5834425859996228e-05,-6.137398362238145e-05,4.999975620220733,0.0,-1.0,SOLVER_EXCEPTION,0.0,0,True,True
1819.516,-0.07089217402250052,-1.999980703466022,-1.611578255238818e-05,2.4379571494018577e-05,0,nan,nan,nan,5.0,1.5856537174274963e-05,-6.139186834674959e-05,4.999975620428506,0.0,-1.0,SOLVER_EXCEPTION,0.0,0,True,True
1819.615,-0.07096915416403918,-1.9999806848387833,-1.613366787415556e-05,2.43791529905658e-05,0,nan,nan,nan,5.0,1.587730917691224e-05,-6.140867194392996e-05,4.999975620847009,0.0,-1.0,SOLVER_EXCEPTION,0.0,0,True,True
1819.715,-0.0710461342706337,-1.999980666210589,-1.615155627670124e-05,2.43788951928964e-05,0,nan,nan,nan,5.0,1.590076312360651e-05,-6.142764176697568e-05,4.999975621104807,0.0,-1.0,SOLVER_EXCEPTION,0.0,0,True,True
1819.815,-0.07112389191902843,-1.99998064739269,-1.6169623177760958e-05,2.43785240729093e-05,0,nan,nan,nan,5.0,1.592287772472597e-05,-6.144552972076056e-05,4.999975621475927,0.0,-1.0,SOLVER_EXCEPTION,0.0,0,True,True
1819.925,-0.07120942529211875,-1.99998062669154,-1.6189498869018832e-05,2.4378240955055102e-05,0,nan,nan,nan,5.0,1.594611119886804e-05,-6.146432073528274e-05,4.999975621759045,0.0,-1.0,SOLVER_EXCEPTION,0.0,0,True,True
1820.016,-0.07128018468756091,-1.9999806095649197,-1.6205940677719633e-05,2.4377938714525813e-05,0,nan,nan,nan,5.0,1.596822903491908e-05,-6.148220938095861e-05,4.999975622061285,0.0,-1.0,SOLVER_EXCEPTION,0.0,0,True,True
1820.118,-0.07135949738316409,-1.9999805903666075,-1.622436950484148e-05,2.43775811685753e-05,0,nan,nan,nan,5.0,1.5990794965104464e-05,-6.150045661579284e-05,4.999975622418831,0.0,-1.0,SOLVER_EXCEPTION,0.0,0,True,True
1820.222,-0.07143647731912194,-1.9999805717309362,-1.6242255624675217e-05,2.4377238762680902e-05,0,nan,nan,nan,5.0,1.601313941654956e-05,-6.151852428759597e-05,4.999975622761237,0.0,-1.0,SOLVER_EXCEPTION,0.0,0,True,True
1820.319,-0.07151345722268332,-1.9999805530942076,-1.6260144322514043e-05,2.4377022254410744e-05,0,nan,nan,nan,5.0,1.6035485090407565e-05,-6.153659151708624e-05,4.999975622977746,0.0,-1.0,SOLVER_EXCEPTION,0.0,0,True,True
1820.418,-0.07159276981713568,-1.9999805338912946,-1.6278573029564787e-05,2.4376679911310167e-05,0,nan,nan,nan,5.0,1.605783199402469e-05,-6.155465992918607e-05,4.999975623320089,0.0,-1.0,SOLVER_EXCEPTION,0.0,0,True,True
1820.522,-0.07167052723012436,-1.9999805150634797,-1.6296641466754488e-05,2.4376416809080037e-05,0,nan,nan,nan,5.0,1.6079956791534083e-05,-6.157254834526782e-05,4.9999756235831905,0.0,-1.0,SOLVER_EXCEPTION,0.0,0,True,True
1820.619,-0.07174906218494129,-1.99998049604569,-1.631488815080007e-05,2.4376014844927562e-05,0,nan,nan,nan,5.0,1.6102530030400503e-05,-6.159079479095553e-05,4.999975623985155,0.0,-1.0,SOLVER_EXCEPTION,0.0,0,True,True
1820.717,-0.07182604196102751,-1.999980477404025,-1.6332776212664242e-05,2.437572984414422e-05,0,nan,nan,nan,5.0,1.6124880673365102e-05,-6.160886520012454e-05,4.999975624270156,0.0,-1.0,SOLVER_EXCEPTION,0.0,0,True,True
1820.822,-0.07190146656062005,-1.9999804591372774,-1.6350304195713426e-05,2.4375567542097072e-05,0,nan,nan,nan,5.0,1.6147233041542972e-05,-6.162693425526555e-05,4.999975624432458,0.0,-1.0,SOLVER_EXCEPTION,0.0,0,True,True
1820.922,-0.07198077899506515,-1.9999804399269558,-1.6368733243652265e-05,2.437526777135389e-05,0,nan,nan,nan,5.0,1.6169587337234343e-05,-6.164500191108147e-05,4.999975624732229,0.0,-1.0,SOLVER_EXCEPTION,0.0,0,True,True
1821.018,-0.07206009139802325,-1.9999804207153524,-1.6387162124301804e-05,2.437494839882255e-05,0,nan,nan,nan,5.0,1.619194284303046e-05,-6.166306940080801e-05,4.999975625051601,0.0,-1.0,SOLVER_EXCEPTION,0.0,0,True,True
1821.118,-0.07213707105351652,-1.9999804020673275,-1.6405048079990367e-05,2.4374595552264054e-05,0,nan,nan,nan,5.0,1.6214299612461235e-05,-6.168113812554665e-05,4.999975625404447,0.0,-1.0,SOLVER_EXCEPTION,0.0,0,True,True
1821.218,-0.0722156058237647,-1.9999803830411822,-1.6423298254182533e-05,2.437440745779522e-05,0,nan,nan,nan,5.0,1.6236658096516204e-05,-6.169920524934369e-05,4.999975625592542,0.0,-1.0,SOLVER_EXCEPTION,0.0,0,True,True
1821.318,-0.07229336299274879,-1.99998036420195,-1.6441366672620144e-05,2.437415043670773e-05,0,nan,nan,nan,5.0,1.6259017548032e-05,-6.171727345005706e-05,4.999975625849563,0.0,-1.0,SOLVER_EXCEPTION,0.0,0,True,True
1821.416,-0.07236956499043846,-1.9999803457389798,-1.6459072154914296e-05,2.437376638052488e-05,0,nan,nan,nan,5.0,1.628137800344046e-05,-6.173534088205201e-05,4.99997562623362,0.0,-1.0,SOLVER_EXCEPTION,0.0,0,True,True
1821.52,-0.07245043238671608,-1.9999803261429472,-1.6477863516431457e-05,2.4373538397791118e-05,0,nan,nan,nan,5.0,1.630329347426716e-05,-6.175304761857348e-05,4.999975626461603,0.0,-1.0,SOLVER_EXCEPTION,0.0,0,True,True
1821.616,-0.07252507918711512,-1.9999803080535803,-1.649520918466584e-05,2.437329590134713e-05,0,nan,nan,nan,5.0,1.6325880886426387e-05,-6.17712981174634e-05,4.9999756267040985,0.0,-1.0,SOLVER_EXCEPTION,0.0,0,True,True
1821.718,-0.07260439138456454,-1.9999802888320717,-1.6513638419696675e-05,2.4373002931224564e-05,0,nan,nan,nan,5.0,1.6346457059417256e-05,-6.178792120481447e-05,4.9999756269970685,0.0,-1.0,SOLVER_EXCEPTION,0.0,0,True,True
1821.818,-0.07268137084310256,-1.99998027017431,-1.6531527511486086e-05,2.437284827497297e-05,0,nan,nan,nan,5.0,1.6370836642901813e-05,-6.180761445762073e-05,4.999975627151725,0.0,-1.0,SOLVER_EXCEPTION,0.0,0,True,True
1821.917,-0.0727583502751611,-1.9999802515147798,-1.6549413282017113e-05,2.4372508649393082e-05,0,nan,nan,nan,5.0,1.639253379090237e-05,-6.182514160757435e-05,4.9999756274913505,0.0,-1.0,SOLVER_EXCEPTION,0.0,0,True,True
1822.017,-0.07283532968106801,-1.9999802328545886,-1.6567302480391977e-05,2.437232931437564e-05,0,nan,nan,nan,5.0,1.641557425991774e-05,-6.184375081241811e-05,4.999975627670685,0.0,-1.0,SOLVER_EXCEPTION,0.0,0,True,True
1822.122,-0.07291775204664865,-1.9999802128734563,-1.6586456048277067e-05,2.4372128348694902e-05,0,nan,nan,nan,5.0,1.6438392607907316e-05,-6.186218028902957e-05,4.999975627871652,0.0,-1.0,SOLVER_EXCEPTION,0.0,0,True,True
1822.215,-0.07299006598482909,-1.9999801953414922,-1.660325919851377e-05,2.437186365284286e-05,0,nan,nan,nan,5.0,1.6460316939884404e-05,-6.187988925798749e-05,4.999975628136347,0.0,-1.0,SOLVER_EXCEPTION,0.0,0,True,True
1822.316,-0.07306860045166236,-1.9999801762998213,-1.6621506972777397e-05,2.437153941129465e-05,0,nan,nan,nan,5.0,1.648269049933819e-05,-6.189795849875779e-05,4.9999756284605885,0.0,-1.0,SOLVER_EXCEPTION,0.0,0,True,True
1822.417,-0.07314791246120479,-1.999980157068114,-1.6639937416784975e-05,2.437133958329698e-05,0,nan,nan,nan,5.0,1.650439475637507e-05,-6.191548323952745e-05,4.999975628660417,0.0,-1.0,SOLVER_EXCEPTION,0.0,0,True,True
1822.519,-0.07322333660295947,-1.999980138777552,-1.6657465186075268e-05,2.437120779478845e-05,0,nan,nan,nan,5.0,1.65263240712632e-05,-6.193318937386394e-05,4.999975628792205,0.0,-1.0,SOLVER_EXCEPTION,0.0,0,True,True
1822.621,-0.07330420369815888,-1.9999801191659299,-1.6676255993389543e-05,2.437093228370592e-05,0,nan,nan,nan,5.0,1.6549820574673843e-05,-6.195216319637709e-05,4.999975629067716,0.0,-1.0,SOLVER_EXCEPTION,0.0,0,True,True
1822.72,-0.07338273806340063,-1.9999801001185227,-1.669450383959515e-05,2.4370614080139073e-05,0,nan,nan,nan,5.0,1.657219971648143e-05,-6.197023244336464e-05,4.999975629385919,0.0,-1.0,SOLVER_EXCEPTION,0.0,0,True,True
1822.815,-0.07345738456597038,-1.9999800820124556,-1.6711848929368154e-05,2.437035562016565e-05,0,nan,nan,nan,5.0,1.659458052985847e-05,-6.198830028303348e-05,4.99997562964438,0.0,-1.0,SOLVER_EXCEPTION,0.0,0,True,True
1822.919,-0.07353747401827514,-1.9999800625851039,-1.6730461430603258e-05,2.4370229072501526e-05,0,nan,nan,nan,5.0,1.6616962373775863e-05,-6.200636799302828e-05,4.999975629770928,0.0,-1.0,SOLVER_EXCEPTION,0.0,0,True,True
1823.016,-0.07361212047562182,-1.9999800444769986,-1.6747807224666184e-05,2.436999943752815e-05,0,nan,nan,nan,5.0,1.6639793608936577e-05,-6.202479867489785e-05,4.999975630000563,0.0,-1.0,SOLVER_EXCEPTION,0.0,0,True,True
1823.119,-0.07369065474617703,-1.9999800254239506,-1.6766058107779688e-05,2.4369874023883243e-05,0,nan,nan,nan,5.0,1.6661283492678946e-05,-6.204214387883766e-05,4.999975630125976,0.0,-1.0,SOLVER_EXCEPTION,0.0,0,True,True
1823.215,-0.07376841142663935,-1.999980006557886,-1.678412615255506e-05,2.436962657546224e-05,0,nan,nan,nan,5.0,1.668389371919869e-05,-6.206039481160275e-05,4.999975630373425,0.0,-1.0,SOLVER_EXCEPTION,0.0,0,True,True
1823.318,-0.07384539051797985,-1.9999799878793116,-1.6802012895129405e-05,2.4369336638730285e-05,0,nan,nan,nan,5.0,1.6704938361640324e-05,-6.207737891061882e-05,4.999975630663362,0.0,-1.0,SOLVER_EXCEPTION,0.0,0,True,True
1823.421,-0.0739278125510723,-1.9999799678784267,-1.682116574266982e-05,2.436912031199444e-05,0,nan,nan,nan,5.0,1.6729342582806617e-05,-6.2097072919709e-05,4.999975630879688,0.0,-1.0,SOLVER_EXCEPTION,0.0,0,True,True
1823.518,-0.07400401403128906,-1.9999799493855344,-1.6838873642248805e-05,2.4368948507402427e-05,0,nan,nan,nan,5.0,1.6751285455294408e-05,-6.211478061279863e-05,4.999975631051493,0.0,-1.0,SOLVER_EXCEPTION,0.0,0,True,True
1823.623,-0.07407477252987518,-1.9999799322130485,-1.685531673366672e-05,2.4368761761875087e-05,0,nan,nan,nan,5.0,1.677255724026147e-05,-6.213194679327572e-05,4.999975631238238,0.0,-1.0,SOLVER_EXCEPTION,0.0,0,True,True
1823.716,-0.07415563936355413,-1.9999799125851272,-1.6874107662197687e-05,2.4368523160229396e-05,0,nan,nan,nan,5.0,1.6795622460995943e-05,-6.215055917202505e-05,4.99997563147684,0.0,-1.0,SOLVER_EXCEPTION,0.0,0,True,True
1823.825,-0.0742396164357124,-1.9999798922004948,-1.689362303716982e-05,2.436837268444783e-05,0,nan,nan,nan,5.0,1.6818241507096003e-05,-6.216880713560968e-05,4.999975631627316,0.0,-1.0,SOLVER_EXCEPTION,0.0,0,True,True
1823.918,-0.07431270757117005,-1.9999798744578072,-1.6910607133360665e-05,2.436812711306063e-05,0,nan,nan,nan,5.0,1.6840413390311553e-05,-6.218669734581184e-05,4.9999756318728865,0.0,-1.0,SOLVER_EXCEPTION,0.0,0,True,True
1824.015,-0.07438968651316888,-1.9999798557691575,-1.6928497287538623e-05,2.4368066181639637e-05,0,nan,nan,nan,5.0,1.6863259375095408e-05,-6.220512734689265e-05,4.999975631933818,0.0,-1.0,SOLVER_EXCEPTION,0.0,0,True,True
1824.115,-0.07446666543508972,-1.9999798370793105,-1.6946384123221888e-05,2.4367791093477573e-05,0,nan,nan,nan,5.0,1.6885434568248613e-05,-6.22230141824609e-05,4.999975632208907,0.0,-1.0,SOLVER_EXCEPTION,0.0,0,True,True
1824.219,-0.07454830972455467,-1.9999798172555319,-1.6965358248179295e-05,2.436768425268873e-05,0,nan,nan,nan,5.0,1.6908059026457436e-05,-6.22412653408233e-05,4.999975632315747,0.0,-1.0,SOLVER_EXCEPTION,0.0,0,True,True
1824.315,-0.07462373347715977,-1.999979798940172,-1.6982883114017458e-05,2.4367394552729917e-05,0,nan,nan,nan,5.0,1.693068521835608e-05,-6.225951317340161e-05,4.999975632605447,0.0,-1.0,SOLVER_EXCEPTION,0.0,0,True,True
1824.414,-0.07470071233955004,-1.999979780246428,-1.7000772573429072e-05,2.4367257177799543e-05,0,nan,nan,nan,5.0,1.695264030545406e-05,-6.22772195839616e-05,4.999975632742823,0.0,-1.0,SOLVER_EXCEPTION,0.0,0,True,True
1824.517,-0.07478080143874587,-1.999979760795939,-1.7019382193819904e-05,2.4366959627868058e-05,0,nan,nan,nan,5.0,1.6975268520171524e-05,-6.229547095459864e-05,4.999975633040372,0.0,-1.0,SOLVER_EXCEPTION,0.0,0,True,True
1824.616,-0.07485778026243246,-1.9999797420992707,-1.703727134193447e-05,2.436683462824033e-05,0,nan,nan,nan,5.0,1.69972267912341e-05,-6.231317859350938e-05,4.999975633165372,0.0,-1.0,SOLVER_EXCEPTION,0.0,0,True,True
1824.716,-0.07493553663110065,-1.9999797232122303,-1.705534115241549e-05,2.4366696808911675e-05,0,nan,nan,nan,5.0,1.7019858322446417e-05,-6.23314300471911e-05,4.999975633303191,0.0,-1.0,SOLVER_EXCEPTION,0.0,0,True,True
1824.816,-0.07501329298101664,-1.999979704323674,-1.7073409790775783e-05,2.4366494839807483e-05,0,nan,nan,nan,5.0,1.7042491537444723e-05,-6.234967842511097e-05,4.99997563350516,0.0,-1.0,SOLVER_EXCEPTION,0.0,0,True,True
1824.922,-0.07509571469171519,-1.999979684300541,-1.709256384815887e-05,2.4366348078968592e-05,0,nan,nan,nan,5.0,1.7064902059674476e-05,-6.236774809442736e-05,4.999975633651921,0.0,-1.0,SOLVER_EXCEPTION,0.0,0,True,True
1825.017,-0.0751695831885672,-1.9999796663534406,-1.710973085459604e-05,2.4366270161347114e-05,0,nan,nan,nan,5.0,1.7087089742621738e-05,-6.238563789695561e-05,4.999975633729838,0.0,-1.0,SOLVER_EXCEPTION,0.0,0,True,True
1825.119,-0.07524889460915869,-1.9999796470831193,-1.7128161162260203e-05,2.4366061482075555e-05,0,nan,nan,nan,5.0,1.7109726868646698e-05,-6.240388653111495e-05,4.999975633938518,0.0,-1.0,SOLVER_EXCEPTION,0.0,0,True,True
1825.215,-0.07532354063512404,-1.999979628944597,-1.7145506739340823e-05,2.436584785536984e-05,0,nan,nan,nan,5.0,1.713214150246548e-05,-6.242195495875791e-05,4.999975634152144,0.0,-1.0,SOLVER_EXCEPTION,0.0,0,True,True
1825.317,-0.07540285201993419,-1.9999796096716644,-1.7163937809376767e-05,2.4365678477474637e-05,0,nan,nan,nan,5.0,1.7154557026329798e-05,-6.244002673572169e-05,4.9999756343215225,0.0,-1.0,SOLVER_EXCEPTION,0.0,0,True,True
1825.418,-0.07548138582432512,-1.999979590585867,-1.7182189467333738e-05,2.4365608976169135e-05,0,nan,nan,nan,5.0,1.7176974492074935e-05,-6.245809671145963e-05,4.999975634391024,0.0,-1.0,SOLVER_EXCEPTION,0.0,0,True,True
1825.515,-0.07555680936255071,-1.9999795722541776,-1.719971513760597e-05,2.4365378056300266e-05,0,nan,nan,nan,5.0,1.7199393513353124e-05,-6.247616542376377e-05,4.9999756346219435,0.0,-1.0,SOLVER_EXCEPTION,0.0,0,True,True
1825.615,-0.07563456557082512,-1.9999795533542661,-1.721778391208638e-05,2.436518575560611e-05,0,nan,nan,nan,5.0,1.7221813848589574e-05,-6.249423541904164e-05,4.999975634814245,0.0,-1.0,SOLVER_EXCEPTION,0.0,0,True,True
1825.717,-0.07571309932418631,-1.9999795342644184,-1.7236035880348577e-05,2.4365119793964267e-05,0,nan,nan,nan,5.0,1.724423541674762e-05,-6.251230457188228e-05,4.999975634880206,0.0,-1.0,SOLVER_EXCEPTION,0.0,0,True,True
1825.819,-0.07579318818400865,-1.9999795147945036,-1.7254646359690805e-05,2.4364912822453576e-05,0,nan,nan,nan,5.0,1.72653132909106e-05,-6.25292887059814e-05,4.999975635087178,0.0,-1.0,SOLVER_EXCEPTION,0.0,0,True,True
1825.915,-0.07586705653451012,-1.9999794968357172,-1.7271813427121068e-05,2.4364813575460045e-05,0,nan,nan,nan,5.0,1.7289083150924927e-05,-6.254844348640987e-05,4.999975635186424,0.0,-1.0,SOLVER_EXCEPTION,0.0,0,True,True
1826.019,-0.07594870048392906,-1.9999794769850132,-1.7290785357746272e-05,2.436460146896774e-05,0,nan,nan,nan,5.0,1.731150893460201e-05,-6.256651217340092e-05,4.999975635398531,0.0,-1.0,SOLVER_EXCEPTION,0.0,0,True,True
1826.119,-0.07602567904873599,-1.9999794582672954,-1.7308674941912223e-05,2.4364489818916898e-05,0,nan,nan,nan,5.0,1.7333936100007817e-05,-6.258458174279724e-05,4.999975635510181,0.0,-1.0,SOLVER_EXCEPTION,0.0,0,True,True
1826.219,-0.07610110247607996,-1.9999794399268422,-1.732620370248659e-05,2.43643958958803e-05,0,nan,nan,nan,5.0,1.7356364710878185e-05,-6.260265091251327e-05,4.9999756356041045,0.0,-1.0,SOLVER_EXCEPTION,0.0,0,True,True
1826.317,-0.07618041369320358,-1.9999794206389288,-1.7344634718512882e-05,2.436426077605813e-05,0,nan,nan,nan,5.0,1.7378795028790572e-05,-6.262072048990319e-05,4.999975635739224,0.0,-1.0,SOLVER_EXCEPTION,0.0,0,True,True
1826.418,-0.07625894733366137,-1.9999794015386834,-1.736288361588214e-05,2.436403082458657e-05,0,nan,nan,nan,5.0,1.7400329358983892e-05,-6.263806796447113e-05,4.999975635969175,0.0,-1.0,SOLVER_EXCEPTION,0.0,0,True,True
1826.524,-0.07633825851924839,-1.9999793822478724,-1.7381314135147838e-05,2.4363856519896767e-05,0,nan,nan,nan,5.0,1.7423435140568027e-05,-6.265668132332536e-05,4.99997563614348,0.0,-1.0,SOLVER_EXCEPTION,0.0,0,True,True
1826.619,-0.07640979408506661,-1.9999793648468494,-1.739793857191981e-05,2.436375984714439e-05,0,nan,nan,nan,5.0,1.744564534591242e-05,-6.267456863140453e-05,4.999975636240153,0.0,-1.0,SOLVER_EXCEPTION,0.0,0,True,True
1826.719,-0.0764929930426418,-1.999979344607596,-1.741727482952809e-05,2.4363709640808255e-05,0,nan,nan,nan,5.0,1.7468305497177824e-05,-6.269282014148558e-05,4.999975636290359,0.0,-1.0,SOLVER_EXCEPTION,0.0,0,True,True
1826.815,-0.07656763882215004,-1.999979326447824,-1.743462058566651e-05,2.4363468312327723e-05,0,nan,nan,nan,5.0,1.7490966596788392e-05,-6.271106882005384e-05,4.999975636531688,0.0,-1.0,SOLVER_EXCEPTION,0.0,0,True,True
1826.915,-0.07664539482836559,-1.9999793075298762,-1.74526898910362e-05,2.4363314878630345e-05,0,nan,nan,nan,5.0,1.7513180773209414e-05,-6.272895853776106e-05,4.999975636685122,0.0,-1.0,SOLVER_EXCEPTION,0.0,0,True,True
1827.017,-0.07672392838021451,-1.9999792884213898,-1.7470942104311088e-05,2.4363266134537355e-05,0,nan,nan,nan,5.0,1.7535844952602288e-05,-6.27472107685989e-05,4.999975636733866,0.0,-1.0,SOLVER_EXCEPTION,0.0,0,True,True
1827.122,-0.0768063497162647,-1.999979268364862,-1.74900939867592e-05,2.4363004400763896e-05,0,nan,nan,nan,5.0,1.755806216510482e-05,-6.276509840219546e-05,4.999975636995599,0.0,-1.0,SOLVER_EXCEPTION,0.0,0,True,True
1827.215,-0.07687866276242925,-1.9999792507671568,-1.750690023751939e-05,2.436297271392414e-05,0,nan,nan,nan,5.0,1.75807293676912e-05,-6.278335051312922e-05,4.999975637027286,0.0,-1.0,SOLVER_EXCEPTION,0.0,0,True,True
1827.317,-0.07695797383171162,-1.999979231464746,-1.752533085844995e-05,2.4362807236956565e-05,0,nan,nan,nan,5.0,1.760339834666826e-05,-6.280159948257591e-05,4.999975637192763,0.0,-1.0,SOLVER_EXCEPTION,0.0,0,True,True
1827.417,-0.07703106441251889,-1.9999792136751764,-1.754231759460123e-05,2.436274345959495e-05,0,nan,nan,nan,5.0,1.762494604548823e-05,-6.281894765391982e-05,4.99997563725654,0.0,-1.0,SOLVER_EXCEPTION,0.0,0,True,True
1827.515,-0.07711193057328516,-1.99997919399142,-1.756110982230411e-05,2.436258682626177e-05,0,nan,nan,nan,5.0,1.7647842213386145e-05,-6.28373782736169e-05,4.999975637413174,0.0,-1.0,SOLVER_EXCEPTION,0.0,0,True,True
1827.615,-0.0771865762474885,-1.999979175821389,-1.7578458636444178e-05,2.4362517980990048e-05,0,nan,nan,nan,5.0,1.766984088470673e-05,-6.285508869607881e-05,4.999975637482019,0.0,-1.0,SOLVER_EXCEPTION,0.0,0,True,True
1827.717,-0.07726588726318291,-1.9999791565134335,-1.7596890636396477e-05,2.4362436249557855e-05,0,nan,nan,nan,5.0,1.7693189175437883e-05,-6.287387925141275e-05,4.99997563756375,0.0,-1.0,SOLVER_EXCEPTION,0.0,0,True,True
1827.818,-0.0773428655891526,-1.9999791377717335,-1.7614778365944823e-05,2.436223457326075e-05,0,nan,nan,nan,5.0,1.7714966794796486e-05,-6.289140842552499e-05,4.999975637765426,0.0,-1.0,SOLVER_EXCEPTION,0.0,0,True,True
1827.919,-0.0774260643719191,-1.9999791175145085,-1.763411500611393e-05,2.4362184880350776e-05,0,nan,nan,nan,5.0,1.7737194757725616e-05,-6.290929947372348e-05,4.99997563781512,0.0,-1.0,SOLVER_EXCEPTION,0.0,0,True,True
1828.016,-0.07750148755511213,-1.9999790991487116,-1.7651641000830124e-05,2.436196685896403e-05,0,nan,nan,nan,5.0,1.776009798478273e-05,-6.292773105620597e-05,4.999975638033141,0.0,-1.0,SOLVER_EXCEPTION,0.0,0,True,True
1828.115,-0.07757768828507121,-1.9999790805922086,-1.7669350261688905e-05,2.436189032343064e-05,0,nan,nan,nan,5.0,1.778277829995961e-05,-6.294598032097198e-05,4.999975638109676,0.0,-1.0,SOLVER_EXCEPTION,0.0,0,True,True
1828.223,-0.07766244214440604,-1.999979059951947,-1.7689048616847174e-05,2.4361847083965207e-05,0,nan,nan,nan,5.0,1.7805235191689586e-05,-6.296405005157268e-05,4.999975638152916,0.0,-1.0,SOLVER_EXCEPTION,0.0,0,True,True
1828.318,-0.0777347550589287,-1.9999790423390926,-1.7705852019076352e-05,2.4361666470320764e-05,0,nan,nan,nan,5.0,1.78276937670814e-05,-6.29821205060388e-05,4.99997563833353,0.0,-1.0,SOLVER_EXCEPTION,0.0,0,True,True
1828.418,-0.07781173331145325,-1.9999790235892472,-1.7723742871851805e-05,2.4361623456676103e-05,0,nan,nan,nan,5.0,1.7850153587603803e-05,-6.300018996663326e-05,4.999975638376544,0.0,-1.0,SOLVER_EXCEPTION,0.0,0,True,True
1828.517,-0.077891044226235,-1.9999790042700525,-1.774217405207498e-05,2.4361460419566353e-05,0,nan,nan,nan,5.0,1.7872614145669593e-05,-6.30182606915497e-05,4.99997563853958,0.0,-1.0,SOLVER_EXCEPTION,0.0,0,True,True
1828.619,-0.07796880001330546,-1.9999789853278507,-1.776024385204742e-05,2.436132576006175e-05,0,nan,nan,nan,5.0,1.7894852075489774e-05,-6.303615065350598e-05,4.99997563867424,0.0,-1.0,SOLVER_EXCEPTION,0.0,0,True,True
1828.716,-0.0780457782312037,-1.9999789665742054,-1.777813466782911e-05,2.4361275470851875e-05,0,nan,nan,nan,5.0,1.791731602135963e-05,-6.30542216715213e-05,4.999975638724529,0.0,-1.0,SOLVER_EXCEPTION,0.0,0,True,True
1828.818,-0.07812431155317258,-1.9999789474397953,-1.7796384319124742e-05,2.4361089959195955e-05,0,nan,nan,nan,5.0,1.7939556691525054e-05,-6.307211290845771e-05,4.9999756389100405,0.0,-1.0,SOLVER_EXCEPTION,0.0,0,True,True
1828.915,-0.07820051219130154,-1.9999789288721614,-1.7814093704836438e-05,2.436102614741236e-05,0,nan,nan,nan,5.0,1.796224843616909e-05,-6.30903623224377e-05,4.9999756389738526,0.0,-1.0,SOLVER_EXCEPTION,0.0,0,True,True
1829.019,-0.078278267933556,-1.9999789099244678,-1.7832163627262288e-05,2.4360884655073335e-05,0,nan,nan,nan,5.0,1.7984491758104218e-05,-6.310825366018236e-05,4.999975639115345,0.0,-1.0,SOLVER_EXCEPTION,0.0,0,True,True
1829.12,-0.07834747053498103,-1.9999788930601035,-1.7848247102276218e-05,2.4360823126196005e-05,0,nan,nan,nan,5.0,1.8005163551089038e-05,-6.312487716186865e-05,4.999975639176874,0.0,-1.0,SOLVER_EXCEPTION,0.0,0,True,True
1829.217,-0.07843533449976915,-1.9999788716455944,-1.7868666480121606e-05,2.4360719367770797e-05,0,nan,nan,nan,5.0,1.8029882083192993e-05,-6.314475513491402e-05,4.999975639280632,0.0,-1.0,SOLVER_EXCEPTION,0.0,0,True,True
1829.315,-0.07851153509539456,-1.9999788530727016,-1.788637482904344e-05,2.436056809748407e-05,0,nan,nan,nan,5.0,1.8051904761512174e-05,-6.31624644555906e-05,4.999975639431902,0.0,-1.0,SOLVER_EXCEPTION,0.0,0,True,True
1829.417,-0.07859084590869744,-1.9999788337401725,-1.7904806929025023e-05,2.436048359067041e-05,0,nan,nan,nan,5.0,1.8074828045573898e-05,-6.318089516632597e-05,4.99997563951641,0.0,-1.0,SOLVER_EXCEPTION,0.0,0,True,True
1829.515,-0.07866704648386054,-1.9999788151650926,-1.792251804688135e-05,2.4360471456480664e-05,0,nan,nan,nan,5.0,1.8097303198541045e-05,-6.319896646500567e-05,4.999975639528544,0.0,-1.0,SOLVER_EXCEPTION,0.0,0,True,True
1829.615,-0.07874091437896166,-1.9999787971564769,-1.7939684158579313e-05,2.4360344992014974e-05,0,nan,nan,nan,5.0,1.8119105654549515e-05,-6.321649588025835e-05,4.999975639655008,0.0,-1.0,SOLVER_EXCEPTION,0.0,0,True,True
1829.718,-0.07882411294461401,-1.9999787768721906,-1.795902142396494e-05,2.4360325331017602e-05,0,nan,nan,nan,5.0,1.8142258111625094e-05,-6.323510717498593e-05,4.999975639674669,0.0,-1.0,SOLVER_EXCEPTION,0.0,0,True,True
1829.818,-0.07889953593349648,-1.999978758481796,-1.7976548517879814e-05,2.436015407563487e-05,0,nan,nan,nan,5.0,1.816451267969888e-05,-6.325299879250679e-05,4.999975639845925,0.0,-1.0,SOLVER_EXCEPTION,0.0,0,True,True
1829.919,-0.07897962425173709,-1.999978738952561,-1.7995162805060777e-05,2.436015309964167e-05,0,nan,nan,nan,5.0,1.818676921553815e-05,-6.32708869217069e-05,4.9999756398469,0.0,-1.0,SOLVER_EXCEPTION,0.0,0,True,True
1830.019,-0.07905815744696758,-1.9999787198008239,-1.801341258635625e-05,2.4359971696911243e-05,0,nan,nan,nan,5.0,1.8209476275146845e-05,-6.328913984265938e-05,4.999975640028303,0.0,-1.0,SOLVER_EXCEPTION,0.0,0,True,True
1830.115,-0.07913358040740787,-1.9999787014066743,-1.8030942677274106e-05,2.435994977165648e-05,0,nan,nan,nan,5.0,1.823218469677681e-05,-6.330738980375727e-05,4.999975640050228,0.0,-1.0,SOLVER_EXCEPTION,0.0,0,True,True
1830.218,-0.07921289113967486,-1.999978682062523,-1.8049374756872944e-05,2.4359865306514144e-05,0,nan,nan,nan,5.0,1.8254220092482683e-05,-6.332509833040234e-05,4.999975640134694,0.0,-1.0,SOLVER_EXCEPTION,0.0,0,True,True
1830.317,-0.0792906467500714,-1.9999786630965808,-1.8067444477063833e-05,2.4359691281042014e-05,0,nan,nan,nan,5.0,1.827715580716054e-05,-6.334353416059813e-05,4.999975640308719,0.0,-1.0,SOLVER_EXCEPTION,0.0,0,True,True
1830.415,-0.07936684723927388,-1.999978644508737,-1.8085154081758014e-05,2.4359619074769436e-05,0,nan,nan,nan,5.0,1.829941914120364e-05,-6.33614226908108e-05,4.999975640380925,0.0,-1.0,SOLVER_EXCEPTION,0.0,0,True,True
1830.515,-0.07944304771969093,-1.9999786259190062,-1.810286281041392e-05,2.4359504470224453e-05,0,nan,nan,nan,5.0,1.8321908690935163e-05,-6.33794928699416e-05,4.99997564049553,0.0,-1.0,SOLVER_EXCEPTION,0.0,0,True,True
1830.619,-0.07952546863772328,-1.999978605810737,-1.8122018724015702e-05,2.43594389680811e-05,0,nan,nan,nan,5.0,1.8344399273653188e-05,-6.339756456252843e-05,4.999975640561032,0.0,-1.0,SOLVER_EXCEPTION,0.0,0,True,True
1830.72,-0.07960400176728123,-1.9999785866492732,-1.8140271375692584e-05,2.4359419537402823e-05,0,nan,nan,nan,5.0,1.8367116523248223e-05,-6.341581706337251e-05,4.9999756405804625,0.0,-1.0,SOLVER_EXCEPTION,0.0,0,True,True
1830.817,-0.07967864710982245,-1.9999785684348046,-1.8157619984669908e-05,2.4359377906236552e-05,0,nan,nan,nan,5.0,1.838961021378386e-05,-6.343388856189236e-05,4.999975640622094,0.0,-1.0,SOLVER_EXCEPTION,0.0,0,True,True
1830.916,-0.07975640266644801,-1.9999785494602444,-1.817569043595925e-05,2.43592669330069e-05,0,nan,nan,nan,5.0,1.8412330264333055e-05,-6.345213878677924e-05,4.999975640733067,0.0,-1.0,SOLVER_EXCEPTION,0.0,0,True,True
1831.015,-0.0798333806590472,-1.9999785306736972,-1.8193578868391352e-05,2.435909220976975e-05,0,nan,nan,nan,5.0,1.843482695989983e-05,-6.347020892771837e-05,4.99997564090779,0.0,-1.0,SOLVER_EXCEPTION,0.0,0,True,True
1831.118,-0.07991269130939506,-1.9999785113168909,-1.8212011815042083e-05,2.4359020519105646e-05,0,nan,nan,nan,5.0,1.8456649129350353e-05,-6.348773844511157e-05,4.999975640979481,0.0,-1.0,SOLVER_EXCEPTION,0.0,0,True,True
1831.221,-0.07999277950629849,-1.9999784917688324,-1.8230626198107334e-05,2.4359012016106644e-05,0,nan,nan,nan,5.0,1.8480048756867158e-05,-6.350653281739227e-05,4.999975640987984,0.0,-1.0,SOLVER_EXCEPTION,0.0,0,True,True
1831.315,-0.08006431458737724,-1.99997847430749,-1.8247251244529023e-05,2.4358895585285338e-05,0,nan,nan,nan,5.0,1.850164907713689e-05,-6.352388130403952e-05,4.999975641104415,0.0,-1.0,SOLVER_EXCEPTION,0.0,0,True,True
1831.42,-0.08014829054330368,-1.9999784538074092,-1.826676755546205e-05,2.435877832272122e-05,0,nan,nan,nan,5.0,1.852437610486198e-05,-6.354213471704284e-05,4.999975641221678,0.0,-1.0,SOLVER_EXCEPTION,0.0,0,True,True
1831.518,-0.08022449093961617,-1.999978435203919,-1.8284477828364478e-05,2.435874714018972e-05,0,nan,nan,nan,5.0,1.854732979613441e-05,-6.356056663525678e-05,4.99997564125286,0.0,-1.0,SOLVER_EXCEPTION,0.0,0,True,True
1831.619,-0.08030302399312236,-1.9999784160295973,-1.8302731206727462e-05,2.4358754877109026e-05,0,nan,nan,nan,5.0,1.856803440715474e-05,-6.357719241822934e-05,4.999975641245123,0.0,-1.0,SOLVER_EXCEPTION,0.0,0,True,True
1831.72,-0.08038155703861019,-1.9999783968539624,-1.8320982303072905e-05,2.4358632230221683e-05,0,nan,nan,nan,5.0,1.8591891087413007e-05,-6.359634816943682e-05,4.99997564136777,0.0,-1.0,SOLVER_EXCEPTION,0.0,0,True,True
1831.815,-0.0804546471926421,-1.9999783790055297,-1.8337968564511686e-05,2.43585315109238e-05,0,nan,nan,nan,5.0,1.861417386016449e-05,-6.361423706691127e-05,4.999975641468489,0.0,-1.0,SOLVER_EXCEPTION,0.0,0,True,True
1831.915,-0.08053395777765082,-1.9999783596370595,-1.8356400610832422e-05,2.4358417538415456e-05,0,nan,nan,nan,5.0,1.8637133179493304e-05,-6.36326690472977e-05,4.999975641582462,0.0,-1.0,SOLVER_EXCEPTION,0.0,0,True,True
1832.015,-0.08061093569085993,-1.9999783408369158,-1.837429234536322e-05,2.435841584597148e-05,0,nan,nan,nan,5.0,1.8659643742114806e-05,-6.365074058711784e-05,4.999975641584154,0.0,-1.0,SOLVER_EXCEPTION,0.0,0,True,True
1832.116,-0.08068869115130765,-1.9999783218459697,-1.8392363589338073e-05,2.435830489707746e-05,0,nan,nan,nan,5.0,1.8682155054686398e-05,-6.36688138833108e-05,4.999975641695103,0.0,-1.0,SOLVER_EXCEPTION,0.0,0,True,True
1832.218,-0.08076566904987637,-1.9999783030430065,-1.8410255186887228e-05,2.435830410857485e-05,0,nan,nan,nan,5.0,1.870421829648209e-05,-6.368652379507012e-05,4.999975641695891,0.0,-1.0,SOLVER_EXCEPTION,0.0,0,True,True
1832.315,-0.0808434244957199,-1.9999782840488116,-1.8428327296815322e-05,2.435827107954878e-05,0,nan,nan,nan,5.0,1.8727183226393014e-05,-6.370495735641413e-05,4.999975641728921,0.0,-1.0,SOLVER_EXCEPTION,0.0,0,True,True
1832.421,-0.0809188472713065,-1.9999782656228393,-1.8445855114689466e-05,2.4358126892536727e-05,0,nan,nan,nan,5.0,1.874902408778475e-05,-6.372248517427792e-05,4.999975641873108,0.0,-1.0,SOLVER_EXCEPTION,0.0,0,True,True
1832.526,-0.08100593335438422,-1.999978244346135,-1.8466094581047732e-05,2.4358014204181606e-05,0,nan,nan,nan,5.0,1.877131676851889e-05,-6.374037709377944e-05,4.999975641985796,0.0,-1.0,SOLVER_EXCEPTION,0.0,0,True,True
1832.619,-0.08107824589881893,-1.9999782266772363,-1.848290244247997e-05,2.4358042578238918e-05,0,nan,nan,nan,5.0,1.879473638479577e-05,-6.375917103218498e-05,4.9999756419574215,0.0,-1.0,SOLVER_EXCEPTION,0.0,0,True,True
1832.721,-0.0811544462079728,-1.9999782080571176,-1.8500612367156602e-05,2.435797614232606e-05,0,nan,nan,nan,5.0,1.8816806549696314e-05,-6.377688082626065e-05,4.999975642023857,0.0,-1.0,SOLVER_EXCEPTION,0.0,0,True,True
1832.819,-0.08123220161869797,-1.9999781890558024,-1.851868439551523e-05,2.435793642928077e-05,0,nan,nan,nan,5.0,1.884000412818442e-05,-6.37954931099749e-05,4.99997564206357,0.0,-1.0,SOLVER_EXCEPTION,0.0,0,True,True
1832.918,-0.08131073457666682,-1.9999781698630552,-1.8536935233276527e-05,2.4357778696859222e-05,0,nan,nan,nan,5.0,1.8862301880723368e-05,-6.381338538341552e-05,4.999975642221303,0.0,-1.0,SOLVER_EXCEPTION,0.0,0,True,True
1833.018,-0.08139082263570023,-1.9999781502887095,-1.85555502557462e-05,2.435779342236895e-05,0,nan,nan,nan,5.0,1.8884826256646596e-05,-6.38314566585585e-05,4.999975642206578,0.0,-1.0,SOLVER_EXCEPTION,0.0,0,True,True
1833.117,-0.08146546781063806,-1.9999781320436856,-1.8572897654916623e-05,2.435763291345946e-05,0,nan,nan,nan,5.0,1.8907352377319815e-05,-6.38495277143214e-05,4.999975642367087,0.0,-1.0,SOLVER_EXCEPTION,0.0,0,True,True
1833.221,-0.08154633341005094,-1.9999781122765163,-1.8591692364057412e-05,2.4357575353957102e-05,0,nan,nan,nan,5.0,1.892965439911476e-05,-6.386742094122155e-05,4.999975642424646,0.0,-1.0,SOLVER_EXCEPTION,0.0,0,True,True
1833.316,-0.08162253368005797,-1.9999780936482048,-1.8609403209287387e-05,2.4357553176275427e-05,0,nan,nan,nan,5.0,1.8952408717172974e-05,-6.388567182824545e-05,4.999975642446824,0.0,-1.0,SOLVER_EXCEPTION,0.0,0,True,True
1833.415,-0.0816987339439685,-1.9999780750184133,-1.8627112915898728e-05,2.4357471146854424e-05,0,nan,nan,nan,5.0,1.897471371756752e-05,-6.390356439167633e-05,4.999975642528853,0.0,-1.0,SOLVER_EXCEPTION,0.0,0,True,True
1833.516,-0.08177804441633808,-1.9999780556269386,-1.86455466710294e-05,2.4357449557183554e-05,0,nan,nan,nan,5.0,1.899747098491119e-05,-6.392181523073859e-05,4.999975642550443,0.0,-1.0,SOLVER_EXCEPTION,0.0,0,True,True
1833.622,-0.08185579977515396,-1.9999780366141722,-1.866361782655766e-05,2.435734975258823e-05,0,nan,nan,nan,5.0,1.901977869124881e-05,-6.393970781415348e-05,4.999975642650248,0.0,-1.0,SOLVER_EXCEPTION,0.0,0,True,True
1833.719,-0.08193588778834457,-1.9999780170298156,-1.868223400316963e-05,2.4357419935738334e-05,0,nan,nan,nan,5.0,1.9042313375580925e-05,-6.395777934997682e-05,4.999975642580064,0.0,-1.0,SOLVER_EXCEPTION,0.0,0,True,True
1833.815,-0.08201053292108744,-1.9999779987747168,-1.869958202914281e-05,2.4357311748130028e-05,0,nan,nan,nan,5.0,1.9065074762789497e-05,-6.397603032315402e-05,4.999975642688252,0.0,-1.0,SOLVER_EXCEPTION,0.0,0,True,True
1833.914,-0.08208751070847521,-1.9999779799480646,-1.8717471397046073e-05,2.4357140287028187e-05,0,nan,nan,nan,5.0,1.9087612004307372e-05,-6.399410145663254e-05,4.999975642859713,0.0,-1.0,SOLVER_EXCEPTION,0.0,0,True,True
1834.02,-0.08216604359673292,-1.999977960739872,-1.8735724744136604e-05,2.4357125028794186e-05,0,nan,nan,nan,5.0,1.9110150361554857e-05,-6.40121762263135e-05,4.999975642874971,0.0,-1.0,SOLVER_EXCEPTION,0.0,0,True,True
1834.116,-0.08224457647906072,-1.9999779415302157,-1.875397907430453e-05,2.4357147562561844e-05,0,nan,nan,nan,5.0,1.913133803339455e-05,-6.402916342107545e-05,4.999975642852437,0.0,-1.0,SOLVER_EXCEPTION,0.0,0,True,True
1834.219,-0.08232466446194008,-1.9999779219383862,-1.8772592353495623e-05,2.435704746803107e-05,0,nan,nan,nan,5.0,1.9155232108570562e-05,-6.404831971362768e-05,4.999975642952532,0.0,-1.0,SOLVER_EXCEPTION,0.0,0,True,True
1834.317,-0.08240008711993128,-1.9999779034864686,-1.8790123694200575e-05,2.4357089364437587e-05,0,nan,nan,nan,5.0,1.9177775184596292e-05,-6.406639230061018e-05,4.999975642910636,0.0,-1.0,SOLVER_EXCEPTION,0.0,0,True,True
1834.417,-0.08247861998502805,-1.9999778842722065,-1.8808375002385027e-05,2.43569557011511e-05,0,nan,nan,nan,5.0,1.91987418591238e-05,-6.408319742989832e-05,4.999975643044299,0.0,-1.0,SOLVER_EXCEPTION,0.0,0,True,True
1834.524,-0.08256104060966228,-1.9999778641052572,-1.8827530762972162e-05,2.4356865796778403e-05,0,nan,nan,nan,5.0,1.922286567997117e-05,-6.410253623956308e-05,4.999975643134203,0.0,-1.0,SOLVER_EXCEPTION,0.0,0,True,True
1834.618,-0.08263490814539949,-1.9999778460297546,-1.884470075249065e-05,2.4356898622217184e-05,0,nan,nan,nan,5.0,1.9245412773809236e-05,-6.412060785931928e-05,4.9999756431013775,0.0,-1.0,SOLVER_EXCEPTION,0.0,0,True,True
1834.716,-0.0827111083350654,-1.9999778273817932,-1.8862411150027046e-05,2.4356851309675628e-05,0,nan,nan,nan,5.0,1.9267961723029996e-05,-6.413867959809139e-05,4.99997564314869,0.0,-1.0,SOLVER_EXCEPTION,0.0,0,True,True
1834.818,-0.08278653096674243,-1.999977808923082,-1.8879939126113663e-05,2.435667495477836e-05,0,nan,nan,nan,5.0,1.9289383633872355e-05,-6.415584878372016e-05,4.999975643325045,0.0,-1.0,SOLVER_EXCEPTION,0.0,0,True,True
1834.917,-0.08286739646325324,-1.9999777891308963,-1.889873517136788e-05,2.4356684614909487e-05,0,nan,nan,nan,5.0,1.9313063022918925e-05,-6.41748235161721e-05,4.999975643315385,0.0,-1.0,SOLVER_EXCEPTION,0.0,0,True,True
1835.015,-0.08294048642642264,-1.9999777712408413,-1.8915724436803247e-05,2.4356704545727286e-05,0,nan,nan,nan,5.0,1.9334939093392908e-05,-6.419235449639515e-05,4.999975643295454,0.0,-1.0,SOLVER_EXCEPTION,0.0,0,True,True
1835.119,-0.08302212946503398,-1.9999777512555657,-1.8934699020886414e-05,2.4356565572982143e-05,0,nan,nan,nan,5.0,1.935749310429146e-05,-6.421042779791719e-05,4.999975643434427,0.0,-1.0,SOLVER_EXCEPTION,0.0,0,True,True
1835.221,-0.0831022173927265,-1.9999777316492495,-1.8953315526266152e-05,2.4356640952977222e-05,0,nan,nan,nan,5.0,1.9379372603137365e-05,-6.422795532357028e-05,4.999975643359047,0.0,-1.0,SOLVER_EXCEPTION,0.0,0,True,True
1835.318,-0.08317763999939651,-1.9999777131835377,-1.897084418085335e-05,2.4356513591486223e-05,0,nan,nan,nan,5.0,1.9403282802599495e-05,-6.424711278452122e-05,4.999975643486408,0.0,-1.0,SOLVER_EXCEPTION,0.0,0,True,True
1835.418,-0.08325617281171757,-1.9999776939551304,-1.898909874040876e-05,2.435656078000408e-05,0,nan,nan,nan,5.0,1.9425841534146612e-05,-6.426518440205697e-05,4.99997564343922,0.0,-1.0,SOLVER_EXCEPTION,0.0,0,True,True
1835.517,-0.08333315051402039,-1.9999776751056004,-1.9006988598742423e-05,2.4356430154591517e-05,0,nan,nan,nan,5.0,1.9448401696994607e-05,-6.42832571524643e-05,4.9999756435698455,0.0,-1.0,SOLVER_EXCEPTION,0.0,0,True,True
1835.619,-0.08341246086903681,-1.9999776556841617,-1.902542245608802e-05,2.4356373772710115e-05,0,nan,nan,nan,5.0,1.947051182049634e-05,-6.430096800347229e-05,4.999975643626227,0.0,-1.0,SOLVER_EXCEPTION,0.0,0,True,True
1835.715,-0.08348710590453633,-1.9999776374031657,-1.904277123530412e-05,2.4356296509365318e-05,0,nan,nan,nan,5.0,1.9493525856749913e-05,-6.431940129481006e-05,4.999975643703491,0.0,-1.0,SOLVER_EXCEPTION,0.0,0,True,True
1835.817,-0.08356641625001648,-1.9999776179786843,-1.9061205618580545e-05,2.4356270488982326e-05,0,nan,nan,nan,5.0,1.9516089876089143e-05,-6.433747395462319e-05,4.999975643729511,0.0,-1.0,SOLVER_EXCEPTION,0.0,0,True,True
1835.919,-0.08364728169534717,-1.999977598171617,-1.9080000524276698e-05,2.4356214450993877e-05,0,nan,nan,nan,5.0,1.953888110036138e-05,-6.435572836727133e-05,4.999975643785549,0.0,-1.0,SOLVER_EXCEPTION,0.0,0,True,True
1836.018,-0.0837227042697058,-1.9999775796966845,-1.9097531738321143e-05,2.4356193861712472e-05,0,nan,nan,nan,5.0,1.956122190406021e-05,-6.437362137434732e-05,4.999975643806138,0.0,-1.0,SOLVER_EXCEPTION,0.0,0,True,True
1836.119,-0.08380201460104543,-1.999977560267772,-1.911596578287375e-05,2.435615788123092e-05,0,nan,nan,nan,5.0,1.9583564874935884e-05,-6.439151102988205e-05,4.999975643842118,0.0,-1.0,SOLVER_EXCEPTION,0.0,0,True,True
1836.217,-0.08387665961453702,-1.99997754198068,-1.913331564109984e-05,2.4356121740214615e-05,0,nan,nan,nan,5.0,1.9606360261704463e-05,-6.440976590926795e-05,4.99997564387826,0.0,-1.0,SOLVER_EXCEPTION,0.0,0,True,True
1836.317,-0.0839536372804475,-1.9999775231204355,-1.915120904550621e-05,2.4356177550453678e-05,0,nan,nan,nan,5.0,1.9628931555311913e-05,-6.442783910509675e-05,4.99997564382245,0.0,-1.0,SOLVER_EXCEPTION,0.0,0,True,True
1836.42,-0.08403217004632509,-1.9999775038774512,-1.916946068681776e-05,2.4356053306287195e-05,0,nan,nan,nan,5.0,1.965105309872881e-05,-6.444554941165137e-05,4.999975643946693,0.0,-1.0,SOLVER_EXCEPTION,0.0,0,True,True
1836.519,-0.08411225791196356,-1.9999774842526676,-1.918807730347612e-05,2.4356085043232132e-05,0,nan,nan,nan,5.0,1.9674078206686717e-05,-6.446398445358881e-05,4.999975643914957,0.0,-1.0,SOLVER_EXCEPTION,0.0,0,True,True
1836.627,-0.0841954559812121,-1.9999774638635481,-1.920741291118786e-05,2.4355928079969646e-05,0,nan,nan,nan,5.0,1.969620256458405e-05,-6.448169530148817e-05,4.99997564407192,0.0,-1.0,SOLVER_EXCEPTION,0.0,0,True,True
1836.717,-0.08426621321390312,-1.9999774465218743,-1.922386034460383e-05,2.4355975072887673e-05,0,nan,nan,nan,5.0,1.971877938899701e-05,-6.449976711575545e-05,4.999975644024927,0.0,-1.0,SOLVER_EXCEPTION,0.0,0,True,True
1836.817,-0.08434474596266082,-1.9999774272733317,-1.924211222756341e-05,2.4355853515173695e-05,0,nan,nan,nan,5.0,1.97415835924308e-05,-6.45180188318939e-05,4.999975644146485,0.0,-1.0,SOLVER_EXCEPTION,0.0,0,True,True
1836.918,-0.08442327870725168,-1.9999774080234556,-1.9260367057898e-05,2.4355889222201304e-05,0,nan,nan,nan,5.0,1.976438894364644e-05,-6.453627365488046e-05,4.999975644110778,0.0,-1.0,SOLVER_EXCEPTION,0.0,0,True,True
1837.018,-0.08449870124026262,-1.999977389534903,-1.9277896095126553e-05,2.4355735079766577e-05,0,nan,nan,nan,5.0,1.9786969678594236e-05,-6.455434613350519e-05,4.999975644264921,0.0,-1.0,SOLVER_EXCEPTION,0.0,0,True,True
1837.116,-0.08457723397683714,-1.9999773702824948,-1.9296150954881356e-05,2.435576922264761e-05,0,nan,nan,nan,5.0,1.980955220614976e-05,-6.457241955715176e-05,4.999975644230777,0.0,-1.0,SOLVER_EXCEPTION,0.0,0,True,True
1837.217,-0.08465498915761101,-1.999977351218984,-1.931422328611695e-05,2.435570529725046e-05,0,nan,nan,nan,5.0,1.9832136211233986e-05,-6.459049187146348e-05,4.999975644294703,0.0,-1.0,SOLVER_EXCEPTION,0.0,0,True,True
1837.319,-0.0847335218862497,-1.999977331963451,-1.9332478366936524e-05,2.4355761113824604e-05,0,nan,nan,nan,5.0,1.9854721694737307e-05,-6.460856523382574e-05,4.999975644238886,0.0,-1.0,SOLVER_EXCEPTION,0.0,0,True,True
1837.415,-0.084809721955842,-1.9999773132785088,-1.93501904597665e-05,2.4355752969041362e-05,0,nan,nan,nan,5.0,1.987730841729785e-05,-6.462663763162624e-05,4.999975644247031,0.0,-1.0,SOLVER_EXCEPTION,0.0,0,True,True
1837.518,-0.08488980978016632,-1.9999772936385838,-1.9368803481989375e-05,2.4355604411025528e-05,0,nan,nan,nan,5.0,1.989989673751982e-05,-6.46447105410175e-05,4.999975644395589,0.0,-1.0,SOLVER_EXCEPTION,0.0,0,True,True
1837.615,-0.0849652322907074,-1.9999772751414637,-1.938633572803207e-05,2.4355657353246905e-05,0,nan,nan,nan,5.0,1.9922486341878384e-05,-6.466278409211768e-05,4.999975644342647,0.0,-1.0,SOLVER_EXCEPTION,0.0,0,True,True
1837.72,-0.08504687521057276,-1.9999772551173487,-1.9405310945610543e-05,2.4355538328729663e-05,0,nan,nan,nan,5.0,1.9944851425035345e-05,-6.468067762854801e-05,4.999975644461672,0.0,-1.0,SOLVER_EXCEPTION,0.0,0,True,True
1837.817,-0.08512152016235952,-1.9999772368078972,-1.9422661168357905e-05,2.4355528405725425e-05,0,nan,nan,nan,5.0,1.9967670052494216e-05,-6.469892955829337e-05,4.999975644471594,0.0,-1.0,SOLVER_EXCEPTION,0.0,0,True,True
1837.916,-0.0851984977654134,-1.9999772179258042,-1.944055532166968e-05,2.4355569338394405e-05,0,nan,nan,nan,5.0,1.9990263485072316e-05,-6.47170024117294e-05,4.999975644430662,0.0,-1.0,SOLVER_EXCEPTION,0.0,0,True,True
1838.018,-0.08527236515900478,-1.999977199805011,-1.945772450908899e-05,2.435551673362199e-05,0,nan,nan,nan,5.0,2.0011502654132634e-05,-6.473399309658845e-05,4.999975644483267,0.0,-1.0,SOLVER_EXCEPTION,0.0,0,True,True
1838.118,-0.08535556316693747,-1.9999771793935537,-1.9477061329257285e-05,2.4355388642994458e-05,0,nan,nan,nan,5.0,2.0035454842153725e-05,-6.475315135689996e-05,4.999975644611357,0.0,-1.0,SOLVER_EXCEPTION,0.0,0,True,True
1838.218,-0.08543409586237041,-1.9999771601251677,-1.9495316662310217e-05,2.4355449738754677e-05,0,nan,nan,nan,5.0,2.005805313947394e-05,-6.477122373205191e-05,4.999975644550261,0.0,-1.0,SOLVER_EXCEPTION,0.0,0,True,True
1838.318,-0.08551185100292212,-1.9999771410461,-1.951339039529983e-05,2.4355446824917506e-05,0,nan,nan,nan,5.0,2.008065257528378e-05,-6.478929753805929e-05,4.999975644553175,0.0,-1.0,SOLVER_EXCEPTION,0.0,0,True,True
1838.417,-0.08558494083195708,-1.9999771231103438,-1.9530379222444863e-05,2.4355434994734033e-05,0,nan,nan,nan,5.0,2.01030277108516e-05,-6.480718788814954e-05,4.999975644565005,0.0,-1.0,SOLVER_EXCEPTION,0.0,0,True,True
1838.518,-0.08566658372260261,-1.9999771030744693,-1.9549354685214245e-05,2.435531079185987e-05,0,nan,nan,nan,5.0,2.0125855900216567e-05,-6.482544343944241e-05,4.999975644689208,0.0,-1.0,SOLVER_EXCEPTION,0.0,0,True,True
1838.621,-0.08574511640445902,-1.9999770838005482,-1.956761033868966e-05,2.4355368978060365e-05,0,nan,nan,nan,5.0,2.0148685732337217e-05,-6.484369597536954e-05,4.9999756446310215,0.0,-1.0,SOLVER_EXCEPTION,0.0,0,True,True
1838.716,-0.08582131642922385,-1.9999770650971305,-1.9585321220677827e-05,2.4355306987801197e-05,0,nan,nan,nan,5.0,2.0171065035681248e-05,-6.486158973695311e-05,4.999975644693012,0.0,-1.0,SOLVER_EXCEPTION,0.0,0,True,True
1838.817,-0.08589984910457671,-1.9999770458203336,-1.9603573993731436e-05,2.4355185493091085e-05,0,nan,nan,nan,5.0,2.019367127152634e-05,-6.487966393597944e-05,4.999975644814507,0.0,-1.0,SOLVER_EXCEPTION,0.0,0,True,True
1838.916,-0.08597682667430327,-1.999977026923564,-1.9621468303119103e-05,2.4355262230537228e-05,0,nan,nan,nan,5.0,2.0216279430355933e-05,-6.489773665752097e-05,4.99997564473777,0.0,-1.0,SOLVER_EXCEPTION,0.0,0,True,True
1839.019,-0.08605302668979346,-1.9999770082166566,-1.9639179177796755e-05,2.435515306341662e-05,0,nan,nan,nan,5.0,2.0238888611336866e-05,-6.491580923739804e-05,4.999975644846937,0.0,-1.0,SOLVER_EXCEPTION,0.0,0,True,True
1839.117,-0.0861253389466395,-1.99997699046286,-1.9655988354988273e-05,2.435519146657269e-05,0,nan,nan,nan,5.0,2.0259916463274563e-05,-6.493261841455933e-05,4.999975644808534,0.0,-1.0,SOLVER_EXCEPTION,0.0,0,True,True
1839.215,-0.08620931446739798,-1.9999769698442391,-1.9675508483606363e-05,2.4355175455788566e-05,0,nan,nan,nan,5.0,2.028388494498483e-05,-6.495177709053834e-05,4.999975644824544,0.0,-1.0,SOLVER_EXCEPTION,0.0,0,True,True
1839.317,-0.0862870695760694,-1.9999769507510283,-1.9693581946587476e-05,2.43551591171762e-05,0,nan,nan,nan,5.0,2.0306724954405143e-05,-6.497002911132199e-05,4.999975644840883,0.0,-1.0,SOLVER_EXCEPTION,0.0,0,True,True
1839.418,-0.0863671573348836,-1.999976931083578,-1.9712196169267957e-05,2.4355040780941073e-05,0,nan,nan,nan,5.0,2.032933989822529e-05,-6.498810328547933e-05,4.999975644959219,0.0,-1.0,SOLVER_EXCEPTION,0.0,0,True,True
1839.515,-0.08644257978450266,-1.999976912560418,-1.9729728975012777e-05,2.435511508594839e-05,0,nan,nan,nan,5.0,2.0351956537888775e-05,-6.500617612070769e-05,4.999975644884914,0.0,-1.0,SOLVER_EXCEPTION,0.0,0,True,True
1839.622,-0.08652577774121935,-1.9999768921260908,-1.9749066065679183e-05,2.4354992726363083e-05,0,nan,nan,nan,5.0,2.037457451435114e-05,-6.502425012788748e-05,4.999975645007273,0.0,-1.0,SOLVER_EXCEPTION,0.0,0,True,True
1839.718,-0.0865996450832131,-1.9999768739824182,-1.9766238170811978e-05,2.4355089649858348e-05,0,nan,nan,nan,5.0,2.0397193660414438e-05,-6.504232385218245e-05,4.99997564491035,0.0,-1.0,SOLVER_EXCEPTION,0.0,0,True,True
1839.816,-0.08667584507543136,-1.999976855263915,-1.978394963129363e-05,2.4355031969807643e-05,0,nan,nan,nan,5.0,2.0419362081687633e-05,-6.506003513795378e-05,4.99997564496803,0.0,-1.0,SOLVER_EXCEPTION,0.0,0,True,True
1839.916,-0.08675437771765877,-1.9999768359713042,-1.980220260458999e-05,2.4354917390470492e-05,0,nan,nan,nan,5.0,2.0440852327076485e-05,-6.507720570159137e-05,4.99997564508261,0.0,-1.0,SOLVER_EXCEPTION,0.0,0,True,True
1840.016,-0.08683213280619409,-1.9999768168679954,-1.9820275335121554e-05,2.435485361376333e-05,0,nan,nan,nan,5.0,2.046438111863616e-05,-6.509600316029207e-05,4.999975645146386,0.0,-1.0,SOLVER_EXCEPTION,0.0,0,True,True
1840.123,-0.08691455319706116,-1.9999767966175634,-1.9839434410131478e-05,2.4354860335082683e-05,0,nan,nan,nan,5.0,2.0487684587480944e-05,-6.511461799485474e-05,4.999975645139665,0.0,-1.0,SOLVER_EXCEPTION,0.0,0,True,True
1840.213,-0.08698842052592526,-1.9999767784669717,-1.985660449284444e-05,2.4354830106952768e-05,0,nan,nan,nan,5.0,2.0510084399991348e-05,-6.513251117379326e-05,4.999975645169893,0.0,-1.0,SOLVER_EXCEPTION,0.0,0,True,True
1840.317,-0.08706306540317892,-1.99997676012445,-1.9873955612985635e-05,2.4354810340023226e-05,0,nan,nan,nan,5.0,2.0532259429595254e-05,-6.515022419151251e-05,4.99997564518966,0.0,-1.0,SOLVER_EXCEPTION,0.0,0,True,True
1840.421,-0.08714704088719337,-1.9999767394867076,-1.9893475103401866e-05,2.4354786487949404e-05,0,nan,nan,nan,5.0,2.0554209914773508e-05,-6.516775701870259e-05,4.999975645213512,0.0,-1.0,SOLVER_EXCEPTION,0.0,0,True,True
1840.517,-0.08722090820859162,-1.99997672133237,-1.9910646241591934e-05,2.435481313498839e-05,0,nan,nan,nan,5.0,2.0578198034799654e-05,-6.51869148264872e-05,4.999975645186865,0.0,-1.0,SOLVER_EXCEPTION,0.0,0,True,True
1840.617,-0.08729944083196238,-1.9999767020297199,-1.992889998382868e-05,2.435474577710502e-05,0,nan,nan,nan,5.0,2.0599472313546083e-05,-6.520390410003074e-05,4.999975645254223,0.0,-1.0,SOLVER_EXCEPTION,0.0,0,True,True
1840.717,-0.08737719590206244,-1.9999766829167556,-1.994697330718414e-05,2.4354688975507384e-05,0,nan,nan,nan,5.0,2.062346334677478e-05,-6.522306325518201e-05,4.999975645311024,0.0,-1.0,SOLVER_EXCEPTION,0.0,0,True,True
1840.818,-0.08745572852032613,-1.999976663611463,-1.996522961210244e-05,2.435475433006855e-05,0,nan,nan,nan,5.0,2.0645645544518475e-05,-6.524077503433645e-05,4.99997564524567,0.0,-1.0,SOLVER_EXCEPTION,0.0,0,True,True
1840.923,-0.08753659378798684,-1.9999766437309514,-1.998402692930239e-05,2.4354762471518256e-05,0,nan,nan,nan,5.0,2.0668734559576457e-05,-6.525921088851305e-05,4.999975645237528,0.0,-1.0,SOLVER_EXCEPTION,0.0,0,True,True
1841.015,-0.08760657334441137,-1.9999766265252827,-2.0000293210460365e-05,2.435472799479109e-05,0,nan,nan,nan,5.0,2.06909193419236e-05,-6.527692326985246e-05,4.999975645272005,0.0,-1.0,SOLVER_EXCEPTION,0.0,0,True,True
1841.115,-0.08768510595541028,-1.999976607215441,-2.00185462624789e-05,2.435460888966474e-05,0,nan,nan,nan,5.0,2.0713558387744242e-05,-6.529499638885383e-05,4.99997564539111,0.0,-1.0,SOLVER_EXCEPTION,0.0,0,True,True
1841.217,-0.08776441611455098,-1.999976587713241,-2.0036981021427097e-05,2.4354528643429322e-05,0,nan,nan,nan,5.0,2.073665131933537e-05,-6.531343231586106e-05,4.999975645471356,0.0,-1.0,SOLVER_EXCEPTION,0.0,0,True,True
1841.315,-0.08784217117016054,-1.999976568591926,-2.005505509814947e-05,2.4354506964044418e-05,0,nan,nan,nan,5.0,2.075929309853099e-05,-6.533150512000319e-05,4.999975645493036,0.0,-1.0,SOLVER_EXCEPTION,0.0,0,True,True
1841.42,-0.0879238139760557,-1.999976548513126,-2.007403518013591e-05,2.435460867751728e-05,0,nan,nan,nan,5.0,2.078193592322967e-05,-6.534958018233894e-05,4.999975645391323,0.0,-1.0,SOLVER_EXCEPTION,0.0,0,True,True
1841.518,-0.08800001392594818,-1.9999765297716086,-2.009174696475556e-05,2.4354537583643885e-05,0,nan,nan,nan,5.0,2.0804807297364357e-05,-6.536783571053917e-05,4.999975645462416,0.0,-1.0,SOLVER_EXCEPTION,0.0,0,True,True
1841.614,-0.08807465877271778,-1.9999765114109938,-2.0109097648916446e-05,2.4354488995272186e-05,0,nan,nan,nan,5.0,2.0827226961561912e-05,-6.538572770820039e-05,4.999975645511005,0.0,-1.0,SOLVER_EXCEPTION,0.0,0,True,True
1841.719,-0.08815396892015627,-1.9999764919014391,-2.0127533871587918e-05,2.4354507888911375e-05,0,nan,nan,nan,5.0,2.0849874533489147e-05,-6.540380239616894e-05,4.999975645492111,0.0,-1.0,SOLVER_EXCEPTION,0.0,0,True,True
1841.818,-0.08823327906530147,-1.999976472390448,-2.014596899188515e-05,2.4354440475228233e-05,0,nan,nan,nan,5.0,2.0871390821129874e-05,-6.54209744590517e-05,4.999975645559525,0.0,-1.0,SOLVER_EXCEPTION,0.0,0,True,True
1841.931,-0.08831958716185838,-1.9999764511558895,-2.01660311900143e-05,2.435441679736953e-05,0,nan,nan,nan,5.0,2.0895626800541645e-05,-6.544031176991538e-05,4.999975645583203,0.0,-1.0,SOLVER_EXCEPTION,0.0,0,True,True
1842.02,-0.08839034424805256,-1.9999764337466552,-2.0182479652437876e-05,2.435444335587171e-05,0,nan,nan,nan,5.0,2.0917825532494916e-05,-6.54580251344683e-05,4.999975645556644,0.0,-1.0,SOLVER_EXCEPTION,0.0,0,True,True
1842.117,-0.08846576663469918,-1.9999764151879151,-2.0200013224827625e-05,2.4354517207611626e-05,0,nan,nan,nan,5.0,2.0939799092120508e-05,-6.547555840041852e-05,4.999975645482793,0.0,-1.0,SOLVER_EXCEPTION,0.0,0,True,True
1842.222,-0.08854663187180069,-1.999976395288296,-2.0218809797489084e-05,2.435445820915719e-05,0,nan,nan,nan,5.0,2.096313338596999e-05,-6.549417345391717e-05,4.999975645541791,0.0,-1.0,SOLVER_EXCEPTION,0.0,0,True,True
1842.325,-0.0886274971066646,-1.9999763753876947,-2.023760849085525e-05,2.4354501132764657e-05,0,nan,nan,nan,5.0,2.098465596012483e-05,-6.55113440157784e-05,4.999975645498867,0.0,-1.0,SOLVER_EXCEPTION,0.0,0,True,True
1842.422,-0.08870214193688607,-1.999976357015772,-2.0254959162389013e-05,2.4354452905743255e-05,0,nan,nan,nan,5.0,2.10084466194329e-05,-6.553032121647817e-05,4.999975645547094,0.0,-1.0,SOLVER_EXCEPTION,0.0,0,True,True
1842.518,-0.08877600921496279,-1.9999763388342802,-2.0272127766237672e-05,2.435430456578563e-05,0,nan,nan,nan,5.0,2.1030878246759778e-05,-6.554821589999094e-05,4.999975645695434,0.0,-1.0,SOLVER_EXCEPTION,0.0,0,True,True
1842.615,-0.08885298669230783,-1.999976319886257,-2.029002219749207e-05,2.43543184866006e-05,0,nan,nan,nan,5.0,2.105376508656557e-05,-6.556647244959635e-05,4.999975645681514,0.0,-1.0,SOLVER_EXCEPTION,0.0,0,True,True
1842.715,-0.0889307417179705,-1.9999763007452676,-2.030809684658926e-05,2.4354305991544986e-05,0,nan,nan,nan,5.0,2.1076426562648145e-05,-6.558454708693873e-05,4.9999756456940085,0.0,-1.0,SOLVER_EXCEPTION,0.0,0,True,True
1842.816,-0.0890092742919167,-1.9999762814113626,-2.0326353599847334e-05,2.4354373792919232e-05,0,nan,nan,nan,5.0,2.1097956713424105e-05,-6.560171623837263e-05,4.999975645626207,0.0,-1.0,SOLVER_EXCEPTION,0.0,0,True,True
1842.915,-0.08908625176348865,-1.9999762624587893,-2.0344245973739007e-05,2.4354276224997652e-05,0,nan,nan,nan,5.0,2.1121527451390778e-05,-6.562051451197703e-05,4.999975645723775,0.0,-1.0,SOLVER_EXCEPTION,0.0,0,True,True
1843.021,-0.08916789453433821,-1.9999762423561047,-2.0363225615128533e-05,2.435434123439353e-05,0,nan,nan,nan,5.0,2.1144193601474404e-05,-6.563858820518575e-05,4.999975645658766,0.0,-1.0,SOLVER_EXCEPTION,0.0,0,True,True
1843.115,-0.08924176180142437,-1.999976224166684,-2.0380395411155734e-05,2.4354258739834385e-05,0,nan,nan,nan,5.0,2.1167313762992725e-05,-6.565702547067787e-05,4.9999756457412605,0.0,-1.0,SOLVER_EXCEPTION,0.0,0,True,True
1843.218,-0.08932107191791286,-1.9999762046351657,-2.039883103220608e-05,2.4354228035984858e-05,0,nan,nan,nan,5.0,2.1189756131123937e-05,-6.567491968656469e-05,4.999975645771964,0.0,-1.0,SOLVER_EXCEPTION,0.0,0,True,True
1843.319,-0.0894003820325028,-1.9999761851026325,-2.041726673715689e-05,2.4354176104533846e-05,0,nan,nan,nan,5.0,2.1212199544560142e-05,-6.569281203372412e-05,4.999975645823896,0.0,-1.0,SOLVER_EXCEPTION,0.0,0,True,True
1843.42,-0.08947735949487085,-1.9999761661429103,-2.0435161921818015e-05,2.4354247469667365e-05,0,nan,nan,nan,5.0,2.123509784028984e-05,-6.571106868547005e-05,4.999975645752531,0.0,-1.0,SOLVER_EXCEPTION,0.0,0,True,True
1843.515,-0.0895527818552978,-1.9999761475651965,-2.045269283964533e-05,2.4354117196420734e-05,0,nan,nan,nan,5.0,2.1257316700846734e-05,-6.572878250832304e-05,4.999975645882803,0.0,-1.0,SOLVER_EXCEPTION,0.0,0,True,True
1843.615,-0.0896297593142344,-1.9999761286029412,-2.0470588265585433e-05,2.435418036937672e-05,0,nan,nan,nan,5.0,2.1280444725659212e-05,-6.574721832519614e-05,4.999975645819631,0.0,-1.0,SOLVER_EXCEPTION,0.0,0,True,True
1843.717,-0.0897098469717266,-1.9999761088729657,-2.048920406098183e-05,2.4354093610346868e-05,0,nan,nan,nan,5.0,2.130334706435715e-05,-6.576547225378704e-05,4.99997564590639,0.0,-1.0,SOLVER_EXCEPTION,0.0,0,True,True
1843.815,-0.089786046877167,-1.999976090099787,-2.05069190310308e-05,2.4354175034602044e-05,0,nan,nan,nan,5.0,2.132579737143941e-05,-6.578336739337942e-05,4.999975645824965,0.0,-1.0,SOLVER_EXCEPTION,0.0,0,True,True
1843.919,-0.08986613453113347,-1.9999760703670726,-2.0525534734123938e-05,2.435405844288886e-05,0,nan,nan,nan,5.0,2.1348248727385276e-05,-6.580126327104807e-05,4.999975645941557,0.0,-1.0,SOLVER_EXCEPTION,0.0,0,True,True
1844.017,-0.08994311198327488,-1.9999760513992115,-2.054343097656077e-05,2.4354173962549045e-05,0,nan,nan,nan,5.0,2.137092886148063e-05,-6.581933800831052e-05,4.999975645826037,0.0,-1.0,SOLVER_EXCEPTION,0.0,0,True,True
1844.116,-0.0900200894337993,-1.999976032429751,-2.0561323613478823e-05,2.4354077596752697e-05,0,nan,nan,nan,5.0,2.139383715910472e-05,-6.583759216027829e-05,4.999975645922404,0.0,-1.0,SOLVER_EXCEPTION,0.0,0,True,True
1844.217,-0.09009706688272635,-1.9999760134589797,-2.0579219178916746e-05,2.4354157652383682e-05,0,nan,nan,nan,5.0,2.1415386069806462e-05,-6.585476451848038e-05,4.999975645842348,0.0,-1.0,SOLVER_EXCEPTION,0.0,0,True,True
1844.319,-0.09017793207990091,-1.999975993528836,-2.0598016625428968e-05,2.4354092772717955e-05,0,nan,nan,nan,5.0,2.143875047444317e-05,-6.587338049390823e-05,4.999975645907227,0.0,-1.0,SOLVER_EXCEPTION,0.0,0,True,True
1844.415,-0.09025024422591837,-1.9999759757047841,-2.0614825160789526e-05,2.4354035914305483e-05,0,nan,nan,nan,5.0,2.1461209444156588e-05,-6.589127533995764e-05,4.999975645964086,0.0,-1.0,SOLVER_EXCEPTION,0.0,0,True,True
1844.517,-0.09033110941985723,-1.999975955771726,-2.0633622771429655e-05,2.4353988345414857e-05,0,nan,nan,nan,5.0,2.1484349998260303e-05,-6.590971259168299e-05,4.999975646011655,0.0,-1.0,SOLVER_EXCEPTION,0.0,0,True,True
1844.616,-0.09040886441244825,-1.9999759366036487,-2.0651698235758264e-05,2.4354010246471553e-05,0,nan,nan,nan,5.0,2.1507038620464173e-05,-6.59277867134378e-05,4.999975645989753,0.0,-1.0,SOLVER_EXCEPTION,0.0,0,True,True
1844.715,-0.0904858418536059,-1.999975917626162,-2.0669593943362857e-05,2.43540541270581e-05,0,nan,nan,nan,5.0,2.1529728161863397e-05,-6.594586229580202e-05,4.999975645945873,0.0,-1.0,SOLVER_EXCEPTION,0.0,0,True,True
1844.817,-0.09056515194294666,-1.9999758980718647,-2.068803052094869e-05,2.4354050482927142e-05,0,nan,nan,nan,5.0,2.155241941893284e-05,-6.596393699798142e-05,4.999975645949517,0.0,-1.0,SOLVER_EXCEPTION,0.0,0,True,True
1844.918,-0.0906436844808625,-1.999975878707876,-2.0706284832336446e-05,2.4353939307478107e-05,0,nan,nan,nan,5.0,2.1575338885495782e-05,-6.598219125031335e-05,4.999975646060692,0.0,-1.0,SOLVER_EXCEPTION,0.0,0,True,True
1845.023,-0.09072532721670644,-1.9999758585756742,-2.0725265580381714e-05,2.4354035493351274e-05,0,nan,nan,nan,5.0,2.1599167873329906e-05,-6.600117218669155e-05,4.999975645964507,0.0,-1.0,SOLVER_EXCEPTION,0.0,0,True,True
1845.115,-0.09079686180298525,-1.9999758409349984,-2.0741892953829982e-05,2.435388586450213e-05,0,nan,nan,nan,5.0,2.162072799957464e-05,-6.60183444227691e-05,4.999975646114136,0.0,-1.0,SOLVER_EXCEPTION,0.0,0,True,True
1845.218,-0.09087694943618073,-1.9999758211829461,-2.076050972123202e-05,2.435384385475869e-05,0,nan,nan,nan,5.0,2.164342502132219e-05,-6.603641959967987e-05,4.9999756461561455,0.0,-1.0,SOLVER_EXCEPTION,0.0,0,True,True
1845.317,-0.09095392686861005,-1.9999758021972027,-2.0778405606284643e-05,2.435390211267201e-05,0,nan,nan,nan,5.0,2.1665896406499878e-05,-6.60543126551616e-05,4.999975646097887,0.0,-1.0,SOLVER_EXCEPTION,0.0,0,True,True
1845.419,-0.09103012674986448,-1.999975783401315,-2.0796118657138855e-05,2.435386793841293e-05,0,nan,nan,nan,5.0,2.168836921958421e-05,-6.607220853416251e-05,4.999975646132062,0.0,-1.0,SOLVER_EXCEPTION,0.0,0,True,True
1845.519,-0.09111099192851793,-1.9999757634535056,-2.0814917586771316e-05,2.435387482262773e-05,0,nan,nan,nan,5.0,2.1709027288293063e-05,-6.608865532253816e-05,4.999975646125177,0.0,-1.0,SOLVER_EXCEPTION,0.0,0,True,True
1845.617,-0.09118641425727622,-1.9999757448468425,-2.0832451622231054e-05,2.4353928298865432e-05,0,nan,nan,nan,5.0,2.1734226925513498e-05,-6.610872013368407e-05,4.999975646071701,0.0,-1.0,SOLVER_EXCEPTION,0.0,0,True,True
1845.719,-0.09126339168428767,-1.9999757258550168,-2.0850344695193248e-05,2.435382925051779e-05,0,nan,nan,nan,5.0,2.175693084165469e-05,-6.61267961272749e-05,4.99997564617075,0.0,-1.0,SOLVER_EXCEPTION,0.0,0,True,True
1845.818,-0.09134347930898412,-1.999975706094681,-2.0868963890788035e-05,2.4353907868789117e-05,0,nan,nan,nan,5.0,2.1779409457630605e-05,-6.614468900778547e-05,4.999975646092131,0.0,-1.0,SOLVER_EXCEPTION,0.0,0,True,True
1845.917,-0.09141890163387838,-1.9999756874837167,-2.0886495347141187e-05,2.43537930816225e-05,0,nan,nan,nan,5.0,2.180211614476913e-05,-6.616276378856867e-05,4.999975646206918,0.0,-1.0,SOLVER_EXCEPTION,0.0,0,True,True
1846.018,-0.0914989892558814,-1.9999756677204772,-2.0905115261151193e-05,2.4353913095923554e-05,0,nan,nan,nan,5.0,2.1825051379799e-05,-6.618102200484088e-05,4.999975646086904,0.0,-1.0,SOLVER_EXCEPTION,0.0,0,True,True
1846.115,-0.09157441157827097,-1.9999756491068632,-2.0922646638064533e-05,2.435378864714959e-05,0,nan,nan,nan,5.0,2.184776091010115e-05,-6.619909674832058e-05,4.999975646211353,0.0,-1.0,SOLVER_EXCEPTION,0.0,0,True,True
1846.224,-0.0916583869461272,-1.9999756283810888,-2.094216800070734e-05,2.43537728934799e-05,0,nan,nan,nan,5.0,2.187001737255897e-05,-6.621681044327588e-05,4.9999756462271066,0.0,-1.0,SOLVER_EXCEPTION,0.0,0,True,True
1846.318,-0.09173225416664656,-1.9999756101486017,-2.095934063759377e-05,2.435380101338628e-05,0,nan,nan,nan,5.0,2.1893183929367273e-05,-6.62352469631422e-05,4.999975646198987,0.0,-1.0,SOLVER_EXCEPTION,0.0,0,True,True
1846.422,-0.0918107866840817,-1.9999755907632017,-2.097759590898814e-05,2.435373403764572e-05,0,nan,nan,nan,5.0,2.1915670620984393e-05,-6.625314386443648e-05,4.999975646265963,0.0,-1.0,SOLVER_EXCEPTION,0.0,0,True,True
1846.519,-0.09188465390231555,-1.9999755725286532,-2.0994768734702494e-05,2.435376148946093e-05,0,nan,nan,nan,5.0,2.1938613041091468e-05,-6.627139879400445e-05,4.999975646238511,0.0,-1.0,SOLVER_EXCEPTION,0.0,0,True,True
1846.618,-0.09196240886770274,-1.999975553332224,-2.1012843568468674e-05,2.43537245612967e-05,0,nan,nan,nan,5.0,2.1960875684608976e-05,-6.628911207151589e-05,4.999975646275439,0.0,-1.0,SOLVER_EXCEPTION,0.0,0,True,True
1846.717,-0.09204016383189996,-1.9999755341348953,-2.103092001296875e-05,2.4353737277632936e-05,0,nan,nan,nan,5.0,2.1982003305059152e-05,-6.630592428269466e-05,4.9999756462627225,0.0,-1.0,SOLVER_EXCEPTION,0.0,0,True,True
1846.818,-0.09211947389417041,-1.9999755145518059,-2.1049357169386072e-05,2.435373331116663e-05,0,nan,nan,nan,5.0,2.2006313076053254e-05,-6.632526413685724e-05,4.999975646266689,0.0,-1.0,SOLVER_EXCEPTION,0.0,0,True,True
1846.918,-0.09219800640562123,-1.9999754951595388,-2.106761528186937e-05,2.4353806969026326e-05,0,nan,nan,nan,5.0,2.2029033943736546e-05,-6.634333933686065e-05,4.999975646193031,0.0,-1.0,SOLVER_EXCEPTION,0.0,0,True,True
1847.019,-0.09227342871749868,-1.9999754765332718,-2.1085146932318345e-05,2.4353719995810143e-05,0,nan,nan,nan,5.0,2.2052210835892214e-05,-6.6361776991819e-05,4.999975646280004,0.0,-1.0,SOLVER_EXCEPTION,0.0,0,True,True
1847.118,-0.09235040612749204,-1.999975457522445,-2.1103043723966567e-05,2.435378699801604e-05,0,nan,nan,nan,5.0,2.2074706940277384e-05,-6.637967378342324e-05,4.999975646213002,0.0,-1.0,SOLVER_EXCEPTION,0.0,0,True,True
1847.219,-0.09243204883386423,-1.9999754373572585,-2.1122021085124514e-05,2.4353662146835163e-05,0,nan,nan,nan,5.0,2.2097432361719207e-05,-6.639774927519326e-05,4.9999756463378535,0.0,-1.0,SOLVER_EXCEPTION,0.0,0,True,True
1847.315,-0.09250747114247924,-1.9999754187274108,-2.113955610778378e-05,2.435372896995882e-05,0,nan,nan,nan,5.0,2.21206133491102e-05,-6.641618616720635e-05,4.99997564627103,0.0,-1.0,SOLVER_EXCEPTION,0.0,0,True,True
1847.418,-0.09258755874741267,-1.999975398943399,-2.115817256610368e-05,2.4353640332007885e-05,0,nan,nan,nan,5.0,2.214288694879174e-05,-6.643390047056386e-05,4.999975646359668,0.0,-1.0,SOLVER_EXCEPTION,0.0,0,True,True
1847.517,-0.09266142595483434,-1.9999753806953793,-2.1175345945988134e-05,2.4353672550315236e-05,0,nan,nan,nan,5.0,2.2165161165488445e-05,-6.645161421969803e-05,4.999975646327449,0.0,-1.0,SOLVER_EXCEPTION,0.0,0,True,True
1847.615,-0.0927399584585153,-1.9999753612928173,-2.1193601001633262e-05,2.4353570150468794e-05,0,nan,nan,nan,5.0,2.2188574184774994e-05,-6.647023106109984e-05,4.999975646429849,0.0,-1.0,SOLVER_EXCEPTION,0.0,0,True,True
1847.716,-0.09281926851065118,-1.999975341696988,-2.1212038051354964e-05,2.4353523749075413e-05,0,nan,nan,nan,5.0,2.221130583454586e-05,-6.648830944699924e-05,4.999975646476251,0.0,-1.0,SOLVER_EXCEPTION,0.0,0,True,True
1847.818,-0.09289857856170904,-1.9999753220993652,-2.1230475901369654e-05,2.4353550022129708e-05,0,nan,nan,nan,5.0,2.2234039661639205e-05,-6.650638576255474e-05,4.999975646449978,0.0,-1.0,SOLVER_EXCEPTION,0.0,0,True,True
1847.92,-0.09297788861170288,-1.9999753025008218,-2.1248913332338427e-05,2.4353512313369267e-05,0,nan,nan,nan,5.0,2.2256774526078617e-05,-6.652446196175887e-05,4.9999756464876866,0.0,-1.0,SOLVER_EXCEPTION,0.0,0,True,True
1848.015,-0.09305175581418323,-1.9999752842456324,-2.126608711147618e-05,2.4353608773101108e-05,0,nan,nan,nan,5.0,2.227951108111989e-05,-6.654253733628934e-05,4.999975646391227,0.0,-1.0,SOLVER_EXCEPTION,0.0,0,True,True
1848.119,-0.09313262096112972,-1.9999752642596693,-2.12848857896958e-05,2.4353563387438754e-05,0,nan,nan,nan,5.0,2.2302248798741535e-05,-6.656061414389569e-05,4.999975646436613,0.0,-1.0,SOLVER_EXCEPTION,0.0,0,True,True
1848.223,-0.09321193100806172,-1.9999752446562469,-2.1303323764806932e-05,2.4353588575969808e-05,0,nan,nan,nan,5.0,2.2324078873323917e-05,-6.657796628939394e-05,4.999975646411424,0.0,-1.0,SOLVER_EXCEPTION,0.0,0,True,True
1848.315,-0.09328424310879414,-1.9999752267814144,-2.132013557155857e-05,2.435364426592173e-05,0,nan,nan,nan,5.0,2.2347728962291386e-05,-6.65967656310329e-05,4.999975646355734,0.0,-1.0,SOLVER_EXCEPTION,0.0,0,True,True
1848.421,-0.09336744090108261,-1.99997520621429,-2.1339475580075646e-05,2.4353541383784484e-05,0,nan,nan,nan,5.0,2.2370925855993066e-05,-6.66152039130452e-05,4.9999756464586165,0.0,-1.0,SOLVER_EXCEPTION,0.0,0,True,True
1848.515,-0.09344053054948633,-1.9999751881444083,-2.1356467688232865e-05,2.4353574715821654e-05,0,nan,nan,nan,5.0,2.2393214668344617e-05,-6.663291786601633e-05,4.999975646425284,0.0,-1.0,SOLVER_EXCEPTION,0.0,0,True,True
1848.617,-0.09351906304312543,-1.9999751687278027,-2.13747261407202e-05,2.4353644471252432e-05,0,nan,nan,nan,5.0,2.2415732289273112e-05,-6.665081166623565e-05,4.999975646355529,0.0,-1.0,SOLVER_EXCEPTION,0.0,0,True,True
1848.717,-0.09359526288753647,-1.9999751498863976,-2.139244075456455e-05,2.435363502952757e-05,0,nan,nan,nan,5.0,2.2438705906469452e-05,-6.666907081376294e-05,4.9999756463649705,0.0,-1.0,SOLVER_EXCEPTION,0.0,0,True,True
1848.822,-0.0936784606758407,-1.9999751293132735,-2.141178106991874e-05,2.435354504743091e-05,0,nan,nan,nan,5.0,2.246145366398114e-05,-6.668714636770545e-05,4.999975646454953,0.0,-1.0,SOLVER_EXCEPTION,0.0,0,True,True
1848.918,-0.0937531054196084,-1.9999751108534487,-2.1429133423849437e-05,2.435349669947667e-05,0,nan,nan,nan,5.0,2.2484202806788257e-05,-6.670522297280712e-05,4.999975646503301,0.0,-1.0,SOLVER_EXCEPTION,0.0,0,True,True
1849.016,-0.09383008281075911,-1.999975091815864,-2.144703024516993e-05,2.435353662750936e-05,0,nan,nan,nan,5.0,2.2506953113068756e-05,-6.672329847567937e-05,4.999975646463373,0.0,-1.0,SOLVER_EXCEPTION,0.0,0,True,True
1849.117,-0.09390706020104776,-1.9999750727767134,-2.146492430674621e-05,2.4353438017860015e-05,0,nan,nan,nan,5.0,2.2529477273230608e-05,-6.674119568073067e-05,4.999975646561982,0.0,-1.0,SOLVER_EXCEPTION,0.0,0,True,True
1849.217,-0.09398637023863628,-1.999975053159189,-2.1483361730613305e-05,2.4353392991974516e-05,0,nan,nan,nan,5.0,2.2552458186830918e-05,-6.675945142387008e-05,4.999975646607008,0.0,-1.0,SOLVER_EXCEPTION,0.0,0,True,True
1849.318,-0.09406334762720672,-1.9999750341173774,-2.150125858348556e-05,2.4353462900166913e-05,0,nan,nan,nan,5.0,2.2575213159260743e-05,-6.677752708661444e-05,4.9999756465370995,0.0,-1.0,SOLVER_EXCEPTION,0.0,0,True,True
1849.419,-0.0941403250149469,-1.9999750150744098,-2.151915613429016e-05,2.4353540488760283e-05,0,nan,nan,nan,5.0,2.25979689898546e-05,-6.679560453770605e-05,4.999975646459511,0.0,-1.0,SOLVER_EXCEPTION,0.0,0,True,True
1849.516,-0.09421885750058445,-1.999974995644537,-2.1537412189357828e-05,2.435348239351094e-05,0,nan,nan,nan,5.0,2.2620726909184162e-05,-6.681368070404758e-05,4.999975646517607,0.0,-1.0,SOLVER_EXCEPTION,0.0,0,True,True
1849.618,-0.09429661243602891,-1.9999749764060164,-2.1555488234844236e-05,2.4353444125254672e-05,0,nan,nan,nan,5.0,2.2643485899619487e-05,-6.683175673760644e-05,4.999975646555875,0.0,-1.0,SOLVER_EXCEPTION,0.0,0,True,True
1849.718,-0.09437592246934172,-1.999974956781043,-2.157392667145437e-05,2.4353472571646215e-05,0,nan,nan,nan,5.0,2.2666246594654286e-05,-6.684983359761532e-05,4.999975646527428,0.0,-1.0,SOLVER_EXCEPTION,0.0,0,True,True
1849.815,-0.09444901210714277,-1.9999749386939922,-2.159091862680598e-05,2.4353467998077112e-05,0,nan,nan,nan,5.0,2.268855319916103e-05,-6.686754868612255e-05,4.999975646532002,0.0,-1.0,SOLVER_EXCEPTION,0.0,0,True,True
1849.916,-0.0945228792935675,-1.9999749204134165,-2.160809263127998e-05,2.4353527431304247e-05,0,nan,nan,nan,5.0,2.2710178232134276e-05,-6.688472269056334e-05,4.999975646472569,0.0,-1.0,SOLVER_EXCEPTION,0.0,0,True,True
1850.018,-0.0946037444231558,-1.9999749003995635,-2.1626891928785152e-05,2.435350128455654e-05,0,nan,nan,nan,5.0,2.2733853385688894e-05,-6.690352198823746e-05,4.999975646498715,0.0,-1.0,SOLVER_EXCEPTION,0.0,0,True,True
1850.119,-0.09468694219983687,-1.9999748798066703,-2.1646232461695563e-05,2.4353408773047206e-05,0,nan,nan,nan,5.0,2.2757302619393854e-05,-6.692213933501279e-05,4.999975646591227,0.0,-1.0,SOLVER_EXCEPTION,0.0,0,True,True
1850.218,-0.09476236448261181,-1.9999748611371682,-2.166376894580678e-05,2.4353518940641783e-05,0,nan,nan,nan,5.0,2.2780070071734187e-05,-6.694021600894828e-05,4.999975646481059,0.0,-1.0,SOLVER_EXCEPTION,0.0,0,True,True
1850.318,-0.0948385643139711,-1.9999748422736394,-2.1681483105766584e-05,2.4353446579056235e-05,0,nan,nan,nan,5.0,2.280261116302667e-05,-6.695811316514977e-05,4.999975646553421,0.0,-1.0,SOLVER_EXCEPTION,0.0,0,True,True
1850.42,-0.09492176208820714,-1.9999748216762279,-2.17008241805782e-05,2.4353389594590054e-05,0,nan,nan,nan,5.0,2.282560928264557e-05,-6.697636895403036e-05,4.999975646610405,0.0,-1.0,SOLVER_EXCEPTION,0.0,0,True,True
1850.517,-0.09499718436879395,-1.9999748030025497,-2.1718359943675727e-05,2.4353443170799827e-05,0,nan,nan,nan,5.0,2.284838081273356e-05,-6.699444641977692e-05,4.9999756465568295,0.0,-1.0,SOLVER_EXCEPTION,0.0,0,True,True
1850.619,-0.09507416174724306,-1.9999747839422914,-2.173625464438403e-05,2.4353362925948492e-05,0,nan,nan,nan,5.0,2.2871153901985772e-05,-6.701252278284997e-05,4.999975646637074,0.0,-1.0,SOLVER_EXCEPTION,0.0,0,True,True
1850.718,-0.09515347177278646,-1.9999747643031718,-2.1754692544932587e-05,2.4353319847448432e-05,0,nan,nan,nan,5.0,2.2893927959097824e-05,-6.703060201340705e-05,4.999975646680152,0.0,-1.0,SOLVER_EXCEPTION,0.0,0,True,True
1850.816,-0.0952296716005533,-1.9999747454331471,-2.177241068115722e-05,2.43534754356099e-05,0,nan,nan,nan,5.0,2.2916248702849017e-05,-6.704831761839003e-05,4.999975646524565,0.0,-1.0,SOLVER_EXCEPTION,0.0,0,True,True
1850.921,-0.09530975917390892,-1.999974725598777,-2.179102871323257e-05,2.4353375994390295e-05,0,nan,nan,nan,5.0,2.2939253664608143e-05,-6.706657446242659e-05,4.999975646624006,0.0,-1.0,SOLVER_EXCEPTION,0.0,0,True,True
1851.015,-0.09538440390181152,-1.9999747071104605,-2.1808382341940323e-05,2.4353377380767795e-05,0,nan,nan,nan,5.0,2.2961804736135936e-05,-6.708447099956771e-05,4.9999756466226195,0.0,-1.0,SOLVER_EXCEPTION,0.0,0,True,True
1851.118,-0.09546449147375591,-1.9999746872731854,-2.1827003304405868e-05,2.435345521507188e-05,0,nan,nan,nan,5.0,2.2985951489343218e-05,-6.710363336370762e-05,4.999975646544785,0.0,-1.0,SOLVER_EXCEPTION,0.0,0,True,True
1851.217,-0.09554146884805628,-1.999974668204199,-2.1844897704152008e-05,2.4353365373255254e-05,0,nan,nan,nan,5.0,2.3006227741223578e-05,-6.711971991490984e-05,4.999975646634627,0.0,-1.0,SOLVER_EXCEPTION,0.0,0,True,True
1851.318,-0.09562000132015355,-1.999974648749141,-2.18631565409281e-05,2.4353415775855445e-05,0,nan,nan,nan,5.0,2.3030605293383925e-05,-6.71390634452429e-05,4.999975646584224,0.0,-1.0,SOLVER_EXCEPTION,0.0,0,True,True
1851.419,-0.09569853379157901,-1.9999746292923206,-2.1881412789194048e-05,2.435332249326712e-05,0,nan,nan,nan,5.0,2.3053162081551388e-05,-6.715695812253841e-05,4.999975646677507,0.0,-1.0,SOLVER_EXCEPTION,0.0,0,True,True
1851.519,-0.09577395606549156,-1.9999746106049172,-2.1898949088495802e-05,2.435341092554856e-05,0,nan,nan,nan,5.0,2.3075947897011397e-05,-6.717503577835515e-05,4.999975646589075,0.0,-1.0,SOLVER_EXCEPTION,0.0,0,True,True
1851.627,-0.09585870892927043,-1.9999745896040502,-2.1918651590694343e-05,2.435330074840031e-05,0,nan,nan,nan,5.0,2.309873505137128e-05,-6.719311230840574e-05,4.9999756466992515,0.0,-1.0,SOLVER_EXCEPTION,0.0,0,True,True
1851.715,-0.09592868835751055,-1.9999745722622428,-2.1934920797419602e-05,2.4353307090245908e-05,0,nan,nan,nan,5.0,2.312129594150461e-05,-6.72110104411594e-05,4.99997564669291,0.0,-1.0,SOLVER_EXCEPTION,0.0,0,True,True
1851.82,-0.0960087759247628,-1.9999745524147583,-2.1953541967669905e-05,2.4353384144315196e-05,0,nan,nan,nan,5.0,2.314408588180131e-05,-6.722908691259022e-05,4.999975646615856,0.0,-1.0,SOLVER_EXCEPTION,0.0,0,True,True
1851.915,-0.09608419819623533,-1.999974533721447,-2.197107491239514e-05,2.4353288496470855e-05,0,nan,nan,nan,5.0,2.3167333395095836e-05,-6.724752624842623e-05,4.999975646711504,0.0,-1.0,SOLVER_EXCEPTION,0.0,0,True,True
1852.023,-0.09616661840976441,-1.999974513293168,-2.19902379673732e-05,2.4353321477862802e-05,0,nan,nan,nan,5.0,2.319012611155997e-05,-6.726560342285026e-05,4.999975646678522,0.0,-1.0,SOLVER_EXCEPTION,0.0,0,True,True
1852.118,-0.09624204068004151,-1.99997449459715,-2.2007773294920632e-05,2.4353353757645734e-05,0,nan,nan,nan,5.0,2.3212920400072584e-05,-6.728367969355276e-05,4.999975646646242,0.0,-1.0,SOLVER_EXCEPTION,0.0,0,True,True
1852.215,-0.0963159078514191,-1.9999744762862202,-2.2024947302976924e-05,2.4353357793399626e-05,0,nan,nan,nan,5.0,2.3235487718704026e-05,-6.730157736223319e-05,4.9999756466422065,0.0,-1.0,SOLVER_EXCEPTION,0.0,0,True,True
1852.32,-0.0963967729647394,-1.9999744562377793,-2.2043745683406206e-05,2.4353256580556754e-05,0,nan,nan,nan,5.0,2.3257601134016826e-05,-6.731911070589902e-05,4.99997564674342,0.0,-1.0,SOLVER_EXCEPTION,0.0,0,True,True
1852.417,-0.09647452788080085,-1.9999744369599834,-2.2061822787909905e-05,2.435321866082457e-05,0,nan,nan,nan,5.0,2.3281311536611378e-05,-6.733791121682486e-05,4.999975646781339,0.0,-1.0,SOLVER_EXCEPTION,0.0,0,True,True
