timestamp,x,y,yaw,speed,nearest_path_index,reference_x,reference_y,reference_yaw,reference_speed,cte,heading_error,speed_error,steering_command,acceleration_command,solver_status,solver_time_ms,iteration_count,state_valid,fallback_active
1322.931,-0.015043372831180811,-1.4999936600420294,-3.3448821800249545e-06,0.00016085849308846803,0,nan,nan,nan,3.0,0.5000003708603733,-4.8620976839330865e-05,2.9998391415069117,0.0,-1.0,SOLVER_EXCEPTION,0.0,0,True,True
1323.018,-0.015095089165070028,-1.4999936447951172,-3.360294437509844e-06,0.00014703249229138884,0,nan,nan,nan,3.0,0.5000003886516988,-4.863656606479694e-05,2.999852967507709,0.0,-1.0,SOLVER_EXCEPTION,0.0,0,True,True
1323.115,-0.015151700376984184,-1.4999936284788502,-3.37678409499813e-06,0.00013294747663058503,0,nan,nan,nan,3.0,0.5000004077354739,-4.86532326222644e-05,2.9998670525233693,0.0,-1.0,SOLVER_EXCEPTION,0.0,0,True,True
1323.222,-0.015221044512900076,-1.499993608963428,-3.3964951825509544e-06,0.0001170208754173248,0,nan,nan,nan,3.0,0.5000004297706866,-4.867240834594e-05,2.9998829791245827,0.0,-1.0,SOLVER_EXCEPTION,0.0,0,True,True
1323.315,-0.015281656685554588,-1.4999935922808239,-3.413343278583305e-06,0.00010416391975907801,0,nan,nan,nan,3.0,0.5000004500228303,-4.868997333806746e-05,2.999895836080241,0.0,-1.0,SOLVER_EXCEPTION,0.0,0,True,True
1323.415,-0.015349426652251983,-1.4999935739952692,-3.431802274884259e-06,9.08359884699629e-05,0,nan,nan,nan,3.0,0.5000004711693293,-4.870825076253027e-05,2.99990916401153,0.0,-1.0,SOLVER_EXCEPTION,0.0,0,True,True
1323.52,-0.015419891290822631,-1.49999355534846,-3.450619466364417e-06,7.80318470748074e-05,0,nan,nan,nan,3.0,0.5000004917556088,-4.8725995540621625e-05,2.999921968152925,0.0,-1.0,SOLVER_EXCEPTION,0.0,0,True,True
1323.616,-0.01548546727983523,-1.4999935382953908,-3.4678245659455184e-06,6.698877978614694e-05,0,nan,nan,nan,3.0,0.5000005128184374,-4.874409620203579e-05,2.999933011220214,0.0,-1.0,SOLVER_EXCEPTION,0.0,0,True,True
1323.719,-0.015553481960239656,-1.4999935208813864,-3.485385273032794e-06,5.6347452017935364e-05,0,nan,nan,nan,3.0,0.5000005335200626,-4.876183841728832e-05,2.999943652547982,0.0,-1.0,SOLVER_EXCEPTION,0.0,0,True,True
1323.815,-0.01562465135870183,-1.4999935029294689,-3.503486011785231e-06,4.603400905271691e-05,0,nan,nan,nan,3.0,0.5000005546937721,-4.8779939156418095e-05,2.9999539659909473,0.0,-1.0,SOLVER_EXCEPTION,0.0,0,True,True
1323.918,-0.015697569226497638,-1.4999934847949115,-3.521768257043859e-06,3.6293655140848174e-05,0,nan,nan,nan,3.0,0.5000005754983988,-4.879768139476326e-05,2.999963706344859,0.0,-1.0,SOLVER_EXCEPTION,0.0,0,True,True
1324.019,-0.01576928947180691,-1.4999934671888426,-3.5395105561026963e-06,2.7527262290716218e-05,0,nan,nan,nan,3.0,0.5000005963498425,-4.881542357892954e-05,2.9999724727377095,0.0,-1.0,SOLVER_EXCEPTION,0.0,0,True,True
1324.118,-0.015843365811904098,-1.4999934492226135,-3.557611248354704e-06,1.9426013648473112e-05,0,nan,nan,nan,3.0,0.5000006178795828,-4.883370108155205e-05,2.9999805739863517,0.0,-1.0,SOLVER_EXCEPTION,0.0,0,True,True
1324.219,-0.015919052766935067,-1.4999934310739167,-3.5758887868090013e-06,1.2633452198388854e-05,0,nan,nan,nan,3.0,0.5000006388176677,-4.885144612787329e-05,2.9999873665478014,0.0,-1.0,SOLVER_EXCEPTION,0.0,0,True,True
1324.318,-0.01599330845566711,-1.4999934134559123,-3.593633929176578e-06,9.14921186553363e-06,0,nan,nan,nan,3.0,0.5000006600085095,-4.8869366944703785e-05,2.9999908507881345,0.0,-1.0,SOLVER_EXCEPTION,0.0,0,True,True
1324.415,-0.01606373698634413,-1.4999933969007897,-3.6103015013403592e-06,1.0727263272609697e-05,0,nan,nan,nan,3.0,0.5000006803879652,-4.888657309498612e-05,2.999989272736727,0.0,-1.0,SOLVER_EXCEPTION,0.0,0,True,True
1324.519,-0.016146296177955197,-1.499993377671718,-3.629655911762303e-06,1.599003792894161e-05,0,nan,nan,nan,3.0,0.5000007025032421,-4.890520947675725e-05,2.999984009962071,0.0,-1.0,SOLVER_EXCEPTION,0.0,0,True,True
1324.618,-0.016222661146515934,-1.4999933600407145,-3.6473973869878162e-06,2.1582446153620875e-05,0,nan,nan,nan,3.0,0.5000007244421911,-4.892366896891431e-05,2.999978417553846,0.0,-1.0,SOLVER_EXCEPTION,0.0,0,True,True
1324.717,-0.016298081696467986,-1.4999933427623766,-3.664781263069824e-06,2.7072096141207975e-05,0,nan,nan,nan,3.0,0.5000007453479246,-4.89412343220863e-05,2.9999729279038587,0.0,-1.0,SOLVER_EXCEPTION,0.0,0,True,True
1324.816,-0.016377204776752554,-1.4999933247684232,-3.682881947902298e-06,3.259915647094948e-05,0,nan,nan,nan,3.0,0.5000007660684082,-4.8958617597794074e-05,2.999967400843529,0.0,-1.0,SOLVER_EXCEPTION,0.0,0,True,True
1324.916,-0.01645452125022821,-1.4999933073061675,-3.700447199954144e-06,3.771400426707635e-05,0,nan,nan,nan,3.0,0.5000007881008414,-4.8977077259593216e-05,2.999962285995733,0.0,-1.0,SOLVER_EXCEPTION,0.0,0,True,True
1325.018,-0.016533934231708836,-1.499993289483502,-3.71837033839814e-06,4.266044231022199e-05,0,nan,nan,nan,3.0,0.5000008093048437,-4.89948200361745e-05,2.9999573395576897,0.0,-1.0,SOLVER_EXCEPTION,0.0,0,True,True
1325.12,-0.01661383925231287,-1.499993271657335,-3.73629125013287e-06,4.7328066977638406e-05,0,nan,nan,nan,3.0,0.5000008303193922,-4.9012384818691856e-05,2.9999526719330225,0.0,-1.0,SOLVER_EXCEPTION,0.0,0,True,True
1325.211,-0.016696623701843615,-1.4999932532931177,-3.754751004535176e-06,5.184921139234105e-05,0,nan,nan,nan,3.0,0.5000008517870631,-4.903030583580659e-05,2.9999481507886077,0.0,-1.0,SOLVER_EXCEPTION,0.0,0,True,True
1325.315,-0.016774195158108976,-1.4999932361737465,-3.7719573606308362e-06,5.580915597888704e-05,0,nan,nan,nan,3.0,0.5000008737070196,-4.9048587420053025e-05,2.999944190844021,0.0,-1.0,SOLVER_EXCEPTION,0.0,0,True,True
1325.415,-0.016857023781282125,-1.4999932179819442,-3.7902348296012746e-06,5.975806392577041e-05,0,nan,nan,nan,3.0,0.5000008954334033,-4.9066687735965786e-05,2.9999402419360743,0.0,-1.0,SOLVER_EXCEPTION,0.0,0,True,True
1325.522,-0.01694433587741542,-1.4999931988949426,-3.8094131369657252e-06,6.362668296158501e-05,0,nan,nan,nan,3.0,0.5000009165344439,-4.9084252678355256e-05,2.9999363733170386,0.0,-1.0,SOLVER_EXCEPTION,0.0,0,True,True
1325.629,-0.017032051596013398,-1.499993179804853,-3.828589831933521e-06,6.722784274956614e-05,0,nan,nan,nan,3.0,0.5000009385163054,-4.910253217760285e-05,2.9999327721572504,0.0,-1.0,SOLVER_EXCEPTION,0.0,0,True,True
1325.716,-0.017102000938732913,-1.499993164637804,-3.843825534634176e-06,6.990683516214691e-05,0,nan,nan,nan,3.0,0.500000959869247,-4.912027521886131e-05,2.999930093164838,0.0,-1.0,SOLVER_EXCEPTION,0.0,0,True,True
1325.816,-0.01718375155477737,-1.4999931469695786,-3.861568409786506e-06,7.28335076549225e-05,0,nan,nan,nan,3.0,0.5000009814545209,-4.9138198469300676e-05,2.9999271664923453,0.0,-1.0,SOLVER_EXCEPTION,0.0,0,True,True
1325.917,-0.017267444165041498,-1.4999931289420734,-3.879669767987416e-06,7.561459643477662e-05,0,nan,nan,nan,3.0,0.5000010028391207,-4.915594115129096e-05,2.999924385403565,0.0,-1.0,SOLVER_EXCEPTION,0.0,0,True,True
1326.02,-0.01735057699284933,-1.499993111091296,-3.897593450508754e-06,7.817450164495442e-05,0,nan,nan,nan,3.0,0.500001024886097,-4.917422351002898e-05,2.999921825498355,0.0,-1.0,SOLVER_EXCEPTION,0.0,0,True,True
1326.128,-0.01744565039500098,-1.4999930907367087,-3.91802388581351e-06,8.086998681648252e-05,0,nan,nan,nan,3.0,0.5000010460828536,-4.919178546947123e-05,2.9999191300131836,0.0,-1.0,SOLVER_EXCEPTION,0.0,0,True,True
1326.215,-0.017510035815529828,-1.4999930769872714,-3.931823270444459e-06,8.256286957027316e-05,0,nan,nan,nan,3.0,0.5000010659933589,-4.9208275218148856e-05,2.9999174371304296,0.0,-1.0,SOLVER_EXCEPTION,0.0,0,True,True
1326.319,-0.017604751876729493,-1.4999930568071924,-3.952075817794566e-06,8.487034679319264e-05,0,nan,nan,nan,3.0,0.5000010898121261,-4.9227988907940556e-05,2.999915129653207,0.0,-1.0,SOLVER_EXCEPTION,0.0,0,True,True
1326.416,-0.017686257683218968,-1.4999930394815384,-3.969460495192147e-06,8.66914680094492e-05,0,nan,nan,nan,3.0,0.5000011114775862,-4.9245912427497984e-05,2.9999133085319905,0.0,-1.0,SOLVER_EXCEPTION,0.0,0,True,True
1326.518,-0.01777046287984807,-1.4999930216181612,-3.987383568996369e-06,8.842273214516741e-05,0,nan,nan,nan,3.0,0.5000011331534622,-4.926383310577265e-05,2.999911577267855,0.0,-1.0,SOLVER_EXCEPTION,0.0,0,True,True
1326.617,-0.01785483496299529,-1.499993003753392,-4.005307710227899e-06,9.001320056156347e-05,0,nan,nan,nan,3.0,0.500001154838364,-4.928175623897246e-05,2.9999099867994383,0.0,-1.0,SOLVER_EXCEPTION,0.0,0,True,True
1326.717,-0.017941052094293183,-1.4999929855282388,-4.0235865270665055e-06,9.149796963627199e-05,0,nan,nan,nan,3.0,0.5000011765327071,-4.9299681222247926e-05,2.9999085020303635,0.0,-1.0,SOLVER_EXCEPTION,0.0,0,True,True
1326.815,-0.018024025269341087,-1.4999929680159814,-4.041153006575055e-06,9.280066758876165e-05,0,nan,nan,nan,3.0,0.500001198236,-4.931760152349085e-05,2.9999071993324113,0.0,-1.0,SOLVER_EXCEPTION,0.0,0,True,True
1326.918,-0.01811136364657454,-1.4999929496079312,-4.059613382941306e-06,9.404586420368016e-05,0,nan,nan,nan,3.0,0.5000012199468511,-4.9335526539184826e-05,2.999905954135796,0.0,-1.0,SOLVER_EXCEPTION,0.0,0,True,True
1327.016,-0.018194576264269662,-1.499992932091123,-4.077175263726519e-06,9.511889426107394e-05,0,nan,nan,nan,3.0,0.5000012416653645,-4.93534468590795e-05,2.999904881105739,0.0,-1.0,SOLVER_EXCEPTION,0.0,0,True,True
1327.119,-0.018276188181821428,-1.4999929149307483,-4.094381222375475e-06,9.607002234837553e-05,0,nan,nan,nan,3.0,0.5000012627377393,-4.937083437095424e-05,2.9999039299776515,0.0,-1.0,SOLVER_EXCEPTION,0.0,0,True,True
1327.217,-0.018365550674840324,-1.4999928961592202,-4.113200179365123e-06,9.700302244957664e-05,0,nan,nan,nan,3.0,0.500001284903415,-4.9389113311537614e-05,2.9999029969775504,0.0,-1.0,SOLVER_EXCEPTION,0.0,0,True,True
1327.315,-0.018446482668835636,-1.4999928791735821,-4.130226827387686e-06,9.775570306940586e-05,0,nan,nan,nan,3.0,0.5000013064227266,-4.94068568865913e-05,2.9999022442969308,0.0,-1.0,SOLVER_EXCEPTION,0.0,0,True,True
1327.415,-0.018534306398230418,-1.4999928607556845,-4.148687350027433e-06,9.847896594373395e-05,0,nan,nan,nan,3.0,0.5000013283821522,-4.9424958929567e-05,2.9999015210340563,0.0,-1.0,SOLVER_EXCEPTION,0.0,0,True,True
1327.515,-0.018619639247162235,-1.4999928428724687,-4.166612465704683e-06,9.909382578946747e-05,0,nan,nan,nan,3.0,0.5000013499115813,-4.944270245132998e-05,2.9999009061742106,0.0,-1.0,SOLVER_EXCEPTION,0.0,0,True,True
1327.622,-0.018710154790077822,-1.4999928239140825,-4.185608416341284e-06,9.965684162838476e-05,0,nan,nan,nan,3.0,0.5000013712272542,-4.946026835428441e-05,2.9999003431583717,0.0,-1.0,SOLVER_EXCEPTION,0.0,0,True,True
1327.72,-0.01879474301031723,-1.499992806205994,-4.203351688934447e-06,0.0001001049144385528,0,nan,nan,nan,3.0,0.5000013938520567,-4.9478908914046826e-05,2.9998998950855613,0.0,-1.0,SOLVER_EXCEPTION,0.0,0,True,True
1327.817,-0.01887509713115386,-1.4999927893916323,-4.220200836126017e-06,0.00010046470684935153,0,nan,nan,nan,3.0,0.5000014156108947,-4.949683089572332e-05,2.999899535293151,0.0,-1.0,SOLVER_EXCEPTION,0.0,0,True,True
1327.917,-0.018962324865134557,-1.4999927711436964,-4.2384834655517604e-06,0.0001007867428504017,0,nan,nan,nan,3.0,0.5000014371555603,-4.9514574854470084e-05,2.99989921325715,0.0,-1.0,SOLVER_EXCEPTION,0.0,0,True,True
1328.017,-0.019048726511022684,-1.4999927530725545,-4.256585899152025e-06,0.00010103940611803958,0,nan,nan,nan,3.0,0.5000014584856011,-4.9532140431463034e-05,2.999898960593882,0.0,-1.0,SOLVER_EXCEPTION,0.0,0,True,True
1328.116,-0.019133439045004242,-1.499992735357817,-4.2743296682106405e-06,0.00010122678474404245,0,nan,nan,nan,3.0,0.5000014793825724,-4.9549343571708704e-05,2.9998987732152558,0.0,-1.0,SOLVER_EXCEPTION,0.0,0,True,True
1328.216,-0.019218167373166076,-1.4999927176415664,-4.292072914875202e-06,0.00010135789454613846,0,nan,nan,nan,3.0,0.500001502894025,-4.956870297423421e-05,2.9998986421054536,0.0,-1.0,SOLVER_EXCEPTION,0.0,0,True,True
1328.315,-0.019302906065369677,-1.4999926999244946,-4.309816064695947e-06,0.00010143596506581439,0,nan,nan,nan,3.0,0.5000015242299565,-4.958626803208688e-05,2.9998985640349343,0.0,-1.0,SOLVER_EXCEPTION,0.0,0,True,True
1328.416,-0.01939021803253436,-1.499992681668443,-4.328098859271242e-06,0.00010146420371040246,0,nan,nan,nan,3.0,0.5000015462215245,-4.9604370452538404e-05,2.9998985357962895,0.0,-1.0,SOLVER_EXCEPTION,0.0,0,True,True
1328.515,-0.019466402426926484,-1.4999926657372185,-4.344050550581483e-06,0.00010144800343295536,0,nan,nan,nan,3.0,0.5000015660376196,-4.96206806102073e-05,2.999898551996567,0.0,-1.0,SOLVER_EXCEPTION,0.0,0,True,True
1328.615,-0.019560558323729892,-1.4999926460459507,-4.363764789951382e-06,0.00010137850240391841,0,nan,nan,nan,3.0,0.500001589991949,-4.9640394849337355e-05,2.999898621497596,0.0,-1.0,SOLVER_EXCEPTION,0.0,0,True,True
1328.72,-0.01965042464825738,-1.4999926272480448,-4.382584277217285e-06,0.00010126428783932618,0,nan,nan,nan,3.0,0.5000016115523179,-4.965813894086679e-05,2.9998987357121605,0.0,-1.0,SOLVER_EXCEPTION,0.0,0,True,True
1328.817,-0.019733431339893623,-1.4999926098806107,-4.399969354823511e-06,0.00010111982693539384,0,nan,nan,nan,3.0,0.5000016333305428,-4.967606228767352e-05,2.9998988801730646,0.0,-1.0,SOLVER_EXCEPTION,0.0,0,True,True
1328.917,-0.019816422230561254,-1.4999925925126207,-4.417356706354524e-06,0.00010094028786276599,0,nan,nan,nan,3.0,0.5000016546743461,-4.969362829232438e-05,2.999899059712137,0.0,-1.0,SOLVER_EXCEPTION,0.0,0,True,True
1329.023,-0.01990794658395489,-1.499992573351899,-4.436534705357255e-06,0.00010070404196363343,0,nan,nan,nan,3.0,0.5000016768901119,-4.971190894043076e-05,2.9998992959580364,0.0,-1.0,SOLVER_EXCEPTION,0.0,0,True,True
1329.118,-0.019990038669208274,-1.4999925561593164,-4.453739926270761e-06,0.00010046013484420866,0,nan,nan,nan,3.0,0.5000016986705861,-4.972983338635828e-05,2.999899539865156,0.0,-1.0,SOLVER_EXCEPTION,0.0,0,True,True
1329.218,-0.02007637946357253,-1.4999925380699226,-4.471842454815566e-06,0.00010017304479033636,0,nan,nan,nan,3.0,0.5000017206691953,-4.97479358605446e-05,2.9998998269552097,0.0,-1.0,SOLVER_EXCEPTION,0.0,0,True,True
1329.315,-0.020159272031288315,-1.499992520695718,-4.489227774665207e-06,9.986975268782604e-05,0,nan,nan,nan,3.0,0.5000017422319869,-4.976567961501033e-05,2.9999001302473123,0.0,-1.0,SOLVER_EXCEPTION,0.0,0,True,True
1329.419,-0.020246404157217828,-1.4999925024252843,-4.507509966364345e-06,9.952361765776032e-05,0,nan,nan,nan,3.0,0.5000017640117929,-4.978360474350296e-05,2.9999004763823423,0.0,-1.0,SOLVER_EXCEPTION,0.0,0,True,True
1329.517,-0.02033179209650156,-1.49999248451118,-4.525435976561835e-06,9.915903465508576e-05,0,nan,nan,nan,3.0,0.500001785792564,-4.9801526203818725e-05,2.9999008409653447,0.0,-1.0,SOLVER_EXCEPTION,0.0,0,True,True
1329.62,-0.020418848833348522,-1.4999924662368933,-4.543715894088235e-06,9.876308959638637e-05,0,nan,nan,nan,3.0,0.5000018075725625,-4.981945084736594e-05,2.9999012369104037,0.0,-1.0,SOLVER_EXCEPTION,0.0,0,True,True
1329.719,-0.020502452303315807,-1.4999924486780631,-4.561281992706858e-06,9.83614601372229e-05,0,nan,nan,nan,3.0,0.5000018293524413,-4.983737314923076e-05,2.9999016385398627,0.0,-1.0,SOLVER_EXCEPTION,0.0,0,True,True
1329.821,-0.020590277572429455,-1.4999924302220444,-4.579743232237458e-06,9.791847118687727e-05,0,nan,nan,nan,3.0,0.5000018511314991,-4.9855297512557684e-05,2.999902081528813,0.0,-1.0,SOLVER_EXCEPTION,0.0,0,True,True
1329.917,-0.0206729439916178,-1.4999924128398818,-4.597128540609719e-06,9.748313649723085e-05,0,nan,nan,nan,3.0,0.5000018726914056,-4.9873040858905426e-05,2.9999025168635027,0.0,-1.0,SOLVER_EXCEPTION,0.0,0,True,True
1330.018,-0.02075897338497659,-1.499992394740285,-4.615230653141188e-06,9.701252872067496e-05,0,nan,nan,nan,3.0,0.5000018946866719,-4.989114379672088e-05,2.9999029874712795,0.0,-1.0,SOLVER_EXCEPTION,0.0,0,True,True
1330.119,-0.02084069888903924,-1.4999923775350479,-4.632439725714376e-06,9.655010822652755e-05,0,nan,nan,nan,3.0,0.5000019164633024,-4.990906978497023e-05,2.9999034498917734,0.0,-1.0,SOLVER_EXCEPTION,0.0,0,True,True
1330.219,-0.020926632045058468,-1.499992359432144,-4.650542835484126e-06,9.604884046574093e-05,0,nan,nan,nan,3.0,0.5000019382394637,-4.9926991394055875e-05,2.9999039511595345,0.0,-1.0,SOLVER_EXCEPTION,0.0,0,True,True
1330.318,-0.021013363677181176,-1.4999923411483465,-4.668822685336871e-06,9.552845896080358e-05,0,nan,nan,nan,3.0,0.5000019589260485,-4.994401850355601e-05,2.999904471541039,0.0,-1.0,SOLVER_EXCEPTION,0.0,0,True,True
1330.422,-0.021102589825368268,-1.4999923223257936,-4.687642628315948e-06,9.497922777805544e-05,0,nan,nan,nan,3.0,0.5000019830948298,-4.996391427303237e-05,2.9999050207722218,0.0,-1.0,SOLVER_EXCEPTION,0.0,0,True,True
1330.521,-0.02118581471080909,-1.4999923047566979,-4.705208647083105e-06,9.445526044430553e-05,0,nan,nan,nan,3.0,0.5000020046496427,-4.998165816605393e-05,2.9999055447395557,0.0,-1.0,SOLVER_EXCEPTION,0.0,0,True,True
1330.615,-0.021266442182415787,-1.499992287724984,-4.7222355129834175e-06,9.393774652846455e-05,0,nan,nan,nan,3.0,0.5000020251141764,-4.999850708831133e-05,2.9999060622534715,0.0,-1.0,SOLVER_EXCEPTION,0.0,0,True,True
1330.718,-0.021353803030748582,-1.4999922692570637,-4.740697070483441e-06,9.336698924441352e-05,0,nan,nan,nan,3.0,0.5000020468843414,-5.0016433211119704e-05,2.9999066330107556,0.0,-1.0,SOLVER_EXCEPTION,0.0,0,True,True
1330.823,-0.021441104329278024,-1.4999922507878107,-4.759158658656947e-06,9.278710884908315e-05,0,nan,nan,nan,3.0,0.500002068871092,-5.003453630836319e-05,2.999907212891151,0.0,-1.0,SOLVER_EXCEPTION,0.0,0,True,True
1330.915,-0.021520724623210193,-1.4999922339310405,-4.77600927604288e-06,9.225075547618648e-05,0,nan,nan,nan,3.0,0.500002090203833,-5.0052099183517385e-05,2.9999077492445236,0.0,-1.0,SOLVER_EXCEPTION,0.0,0,True,True
1331.017,-0.021605371103267497,-1.499992215997251,-4.793930233006959e-06,9.16733290471574e-05,0,nan,nan,nan,3.0,0.5000021124049192,-5.007038194904112e-05,2.999908326670953,0.0,-1.0,SOLVER_EXCEPTION,0.0,0,True,True
1331.12,-0.021691650404477823,-1.499992197703902,-4.812213619756581e-06,9.107802253677896e-05,0,nan,nan,nan,3.0,0.5000021339521069,-5.008812671292162e-05,2.9999089219774633,0.0,-1.0,SOLVER_EXCEPTION,0.0,0,True,True
1331.219,-0.021777023404638603,-1.499992179588279,-4.83031685858714e-06,9.048291785631251e-05,0,nan,nan,nan,3.0,0.5000021557154541,-5.0106052983167615e-05,2.9999095170821435,0.0,-1.0,SOLVER_EXCEPTION,0.0,0,True,True
1331.315,-0.021860646977868808,-1.499992161830005,-4.848061558554757e-06,8.989484459189907e-05,0,nan,nan,nan,3.0,0.5000021776952337,-5.0124156165232137e-05,2.9999101051554082,0.0,-1.0,SOLVER_EXCEPTION,0.0,0,True,True
1331.42,-0.021945899394361337,-1.499992143711832,-4.8661648538373314e-06,8.929068850614875e-05,0,nan,nan,nan,3.0,0.5000021994560012,-5.0142077858250644e-05,2.999910709311494,0.0,-1.0,SOLVER_EXCEPTION,0.0,0,True,True
1331.517,-0.022029403934444285,-1.4999921259511086,-4.8839094177212466e-06,8.869497038535596e-05,0,nan,nan,nan,3.0,0.5000022203439581,-5.015928608642639e-05,2.9999113050296145,0.0,-1.0,SOLVER_EXCEPTION,0.0,0,True,True
1331.618,-0.022113691612332915,-1.4999921080107128,-4.9018347543454724e-06,8.809027796517183e-05,0,nan,nan,nan,3.0,0.5000022429716559,-5.017792837147539e-05,2.999911909722035,0.0,-1.0,SOLVER_EXCEPTION,0.0,0,True,True
1331.717,-0.022197918368429798,-1.4999920900684016,-4.919760317903304e-06,8.748315542255558e-05,0,nan,nan,nan,3.0,0.5000022645102351,-5.0195673536368446e-05,2.9999125168445775,0.0,-1.0,SOLVER_EXCEPTION,0.0,0,True,True
1331.817,-0.022280401266294755,-1.499992072483277,-4.937323806611709e-06,8.688623775263326e-05,0,nan,nan,nan,3.0,0.5000022860472607,-5.021341840594218e-05,2.9999131137622475,0.0,-1.0,SOLVER_EXCEPTION,0.0,0,True,True
1331.919,-0.0223670289987515,-1.4999920539999716,-4.955785643194251e-06,8.625738572615936e-05,0,nan,nan,nan,3.0,0.5000023080178724,-5.0231521699029e-05,2.999913742614274,0.0,-1.0,SOLVER_EXCEPTION,0.0,0,True,True
1332.016,-0.022449390980051408,-1.499992036412882,-4.9733536099145816e-06,8.565810064036629e-05,0,nan,nan,nan,3.0,0.500002329986657,-5.024962507604869e-05,2.9999143418993595,0.0,-1.0,SOLVER_EXCEPTION,0.0,0,True,True
1332.115,-0.022532533384720145,-1.4999920186453255,-4.991097764316248e-06,8.505207511271643e-05,0,nan,nan,nan,3.0,0.5000023517361153,-5.02675460567481e-05,2.9999149479248874,0.0,-1.0,SOLVER_EXCEPTION,0.0,0,True,True
1332.215,-0.02261645434251312,-1.4999920006974743,-5.009022807739994e-06,8.443977448156999e-05,0,nan,nan,nan,3.0,0.5000023721789334,-5.02843972260969e-05,2.9999155602255185,0.0,-1.0,SOLVER_EXCEPTION,0.0,0,True,True
1332.321,-0.022704505071453055,-1.4999919818503715,-5.02784335687223e-06,8.379706376011672e-05,0,nan,nan,nan,3.0,0.5000023963174673,-5.0304293045755344e-05,2.99991620293624,0.0,-1.0,SOLVER_EXCEPTION,0.0,0,True,True
1332.418,-0.02278662452997099,-1.4999919642582962,-5.045408227243761e-06,8.319774374292602e-05,0,nan,nan,nan,3.0,0.5000024169756419,-5.032132028892633e-05,2.9999168022562572,0.0,-1.0,SOLVER_EXCEPTION,0.0,0,True,True
1332.521,-0.02286784788948236,-1.4999919468443328,-5.062793826361284e-06,8.260537823319944e-05,0,nan,nan,nan,3.0,0.5000024387189326,-5.0339246922881387e-05,2.9999173946217668,0.0,-1.0,SOLVER_EXCEPTION,0.0,0,True,True
1332.616,-0.022951522849864077,-1.4999919288911225,-5.080720157379503e-06,8.199591499402578e-05,0,nan,nan,nan,3.0,0.5000024604609754,-5.035716855061878e-05,2.999918004085006,0.0,-1.0,SOLVER_EXCEPTION,0.0,0,True,True
1332.716,-0.023034300721951874,-1.4999919111168962,-5.098464311929839e-06,8.139395434343093e-05,0,nan,nan,nan,3.0,0.5000024819828549,-5.037491627524204e-05,2.9999186060456564,0.0,-1.0,SOLVER_EXCEPTION,0.0,0,True,True
1332.817,-0.023120359597356484,-1.4999918926227445,-5.116926590848108e-06,8.076954018037614e-05,0,nan,nan,nan,3.0,0.5000025041561872,-5.0393198167242303e-05,2.9999192304598195,0.0,-1.0,SOLVER_EXCEPTION,0.0,0,True,True
1332.919,-0.02320551927127775,-1.4999918743069305,-5.135210760680423e-06,8.015332927222662e-05,0,nan,nan,nan,3.0,0.5000025258931032,-5.041112386150459e-05,2.999919846670728,0.0,-1.0,SOLVER_EXCEPTION,0.0,0,True,True
1333.017,-0.02328394384061077,-1.4999918574258124,-5.152058808725319e-06,7.958751655559872e-05,0,nan,nan,nan,3.0,0.500002547194435,-5.0428688868287e-05,2.999920412483444,0.0,-1.0,SOLVER_EXCEPTION,0.0,0,True,True
1333.127,-0.02336731558082825,-1.4999918394665674,-5.1699844227160165e-06,7.898802879248667e-05,0,nan,nan,nan,3.0,0.5000025689284715,-5.044661448216914e-05,2.9999210119712076,0.0,-1.0,SOLVER_EXCEPTION,0.0,0,True,True
1333.22,-0.02345645666346069,-1.4999918202490141,-5.189163765990008e-06,7.834955486143869e-05,0,nan,nan,nan,3.0,0.5000025906606911,-5.046453578660959e-05,2.9999216504451387,0.0,-1.0,SOLVER_EXCEPTION,0.0,0,True,True
1333.314,-0.023535543110847365,-1.499991803186124,-5.206190948925076e-06,7.778543727052292e-05,0,nan,nan,nan,3.0,0.5000026126082905,-5.04826429077454e-05,2.9999222145627296,0.0,-1.0,SOLVER_EXCEPTION,0.0,0,True,True
1333.421,-0.023616239001812377,-1.499991785762312,-5.223577843065203e-06,7.721235671567918e-05,0,nan,nan,nan,3.0,0.5000026336857777,-5.050002979256618e-05,2.999922787643284,0.0,-1.0,SOLVER_EXCEPTION,0.0,0,True,True
1333.517,-0.023703527307666596,-1.4999917669001501,-5.242398708154892e-06,7.659546444710028e-05,0,nan,nan,nan,3.0,0.5000026560655906,-5.051849214954274e-05,2.999923404535553,0.0,-1.0,SOLVER_EXCEPTION,0.0,0,True,True
1333.617,-0.023786598557671224,-1.4999917489350554,-5.2603246020578095e-06,7.601147266776082e-05,0,nan,nan,nan,3.0,0.5000026777921447,-5.0536415810320534e-05,2.9999239885273323,0.0,-1.0,SOLVER_EXCEPTION,0.0,0,True,True
1333.717,-0.023869611163791736,-1.4999917309683863,-5.278248194128592e-06,7.543100916035603e-05,0,nan,nan,nan,3.0,0.5000026995173118,-5.0554341627151445e-05,2.99992456899084,0.0,-1.0,SOLVER_EXCEPTION,0.0,0,True,True
1333.817,-0.023953394735971634,-1.4999917128209719,-5.296350561307354e-06,7.484848481540799e-05,0,nan,nan,nan,3.0,0.5000027212400973,-5.057226645233115e-05,2.9999251515151846,0.0,-1.0,SOLVER_EXCEPTION,0.0,0,True,True
1333.917,-0.0240354618968194,-1.499991695032765,-5.314098959346434e-06,7.4281365332448e-05,0,nan,nan,nan,3.0,0.5000027429621305,-5.0590190135313406e-05,2.9999257186346675,0.0,-1.0,SOLVER_EXCEPTION,0.0,0,True,True
1334.018,-0.024119128881658437,-1.4999916768831887,-5.332203018267489e-06,7.370673289318004e-05,0,nan,nan,nan,3.0,0.5000027644655864,-5.060793564659605e-05,2.999926293267107,0.0,-1.0,SOLVER_EXCEPTION,0.0,0,True,True
1334.117,-0.024201082537805882,-1.4999916590918076,-5.349948611363824e-06,7.314749352641237e-05,0,nan,nan,nan,3.0,0.5000027864019883,-5.062603976035973e-05,2.9999268525064737,0.0,-1.0,SOLVER_EXCEPTION,0.0,0,True,True
1334.215,-0.024280499653690384,-1.4999916418380999,-5.367155278083927e-06,7.260906815837748e-05,0,nan,nan,nan,3.0,0.5000028079028362,-5.0643785337367575e-05,2.9999273909318416,0.0,-1.0,SOLVER_EXCEPTION,0.0,0,True,True
1334.316,-0.024361517754837733,-1.4999916242245832,-5.384721817901339e-06,7.206346751528638e-05,0,nan,nan,nan,3.0,0.5000028294021328,-5.066152905852661e-05,2.999927936532485,0.0,-1.0,SOLVER_EXCEPTION,0.0,0,True,True
1334.422,-0.024452392502070857,-1.4999916044520953,-5.404438887245411e-06,7.145601498926874e-05,0,nan,nan,nan,3.0,0.5000028515510897,-5.0679814601828355e-05,2.9999285439850105,0.0,-1.0,SOLVER_EXCEPTION,0.0,0,True,True
1334.517,-0.02453164654243235,-1.4999915871957885,-5.42164726365804e-06,7.093022509900931e-05,0,nan,nan,nan,3.0,0.5000028732647838,-5.069774068733324e-05,2.999929069774901,0.0,-1.0,SOLVER_EXCEPTION,0.0,0,True,True
1334.618,-0.02461497368006151,-1.4999915690390426,-5.4397515258355804e-06,7.038149664013694e-05,0,nan,nan,nan,3.0,0.5000028949773349,-5.071566455283616e-05,2.99992961850336,0.0,-1.0,SOLVER_EXCEPTION,0.0,0,True,True
1334.718,-0.024691651421849235,-1.4999915523190581,-5.4564216385397894e-06,6.988031987016894e-05,0,nan,nan,nan,3.0,0.5000029149519196,-5.073215635542638e-05,2.99993011968013,0.0,-1.0,SOLVER_EXCEPTION,0.0,0,True,True
1334.815,-0.024777343134057522,-1.4999915336205667,-5.475064694288267e-06,6.932457629352511e-05,0,nan,nan,nan,3.0,0.5000029383987746,-5.0751514312885604e-05,2.9999306754237063,0.0,-1.0,SOLVER_EXCEPTION,0.0,0,True,True
1334.919,-0.024860507413516312,-1.4999915154602776,-5.493168790741873e-06,6.878963213492621e-05,0,nan,nan,nan,3.0,0.5000029596727945,-5.076908130252633e-05,2.999931210367865,0.0,-1.0,SOLVER_EXCEPTION,0.0,0,True,True
1335.022,-0.02494690780611384,-1.4999914965796108,-5.51198983180101e-06,6.82385562277016e-05,0,nan,nan,nan,3.0,0.5000029792096939,-5.078521492007937e-05,2.999931761443772,0.0,-1.0,SOLVER_EXCEPTION,0.0,0,True,True
1335.117,-0.025025851589144284,-1.4999914793162599,-5.5291989294812225e-06,6.773929469652442e-05,0,nan,nan,nan,3.0,0.5000030035206426,-5.080529008028023e-05,2.9999322607053034,0.0,-1.0,SOLVER_EXCEPTION,0.0,0,True,True
1335.216,-0.025107211933870673,-1.4999914615118792,-5.546944800068536e-06,6.722899747684228e-05,0,nan,nan,nan,3.0,0.5000030252257623,-5.08232163349831e-05,2.999932771002523,0.0,-1.0,SOLVER_EXCEPTION,0.0,0,True,True
1335.317,-0.02518359510798359,-1.499991444785279,-5.563614958876424e-06,6.675388545068074e-05,0,nan,nan,nan,3.0,0.5000030458447757,-5.0840245018335395e-05,2.999933246114549,0.0,-1.0,SOLVER_EXCEPTION,0.0,0,True,True
1335.416,-0.025271421913557513,-1.4999914255397826,-5.582794958008885e-06,6.621238822274702e-05,0,nan,nan,nan,3.0,0.5000030671129397,-5.0857813203908364e-05,2.999933787611777,0.0,-1.0,SOLVER_EXCEPTION,0.0,0,True,True
1335.516,-0.025353450420295503,-1.4999914075523562,-5.600718227790464e-06,6.571124856292836e-05,0,nan,nan,nan,3.0,0.5000030898997384,-5.087663474334647e-05,2.999934288751437,0.0,-1.0,SOLVER_EXCEPTION,0.0,0,True,True
1335.621,-0.02543870666332768,-1.4999913888441736,-5.61936162249301e-06,6.519527133929985e-05,0,nan,nan,nan,3.0,0.5000031124685911,-5.089527483148615e-05,2.9999348047286607,0.0,-1.0,SOLVER_EXCEPTION,0.0,0,True,True
1335.718,-0.025518175899130087,-1.499991371393596,-5.636749302243858e-06,6.471873262235505e-05,0,nan,nan,nan,3.0,0.5000031335172797,-5.0912662296287436e-05,2.9999352812673776,0.0,-1.0,SOLVER_EXCEPTION,0.0,0,True,True
1335.819,-0.02560169137851564,-1.499991353042545,-5.65503430657466e-06,6.42225717747058e-05,0,nan,nan,nan,3.0,0.5000031547818852,-5.0930230234058627e-05,2.999935777428225,0.0,-1.0,SOLVER_EXCEPTION,0.0,0,True,True
1335.919,-0.02568351991881781,-1.4999913350497958,-5.6729584953498505e-06,6.374099983292268e-05,0,nan,nan,nan,3.0,0.5000031782151695,-5.094958855478282e-05,2.999936259000167,0.0,-1.0,SOLVER_EXCEPTION,0.0,0,True,True
1336.017,-0.025762847349547688,-1.499991317595729,-5.690345830745748e-06,6.32785329293489e-05,0,nan,nan,nan,3.0,0.5000031988269726,-5.096661720260798e-05,2.9999367214670705,0.0,-1.0,SOLVER_EXCEPTION,0.0,0,True,True
1336.115,-0.025843763892710567,-1.4999912997816565,-5.7080945645658805e-06,6.281129279188035e-05,0,nan,nan,nan,3.0,0.5000032205218691,-5.098454312912892e-05,2.999937188707208,0.0,-1.0,SOLVER_EXCEPTION,0.0,0,True,True
1336.218,-0.0259279004272716,-1.4999912812456426,-5.726557955181809e-06,6.233018578264797e-05,0,nan,nan,nan,3.0,0.500003242216474,-5.100246988609669e-05,2.9999376698142175,0.0,-1.0,SOLVER_EXCEPTION,0.0,0,True,True
1336.317,-0.026005457906517947,-1.4999912641479558,-5.743586031885758e-06,6.189097862726593e-05,0,nan,nan,nan,3.0,0.5000032630426464,-5.101967715726019e-05,2.9999381090213726,0.0,-1.0,SOLVER_EXCEPTION,0.0,0,True,True
1336.419,-0.026091130519479762,-1.4999912452494528,-5.762407745979284e-06,6.141064123683269e-05,0,nan,nan,nan,3.0,0.5000032851694068,-5.1037962160549455e-05,2.9999385893587633,0.0,-1.0,SOLVER_EXCEPTION,0.0,0,True,True
1336.515,-0.02616860012240741,-1.4999912281495693,-5.779436812555103e-06,6.098062840739802e-05,0,nan,nan,nan,3.0,0.5000033070781927,-5.1056066872057215e-05,2.9999390193715927,0.0,-1.0,SOLVER_EXCEPTION,0.0,0,True,True
1336.618,-0.026254176617383624,-1.4999912092486103,-5.798258480160085e-06,6.051040238124023e-05,0,nan,nan,nan,3.0,0.5000033287689244,-5.1073990402272784e-05,2.999939489597619,0.0,-1.0,SOLVER_EXCEPTION,0.0,0,True,True
1336.728,-0.026343774932487577,-1.4999911894462763,-5.817975877436147e-06,6.002344364508309e-05,0,nan,nan,nan,3.0,0.5000033495913768,-5.109120028734537e-05,2.999939976556355,0.0,-1.0,SOLVER_EXCEPTION,0.0,0,True,True
1336.817,-0.026413786973733366,-1.4999911739637555,-5.833392129876062e-06,5.9646767500820904e-05,0,nan,nan,nan,3.0,0.5000033723652408,-5.1110022189160276e-05,2.9999403532324993,0.0,-1.0,SOLVER_EXCEPTION,0.0,0,True,True
1336.918,-0.026497595697818458,-1.499991155419131,-5.851855586493999e-06,5.920026404519051e-05,0,nan,nan,nan,3.0,0.5000033940537801,-5.112794897987882e-05,2.999940799735955,0.0,-1.0,SOLVER_EXCEPTION,0.0,0,True,True
1337.02,-0.026580545137089916,-1.4999911370532641,-5.8701409069621005e-06,5.876307531814946e-05,0,nan,nan,nan,3.0,0.5000034157418557,-5.114587346310984e-05,2.999941236924682,0.0,-1.0,SOLVER_EXCEPTION,0.0,0,True,True
1337.118,-0.026661011958614624,-1.499991119226209,-5.887887267664857e-06,5.834340680246512e-05,0,nan,nan,nan,3.0,0.5000034382963016,-5.1164517326895975e-05,2.9999416565931973,0.0,-1.0,SOLVER_EXCEPTION,0.0,0,True,True
1337.218,-0.02673575170039324,-1.4999911026594215,-5.90438015876543e-06,5.79575463297608e-05,0,nan,nan,nan,3.0,0.5000034584640678,-5.11811871124479e-05,2.9999420424536702,0.0,-1.0,SOLVER_EXCEPTION,0.0,0,True,True
1337.317,-0.026822632313429275,-1.4999910833894727,-5.923560763654397e-06,5.7513720927549656e-05,0,nan,nan,nan,3.0,0.5000034808004343,-5.119965096422874e-05,2.9999424862790725,0.0,-1.0,SOLVER_EXCEPTION,0.0,0,True,True
1337.429,-0.026913521570686244,-1.4999910632168985,-5.943635999900876e-06,5.7054810701211484e-05,0,nan,nan,nan,3.0,0.5000035022686162,-5.1217397478708904e-05,2.9999429451892987,0.0,-1.0,SOLVER_EXCEPTION,0.0,0,True,True
1337.518,-0.02698570915268821,-1.4999910471865958,-5.959589559531861e-06,5.669427497736938e-05,0,nan,nan,nan,3.0,0.5000035235193266,-5.1234965865454285e-05,2.9999433057250227,0.0,-1.0,SOLVER_EXCEPTION,0.0,0,True,True
1337.617,-0.02706515920149591,-1.4999910295337264,-5.977157970241938e-06,5.6301516768432e-05,0,nan,nan,nan,3.0,0.5000035456368838,-5.1253249039540094e-05,2.9999436984832317,0.0,-1.0,SOLVER_EXCEPTION,0.0,0,True,True
1337.717,-0.027147000813751977,-1.4999910113392596,-5.995263017980877e-06,5.59012735382104e-05,0,nan,nan,nan,3.0,0.5000035675368337,-5.127135399529692e-05,2.999944098726462,0.0,-1.0,SOLVER_EXCEPTION,0.0,0,True,True
1337.818,-0.027222323891007986,-1.4999909945853247,-6.01193330141043e-06,5.553677888417714e-05,0,nan,nan,nan,3.0,0.5000035883514984,-5.128856336078513e-05,2.999944463221116,0.0,-1.0,SOLVER_EXCEPTION,0.0,0,True,True
1337.917,-0.027308943670581627,-1.499990975307565,-6.031114098378819e-06,5.512224956371258e-05,0,nan,nan,nan,3.0,0.5000036109005876,-5.1307207504347474e-05,2.9999448777504365,0.0,-1.0,SOLVER_EXCEPTION,0.0,0,True,True
1338.016,-0.02738823844991863,-1.499990957650088,-6.048682679885907e-06,5.474709155198288e-05,0,nan,nan,nan,3.0,0.5000036325820807,-5.132513233307989e-05,2.999945252908448,0.0,-1.0,SOLVER_EXCEPTION,0.0,0,True,True
1338.125,-0.027471538929986442,-1.499990939090382,-6.0671464570784464e-06,5.4357335443236395e-05,0,nan,nan,nan,3.0,0.500003653612687,-5.134252047112042e-05,2.9999456426645565,0.0,-1.0,SOLVER_EXCEPTION,0.0,0,True,True
1338.216,-0.027547525392082852,-1.4999909221508843,-6.083995584068942e-06,5.400566590678139e-05,0,nan,nan,nan,3.0,0.5000036755099668,-5.136062564359278e-05,2.999945994334093,0.0,-1.0,SOLVER_EXCEPTION,0.0,0,True,True
1338.316,-0.027631556677446104,-1.4999909034086019,-6.102639808121346e-06,5.3621123234081035e-05,0,nan,nan,nan,3.0,0.500003696755951,-5.137819370260033e-05,2.999946378876766,0.0,-1.0,SOLVER_EXCEPTION,0.0,0,True,True
1338.419,-0.02771474021369434,-1.4999908848451888,-6.121103390059553e-06,5.324483863229336e-05,0,nan,nan,nan,3.0,0.5000037182183633,-5.1395940362741754e-05,2.9999467551613677,0.0,-1.0,SOLVER_EXCEPTION,0.0,0,True,True
1338.52,-0.02779627056977596,-1.499990866641369,-6.13920818383537e-06,5.2880255246153276e-05,0,nan,nan,nan,3.0,0.5000037405476735,-5.141440429445865e-05,2.999947119744754,0.0,-1.0,SOLVER_EXCEPTION,0.0,0,True,True
1338.619,-0.027874537020370207,-1.4999908491566902,-6.15659668090695e-06,5.253421772891618e-05,0,nan,nan,nan,3.0,0.5000037626597695,-5.1432690054920016e-05,2.999947465782271,0.0,-1.0,SOLVER_EXCEPTION,0.0,0,True,True
1338.719,-0.02795599495028409,-1.499990830949934,-6.1747021486535555e-06,5.217810582200443e-05,0,nan,nan,nan,3.0,0.5000037841211812,-5.1450436978850433e-05,2.999947821894178,0.0,-1.0,SOLVER_EXCEPTION,0.0,0,True,True
1338.82,-0.028037416574283186,-1.499990812741794,-6.192807588941631e-06,5.1826247528640036e-05,0,nan,nan,nan,3.0,0.5000038060158547,-5.1468542352051116e-05,2.9999481737524714,0.0,-1.0,SOLVER_EXCEPTION,0.0,0,True,True
1338.92,-0.028118802318877034,-1.4999907945324495,-6.210913035190357e-06,5.14786000932209e-05,0,nan,nan,nan,3.0,0.500003827693349,-5.148646721675476e-05,2.9999485213999066,0.0,-1.0,SOLVER_EXCEPTION,0.0,0,True,True
1339.017,-0.028196126192535302,-1.4999907772238323,-6.228122467541501e-06,5.1152027220351774e-05,0,nan,nan,nan,3.0,0.5000038491530683,-5.1504215890396665e-05,2.99994884797278,0.0,-1.0,SOLVER_EXCEPTION,0.0,0,True,True
1339.12,-0.02827583326767469,-1.4999907593727833,-6.24586954174358e-06,5.081917354714285e-05,0,nan,nan,nan,3.0,0.5000038699628672,-5.1521423976907954e-05,2.999949180826453,0.0,-1.0,SOLVER_EXCEPTION,0.0,0,True,True
1339.216,-0.028357116280906695,-1.499990741159834,-6.263975151167485e-06,5.048365285828071e-05,0,nan,nan,nan,3.0,0.5000038927230629,-5.154024666831347e-05,2.999949516347142,0.0,-1.0,SOLVER_EXCEPTION,0.0,0,True,True
1339.324,-0.028443994898504358,-1.4999907216833033,-6.283336781012381e-06,5.0129398999527774e-05,0,nan,nan,nan,3.0,0.5000039154830226,-5.155906934151133e-05,2.9999498706010006,0.0,-1.0,SOLVER_EXCEPTION,0.0,0,True,True
1339.418,-0.028518776049865944,-1.4999907049104027,-6.300008258225908e-06,4.982800966429633e-05,0,nan,nan,nan,3.0,0.5000039360753187,-5.1576099362460326e-05,2.999950171990336,0.0,-1.0,SOLVER_EXCEPTION,0.0,0,True,True
1339.515,-0.028597547025450216,-1.499990687234375,-6.3175748739750595e-06,4.951403301178036e-05,0,nan,nan,nan,3.0,0.5000039577511219,-5.159402675003477e-05,2.999950485966988,0.0,-1.0,SOLVER_EXCEPTION,0.0,0,True,True
1339.617,-0.028679500105584312,-1.499990668836233,-6.335860599758379e-06,4.9191225544986385e-05,0,nan,nan,nan,3.0,0.5000039794259014,-5.161195354430603e-05,2.999950808774455,0.0,-1.0,SOLVER_EXCEPTION,0.0,0,True,True
1339.716,-0.02875820797157006,-1.499990651158659,-6.353429258355748e-06,4.888483183114234e-05,0,nan,nan,nan,3.0,0.500004001101158,-5.162987891305093e-05,2.999951115168169,0.0,-1.0,SOLVER_EXCEPTION,0.0,0,True,True
1339.818,-0.028840898809442964,-1.4999906325773824,-6.371893575160078e-06,4.856671302466684e-05,0,nan,nan,nan,3.0,0.5000040212590954,-5.16465505118191e-05,2.9999514332869754,0.0,-1.0,SOLVER_EXCEPTION,0.0,0,True,True
1339.918,-0.0289203471082228,-1.4999906147163447,-6.389640803480974e-06,4.826470172113432e-05,0,nan,nan,nan,3.0,0.5000040444511777,-5.166573191361934e-05,2.999951735298279,0.0,-1.0,SOLVER_EXCEPTION,0.0,0,True,True
1340.027,-0.029008587522079056,-1.4999905948694652,-6.409358975258368e-06,4.79333574295052e-05,0,nan,nan,nan,3.0,0.5000040661259392,-5.1683659676893257e-05,2.9999520666425705,0.0,-1.0,SOLVER_EXCEPTION,0.0,0,True,True
1340.125,-0.029086368918931706,-1.499990577366702,-6.4267477998178765e-06,4.764489542054977e-05,0,nan,nan,nan,3.0,0.5000040878009282,-5.1701583842600485e-05,2.9999523551045795,0.0,-1.0,SOLVER_EXCEPTION,0.0,0,True,True
1340.215,-0.02915931332938053,-1.4999905609459043,-6.443062198816152e-06,4.737739790269238e-05,0,nan,nan,nan,3.0,0.5000041094746053,-5.1719511862557965e-05,2.9999526226020974,0.0,-1.0,SOLVER_EXCEPTION,0.0,0,True,True
1340.322,-0.029242648183053263,-1.4999905421776616,-6.461704818576408e-06,4.707527562080793e-05,0,nan,nan,nan,3.0,0.5000041307153179,-5.173708114769582e-05,2.9999529247243792,0.0,-1.0,SOLVER_EXCEPTION,0.0,0,True,True
1340.415,-0.029319544416990712,-1.4999905248521168,-6.478915620086983e-06,4.6799876843372816e-05,0,nan,nan,nan,3.0,0.5000041528231415,-5.175536527479707e-05,2.999953200123157,0.0,-1.0,SOLVER_EXCEPTION,0.0,0,True,True
1340.523,-0.02940602066751622,-1.4999905053592992,-6.4982753638070155e-06,4.6493853368737617e-05,0,nan,nan,nan,3.0,0.5000041749308043,-5.1773651723152625e-05,2.9999535061466314,0.0,-1.0,SOLVER_EXCEPTION,0.0,0,True,True
1340.617,-0.02948125977406215,-1.4999904883917843,-6.515127719408373e-06,4.623088921834291e-05,0,nan,nan,nan,3.0,0.5000041961722355,-5.17912176900559e-05,2.999953769110782,0.0,-1.0,SOLVER_EXCEPTION,0.0,0,True,True
1340.717,-0.029560473862167404,-1.4999904705207026,-6.532875070956673e-06,4.595716529261161e-05,0,nan,nan,nan,3.0,0.5000042169786494,-5.180842846241873e-05,2.9999540428347076,0.0,-1.0,SOLVER_EXCEPTION,0.0,0,True,True
1340.82,-0.029642859362877704,-1.4999904519265652,-6.551339450927072e-06,4.567591983484074e-05,0,nan,nan,nan,3.0,0.5000042388694155,-5.182653459101516e-05,2.999954324080165,0.0,-1.0,SOLVER_EXCEPTION,0.0,0,True,True
1340.92,-0.029721218297297895,-1.4999904342344632,-6.56890812514043e-06,4.541165331924431e-05,0,nan,nan,nan,3.0,0.5000042611937306,-5.1844999237271594e-05,2.999954588346681,0.0,-1.0,SOLVER_EXCEPTION,0.0,0,True,True
1341.021,-0.02980194848842723,-1.4999904159988418,-6.587014319144192e-06,4.514265222718417e-05,0,nan,nan,nan,3.0,0.5000042826511512,-5.18627469765498e-05,2.999954857347773,0.0,-1.0,SOLVER_EXCEPTION,0.0,0,True,True
1341.115,-0.029879455493442363,-1.4999903984837926,-6.604403781782091e-06,4.4887494390827606e-05,0,nan,nan,nan,3.0,0.5000043045424701,-5.188085224316907e-05,2.999955112505609,0.0,-1.0,SOLVER_EXCEPTION,0.0,0,True,True
1341.22,-0.029962527887373275,-1.49999037970353,-6.623045416668171e-06,4.461723117736474e-05,0,nan,nan,nan,3.0,0.5000043262168126,-5.1898781280534934e-05,2.999955382768823,0.0,-1.0,SOLVER_EXCEPTION,0.0,0,True,True
1341.318,-0.03004078154183411,-1.499990362005723,-6.640615903581372e-06,4.436587718123138e-05,0,nan,nan,nan,3.0,0.5000043478913097,-5.191670556570216e-05,2.9999556341228186,0.0,-1.0,SOLVER_EXCEPTION,0.0,0,True,True
1341.421,-0.03012379888054539,-1.4999903432229575,-6.6592574120469485e-06,4.4102329478170596e-05,0,nan,nan,nan,3.0,0.5000043689145123,-5.193409730752663e-05,2.999955897670522,0.0,-1.0,SOLVER_EXCEPTION,0.0,0,True,True
1341.517,-0.030198809838173,-1.4999903262460703,-6.676110269620794e-06,4.386715568035384e-05,0,nan,nan,nan,3.0,0.5000043901556386,-5.195166487181879e-05,2.9999561328443196,0.0,-1.0,SOLVER_EXCEPTION,0.0,0,True,True
1341.615,-0.030277786455471047,-1.4999903083638293,-6.693858351956886e-06,4.3622442361954836e-05,0,nan,nan,nan,3.0,0.5000044126973083,-5.1970310345872406e-05,2.999956377557638,0.0,-1.0,SOLVER_EXCEPTION,0.0,0,True,True
1341.715,-0.030358333192848475,-1.4999902901189055,-6.71196354487588e-06,4.337584224598735e-05,0,nan,nan,nan,3.0,0.5000044345889645,-5.198841662501508e-05,2.999956624157754,0.0,-1.0,SOLVER_EXCEPTION,0.0,0,True,True
1341.823,-0.030443637285004186,-1.4999902707891328,-6.731145571930828e-06,4.311800945295716e-05,0,nan,nan,nan,3.0,0.5000044573475841,-5.200724008336266e-05,2.999956881990547,0.0,-1.0,SOLVER_EXCEPTION,0.0,0,True,True
1341.915,-0.030513772897885004,-1.4999902548910375,-6.746922246872182e-06,4.290854719864951e-05,0,nan,nan,nan,3.0,0.500004477288665,-5.20237294980852e-05,2.9999570914528015,0.0,-1.0,SOLVER_EXCEPTION,0.0,0,True,True
1342.023,-0.03059105974757719,-1.4999902373653198,-6.764312002753598e-06,4.2680351184839386e-05,0,nan,nan,nan,3.0,0.5000044980965096,-5.2040942062347995e-05,2.999957319648815,0.0,-1.0,SOLVER_EXCEPTION,0.0,0,True,True
1342.119,-0.03067867739586412,-1.4999902174896669,-6.784032911340736e-06,4.242491445694509e-05,0,nan,nan,nan,3.0,0.5000045210723746,-5.205994614021492e-05,2.999957575085543,0.0,-1.0,SOLVER_EXCEPTION,0.0,0,True,True
1342.218,-0.03075989731562452,-1.499990199057538,-6.802316634169059e-06,4.21911170409765e-05,0,nan,nan,nan,3.0,0.5000045429647905,-5.20780526001019e-05,2.999957808882959,0.0,-1.0,SOLVER_EXCEPTION,0.0,0,True,True
1342.317,-0.030837909287946403,-1.499990181347363,-6.819887567722098e-06,4.1969436378851434e-05,0,nan,nan,nan,3.0,0.5000045639906036,-5.209544191053794e-05,2.9999580305636213,0.0,-1.0,SOLVER_EXCEPTION,0.0,0,True,True
1342.412,-0.030908737720070426,-1.4999901652623224,-6.83584224900821e-06,4.17703817369806e-05,0,nan,nan,nan,3.0,0.5000045843662508,-5.211229059520761e-05,2.999958229618263,0.0,-1.0,SOLVER_EXCEPTION,0.0,0,True,True
1342.515,-0.030994662611344044,-1.4999901457421168,-6.855201766772696e-06,4.153178357148876e-05,0,nan,nan,nan,3.0,0.5000046079934901,-5.213183182606329e-05,2.9999584682164286,0.0,-1.0,SOLVER_EXCEPTION,0.0,0,True,True
1342.616,-0.031075789814812724,-1.4999901273055196,-6.873489459749103e-06,4.1309513326299145e-05,0,nan,nan,nan,3.0,0.5000046296694369,-5.2149760648489973e-05,2.9999586904866735,0.0,-1.0,SOLVER_EXCEPTION,0.0,0,True,True
1342.723,-0.03115371380098685,-1.4999901095906578,-6.891059187916184e-06,4.109862498439408e-05,0,nan,nan,nan,3.0,0.5000046513462509,-5.2167689247539784e-05,2.9999589013750154,0.0,-1.0,SOLVER_EXCEPTION,0.0,0,True,True
1342.818,-0.03123400117845387,-1.4999900913318827,-6.909165846637819e-06,4.088397321384168e-05,0,nan,nan,nan,3.0,0.5000046728066454,-5.2185437342977536e-05,2.999959116026786,0.0,-1.0,SOLVER_EXCEPTION,0.0,0,True,True
1342.921,-0.031317444834382195,-1.499990072348634,-6.927989659760345e-06,4.066370949858255e-05,0,nan,nan,nan,3.0,0.5000046947009116,-5.220354402002414e-05,2.9999593362905013,0.0,-1.0,SOLVER_EXCEPTION,0.0,0,True,True
1343.024,-0.031398481813966414,-1.499990053906221,-6.946273363343406e-06,4.0452449815502776e-05,0,nan,nan,nan,3.0,0.5000047142114569,-5.2219676013987026e-05,2.9999595475501843,0.0,-1.0,SOLVER_EXCEPTION,0.0,0,True,True
1343.124,-0.03147870267199346,-1.4999900356434264,-6.964380131939219e-06,4.024601309363302e-05,0,nan,nan,nan,3.0,0.5000047380571093,-5.223939908116648e-05,2.9999597539869063,0.0,-1.0,SOLVER_EXCEPTION,0.0,0,True,True
1343.216,-0.03155255059069474,-1.4999900188256137,-6.98105226572805e-06,4.005823584440536e-05,0,nan,nan,nan,3.0,0.5000047593013917,-5.2256968035013784e-05,2.9999599417641556,0.0,-1.0,SOLVER_EXCEPTION,0.0,0,True,True
1343.319,-0.03163273083625675,-1.4999900005611115,-6.9991619122811876e-06,3.985689602559534e-05,0,nan,nan,nan,3.0,0.5000047809802647,-5.227489330517088e-05,2.999960143103974,0.0,-1.0,SOLVER_EXCEPTION,0.0,0,True,True
1343.423,-0.03170654180713933,-1.4999899837414932,-7.015834585567377e-06,3.9673705713735745e-05,0,nan,nan,nan,3.0,0.5000048015754617,-5.229192451894349e-05,2.9999603262942864,0.0,-1.0,SOLVER_EXCEPTION,0.0,0,True,True
1343.521,-0.031793822661754755,-1.4999899638456367,-7.0355526143571365e-06,3.945971625689158e-05,0,nan,nan,nan,3.0,0.5000048241221023,-5.231057152998986e-05,2.9999605402837433,0.0,-1.0,SOLVER_EXCEPTION,0.0,0,True,True
1343.614,-0.03186838908100396,-1.4999899468424676,-7.052407189105411e-06,3.9279384873058975e-05,0,nan,nan,nan,3.0,0.5000048464525292,-5.232903724872173e-05,2.999960720615127,0.0,-1.0,SOLVER_EXCEPTION,0.0,0,True,True
1343.721,-0.03194531711378735,-1.4999899292952255,-7.069795516127066e-06,3.90953807400238e-05,0,nan,nan,nan,3.0,0.5000048674828134,-5.234642557550018e-05,2.99996090461926,0.0,-1.0,SOLVER_EXCEPTION,0.0,0,True,True
1343.815,-0.03202460527991247,-1.4999899112052024,-7.087724460859369e-06,3.890812217483224e-05,0,nan,nan,nan,3.0,0.5000048891627374,-5.236435452049548e-05,2.9999610918778252,0.0,-1.0,SOLVER_EXCEPTION,0.0,0,True,True
1343.919,-0.03210625208626493,-1.4999898925704116,-7.106190063641941e-06,3.8717703428796096e-05,0,nan,nan,nan,3.0,0.5000049114942204,-5.2382820122875984e-05,2.9999612822965713,0.0,-1.0,SOLVER_EXCEPTION,0.0,0,True,True
1344.019,-0.03218867124393691,-1.4999898737531163,-7.12483266517597e-06,3.852787155573783e-05,0,nan,nan,nan,3.0,0.5000049331758869,-5.2400745658598424e-05,2.999961472128444,0.0,-1.0,SOLVER_EXCEPTION,0.0,0,True,True
1344.114,-0.03226156367539114,-1.4999898571056731,-7.141327704627413e-06,3.8362172445222527e-05,0,nan,nan,nan,3.0,0.5000049539909442,-5.241795776411706e-05,2.9999616378275547,0.0,-1.0,SOLVER_EXCEPTION,0.0,0,True,True
1344.219,-0.03234473706561105,-1.4999898381048073,-7.160151868534022e-06,3.8175334932753644e-05,0,nan,nan,nan,3.0,0.5000049763240464,-5.2436423332746784e-05,2.9999618246650672,0.0,-1.0,SOLVER_EXCEPTION,0.0,0,True,True
1344.315,-0.032423139310047186,-1.4999898201883106,-7.177900317113867e-06,3.80014450915374e-05,0,nan,nan,nan,3.0,0.5000049982239069,-5.2454530376611075e-05,2.9999619985549084,0.0,-1.0,SOLVER_EXCEPTION,0.0,0,True,True
1344.415,-0.032503107285643054,-1.4999898019087043,-7.196007210199884e-06,3.7826281181468815e-05,0,nan,nan,nan,3.0,0.5000050181718445,-5.2471025188349785e-05,2.9999621737188185,0.0,-1.0,SOLVER_EXCEPTION,0.0,0,True,True
1344.518,-0.03258384864837998,-1.4999897834470632,-7.214291735967016e-06,3.7651581867781147e-05,0,nan,nan,nan,3.0,0.5000050413736414,-5.249020802411408e-05,2.999962348418132,0.0,-1.0,SOLVER_EXCEPTION,0.0,0,True,True
1344.625,-0.03266931963504477,-1.4999897638974775,-7.233655622668081e-06,3.746924223169736e-05,0,nan,nan,nan,3.0,0.5000050643593297,-5.250920937971415e-05,2.9999625307577684,0.0,-1.0,SOLVER_EXCEPTION,0.0,0,True,True
1344.716,-0.03274053004044709,-1.4999897476055424,-7.249791531719916e-06,3.7319162450834766e-05,0,nan,nan,nan,3.0,0.5000050847433949,-5.252606300976126e-05,2.999962680837549,0.0,-1.0,SOLVER_EXCEPTION,0.0,0,True,True
1344.823,-0.032824382325390464,-1.4999897284154076,-7.268794089021588e-06,3.71445284217471e-05,0,nan,nan,nan,3.0,0.5000051066457951,-5.254417025479796e-05,2.999962855471578,0.0,-1.0,SOLVER_EXCEPTION,0.0,0,True,True
1344.919,-0.032901889265490106,-1.4999897106722826,-7.2863646391904905e-06,3.698524953238707e-05,0,nan,nan,nan,3.0,0.5000051283320313,-5.256209707260595e-05,2.9999630147504677,0.0,-1.0,SOLVER_EXCEPTION,0.0,0,True,True
1345.015,-0.0329777989104289,-1.499989693289769,-7.303574227467886e-06,3.6831055402093605e-05,0,nan,nan,nan,3.0,0.5000051498018611,-5.257984561524154e-05,2.999963168944598,0.0,-1.0,SOLVER_EXCEPTION,0.0,0,True,True
1345.124,-0.03306238865929611,-1.4999896739145022,-7.3227574067968465e-06,3.666146341621964e-05,0,nan,nan,nan,3.0,0.5000051725734354,-5.2598670229997424e-05,2.999963338536584,0.0,-1.0,SOLVER_EXCEPTION,0.0,0,True,True
1345.218,-0.033139056741170424,-1.4999896563486834,-7.3401457610337675e-06,3.650961909186586e-05,0,nan,nan,nan,3.0,0.5000051936098436,-5.2616061908761225e-05,2.999963490380908,0.0,-1.0,SOLVER_EXCEPTION,0.0,0,True,True
1345.322,-0.033219660497697936,-1.499989637876515,-7.358434559042237e-06,3.635213515301513e-05,0,nan,nan,nan,3.0,0.5000052146474623,-5.263345219796989e-05,2.999963647864847,0.0,-1.0,SOLVER_EXCEPTION,0.0,0,True,True
1345.417,-0.033294717788867674,-1.4999896206704357,-7.375466323767796e-06,3.6207232350923e-05,0,nan,nan,nan,3.0,0.5000052367701756,-5.265173782120769e-05,2.999963792767649,0.0,-1.0,SOLVER_EXCEPTION,0.0,0,True,True
1345.521,-0.03337765940964295,-1.4999896016518053,-7.394290943495176e-06,3.60491073697067e-05,0,nan,nan,nan,3.0,0.5000052584598,-5.266966733064038e-05,2.99996395089263,0.0,-1.0,SOLVER_EXCEPTION,0.0,0,True,True
1345.627,-0.03345979431066316,-1.4999895828129568,-7.412937506965882e-06,3.589461615787171e-05,0,nan,nan,nan,3.0,0.500005280367053,-5.268777486167053e-05,2.999964105383842,0.0,-1.0,SOLVER_EXCEPTION,0.0,0,True,True
1345.723,-0.0335348069564422,-1.4999895656024502,-7.429969372659004e-06,3.5755255832860795e-05,0,nan,nan,nan,3.0,0.5000053005388144,-5.270444682103914e-05,2.999964244744167,0.0,-1.0,SOLVER_EXCEPTION,0.0,0,True,True
1345.818,-0.03361217416634253,-1.4999895478480834,-7.4475358305580965e-06,3.56130877462594e-05,0,nan,nan,nan,3.0,0.5000053224468799,-5.2722554487516504e-05,2.9999643869122536,0.0,-1.0,SOLVER_EXCEPTION,0.0,0,True,True
1345.916,-0.03368952707321059,-1.499989530092752,-7.465107726665566e-06,3.5472927489164066e-05,0,nan,nan,nan,3.0,0.5000053450063968,-5.2741201127304294e-05,2.999964527072511,0.0,-1.0,SOLVER_EXCEPTION,0.0,0,True,True
1346.018,-0.03377002223880969,-1.4999895116108912,-7.4833959016212915e-06,3.5328873665878986e-05,0,nan,nan,nan,3.0,0.5000053666994638,-5.275912745306144e-05,2.999964671126334,0.0,-1.0,SOLVER_EXCEPTION,0.0,0,True,True
1346.113,-0.033841823792916954,-1.4999894951202493,-7.4997106500079094e-06,3.5201907672586564e-05,0,nan,nan,nan,3.0,0.5000053875252204,-5.277634070921522e-05,2.9999647980923276,0.0,-1.0,SOLVER_EXCEPTION,0.0,0,True,True
1346.218,-0.03392781221212696,-1.499989475367394,-7.519252813987564e-06,3.505174095850715e-05,0,nan,nan,nan,3.0,0.5000054103036953,-5.2795165621954965e-05,2.9999649482590414,0.0,-1.0,SOLVER_EXCEPTION,0.0,0,True,True
1346.314,-0.0340035311862028,-1.49998945796859,-7.536461318693194e-06,3.4921094019651216e-05,0,nan,nan,nan,3.0,0.5000054319984456,-5.2813091377945653e-05,2.9999650789059804,0.0,-1.0,SOLVER_EXCEPTION,0.0,0,True,True
1346.415,-0.03408317993665424,-1.4999894396629738,-7.554568464250903e-06,3.4785442519416774e-05,0,nan,nan,nan,3.0,0.5000054536929418,-5.2831021341681605e-05,2.9999652145574807,0.0,-1.0,SOLVER_EXCEPTION,0.0,0,True,True
1346.522,-0.03416754492204737,-1.499989420267805,-7.5737524671095915e-06,3.464371609685111e-05,0,nan,nan,nan,3.0,0.5000054751722001,-5.284876970179653e-05,2.9999653562839033,0.0,-1.0,SOLVER_EXCEPTION,0.0,0,True,True
1346.617,-0.03424322357965582,-1.49998940286579,-7.590964571590041e-06,3.451819853984551e-05,0,nan,nan,nan,3.0,0.5000054973026637,-5.28670590549396e-05,2.99996548180146,0.0,-1.0,SOLVER_EXCEPTION,0.0,0,True,True
1346.718,-0.0343188898218215,-1.4999893854623216,-7.608178270817352e-06,3.439428681784375e-05,0,nan,nan,nan,3.0,0.5000055181324109,-5.2884268134434365e-05,2.9999656057131823,0.0,-1.0,SOLVER_EXCEPTION,0.0,0,True,True
1346.819,-0.034400847746029674,-1.4999893666068655,-7.626821628234974e-06,3.426156799573205e-05,0,nan,nan,nan,3.0,0.5000055404814983,-5.290273450375693e-05,2.9999657384320044,0.0,-1.0,SOLVER_EXCEPTION,0.0,0,True,True
1346.916,-0.03447806432140258,-1.4999893488380884,-7.644394077546928e-06,3.41383050185933e-05,0,nan,nan,nan,3.0,0.50000556196365,-5.292048399585525e-05,2.9999658616949816,0.0,-1.0,SOLVER_EXCEPTION,0.0,0,True,True
1347.022,-0.03455605616682249,-1.4999893308864507,-7.662141929575222e-06,3.4015179552695986e-05,0,nan,nan,nan,3.0,0.5000055834458336,-5.2938232432353516e-05,2.9999659848204474,0.0,-1.0,SOLVER_EXCEPTION,0.0,0,True,True
1347.118,-0.03463482305631973,-1.4999893127531974,-7.68007210236836e-06,3.3892490406618045e-05,0,nan,nan,nan,3.0,0.500005605579764,-5.2956520574909405e-05,2.9999661075095934,0.0,-1.0,SOLVER_EXCEPTION,0.0,0,True,True
1347.214,-0.034712789808543774,-1.4999892947993645,-7.697821564048244e-06,3.377253453622257e-05,0,nan,nan,nan,3.0,0.5000056266296657,-5.297391145475672e-05,2.999966227465464,0.0,-1.0,SOLVER_EXCEPTION,0.0,0,True,True
1347.319,-0.03479231902197425,-1.4999892764813567,-7.715929615008806e-06,3.365171971644577e-05,0,nan,nan,nan,3.0,0.5000056489825125,-5.2992378099414594e-05,2.9999663482802834,0.0,-1.0,SOLVER_EXCEPTION,0.0,0,True,True
1347.417,-0.03487262287495004,-1.499989257980204,-7.734215007386443e-06,3.353121580683322e-05,0,nan,nan,nan,3.0,0.5000056696004801,-5.300941056596287e-05,2.9999664687841934,0.0,-1.0,SOLVER_EXCEPTION,0.0,0,True,True
1347.518,-0.03495212694210311,-1.4999892396593502,-7.752323001424526e-06,3.341350203231785e-05,0,nan,nan,nan,3.0,0.500005691954905,-5.302787713556967e-05,2.9999665864979677,0.0,-1.0,SOLVER_EXCEPTION,0.0,0,True,True
1347.614,-0.03502689679025956,-1.4999892224255833,-7.769354851102066e-06,3.330413589164045e-05,0,nan,nan,nan,3.0,0.5000057138759977,-5.30459849104048e-05,2.9999666958641082,0.0,-1.0,SOLVER_EXCEPTION,0.0,0,True,True
1347.719,-0.035108737798759754,-1.4999892035582847,-7.788001494643167e-06,3.31859689445746e-05,0,nan,nan,nan,3.0,0.5000057357970241,-5.306409557936931e-05,2.9999668140310556,0.0,-1.0,SOLVER_EXCEPTION,0.0,0,True,True
1347.815,-0.03518584559188342,-1.4999891857785146,-7.805573940455e-06,3.3076129694972135e-05,0,nan,nan,nan,3.0,0.5000057575028864,-5.308202246423477e-05,2.999966923870305,0.0,-1.0,SOLVER_EXCEPTION,0.0,0,True,True
1347.917,-0.03526608882009122,-1.4999891672706642,-7.823859296303854e-06,3.29631002467516e-05,0,nan,nan,nan,3.0,0.5000057792094956,-5.3099952576740606e-05,2.9999670368997533,0.0,-1.0,SOLVER_EXCEPTION,0.0,0,True,True
1348.017,-0.03534474709193423,-1.4999891491247792,-7.841789348940059e-06,3.285383752194655e-05,0,nan,nan,nan,3.0,0.5000058009169199,-5.311788037509757e-05,2.999967146162478,0.0,-1.0,SOLVER_EXCEPTION,0.0,0,True,True
1348.118,-0.035423394062355076,-1.4999891309773468,-7.859717122803821e-06,3.2745876183094596e-05,0,nan,nan,nan,3.0,0.5000058224080657,-5.3135629965339604e-05,2.999967254123817,0.0,-1.0,SOLVER_EXCEPTION,0.0,0,True,True
1348.215,-0.03550045726474231,-1.4999891131916983,-7.877288655644088e-06,3.26415054045903e-05,0,nan,nan,nan,3.0,0.5000058441169961,-5.315356010049399e-05,2.9999673584945956,0.0,-1.0,SOLVER_EXCEPTION,0.0,0,True,True
1348.32,-0.03558222704599748,-1.4999890943155902,-7.895933643834597e-06,3.253207031775454e-05,0,nan,nan,nan,3.0,0.5000058662612342,-5.317184507358519e-05,2.9999674679296824,0.0,-1.0,SOLVER_EXCEPTION,0.0,0,True,True
1348.415,-0.03565769639525735,-1.4999890768908735,-7.91314571679249e-06,3.243237123981168e-05,0,nan,nan,nan,3.0,0.5000058877539895,-5.3189597618796824e-05,2.9999675676287603,0.0,-1.0,SOLVER_EXCEPTION,0.0,0,True,True
1348.517,-0.03573787172618487,-1.499989058375427,-7.931434560387982e-06,3.23278393321304e-05,0,nan,nan,nan,3.0,0.5000059088139835,-5.320698886679409e-05,2.999967672160668,0.0,-1.0,SOLVER_EXCEPTION,0.0,0,True,True
1348.615,-0.0358148925239164,-1.4999890405845373,-7.949003936852032e-06,3.2228602901409485e-05,0,nan,nan,nan,3.0,0.5000059309606104,-5.322527541906652e-05,2.9999677713970985,0.0,-1.0,SOLVER_EXCEPTION,0.0,0,True,True
1348.715,-0.03589347479722413,-1.4999890224292445,-7.966934454054776e-06,3.2128735362894934e-05,0,nan,nan,nan,3.0,0.5000059520229002,-5.324266580108983e-05,2.999967871264637,0.0,-1.0,SOLVER_EXCEPTION,0.0,0,True,True
1348.815,-0.03597126104996421,-1.499989004453902,-7.98468434950137e-06,3.203106138622236e-05,0,nan,nan,nan,3.0,0.50000597460531,-5.3261314409080995e-05,2.9999679689386136,0.0,-1.0,SOLVER_EXCEPTION,0.0,0,True,True
1348.922,-0.03605375067376995,-1.4999889853881443,-8.003510027942888e-06,3.192880281161641e-05,0,nan,nan,nan,3.0,0.5000059956687467,-5.327870516858013e-05,2.9999680711971886,0.0,-1.0,SOLVER_EXCEPTION,0.0,0,True,True
1349.018,-0.036130730949828806,-1.4999889675918143,-8.021077894661595e-06,3.1834473409321544e-05,0,nan,nan,nan,3.0,0.5000060180357738,-5.329717191404626e-05,2.9999681655265906,0.0,-1.0,SOLVER_EXCEPTION,0.0,0,True,True
1349.117,-0.036209272385979305,-1.4999889494321044,-8.039008654155485e-06,3.173959748754651e-05,0,nan,nan,nan,3.0,0.5000060397518512,-5.3315102105599976e-05,2.9999682604025124,0.0,-1.0,SOLVER_EXCEPTION,0.0,0,True,True
1349.214,-0.0362854481744255,-1.4999889318147206,-8.05639921627655e-06,3.1648673960558286e-05,0,nan,nan,nan,3.0,0.5000060610355075,-5.333267066642833e-05,2.9999683513260393,0.0,-1.0,SOLVER_EXCEPTION,0.0,0,True,True
1349.314,-0.0363631851656461,-1.4999889138330946,-8.074149237668761e-06,3.1557054404735426e-05,0,nan,nan,nan,3.0,0.5000060829711206,-5.3350779297023365e-05,2.9999684429455953,0.0,-1.0,SOLVER_EXCEPTION,0.0,0,True,True
1349.416,-0.03644405305784075,-1.4999888951235316,-8.092616387712367e-06,3.146295970821397e-05,0,nan,nan,nan,3.0,0.5000061046904248,-5.3368710829726496e-05,2.9999685370402918,0.0,-1.0,SOLVER_EXCEPTION,0.0,0,True,True
1349.516,-0.036522555952472995,-1.4999888769577516,-8.11054807350683e-06,3.137288930560309e-05,0,nan,nan,nan,3.0,0.500006126627887,-5.338681951227997e-05,2.9999686271106945,0.0,-1.0,SOLVER_EXCEPTION,0.0,0,True,True
1349.617,-0.036601834375388866,-1.4999888586085817,-8.12865691450887e-06,3.1283000881638334e-05,0,nan,nan,nan,3.0,0.5000061472627819,-5.3403850285071996e-05,2.9999687169991183,0.0,-1.0,SOLVER_EXCEPTION,0.0,0,True,True
1349.717,-0.036678748980635,-1.49998884080344,-8.146224540583685e-06,3.1196702650878e-05,0,nan,nan,nan,3.0,0.5000061700709074,-5.342267619878882e-05,2.999968803297349,0.0,-1.0,SOLVER_EXCEPTION,0.0,0,True,True
1349.815,-0.03675722423496332,-1.4999888226338896,-8.164154912437013e-06,3.110996440913601e-05,0,nan,nan,nan,3.0,0.5000061917936689,-5.34406079846228e-05,2.999968890035591,0.0,-1.0,SOLVER_EXCEPTION,0.0,0,True,True
1349.919,-0.03683647509188221,-1.4999888042810317,-8.182263757504675e-06,3.1023445943498163e-05,0,nan,nan,nan,3.0,0.5000062135176727,-5.345853523364141e-05,2.9999689765540567,0.0,-1.0,SOLVER_EXCEPTION,0.0,0,True,True
1350.019,-0.03691728592225333,-1.499988785563256,-8.200731258811468e-06,3.0936368537305236e-05,0,nan,nan,nan,3.0,0.5000062354599235,-5.347664428745347e-05,2.999969063631463,0.0,-1.0,SOLVER_EXCEPTION,0.0,0,True,True
1350.117,-0.0369871052448952,-1.4999887693876521,-8.216688360650709e-06,3.086205897481651e-05,0,nan,nan,nan,3.0,0.5000062556655614,-5.349331842019467e-05,2.9999691379410254,0.0,-1.0,SOLVER_EXCEPTION,0.0,0,True,True
1350.218,-0.03707260493516743,-1.4999887495769826,-8.236232046992473e-06,3.077219307902599e-05,0,nan,nan,nan,3.0,0.5000062786955668,-5.351232524652971e-05,2.999969227806921,0.0,-1.0,SOLVER_EXCEPTION,0.0,0,True,True
1350.317,-0.03715025178971424,-1.4999887315819087,-8.25398177237525e-06,3.069161171896151e-05,0,nan,nan,nan,3.0,0.5000063002058699,-5.3530074618279855e-05,2.9999693083882812,0.0,-1.0,SOLVER_EXCEPTION,0.0,0,True,True
1350.418,-0.03723024290392983,-1.4999887130407745,-8.272270788425333e-06,3.060970028613552e-05,0,nan,nan,nan,3.0,0.5000063219339304,-5.3548006393011605e-05,2.999969390299714,0.0,-1.0,SOLVER_EXCEPTION,0.0,0,True,True
1350.518,-0.03730630481859165,-1.4999886954069988,-8.28966249730844e-06,3.053277759059007e-05,0,nan,nan,nan,3.0,0.500006343663913,-5.356593394933995e-05,2.9999694672224093,0.0,-1.0,SOLVER_EXCEPTION,0.0,0,True,True
1350.615,-0.03738314298972743,-1.4999886775900235,-8.307234713794552e-06,3.0456080233360985e-05,0,nan,nan,nan,3.0,0.5000063653944444,-5.35838647732767e-05,2.9999695439197667,0.0,-1.0,SOLVER_EXCEPTION,0.0,0,True,True
1350.714,-0.03746154121555208,-1.4999886594078915,-8.32516324383866e-06,3.037870518135445e-05,0,nan,nan,nan,3.0,0.500006387126184,-5.3601793303048595e-05,2.999969621294819,0.0,-1.0,SOLVER_EXCEPTION,0.0,0,True,True
1350.819,-0.03754463454650378,-1.4999886401337237,-8.344169978546671e-06,3.029786440899826e-05,0,nan,nan,nan,3.0,0.5000064086416031,-5.3619543889382726e-05,2.999969702135591,0.0,-1.0,SOLVER_EXCEPTION,0.0,0,True,True
1350.922,-0.03762536762693436,-1.4999886214033735,-8.362637707279843e-06,3.022031630089423e-05,0,nan,nan,nan,3.0,0.5000064303753321,-5.363747468223323e-05,2.999969779683699,0.0,-1.0,SOLVER_EXCEPTION,0.0,0,True,True
1351.017,-0.0376990390964423,-1.499988604307766,-8.379489204037255e-06,3.0150322030165627e-05,0,nan,nan,nan,3.0,0.5000064525446215,-5.365576036986397e-05,2.99996984967797,0.0,-1.0,SOLVER_EXCEPTION,0.0,0,True,True
1351.116,-0.03777348734751127,-1.499988587030734,-8.396525110441567e-06,3.0080625490852337e-05,0,nan,nan,nan,3.0,0.5000064731924769,-5.367279658097246e-05,2.999969919374509,0.0,-1.0,SOLVER_EXCEPTION,0.0,0,True,True
1351.219,-0.03785654776795502,-1.4999885677506897,-8.415529693216142e-06,3.000370984860708e-05,0,nan,nan,nan,3.0,0.5000064957984591,-5.3691442615466656e-05,2.9999699962901514,0.0,-1.0,SOLVER_EXCEPTION,0.0,0,True,True
1351.319,-0.03793254844586207,-1.4999885501059682,-8.432920915424549e-06,2.9934268292667835e-05,0,nan,nan,nan,3.0,0.5000065177537272,-5.3709550974723186e-05,2.9999700657317074,0.0,-1.0,SOLVER_EXCEPTION,0.0,0,True,True
1351.419,-0.03801480930702071,-1.4999885310048808,-8.451747280467343e-06,2.9860083574155875e-05,0,nan,nan,nan,3.0,0.5000065394923534,-5.3727483069643256e-05,2.999970139916426,0.0,-1.0,SOLVER_EXCEPTION,0.0,0,True,True
1351.519,-0.03808922879895005,-1.49998851372145,-8.468780587166932e-06,2.9793817071484826e-05,0,nan,nan,nan,3.0,0.5000065610146532,-5.3745233614233e-05,2.9999702061829283,0.0,-1.0,SOLVER_EXCEPTION,0.0,0,True,True
1351.618,-0.038170691028724335,-1.4999884947997575,-8.487430057829397e-06,2.972229613483608e-05,0,nan,nan,nan,3.0,0.5000065838422315,-5.376406011725621e-05,2.999970277703865,0.0,-1.0,SOLVER_EXCEPTION,0.0,0,True,True
1351.72,-0.0382497959476281,-1.4999884764222629,-8.50553917735198e-06,2.9653635022674322e-05,0,nan,nan,nan,3.0,0.5000066034092188,-5.3780197422081955e-05,2.9999703463649774,0.0,-1.0,SOLVER_EXCEPTION,0.0,0,True,True
1351.815,-0.03832419495835054,-1.4999884591355832,-8.522570908889205e-06,2.9589768211908824e-05,0,nan,nan,nan,3.0,0.5000066253692124,-5.3798306765440174e-05,2.999970410231788,0.0,-1.0,SOLVER_EXCEPTION,0.0,0,True,True
1351.915,-0.038390757129714,-1.4999884436669726,-8.537811406425436e-06,2.9533388846103506e-05,0,nan,nan,nan,3.0,0.5000066449388678,-5.3814441465682705e-05,2.999970466611154,0.0,-1.0,SOLVER_EXCEPTION,0.0,0,True,True
1352.019,-0.03848393576398107,-1.4999884220099418,-8.5591482693613e-06,2.9455442872152317e-05,0,nan,nan,nan,3.0,0.5000066692924963,-5.3834525478801964e-05,2.9999705445571276,0.0,-1.0,SOLVER_EXCEPTION,0.0,0,True,True
1352.118,-0.03855909802511379,-1.4999884045371012,-8.576363692366823e-06,2.9393565981771688e-05,0,nan,nan,nan,3.0,0.5000066916906476,-5.3852993751934974e-05,2.9999706064340184,0.0,-1.0,SOLVER_EXCEPTION,0.0,0,True,True
1352.22,-0.038641299628240096,-1.499988385424672,-8.595189545273216e-06,2.9326572879021483e-05,0,nan,nan,nan,3.0,0.5000067132203052,-5.387074365170719e-05,2.999970673427121,0.0,-1.0,SOLVER_EXCEPTION,0.0,0,True,True
1352.316,-0.03871723172399583,-1.4999883677668404,-8.612581599992408e-06,2.9265513764986322e-05,0,nan,nan,nan,3.0,0.5000067351857526,-5.388885294133061e-05,2.999970734486235,0.0,-1.0,SOLVER_EXCEPTION,0.0,0,True,True
1352.418,-0.03879315762839181,-1.4999883501086015,-8.629972550233352e-06,2.9205111137224175e-05,0,nan,nan,nan,3.0,0.5000067567165772,-5.3906602609732346e-05,2.999970794888863,0.0,-1.0,SOLVER_EXCEPTION,0.0,0,True,True
1352.515,-0.03887220799927617,-1.4999883317203493,-8.648082337962799e-06,2.9143131510294942e-05,0,nan,nan,nan,3.0,0.5000067782490112,-5.392435390660921e-05,2.9999708568684897,0.0,-1.0,SOLVER_EXCEPTION,0.0,0,True,True
1352.62,-0.03895438213774598,-1.4999883126021516,-8.666909426461266e-06,2.907954764925986e-05,0,nan,nan,nan,3.0,0.5000068004351406,-5.3942644036464316e-05,2.9999709204523506,0.0,-1.0,SOLVER_EXCEPTION,0.0,0,True,True
1352.709,-0.03902481155203816,-1.49998829621389,-8.683047684608479e-06,2.9025765268542723e-05,0,nan,nan,nan,3.0,0.5000068210997978,-5.395967774424193e-05,2.9999709742347314,0.0,-1.0,SOLVER_EXCEPTION,0.0,0,True,True
1352.82,-0.0391108850642259,-1.4999882761827328,-8.702770104675615e-06,2.8960733412402628e-05,0,nan,nan,nan,3.0,0.5000068437229477,-5.397832430853455e-05,2.9999710392665877,0.0,-1.0,SOLVER_EXCEPTION,0.0,0,True,True
1352.918,-0.03918834483240152,-1.4999882581529675,-8.720521088902174e-06,2.890304590058079e-05,0,nan,nan,nan,3.0,0.5000068646074604,-5.399553867801998e-05,2.9999710969540994,0.0,-1.0,SOLVER_EXCEPTION,0.0,0,True,True
1353.019,-0.039267363283972914,-1.4999882397574693,-8.73863106443662e-06,2.884496267011005e-05,0,nan,nan,nan,3.0,0.500006887668227,-5.4014542655522746e-05,2.99997115503733,0.0,-1.0,SOLVER_EXCEPTION,0.0,0,True,True
1353.115,-0.039342464234622225,-1.4999882222715921,-8.75584447517301e-06,2.8790406095501207e-05,0,nan,nan,nan,3.0,0.5000069089888102,-5.4032115483604315e-05,2.9999712095939044,0.0,-1.0,SOLVER_EXCEPTION,0.0,0,True,True
1353.226,-0.03942851066931253,-1.4999882022338333,-8.775566396492431e-06,2.8728675380926468e-05,0,nan,nan,nan,3.0,0.500006930528568,-5.404986671564416e-05,2.999971271324619,0.0,-1.0,SOLVER_EXCEPTION,0.0,0,True,True
1353.319,-0.039502035628343105,-1.499988185110554,-8.79242230894806e-06,2.867667398565938e-05,0,nan,nan,nan,3.0,0.5000069525046792,-5.4067976660299166e-05,2.9999713233260143,0.0,-1.0,SOLVER_EXCEPTION,0.0,0,True,True
1353.42,-0.03958024804571087,-1.4999881668920987,-8.810354301156095e-06,2.8622092633076338e-05,0,nan,nan,nan,3.0,0.5000069740470803,-5.4085727022812335e-05,2.999971377907367,0.0,-1.0,SOLVER_EXCEPTION,0.0,0,True,True
1353.518,-0.03965376249485688,-1.4999881497647407,-8.827206629084018e-06,2.8571259152791716e-05,0,nan,nan,nan,3.0,0.500006996025726,-5.410383668857932e-05,2.999971428740847,0.0,-1.0,SOLVER_EXCEPTION,0.0,0,True,True
1353.617,-0.039734309821699884,-1.499988130997045,-8.845675222870143e-06,2.851634914532286e-05,0,nan,nan,nan,3.0,0.5000070180051427,-5.4121946635454776e-05,2.999971483650855,0.0,-1.0,SOLVER_EXCEPTION,0.0,0,True,True
1353.719,-0.03981406929455416,-1.499988112410128,-8.863966720429813e-06,2.846279441424184e-05,0,nan,nan,nan,3.0,0.5000070395506444,-5.413969783418793e-05,2.9999715372055857,0.0,-1.0,SOLVER_EXCEPTION,0.0,0,True,True
1353.816,-0.039890695538979636,-1.4999880945501407,-8.881536384607332e-06,2.841178364099079e-05,0,nan,nan,nan,3.0,0.500007061314653,-5.41576291634982e-05,2.999971588216359,0.0,-1.0,SOLVER_EXCEPTION,0.0,0,True,True
1353.915,-0.03996809837174314,-1.4999880765079403,-8.899290246271498e-06,2.8361092274675654e-05,0,nan,nan,nan,3.0,0.5000070832971026,-5.417573870225567e-05,2.9999716389077253,0.0,-1.0,SOLVER_EXCEPTION,0.0,0,True,True
1354.016,-0.04004549593135493,-1.4999880584636693,-8.917041677027646e-06,2.831095277537188e-05,0,nan,nan,nan,3.0,0.5000071028866272,-5.4191878729348275e-05,2.9999716890472246,0.0,-1.0,SOLVER_EXCEPTION,0.0,0,True,True
1354.117,-0.04012445171178595,-1.4999880400534287,-8.935151782506475e-06,2.8260458296946997e-05,0,nan,nan,nan,3.0,0.5000071253073631,-5.4210346473571036e-05,2.999971739541703,0.0,-1.0,SOLVER_EXCEPTION,0.0,0,True,True
1354.217,-0.04020418380124384,-1.4999880214590189,-8.953439190151353e-06,2.821003571069528e-05,0,nan,nan,nan,3.0,0.5000071485996185,-5.422953240374895e-05,2.9999717899642895,0.0,-1.0,SOLVER_EXCEPTION,0.0,0,True,True
1354.319,-0.04028391050200934,-1.4999880028636114,-8.971729661011329e-06,2.8160399025248927e-05,0,nan,nan,nan,3.0,0.5000071703695937,-5.424746195714647e-05,2.999971839600975,0.0,-1.0,SOLVER_EXCEPTION,0.0,0,True,True
1354.42,-0.04036285032629859,-1.4999879844490487,-8.98983974542181e-06,2.8111827123864062e-05,0,nan,nan,nan,3.0,0.5000071927935577,-5.42659306739246e-05,2.999971888172876,0.0,-1.0,SOLVER_EXCEPTION,0.0,0,True,True
1354.517,-0.040437877463439555,-1.4999879669447187,-9.007051819695372e-06,2.8066158989790946e-05,0,nan,nan,nan,3.0,0.5000072139122966,-5.428332303214489e-05,2.9999719338410102,0.0,-1.0,SOLVER_EXCEPTION,0.0,0,True,True
1354.622,-0.040516025843846754,-1.4999879487099868,-9.024983741288071e-06,2.8019308926907964e-05,0,nan,nan,nan,3.0,0.5000072356850364,-5.430125470518021e-05,2.999971980691073,0.0,-1.0,SOLVER_EXCEPTION,0.0,0,True,True
1354.719,-0.0405941692986477,-1.4999879304742723,-9.04291532720291e-06,2.7973025926567725e-05,0,nan,nan,nan,3.0,0.5000072574591292,-5.431918678544534e-05,2.9999720269740733,0.0,-1.0,SOLVER_EXCEPTION,0.0,0,True,True
1354.826,-0.040680121483403726,-1.499987910412423,-9.062638668884841e-06,2.792275581821812e-05,0,nan,nan,nan,3.0,0.500007279016847,-5.433693828971187e-05,2.999972077244182,0.0,-1.0,SOLVER_EXCEPTION,0.0,0,True,True
1354.917,-0.04075122299106546,-1.499987893815318,-9.078955381749166e-06,2.7881691035769805e-05,0,nan,nan,nan,3.0,0.5000073010111464,-5.435504867490337e-05,2.999972118308964,0.0,-1.0,SOLVER_EXCEPTION,0.0,0,True,True
1355.024,-0.0408348208424852,-1.49998787429828,-9.098141655945332e-06,2.7834039130636575e-05,0,nan,nan,nan,3.0,0.5000073214828251,-5.43719016250499e-05,2.9999721659608696,0.0,-1.0,SOLVER_EXCEPTION,0.0,0,True,True
1355.118,-0.040905132641474544,-1.4999878578802104,-9.114280852931516e-06,2.7794551798133843e-05,0,nan,nan,nan,3.0,0.5000073445680793,-5.4390910912527346e-05,2.9999722054482016,0.0,-1.0,SOLVER_EXCEPTION,0.0,0,True,True
1355.218,-0.040989501857707576,-1.4999878381776235,-9.133644125139847e-06,2.7747545570814654e-05,0,nan,nan,nan,3.0,0.5000073661302501,-5.440866209838191e-05,2.999972252454429,0.0,-1.0,SOLVER_EXCEPTION,0.0,0,True,True
1355.317,-0.04106371111721984,-1.4999878208454855,-9.150677975217387e-06,2.7706774320806352e-05,0,nan,nan,nan,3.0,0.5000073876929992,-5.442641333619491e-05,2.9999722932256794,0.0,-1.0,SOLVER_EXCEPTION,0.0,0,True,True
1355.421,-0.041144164980860674,-1.4999878020525161,-9.169146863471378e-06,2.7663165073805742e-05,0,nan,nan,nan,3.0,0.5000074096933834,-5.444452277680867e-05,2.9999723368349263,0.0,-1.0,SOLVER_EXCEPTION,0.0,0,True,True
1355.519,-0.041220708932171175,-1.4999877841704898,-9.186720420216267e-06,2.7622272150056828e-05,0,nan,nan,nan,3.0,0.5000074314766809,-5.446245620444046e-05,2.99997237772785,0.0,-1.0,SOLVER_EXCEPTION,0.0,0,True,True
1355.618,-0.04129802965699019,-1.4999877661044831,-9.20447226081658e-06,2.758142675460105e-05,0,nan,nan,nan,3.0,0.5000074534791683,-5.448056666956802e-05,2.9999724185732455,0.0,-1.0,SOLVER_EXCEPTION,0.0,0,True,True
1355.717,-0.041375346126043384,-1.4999877480369996,-9.222224149682982e-06,2.7541106125624276e-05,0,nan,nan,nan,3.0,0.5000074752653414,-5.449849562877418e-05,2.9999724588938745,0.0,-1.0,SOLVER_EXCEPTION,0.0,0,True,True
1355.817,-0.04145422021307675,-1.499987729603123,-9.240335146680188e-06,2.7500508058689897e-05,0,nan,nan,nan,3.0,0.5000074970524243,-5.451642831255654e-05,2.9999724994919412,0.0,-1.0,SOLVER_EXCEPTION,0.0,0,True,True
1355.919,-0.04153308998083984,-1.4999877111676518,-9.258445377244545e-06,2.7460392180412445e-05,0,nan,nan,nan,3.0,0.5000075188408855,-5.453435786195726e-05,2.9999725396078194,0.0,-1.0,SOLVER_EXCEPTION,0.0,0,True,True
1356.012,-0.04160648969439441,-1.4999876940097472,-9.27530074889e-06,2.7423483326222735e-05,0,nan,nan,nan,3.0,0.5000075399755369,-5.45517538195206e-05,2.9999725765166736,0.0,-1.0,SOLVER_EXCEPTION,0.0,0,True,True
1356.117,-0.041688474421807085,-1.4999876748417236,-9.294128727561997e-06,2.7382829398987146e-05,0,nan,nan,nan,3.0,0.5000075624197537,-5.457022330190853e-05,2.999972617170601,0.0,-1.0,SOLVER_EXCEPTION,0.0,0,True,True
1356.216,-0.0417657701895011,-1.4999876567673962,-9.311881104984797e-06,2.7345022787666255e-05,0,nan,nan,nan,3.0,0.5000075842118359,-5.458815252179505e-05,2.9999726549772125,0.0,-1.0,SOLVER_EXCEPTION,0.0,0,True,True
1356.321,-0.0418446234212983,-1.4999876383267439,-9.329991781043916e-06,2.730690891240866e-05,0,nan,nan,nan,3.0,0.5000076057868365,-5.460590455497183e-05,2.9999726930910877,0.0,-1.0,SOLVER_EXCEPTION,0.0,0,True,True
1356.418,-0.04192347259744961,-1.4999876198846986,-9.348102479853394e-06,2.726928497017988e-05,0,nan,nan,nan,3.0,0.5000076277988861,-5.462401525813121e-05,2.99997273071503,0.0,-1.0,SOLVER_EXCEPTION,0.0,0,True,True
1356.52,-0.04200231776922184,-1.4999876014412328,-9.366213290786652e-06,2.72321503588714e-05,0,nan,nan,nan,3.0,0.5000076495942974,-5.4641948024514164e-05,2.9999727678496413,0.0,-1.0,SOLVER_EXCEPTION,0.0,0,True,True
1356.619,-0.04207881722537765,-1.499987583543966,-9.383787517869892e-06,2.7196651874864037e-05,0,nan,nan,nan,3.0,0.5000076713911775,-5.465987720087995e-05,2.999972803348125,0.0,-1.0,SOLVER_EXCEPTION,0.0,0,True,True
1356.716,-0.04215609355521457,-1.4999875654629133,-9.401539313929238e-06,2.7161126841179432e-05,0,nan,nan,nan,3.0,0.5000076931886427,-5.46778105063872e-05,2.999972838873159,0.0,-1.0,SOLVER_EXCEPTION,0.0,0,True,True
1356.815,-0.042233366179427134,-1.4999875473813729,-9.419290547481113e-06,2.7125987727041296e-05,0,nan,nan,nan,3.0,0.5000077134609178,-5.469448631600926e-05,2.999972874012273,0.0,-1.0,SOLVER_EXCEPTION,0.0,0,True,True
1356.916,-0.04231219609572042,-1.4999875289324467,-9.437401651334682e-06,2.7090699202493318e-05,0,nan,nan,nan,3.0,0.500007736351183,-5.47133134762845e-05,2.9999729093007974,0.0,-1.0,SOLVER_EXCEPTION,0.0,0,True,True
1357.017,-0.04239024181239381,-1.499987510664687,-9.455334546747467e-06,2.7056262651754397e-05,0,nan,nan,nan,3.0,0.5000077588065112,-5.473178297821235e-05,2.9999729437373484,0.0,-1.0,SOLVER_EXCEPTION,0.0,0,True,True
1357.119,-0.0424706250949153,-1.4999874918475797,-9.47380410339235e-06,2.7021170361250227e-05,0,nan,nan,nan,3.0,0.5000077803910375,-5.4749535236986446e-05,2.9999729788296388,0.0,-1.0,SOLVER_EXCEPTION,0.0,0,True,True
1357.216,-0.042544761634645996,-1.4999874744906712,-9.490839231239663e-06,2.6989221102424403e-05,0,nan,nan,nan,3.0,0.5000078021944934,-5.476746929078402e-05,2.9999730107788976,0.0,-1.0,SOLVER_EXCEPTION,0.0,0,True,True
1357.32,-0.042625137631681576,-1.4999874556705186,-9.509309058771349e-06,2.6955031954041266e-05,0,nan,nan,nan,3.0,0.5000078235639797,-5.4785040120464146e-05,2.999973044968046,0.0,-1.0,SOLVER_EXCEPTION,0.0,0,True,True
1357.418,-0.04270316902201688,-1.4999874373969002,-9.527238317807133e-06,2.692211911600646e-05,0,nan,nan,nan,3.0,0.5000078458061668,-5.480333133300874e-05,2.999973077880884,0.0,-1.0,SOLVER_EXCEPTION,0.0,0,True,True
1357.519,-0.04278275747458406,-1.4999874187569886,-9.545529625397845e-06,2.68891370812561e-05,0,nan,nan,nan,3.0,0.5000078680495463,-5.482162020165049e-05,2.9999731108629186,0.0,-1.0,SOLVER_EXCEPTION,0.0,0,True,True
1357.615,-0.04285688077598365,-1.4999874013956176,-9.562563905684e-06,2.68586892747194e-05,0,nan,nan,nan,3.0,0.5000078892029891,-5.4839016986996114e-05,2.999973141310725,0.0,-1.0,SOLVER_EXCEPTION,0.0,0,True,True
1357.728,-0.04294504452730701,-1.4999873807416866,-9.582827515013447e-06,2.6823095928262665e-05,0,nan,nan,nan,3.0,0.5000079107949971,-5.485676854144472e-05,2.9999731769040716,0.0,-1.0,SOLVER_EXCEPTION,0.0,0,True,True
1357.819,-0.043012919914515196,-1.4999873648395092,-9.598427787531478e-06,2.6795973823756e-05,0,nan,nan,nan,3.0,0.5000079330422844,-5.487505784707025e-05,2.999973204026176,0.0,-1.0,SOLVER_EXCEPTION,0.0,0,True,True
1357.919,-0.043092494783044076,-1.4999873461940811,-9.616719473946678e-06,2.6764639389761948e-05,0,nan,nan,nan,3.0,0.5000079548543747,-5.4892990883903536e-05,2.9999732353606103,0.0,-1.0,SOLVER_EXCEPTION,0.0,0,True,True
1358.015,-0.04316738568692321,-1.4999873286434662,-9.633933092421453e-06,2.673544378464748e-05,0,nan,nan,nan,3.0,0.5000079762320171,-5.491056315198861e-05,2.9999732645562154,0.0,-1.0,SOLVER_EXCEPTION,0.0,0,True,True
1358.117,-0.04324929422548332,-1.4999873094464342,-9.652760493596342e-06,2.6703885006658874e-05,0,nan,nan,nan,3.0,0.5000079984830585,-5.4928854737568145e-05,2.999973296114993,0.0,-1.0,SOLVER_EXCEPTION,0.0,0,True,True
1358.217,-0.04332651907504641,-1.4999872913450634,-9.670512677092122e-06,2.667453259717706e-05,0,nan,nan,nan,3.0,0.5000080202990084,-5.494678380735252e-05,2.999973325467403,0.0,-1.0,SOLVER_EXCEPTION,0.0,0,True,True
1358.317,-0.04340530086160924,-1.4999872728769026,-9.68862371615169e-06,2.664497275138829e-05,0,nan,nan,nan,3.0,0.5000080421153785,-5.4964717488115156e-05,2.9999733550272487,0.0,-1.0,SOLVER_EXCEPTION,0.0,0,True,True
1358.419,-0.04348407949568472,-1.499987254407938,-9.706737941863127e-06,2.66159464278077e-05,0,nan,nan,nan,3.0,0.5000080634974396,-5.498229243183772e-05,2.9999733840535723,0.0,-1.0,SOLVER_EXCEPTION,0.0,0,True,True
1358.515,-0.04355973525319913,-1.4999872366680804,-9.724132312588757e-06,2.6588331179224595e-05,0,nan,nan,nan,3.0,0.5000080857536555,-5.5000580740482974e-05,2.9999734116688206,0.0,-1.0,SOLVER_EXCEPTION,0.0,0,True,True
1358.62,-0.04364084755498929,-1.4999872176466784,-9.74277933231497e-06,2.655894474852996e-05,0,nan,nan,nan,3.0,0.5000081075743933,-5.501851504696731e-05,2.9999734410552517,0.0,-1.0,SOLVER_EXCEPTION,0.0,0,True,True
1358.716,-0.0437164974738793,-1.4999871999043328,-9.760173442058689e-06,2.6532000350911e-05,0,nan,nan,nan,3.0,0.5000081289603117,-5.5036086229254266e-05,2.999973467999649,0.0,-1.0,SOLVER_EXCEPTION,0.0,0,True,True
1358.82,-0.04379682374290291,-1.499987181063207,-9.778643725294327e-06,2.650375678549705e-05,0,nan,nan,nan,3.0,0.5000081503474086,-5.5053660974468954e-05,2.9999734962432143,0.0,-1.0,SOLVER_EXCEPTION,0.0,0,True,True
1358.918,-0.04387402764396562,-1.4999871629518795,-9.79639661078899e-06,2.6476966262117552e-05,0,nan,nan,nan,3.0,0.5000081715166023,-5.507105391444611e-05,2.999973523033738,0.0,-1.0,SOLVER_EXCEPTION,0.0,0,True,True
1359.018,-0.04395200853180557,-1.4999871446567459,-9.814329611028051e-06,2.645025873749018e-05,0,nan,nan,nan,3.0,0.5000081948705197,-5.509024180128108e-05,2.9999735497412625,0.0,-1.0,SOLVER_EXCEPTION,0.0,0,True,True
1359.117,-0.044027647289522034,-1.4999871269098408,-9.831722950504704e-06,2.6424563147800053e-05,0,nan,nan,nan,3.0,0.5000082164788474,-5.510799445129777e-05,2.999973575436852,0.0,-1.0,SOLVER_EXCEPTION,0.0,0,True,True
1359.217,-0.044105622637699564,-1.4999871086118357,-9.849656640867784e-06,2.6398575500540767e-05,0,nan,nan,nan,3.0,0.5000082380891172,-5.512574757382538e-05,2.9999736014244993,0.0,-1.0,SOLVER_EXCEPTION,0.0,0,True,True
1359.318,-0.044185934361402765,-1.4999870897636054,-9.868126874370123e-06,2.637205533229104e-05,0,nan,nan,nan,3.0,0.5000082603551487,-5.514403962525449e-05,2.9999736279446676,0.0,-1.0,SOLVER_EXCEPTION,0.0,0,True,True
1359.425,-0.04426936192678896,-1.4999870701818545,-9.887314424859926e-06,2.6344871586164302e-05,0,nan,nan,nan,3.0,0.5000082828409085,-5.5162509870587684e-05,2.999973655128414,0.0,-1.0,SOLVER_EXCEPTION,0.0,0,True,True
1359.519,-0.04434109157712285,-1.4999870533437498,-9.903811101905655e-06,2.63217588349465e-05,0,nan,nan,nan,3.0,0.5000083038001538,-5.5179724020693044e-05,2.9999736782411652,0.0,-1.0,SOLVER_EXCEPTION,0.0,0,True,True
1359.619,-0.0444206153010177,-1.4999870346740214,-9.922103471983366e-06,2.6296574481191998e-05,0,nan,nan,nan,3.0,0.500008325852155,-5.519783441698678e-05,2.999973703425519,0.0,-1.0,SOLVER_EXCEPTION,0.0,0,True,True
1359.721,-0.04450013629603349,-1.4999870160028663,-9.940392145935646e-06,2.627150709926395e-05,0,nan,nan,nan,3.0,0.5000083481232741,-5.521612768877304e-05,2.999973728492901,0.0,-1.0,SOLVER_EXCEPTION,0.0,0,True,True
1359.816,-0.04457341796408296,-1.4999869987954118,-9.957250038745523e-06,2.624884650515169e-05,0,nan,nan,nan,3.0,0.5000083693033652,-5.5233521036424094e-05,2.9999737511534947,0.0,-1.0,SOLVER_EXCEPTION,0.0,0,True,True
1359.919,-0.04465371336685413,-1.4999869799389869,-9.975720192809576e-06,2.6224260299340403e-05,0,nan,nan,nan,3.0,0.5000083922324046,-5.525235025238828e-05,2.9999737757397007,0.0,-1.0,SOLVER_EXCEPTION,0.0,0,True,True
1360.017,-0.04473010844619794,-1.4999869619961579,-9.993295347033372e-06,2.6201261681154632e-05,0,nan,nan,nan,3.0,0.5000084129791735,-5.5269385113909664e-05,2.999973798738319,0.0,-1.0,SOLVER_EXCEPTION,0.0,0,True,True
1360.117,-0.04480883964341568,-1.4999869435027775,-1.0011407157064548e-05,2.6177775292205374e-05,0,nan,nan,nan,3.0,0.5000084350371978,-5.5287496917966195e-05,2.9999738222247077,0.0,-1.0,SOLVER_EXCEPTION,0.0,0,True,True
1360.218,-0.044885229887829635,-1.4999869255571536,-1.0028978821164917e-05,2.615516858825923e-05,0,nan,nan,nan,3.0,0.5000084562230865,-5.53048917120158e-05,2.9999738448314117,0.0,-1.0,SOLVER_EXCEPTION,0.0,0,True,True
1360.32,-0.04496707398584557,-1.499986906328355,-1.0047808192985172e-05,2.61313869131937e-05,0,nan,nan,nan,3.0,0.5000084785022859,-5.5323184096067735e-05,2.999973868613087,0.0,-1.0,SOLVER_EXCEPTION,0.0,0,True,True
1360.418,-0.04504267998978001,-1.4999868885630003,-1.006520287247359e-05,2.610969329982475e-05,0,nan,nan,nan,3.0,0.5000084999089984,-5.534075669100247e-05,2.9999738903067,0.0,-1.0,SOLVER_EXCEPTION,0.0,0,True,True
1360.518,-0.04511438671430689,-1.499986871713078,-1.008170068565839e-05,2.608930469129661e-05,0,nan,nan,nan,3.0,0.5000085213160501,-5.5358330745214346e-05,2.9999739106953087,0.0,-1.0,SOLVER_EXCEPTION,0.0,0,True,True
1360.618,-0.04519700287257136,-1.4999868522965651,-1.0100708520506715e-05,2.6066128754447507e-05,0,nan,nan,nan,3.0,0.5000085438175926,-5.537680171441295e-05,2.9999739338712454,0.0,-1.0,SOLVER_EXCEPTION,0.0,0,True,True
1360.721,-0.045277278347072486,-1.4999868334286512,-1.0119181396154305e-05,2.6044058083867855e-05,0,nan,nan,nan,3.0,0.5000085647908984,-5.539401816934131e-05,2.999973955941916,0.0,-1.0,SOLVER_EXCEPTION,0.0,0,True,True
1360.822,-0.0453575513986707,-1.499986814559073,-1.013765208832669e-05,2.6022151326525234e-05,0,nan,nan,nan,3.0,0.5000085875133171,-5.541266711306392e-05,2.9999739778486734,0.0,-1.0,SOLVER_EXCEPTION,0.0,0,True,True
1360.921,-0.045430808212014104,-1.4999867973369756,-1.0154507762231556e-05,2.6002362681920215e-05,0,nan,nan,nan,3.0,0.5000086098000766,-5.54309596307867e-05,2.999973997637318,0.0,-1.0,SOLVER_EXCEPTION,0.0,0,True,True
1361.016,-0.0455095181267489,-1.499986778830657,-1.0172619053189182e-05,2.59813925325435e-05,0,nan,nan,nan,3.0,0.5000086316517325,-5.5448890420972674e-05,2.9999740186074675,0.0,-1.0,SOLVER_EXCEPTION,0.0,0,True,True
1361.115,-0.045585887978050736,-1.499986760872949,-1.0190195331941533e-05,2.5961441397345728e-05,0,nan,nan,nan,3.0,0.5000086532858473,-5.5466643728241394e-05,2.9999740385586025,0.0,-1.0,SOLVER_EXCEPTION,0.0,0,True,True
1361.215,-0.04566459349877659,-1.499986742364275,-1.0208307459073873e-05,2.5941008503289762e-05,0,nan,nan,nan,3.0,0.5000086753580144,-5.5484755841828104e-05,2.9999740589914965,0.0,-1.0,SOLVER_EXCEPTION,0.0,0,True,True
1361.316,-0.04574329683116285,-1.4999867238541371,-1.0226419506005954e-05,2.592083437525554e-05,0,nan,nan,nan,3.0,0.5000086972128039,-5.5502690756714657e-05,2.9999740791656246,0.0,-1.0,SOLVER_EXCEPTION,0.0,0,True,True
1361.417,-0.045821218793854514,-1.499986705525846,-1.0244349559932646e-05,2.5900953638929034e-05,0,nan,nan,nan,3.0,0.5000087186314913,-5.552026550059708e-05,2.9999740990463613,0.0,-1.0,SOLVER_EXCEPTION,0.0,0,True,True
1361.519,-0.045897580287865454,-1.4999866875631924,-1.0261924726339432e-05,2.5881919572333358e-05,0,nan,nan,nan,3.0,0.5000087387405184,-5.553676147318498e-05,2.9999741180804276,0.0,-1.0,SOLVER_EXCEPTION,0.0,0,True,True
1361.623,-0.04597082312160098,-1.499986670332231,-1.0278784196687217e-05,2.58639934155424e-05,0,nan,nan,nan,3.0,0.5000087614734511,-5.555541425605881e-05,2.9999741360065846,0.0,-1.0,SOLVER_EXCEPTION,0.0,0,True,True
1361.721,-0.046058088825398864,-1.4999866497999732,-1.029886682898793e-05,2.5842600818152318e-05,0,nan,nan,nan,3.0,0.5000087846454677,-5.557442110859512e-05,2.999974157399182,0.0,-1.0,SOLVER_EXCEPTION,0.0,0,True,True
1361.816,-0.04613210686131111,-1.4999866323824762,-1.031590332001971e-05,2.5824834895417397e-05,0,nan,nan,nan,3.0,0.5000088065069143,-5.559235516505723e-05,2.9999741751651046,0.0,-1.0,SOLVER_EXCEPTION,0.0,0,True,True
1361.922,-0.04621547239537185,-1.4999866127639212,-1.0335091709775914e-05,2.580504206835473e-05,0,nan,nan,nan,3.0,0.500008828151103,-5.561010879695516e-05,2.9999741949579315,0.0,-1.0,SOLVER_EXCEPTION,0.0,0,True,True
1362.014,-0.046287149374782545,-1.4999865958940424,-1.0351591136298609e-05,2.57883087475102e-05,0,nan,nan,nan,3.0,0.5000088502338265,-5.562822119564714e-05,2.9999742116912524,0.0,-1.0,SOLVER_EXCEPTION,0.0,0,True,True
1362.116,-0.0463666154117687,-1.4999865771890137,-1.0369880787816244e-05,2.5769806995388394e-05,0,nan,nan,nan,3.0,0.5000088716621022,-5.564579299743855e-05,2.9999742301930046,0.0,-1.0,SOLVER_EXCEPTION,0.0,0,True,True
1362.218,-0.046445300406661914,-1.499986558666376,-1.0387992695595312e-05,2.5751774894721887e-05,0,nan,nan,nan,3.0,0.5000088930906068,-5.566336914020198e-05,2.9999742482251053,0.0,-1.0,SOLVER_EXCEPTION,0.0,0,True,True
1362.319,-0.046523204441823826,-1.4999865403264336,-1.0405927549479721e-05,2.5734258775471572e-05,0,nan,nan,nan,3.0,0.5000089149583008,-5.568130352040512e-05,2.9999742657412245,0.0,-1.0,SOLVER_EXCEPTION,0.0,0,True,True
1362.42,-0.04660266463428912,-1.4999865216176316,-1.0424220729237406e-05,2.5716627999114915e-05,0,nan,nan,nan,3.0,0.5000089374837258,-5.5699775053152933e-05,2.999974283372001,0.0,-1.0,SOLVER_EXCEPTION,0.0,0,True,True
1362.521,-0.04668212290894807,-1.4999865029068526,-1.044251052961677e-05,2.5699056337094375e-05,0,nan,nan,nan,3.0,0.5000089595730417,-5.571788749536566e-05,2.999974300943663,0.0,-1.0,SOLVER_EXCEPTION,0.0,0,True,True
1362.622,-0.04676080031526539,-1.4999864843784632,-1.0460623079425177e-05,2.5681972229162645e-05,0,nan,nan,nan,3.0,0.5000089818824669,-5.573617709897505e-05,2.9999743180277707,0.0,-1.0,SOLVER_EXCEPTION,0.0,0,True,True
1362.731,-0.04683558110107208,-1.4999864667661542,-1.047784129088107e-05,2.56660648208623e-05,0,nan,nan,nan,3.0,0.5000090026622019,-5.575321383632925e-05,2.999974333935179,0.0,-1.0,SOLVER_EXCEPTION,0.0,0,True,True
1362.82,-0.046914254953789265,-1.4999864482346128,-1.0495953112265129e-05,2.5649379204373293e-05,0,nan,nan,nan,3.0,0.5000090238804641,-5.577060854689009e-05,2.9999743506207954,0.0,-1.0,SOLVER_EXCEPTION,0.0,0,True,True
1362.921,-0.046992927018520696,-1.4999864297019072,-1.0514065621482216e-05,2.5632922329618463e-05,0,nan,nan,nan,3.0,0.5000090468498702,-5.578943854667173e-05,2.9999743670776704,0.0,-1.0,SOLVER_EXCEPTION,0.0,0,True,True
1363.017,-0.04706147153596298,-1.4999864135544245,-1.052984813960369e-05,2.5618784945245597e-05,0,nan,nan,nan,3.0,0.5000090676321421,-5.580647819902751e-05,2.9999743812150546,0.0,-1.0,SOLVER_EXCEPTION,0.0,0,True,True
1363.115,-0.047144813653737,-1.4999863939179896,-1.0549037094345267e-05,2.560179714680939e-05,0,nan,nan,nan,3.0,0.5000090908234887,-5.582548560001399e-05,2.9999743982028533,0.0,-1.0,SOLVER_EXCEPTION,0.0,0,True,True
1363.216,-0.04722348060757133,-1.499986375381114,-1.056714871320317e-05,2.558589720777143e-05,0,nan,nan,nan,3.0,0.5000091120468022,-5.584288094251377e-05,2.9999744141027924,0.0,-1.0,SOLVER_EXCEPTION,0.0,0,True,True
1363.317,-0.04730058814922162,-1.499986357210173,-1.0584902830220461e-05,2.5570562391847648e-05,0,nan,nan,nan,3.0,0.5000091345840653,-5.586135242241497e-05,2.999974429437608,0.0,-1.0,SOLVER_EXCEPTION,0.0,0,True,True
1363.418,-0.04738080943443708,-1.4999863383035965,-1.060337434706481e-05,2.5554817336241554e-05,0,nan,nan,nan,3.0,0.5000091540599865,-5.5877312029384285e-05,2.9999744451826635,0.0,-1.0,SOLVER_EXCEPTION,0.0,0,True,True
1363.516,-0.04745791370445808,-1.4999863201295416,-1.0621128887343602e-05,2.553990930885481e-05,0,nan,nan,nan,3.0,0.500009178350354,-5.589721858934027e-05,2.9999744600906912,0.0,-1.0,SOLVER_EXCEPTION,0.0,0,True,True
1363.617,-0.047535016401201,-1.4999863019541644,-1.0638882915154449e-05,2.552514820107184e-05,0,nan,nan,nan,3.0,0.500009200235266,-5.591515423564175e-05,2.999974474851799,0.0,-1.0,SOLVER_EXCEPTION,0.0,0,True,True
1363.716,-0.04761289633572774,-1.4999862835938782,-1.0656813960398839e-05,2.5510286099570733e-05,0,nan,nan,nan,3.0,0.5000092221215828,-5.5933085163939467e-05,2.9999744897139005,0.0,-1.0,SOLVER_EXCEPTION,0.0,0,True,True
1363.814,-0.04768999592876556,-1.4999862654159548,-1.0674568159103355e-05,2.5495890315102498e-05,0,nan,nan,nan,3.0,0.5000092442280781,-5.595119821855121e-05,2.999974504109685,0.0,-1.0,SOLVER_EXCEPTION,0.0,0,True,True
1363.922,-0.047760863914624245,-1.4999862487065603,-1.0690890518367166e-05,2.5482950563352773e-05,0,nan,nan,nan,3.0,0.5000092641461362,-5.596752057757115e-05,2.9999745170494365,0.0,-1.0,SOLVER_EXCEPTION,0.0,0,True,True
1364.019,-0.04784886306006471,-1.4999862279550573,-1.071115555719593e-05,2.5466920473942788e-05,0,nan,nan,nan,3.0,0.5000092869119238,-5.5986169298805066e-05,2.999974533079526,0.0,-1.0,SOLVER_EXCEPTION,0.0,0,True,True
1364.114,-0.047923621883254525,-1.4999862103239388,-1.0728369795803225e-05,2.5453385692342754e-05,0,nan,nan,nan,3.0,0.5000093094601414,-5.600464127786253e-05,2.9999745466143075,0.0,-1.0,SOLVER_EXCEPTION,0.0,0,True,True
1364.22,-0.04800460906060315,-1.4999861912220815,-1.0747022203585486e-05,2.543910141174382e-05,0,nan,nan,nan,3.0,0.5000093315721222,-5.602275438398863e-05,2.9999745608985884,0.0,-1.0,SOLVER_EXCEPTION,0.0,0,True,True
1364.318,-0.048081701146852146,-1.4999861730372466,-1.0764776554256495e-05,2.5425598727540343e-05,0,nan,nan,nan,3.0,0.5000093534661866,-5.6040689222491835e-05,2.9999745744012722,0.0,-1.0,SOLVER_EXCEPTION,0.0,0,True,True
1364.419,-0.04815801312429979,-1.4999861550345877,-1.0782350424247768e-05,2.541234112046657e-05,0,nan,nan,nan,3.0,0.500009375580669,-5.6058802257563656e-05,2.9999745876588797,0.0,-1.0,SOLVER_EXCEPTION,0.0,0,True,True
1364.516,-0.04823588107014314,-1.4999861366632734,-1.080028576003345e-05,2.539913454700482e-05,0,nan,nan,nan,3.0,0.5000093946305394,-5.6074403687489394e-05,2.999974600865453,0.0,-1.0,SOLVER_EXCEPTION,0.0,0,True,True
1364.62,-0.04831219028372494,-1.499986118657949,-1.0817857835055706e-05,2.5386078416426758e-05,0,nan,nan,nan,3.0,0.5000094176233202,-5.6093234223286714e-05,2.9999746139215837,0.0,-1.0,SOLVER_EXCEPTION,0.0,0,True,True
1364.72,-0.04839472730980622,-1.4999860991817444,-1.0836870227137896e-05,2.537246689195288e-05,0,nan,nan,nan,3.0,0.5000094406175076,-5.6112064859448196e-05,2.999974627533108,0.0,-1.0,SOLVER_EXCEPTION,0.0,0,True,True
1364.818,-0.04847103374696012,-1.4999860811745669,-1.0854445875739382e-05,2.5359920915851805e-05,0,nan,nan,nan,3.0,0.5000094627373692,-5.613017838257406e-05,2.9999746400790843,0.0,-1.0,SOLVER_EXCEPTION,0.0,0,True,True
1364.914,-0.04854811749256958,-1.49998606298137,-1.0872200789635178e-05,2.5347438289011424e-05,0,nan,nan,nan,3.0,0.5000094846394452,-5.61481134706554e-05,2.999974652561711,0.0,-1.0,SOLVER_EXCEPTION,0.0,0,True,True
1365.015,-0.04862442131544017,-1.4999860449706455,-1.0889773749579762e-05,2.5335080199841184e-05,0,nan,nan,nan,3.0,0.5000095063237616,-5.6165868074220526e-05,2.9999746649198,0.0,-1.0,SOLVER_EXCEPTION,0.0,0,True,True
1365.12,-0.048706173995218274,-1.4999860256721835,-1.0908604416637206e-05,2.5322137584713326e-05,0,nan,nan,nan,3.0,0.500009528447593,-5.6183981453905574e-05,2.9999746778624155,0.0,-1.0,SOLVER_EXCEPTION,0.0,0,True,True
1365.221,-0.048784032345457,-1.499986007291284,-1.0926541103418945e-05,2.5310130580907564e-05,0,nan,nan,nan,3.0,0.5000095514491295,-5.6202811359540306e-05,2.9999746898694193,0.0,-1.0,SOLVER_EXCEPTION,0.0,0,True,True
1365.319,-0.048861110836212904,-1.4999859890923324,-1.0944294537168319e-05,2.529818055946935e-05,0,nan,nan,nan,3.0,0.500009572480677,-5.622002660432557e-05,2.9999747018194407,0.0,-1.0,SOLVER_EXCEPTION,0.0,0,True,True
1365.419,-0.04893818807318728,-1.4999859708923553,-1.096204905658069e-05,2.5286419779447823e-05,0,nan,nan,nan,3.0,0.5000095943891745,-5.6237961371330414e-05,2.9999747135802206,0.0,-1.0,SOLVER_EXCEPTION,0.0,0,True,True
1365.515,-0.04901370699319,-1.4999859530588733,-1.0979444829114577e-05,2.527502562917061e-05,0,nan,nan,nan,3.0,0.5000096156415477,-5.625535706021978e-05,2.9999747249743707,0.0,-1.0,SOLVER_EXCEPTION,0.0,0,True,True
1365.616,-0.049092338847754755,-1.4999859344889288,-1.0997557822429082e-05,2.5263298353732618e-05,0,nan,nan,nan,3.0,0.5000096371145188,-5.6272933628420674e-05,2.9999747367016463,0.0,-1.0,SOLVER_EXCEPTION,0.0,0,True,True
1365.715,-0.049168633900948416,-1.4999859164690292,-1.1015134431676344e-05,2.5252160442094297e-05,0,nan,nan,nan,3.0,0.5000096599036978,-5.629158402253864e-05,2.9999747478395578,0.0,-1.0,SOLVER_EXCEPTION,0.0,0,True,True
1365.815,-0.04924726329398056,-1.4999858978958955,-1.1033248265856997e-05,2.524079386659879e-05,0,nan,nan,nan,3.0,0.5000096820369688,-5.6309697916923085e-05,2.9999747592061334,0.0,-1.0,SOLVER_EXCEPTION,0.0,0,True,True
1365.922,-0.04932589146110094,-1.4999858793211964,-1.1051361937636107e-05,2.5229553491750054e-05,0,nan,nan,nan,3.0,0.5000097035141398,-5.632727458770859e-05,2.9999747704465083,0.0,-1.0,SOLVER_EXCEPTION,0.0,0,True,True
1366.016,-0.04940140450175692,-1.4999858614807697,-1.106875803367903e-05,2.5218883847051806e-05,0,nan,nan,nan,3.0,0.5000097243351804,-5.634431185885802e-05,2.999974781116153,0.0,-1.0,SOLVER_EXCEPTION,0.0,0,True,True
1366.116,-0.04948158724513124,-1.499985842535683,-1.1087230405404644e-05,2.520769612265422e-05,0,nan,nan,nan,3.0,0.500009747787262,-5.636350177118388e-05,2.9999747923038775,0.0,-1.0,SOLVER_EXCEPTION,0.0,0,True,True
1366.215,-0.049557876482512,-1.4999858245081474,-1.1104803755259962e-05,2.5197079504664194e-05,0,nan,nan,nan,3.0,0.5000097697072219,-5.63814338145896e-05,2.9999748029204953,0.0,-1.0,SOLVER_EXCEPTION,0.0,0,True,True
1366.316,-0.04963260773237385,-1.4999858068486154,-1.1122020734264121e-05,2.5186866395526417e-05,0,nan,nan,nan,3.0,0.500009790750333,-5.6398650793543226e-05,2.9999748131336044,0.0,-1.0,SOLVER_EXCEPTION,0.0,0,True,True
1366.415,-0.04971434384586795,-1.4999857875312217,-1.1140851774952107e-05,2.517587958629666e-05,0,nan,nan,nan,3.0,0.5000098128914918,-5.641676454004596e-05,2.9999748241204136,0.0,-1.0,SOLVER_EXCEPTION,0.0,0,True,True
1366.519,-0.0497945218872992,-1.4999857685803106,-1.1159324552668812e-05,2.516527366816476e-05,0,nan,nan,nan,3.0,0.5000098352534373,-5.6435059142323496e-05,2.999974834726332,0.0,-1.0,SOLVER_EXCEPTION,0.0,0,True,True
1366.615,-0.04986924988468205,-1.4999857509158987,-1.1176542835220018e-05,2.5155560146609508e-05,0,nan,nan,nan,3.0,0.5000098567397581,-5.6452633723669265e-05,2.9999748444398535,0.0,-1.0,SOLVER_EXCEPTION,0.0,0,True,True
1366.715,-0.04994786888439847,-1.4999857323301118,-1.1194656554489927e-05,2.5145392931089556e-05,0,nan,nan,nan,3.0,0.5000098793236315,-5.647110613571371e-05,2.999974854607069,0.0,-1.0,SOLVER_EXCEPTION,0.0,0,True,True
1366.826,-0.050024151619937285,-1.4999857142948303,-1.1212231584931989e-05,2.5135627477111356e-05,0,nan,nan,nan,3.0,0.5000099008126547,-5.648868348950842e-05,2.999974864372523,0.0,-1.0,SOLVER_EXCEPTION,0.0,0,True,True
1366.912,-0.05010588199316616,-1.4999856949698829,-1.1231061671061697e-05,2.512526034750533e-05,0,nan,nan,nan,3.0,0.5000099227417948,-5.650661552270009e-05,2.9999748747396526,0.0,-1.0,SOLVER_EXCEPTION,0.0,0,True,True
1367.017,-0.05018294100297774,-1.4999856767479036,-1.1248816803891306e-05,2.5115664076110317e-05,0,nan,nan,nan,3.0,0.5000099446716886,-5.652455223614794e-05,2.999974884335924,0.0,-1.0,SOLVER_EXCEPTION,0.0,0,True,True
1367.115,-0.05026077735893591,-1.4999856583407944,-1.1266753659612096e-05,2.5106216157214632e-05,0,nan,nan,nan,3.0,0.5000099670418374,-5.654284325995462e-05,2.999974893783843,0.0,-1.0,SOLVER_EXCEPTION,0.0,0,True,True
1367.219,-0.05033939104317902,-1.499985639747579,-1.1284866503016406e-05,2.5096626840068812e-05,0,nan,nan,nan,3.0,0.500009988755215,-5.656059788483603e-05,2.9999749033731598,0.0,-1.0,SOLVER_EXCEPTION,0.0,0,True,True
1367.317,-0.0504156686853737,-1.4999856217064287,-1.1302443672016075e-05,2.5087512940458306e-05,0,nan,nan,nan,3.0,0.5000100109081608,-5.6578715053046125e-05,2.9999749124870596,0.0,-1.0,SOLVER_EXCEPTION,0.0,0,True,True
1367.422,-0.05049817199874285,-1.499985602189736,-1.1321452567867241e-05,2.5077659139910758e-05,0,nan,nan,nan,3.0,0.5000100328436893,-5.659664748369764e-05,2.99997492234086,0.0,-1.0,SOLVER_EXCEPTION,0.0,0,True,True
1367.522,-0.05057133439127534,-1.4999855848819375,-1.1338312322943428e-05,2.5069181508407544e-05,0,nan,nan,nan,3.0,0.5000100547806838,-5.661458365935346e-05,2.9999749308184915,0.0,-1.0,SOLVER_EXCEPTION,0.0,0,True,True
1367.617,-0.050647609164714585,-1.4999855668357935,-1.1355887146056805e-05,2.5060316250690068e-05,0,nan,nan,nan,3.0,0.5000100764995463,-5.663233897523767e-05,2.9999749396837494,0.0,-1.0,SOLVER_EXCEPTION,0.0,0,True,True
1367.72,-0.05072855281614013,-1.4999855476837076,-1.137454044454425e-05,2.5051146969882873e-05,0,nan,nan,nan,3.0,0.5000100984391034,-5.665027261825273e-05,2.9999749488530303,0.0,-1.0,SOLVER_EXCEPTION,0.0,0,True,True
1367.817,-0.05080171254381598,-1.499985530370977,-1.139139705497333e-05,2.5042833405823298e-05,0,nan,nan,nan,3.0,0.5000101201610971,-5.666802711434826e-05,2.9999749571665943,0.0,-1.0,SOLVER_EXCEPTION,0.0,0,True,True
1367.92,-0.050884989101838876,-1.4999855106634488,-1.1410587421016276e-05,2.5033578161318912e-05,0,nan,nan,nan,3.0,0.5000101423227602,-5.66861411899211e-05,2.9999749664218385,0.0,-1.0,SOLVER_EXCEPTION,0.0,0,True,True
1368.02,-0.05096203843471396,-1.4999854924275786,-1.142834267337005e-05,2.5025114142781444e-05,0,nan,nan,nan,3.0,0.5000101653635116,-5.670497273291275e-05,2.9999749748858573,0.0,-1.0,SOLVER_EXCEPTION,0.0,0,True,True
1368.117,-0.051036752086956995,-1.4999854747436119,-1.1445561885638669e-05,2.501709251923527e-05,0,nan,nan,nan,3.0,0.5000101864302607,-5.6722191945191014e-05,2.9999749829074807,0.0,-1.0,SOLVER_EXCEPTION,0.0,0,True,True
1368.224,-0.051121582208427184,-1.499985454662633,-1.1465111622171937e-05,2.5008085976192947e-05,0,nan,nan,nan,3.0,0.5000102081569608,-5.6739946050488044e-05,2.9999749919140237,0.0,-1.0,SOLVER_EXCEPTION,0.0,0,True,True
1368.319,-0.051193181122980144,-1.4999854377131443,-1.1481611923359329e-05,2.5000495809660138e-05,0,nan,nan,nan,3.0,0.5000102298850122,-5.675770164303984e-05,2.9999749995041904,0.0,-1.0,SOLVER_EXCEPTION,0.0,0,True,True
1368.421,-0.05127489636882013,-1.4999854183665522,-1.1500443654847956e-05,2.499197251672862e-05,0,nan,nan,nan,3.0,0.5000102529313676,-5.6776533400082485e-05,2.999975008027483,0.0,-1.0,SOLVER_EXCEPTION,0.0,0,True,True
1368.515,-0.0513472719320904,-1.499985401229163,-1.1517122317926733e-05,2.498450171335075e-05,0,nan,nan,nan,3.0,0.5000102740040017,-5.6793752377437556e-05,2.9999750154982867,0.0,-1.0,SOLVER_EXCEPTION,0.0,0,True,True
1368.616,-0.051426650731668175,-1.4999853824323082,-1.1535414876825117e-05,2.497636401708345e-05,0,nan,nan,nan,3.0,0.5000102961752809,-5.681186669859173e-05,2.999975023635983,0.0,-1.0,SOLVER_EXCEPTION,0.0,0,True,True
1368.716,-0.0515036940202631,-1.499985364187034,-1.1553170565222202e-05,2.496862569975204e-05,0,nan,nan,nan,3.0,0.5000103181283957,-5.682980062449161e-05,2.9999750313743,0.0,-1.0,SOLVER_EXCEPTION,0.0,0,True,True
1368.817,-0.05158073649135805,-1.4999853459399093,-1.157092519328407e-05,2.49609385352538e-05,0,nan,nan,nan,3.0,0.5000103396440272,-5.684737810573992e-05,2.999975039061465,0.0,-1.0,SOLVER_EXCEPTION,0.0,0,True,True
1368.925,-0.05166711648418644,-1.4999853254802347,-1.1590833484914405e-05,2.4952495808768046e-05,0,nan,nan,nan,3.0,0.5000103620390118,-5.686566949680838e-05,2.9999750475041913,0.0,-1.0,SOLVER_EXCEPTION,0.0,0,True,True
1369.017,-0.051739488139457494,-1.4999853083366421,-1.1607512653948341e-05,2.494546315028978e-05,0,nan,nan,nan,3.0,0.5000103837760682,-5.688342463461282e-05,2.9999750545368498,0.0,-1.0,SOLVER_EXCEPTION,0.0,0,True,True
1369.117,-0.05181263727896553,-1.499985291008109,-1.1624372324832712e-05,2.4938497455024677e-05,0,nan,nan,nan,3.0,0.5000104052952301,-5.6901002384091015e-05,2.999975061502545,0.0,-1.0,SOLVER_EXCEPTION,0.0,0,True,True
1369.225,-0.051901349125297584,-1.499985269989784,-1.1644818231279991e-05,2.4930151505572418e-05,0,nan,nan,nan,3.0,0.5000104274746415,-5.691911687666362e-05,2.9999750698484946,0.0,-1.0,SOLVER_EXCEPTION,0.0,0,True,True
1369.318,-0.05197605304904556,-1.4999852522899575,-1.1662036229803721e-05,2.4923176927368032e-05,0,nan,nan,nan,3.0,0.5000104505337957,-5.6937948884616674e-05,2.999975076823073,0.0,-1.0,SOLVER_EXCEPTION,0.0,0,True,True
1369.419,-0.05205231257007392,-1.4999852342196247,-1.167961513821446e-05,2.491630346407866e-05,0,nan,nan,nan,3.0,0.500010471837597,-5.695534630500987e-05,2.999975083696536,0.0,-1.0,SOLVER_EXCEPTION,0.0,0,True,True
1369.515,-0.05212468062122017,-1.4999852170691192,-1.1696293972041952e-05,2.4909711971273063e-05,0,nan,nan,nan,3.0,0.5000104933624908,-5.697292403139542e-05,2.9999750902880287,0.0,-1.0,SOLVER_EXCEPTION,0.0,0,True,True
1369.614,-0.05220405128225936,-1.4999851982581895,-1.171458686933282e-05,2.4902527905826624e-05,0,nan,nan,nan,3.0,0.5000105157670566,-5.699121692881448e-05,2.999975097472094,0.0,-1.0,SOLVER_EXCEPTION,0.0,0,True,True
1369.717,-0.05228419930085188,-1.4999851792614902,-1.1733060374230368e-05,2.489543749897789e-05,0,nan,nan,nan,3.0,0.5000105377336171,-5.70091535037065e-05,2.999975104562501,0.0,-1.0,SOLVER_EXCEPTION,0.0,0,True,True
1369.815,-0.052360455914780016,-1.4999851611851103,-1.1750638065468264e-05,2.4888842051390844e-05,0,nan,nan,nan,3.0,0.5000105583831327,-5.702601274126806e-05,2.9999751111579487,0.0,-1.0,SOLVER_EXCEPTION,0.0,0,True,True
1369.917,-0.052439046185268054,-1.4999851425544664,-1.1768752582417907e-05,2.4882032335698582e-05,0,nan,nan,nan,3.0,0.500010581670982,-5.7045023591495436e-05,2.999975117967664,0.0,-1.0,SOLVER_EXCEPTION,0.0,0,True,True
1370.018,-0.05251763572444683,-1.4999851239229238,-1.1786866604111783e-05,2.4875263718386926e-05,0,nan,nan,nan,3.0,0.500010603641112,-5.706295981644516e-05,2.999975124736282,0.0,-1.0,SOLVER_EXCEPTION,0.0,0,True,True
1370.115,-0.052593890230579594,-1.49998510584271,-1.1804444869874694e-05,2.4868948154868194e-05,0,nan,nan,nan,3.0,0.5000106256135846,-5.708089326939003e-05,2.999975131051845,0.0,-1.0,SOLVER_EXCEPTION,0.0,0,True,True
1370.215,-0.05266858787119764,-1.499985088130167,-1.1821660648833542e-05,2.48626124373204e-05,0,nan,nan,nan,3.0,0.5000106469277301,-5.709829070843497e-05,2.9999751373875627,0.0,-1.0,SOLVER_EXCEPTION,0.0,0,True,True
1370.323,-0.05275340004599893,-1.4999850680176827,-1.1841210334961717e-05,2.485564735301512e-05,0,nan,nan,nan,3.0,0.5000106684629994,-5.7115869919410756e-05,2.999975144352647,0.0,-1.0,SOLVER_EXCEPTION,0.0,0,True,True
1370.426,-0.05283509908181111,-1.49998504864176,-1.1860042788454435e-05,2.4849038399343057e-05,0,nan,nan,nan,3.0,0.5000106908790275,-5.713416201613697e-05,2.9999751509616006,0.0,-1.0,SOLVER_EXCEPTION,0.0,0,True,True
1370.518,-0.052907460465591145,-1.4999850314784893,-1.1876723131965049e-05,2.484329084803185e-05,0,nan,nan,nan,3.0,0.500010713295907,-5.715245747417441e-05,2.999975156709152,0.0,-1.0,SOLVER_EXCEPTION,0.0,0,True,True
1370.615,-0.052982155484759735,-1.4999850137605237,-1.1893942231263906e-05,2.4837448540682457e-05,0,nan,nan,nan,3.0,0.5000107350551084,-5.717021350148954e-05,2.9999751625514595,0.0,-1.0,SOLVER_EXCEPTION,0.0,0,True,True
1370.717,-0.05306151827980325,-1.499984994933594,-1.1912234687129824e-05,2.4831166071598124e-05,0,nan,nan,nan,3.0,0.5000107574753059,-5.718850588198876e-05,2.9999751688339282,0.0,-1.0,SOLVER_EXCEPTION,0.0,0,True,True
1370.81,-0.05313465594460385,-1.4999849775830272,-1.1929095186077828e-05,2.482554011139258e-05,0,nan,nan,nan,3.0,0.5000107785768617,-5.7205725245701444e-05,2.999975174459889,0.0,-1.0,SOLVER_EXCEPTION,0.0,0,True,True
1370.915,-0.053208571094644615,-1.499984960045854,-1.1946134442446747e-05,2.48199526473801e-05,0,nan,nan,nan,3.0,0.5000107994606638,-5.7222764501929646e-05,2.9999751800473526,0.0,-1.0,SOLVER_EXCEPTION,0.0,0,True,True
1371.015,-0.05329182221155984,-1.4999849402919232,-1.1965324598132288e-05,2.4813626886199466e-05,0,nan,nan,nan,3.0,0.5000108229839246,-5.724195465761639e-05,2.999975186373114,0.0,-1.0,SOLVER_EXCEPTION,0.0,0,True,True
1371.124,-0.05337896280191582,-1.499984919612969,-1.1985411697018781e-05,2.480711382773977e-05,0,nan,nan,nan,3.0,0.5000108449694982,-5.725989262428399e-05,2.9999751928861724,0.0,-1.0,SOLVER_EXCEPTION,0.0,0,True,True
1371.217,-0.05344587380187192,-1.4999849037338433,-1.200083735142208e-05,2.4802273407305575e-05,0,nan,nan,nan,3.0,0.5000108665169414,-5.727746741079898e-05,2.9999751977265925,0.0,-1.0,SOLVER_EXCEPTION,0.0,0,True,True
1371.315,-0.05352523277637791,-1.4999848848985706,-1.2019133346661378e-05,2.4796629815011624e-05,0,nan,nan,nan,3.0,0.5000108889453209,-5.7295763406184363e-05,2.999975203370185,0.0,-1.0,SOLVER_EXCEPTION,0.0,0,True,True
1371.416,-0.05360536914525773,-1.4999848658773838,-1.2037607238938955e-05,2.479090115450558e-05,0,nan,nan,nan,3.0,0.5000109113750291,-5.731405679920698e-05,2.9999752090988454,0.0,-1.0,SOLVER_EXCEPTION,0.0,0,True,True
1371.519,-0.05368628289827526,-1.4999848466699939,-1.205625939970546e-05,2.4785129453813314e-05,0,nan,nan,nan,3.0,0.5000109333661631,-5.7331993708498175e-05,2.9999752148705463,0.0,-1.0,SOLVER_EXCEPTION,0.0,0,True,True
1371.62,-0.05376408398623616,-1.4999848282001067,-1.2074196560794701e-05,2.477978312309333e-05,0,nan,nan,nan,3.0,0.5000109551389917,-5.7349750568036484e-05,2.999975220216877,0.0,-1.0,SOLVER_EXCEPTION,0.0,0,True,True
1371.715,-0.05383877248635135,-1.4999848104668874,-1.2091412493219423e-05,2.477451810149274e-05,0,nan,nan,nan,3.0,0.5000109771330391,-5.736768354269728e-05,2.9999752254818985,0.0,-1.0,SOLVER_EXCEPTION,0.0,0,True,True
1371.818,-0.05391657244730051,-1.499984791994567,-1.2109350275156697e-05,2.476930875144834e-05,0,nan,nan,nan,3.0,0.5000109989074828,-5.738544295885717e-05,2.9999752306912484,0.0,-1.0,SOLVER_EXCEPTION,0.0,0,True,True
1371.918,-0.05399514983501489,-1.4999847733361134,-1.2127465334498088e-05,2.476401553565129e-05,0,nan,nan,nan,3.0,0.500011021344122,-5.74037367750968e-05,2.9999752359844645,0.0,-1.0,SOLVER_EXCEPTION,0.0,0,True,True
1372.016,-0.05406983672600421,-1.499984755599445,-1.2144685304445239e-05,2.4759161923712927e-05,0,nan,nan,nan,3.0,0.5000110429022779,-5.74213153639036e-05,2.999975240838076,0.0,-1.0,SOLVER_EXCEPTION,0.0,0,True,True
1372.115,-0.05414919099188419,-1.4999847367528785,-1.2162977786608103e-05,2.4753842162985123e-05,0,nan,nan,nan,3.0,0.5000110653417382,-5.743960784609925e-05,2.999975246157837,0.0,-1.0,SOLVER_EXCEPTION,0.0,0,True,True
1372.215,-0.05422387684308655,-1.4999847190133813,-1.2180197854590015e-05,2.474913003734959e-05,0,nan,nan,nan,3.0,0.500011086462759,-5.745682791413742e-05,2.9999752508699626,0.0,-1.0,SOLVER_EXCEPTION,0.0,0,True,True
1372.318,-0.05430478595695155,-1.499984699794442,-1.219885028022469e-05,2.474390475157863e-05,0,nan,nan,nan,3.0,0.5000111093449904,-5.7475480339519436e-05,2.9999752560952486,0.0,-1.0,SOLVER_EXCEPTION,0.0,0,True,True
1372.418,-0.05438413856946389,-1.4999846809437518,-1.2217146210363805e-05,2.4738966434339585e-05,0,nan,nan,nan,3.0,0.5000111309084446,-5.7493058753799176e-05,2.9999752610335655,0.0,-1.0,SOLVER_EXCEPTION,0.0,0,True,True
1372.515,-0.0544611567609607,-1.499984662646049,-1.2234903215611524e-05,2.4734193578738143e-05,0,nan,nan,nan,3.0,0.500011153353419,-5.751135280629427e-05,2.9999752658064214,0.0,-1.0,SOLVER_EXCEPTION,0.0,0,True,True
1372.615,-0.054538952399853735,-1.4999846441615183,-1.2252837005286348e-05,2.4729297700455314e-05,0,nan,nan,nan,3.0,0.5000111753599421,-5.752928990920836e-05,2.9999752707022997,0.0,-1.0,SOLVER_EXCEPTION,0.0,0,True,True
1372.719,-0.05461519163086248,-1.4999846260463408,-1.2270416114754788e-05,2.4724733165645317e-05,0,nan,nan,nan,3.0,0.5000111971472143,-5.7547046174111216e-05,2.9999752752668343,0.0,-1.0,SOLVER_EXCEPTION,0.0,0,True,True
1372.821,-0.05469920981481329,-1.4999846060803437,-1.2289785662937635e-05,2.4719640872185112e-05,0,nan,nan,nan,3.0,0.5000112200367464,-5.756569783477161e-05,2.999975280359128,0.0,-1.0,SOLVER_EXCEPTION,0.0,0,True,True
1372.918,-0.054774670096569694,-1.4999845881474547,-1.230718657310403e-05,2.4715310559262453e-05,0,nan,nan,nan,3.0,0.5000112413862974,-5.758309918890703e-05,2.9999752846894405,0.0,-1.0,SOLVER_EXCEPTION,0.0,0,True,True
1373.022,-0.054853241651492586,-1.499984569473013,-1.2325302236504715e-05,2.4710724810669134e-05,0,nan,nan,nan,3.0,0.5000112633981793,-5.7601033179199845e-05,2.999975289275189,0.0,-1.0,SOLVER_EXCEPTION,0.0,0,True,True
1373.118,-0.05492947892491742,-1.499984551351859,-1.234287765152819e-05,2.470620998240915e-05,0,nan,nan,nan,3.0,0.5000112840906314,-5.761789488767377e-05,2.9999752937900177,0.0,-1.0,SOLVER_EXCEPTION,0.0,0,True,True
1373.22,-0.055009605359414473,-1.499984532304476,-1.236135245175786e-05,2.470169122896028e-05,0,nan,nan,nan,3.0,0.5000113076460916,-5.763708674288992e-05,2.999975298308771,0.0,-1.0,SOLVER_EXCEPTION,0.0,0,True,True
1373.319,-0.05508584169538358,-1.4999845141805872,-1.2378931186295961e-05,2.4697471302009244e-05,0,nan,nan,nan,3.0,0.5000113290015811,-5.7654484989733135e-05,2.999975302528698,0.0,-1.0,SOLVER_EXCEPTION,0.0,0,True,True
1373.417,-0.05516285549774733,-1.499984495870389,-1.2396688254160626e-05,2.4693204196800682e-05,0,nan,nan,nan,3.0,0.5000113514592085,-5.767277912660518e-05,2.999975306795803,0.0,-1.0,SOLVER_EXCEPTION,0.0,0,True,True
1373.522,-0.05524298048914816,-1.4999844768187895,-1.2415163238365839e-05,2.4688851023163206e-05,0,nan,nan,nan,3.0,0.5000113734780262,-5.769071692451888e-05,2.999975311148977,0.0,-1.0,SOLVER_EXCEPTION,0.0,0,True,True
1373.622,-0.05532077128075578,-1.4999844583203958,-1.2433097217124854e-05,2.4684513121888532e-05,0,nan,nan,nan,3.0,0.5000113952778219,-5.7708473471862476e-05,2.999975315486878,0.0,-1.0,SOLVER_EXCEPTION,0.0,0,True,True
1373.717,-0.055396227918997926,-1.4999844403761133,-1.2450495321208617e-05,2.4680452401558284e-05,0,nan,nan,nan,3.0,0.5000114172989346,-5.77264073506889e-05,2.9999753195475987,0.0,-1.0,SOLVER_EXCEPTION,0.0,0,True,True
1373.821,-0.05547557362401975,-1.4999844215052478,-1.2468791929185353e-05,2.4676351728718564e-05,0,nan,nan,nan,3.0,0.5000114399825846,-5.774488220477991e-05,2.9999753236482714,0.0,-1.0,SOLVER_EXCEPTION,0.0,0,True,True
1373.917,-0.055551029410426944,-1.4999844035587755,-1.2486189622838675e-05,2.467234812547341e-05,0,nan,nan,nan,3.0,0.5000114615658481,-5.7762460955679273e-05,2.9999753276518746,0.0,-1.0,SOLVER_EXCEPTION,0.0,0,True,True
1374.018,-0.055628818454363266,-1.4999843850555943,-1.2504128635134944e-05,2.4668479327807563e-05,0,nan,nan,nan,3.0,0.5000114835910683,-5.778040001702678e-05,2.9999753315206723,0.0,-1.0,SOLVER_EXCEPTION,0.0,0,True,True
1374.119,-0.055708162838583174,-1.499984366180157,-1.252242200896575e-05,2.4664358381725253e-05,0,nan,nan,nan,3.0,0.500011505618425,-5.77983345544375e-05,2.999975335641618,0.0,-1.0,SOLVER_EXCEPTION,0.0,0,True,True
1374.219,-0.055782839504672214,-1.4999843484141642,-1.2539642304616732e-05,2.4660675667488404e-05,0,nan,nan,nan,3.0,0.5000115276465513,-5.7816272363897525e-05,2.9999753393243327,0.0,-1.0,SOLVER_EXCEPTION,0.0,0,True,True
1374.317,-0.05586218304123079,-1.4999843295362434,-1.2557936633494155e-05,2.465669174001669e-05,0,nan,nan,nan,3.0,0.5000115496763559,-5.783420799154726e-05,2.99997534330826,0.0,-1.0,SOLVER_EXCEPTION,0.0,0,True,True
1374.415,-0.05593919253453621,-1.4999843112117888,-1.2575693076829739e-05,2.4652895159725496e-05,0,nan,nan,nan,3.0,0.5000115706063555,-5.7851246638040976e-05,2.9999753471048405,0.0,-1.0,SOLVER_EXCEPTION,0.0,0,True,True
1374.515,-0.05601697949681334,-1.4999842927014053,-1.2593631985529079e-05,2.46492549218327e-05,0,nan,nan,nan,3.0,0.5000115932996033,-5.786972146948344e-05,2.9999753507450784,0.0,-1.0,SOLVER_EXCEPTION,0.0,0,True,True
1374.616,-0.05609321033012499,-1.4999842745596812,-1.2611207573089586e-05,2.464547679154387e-05,0,nan,nan,nan,3.0,0.5000116155535794,-5.788783763271965e-05,2.9999753545232086,0.0,-1.0,SOLVER_EXCEPTION,0.0,0,True,True
1374.716,-0.056172552221424955,-1.4999842556761005,-1.2629504355570975e-05,2.4641813526165517e-05,0,nan,nan,nan,3.0,0.5000116378091671,-5.790595375909646e-05,2.999975358186474,0.0,-1.0,SOLVER_EXCEPTION,0.0,0,True,True
1374.815,-0.056250337993752016,-1.4999842371621748,-1.2647442668918244e-05,2.4638244915489324e-05,0,nan,nan,nan,3.0,0.5000116598450832,-5.792389107117657e-05,2.9999753617550846,0.0,-1.0,SOLVER_EXCEPTION,0.0,0,True,True
1374.917,-0.056329679083117756,-1.4999842182757523,-1.2665736070797904e-05,2.4634478599819042e-05,0,nan,nan,nan,3.0,0.5000116818826849,-5.79418304114121e-05,2.9999753655214003,0.0,-1.0,SOLVER_EXCEPTION,0.0,0,True,True
1375.016,-0.056406686231088146,-1.4999841999432455,-1.2683493972481455e-05,2.4631024056613074e-05,0,nan,nan,nan,3.0,0.5000117039223609,-5.79597652872188e-05,2.999975368975943,0.0,-1.0,SOLVER_EXCEPTION,0.0,0,True,True
1375.119,-0.056486804386754234,-1.4999841808687786,-1.2701968961353766e-05,2.4627436618830622e-05,0,nan,nan,nan,3.0,0.5000117259629834,-5.797770326720908e-05,2.999975372563381,0.0,-1.0,SOLVER_EXCEPTION,0.0,0,True,True
1375.217,-0.05656225510423694,-1.4999841629041752,-1.2719367884560122e-05,2.4624110874646293e-05,0,nan,nan,nan,3.0,0.5000117480050618,-5.799563924657747e-05,2.999975375889125,0.0,-1.0,SOLVER_EXCEPTION,0.0,0,True,True
1375.317,-0.05663848331283621,-1.4999841447526585,-1.2736947519806664e-05,2.4620881540841827e-05,0,nan,nan,nan,3.0,0.5000117700487251,-5.801357757917458e-05,2.9999753791184594,0.0,-1.0,SOLVER_EXCEPTION,0.0,0,True,True
1375.415,-0.05671704467307552,-1.4999841260443734,-1.2755063853237048e-05,2.4617489785619883e-05,0,nan,nan,nan,3.0,0.5000117912120269,-5.8030794621632964e-05,2.9999753825102142,0.0,-1.0,SOLVER_EXCEPTION,0.0,0,True,True
1375.515,-0.05679482783765046,-1.499984107519794,-1.2772998686272959e-05,2.4614057533474345e-05,0,nan,nan,nan,3.0,0.5000118136989008,-5.804909290541005e-05,2.9999753859424665,0.0,-1.0,SOLVER_EXCEPTION,0.0,0,True,True
1375.62,-0.05687649977941487,-1.4999840880674977,-1.2791832993735182e-05,2.4610657273041318e-05,0,nan,nan,nan,3.0,0.5000118359672192,-5.8067208174250595e-05,2.999975389342727,0.0,-1.0,SOLVER_EXCEPTION,0.0,0,True,True
1375.715,-0.05695039310888075,-1.4999840704665328,-1.2808872419267514e-05,2.460752329566505e-05,0,nan,nan,nan,3.0,0.5000118582363838,-5.8085324048828824e-05,2.9999753924767045,0.0,-1.0,SOLVER_EXCEPTION,0.0,0,True,True
1375.818,-0.057030508682520784,-1.4999840513821345,-1.282734776228508e-05,2.4604245123194315e-05,0,nan,nan,nan,3.0,0.5000118802861089,-5.810326327759796e-05,2.999975395754877,0.0,-1.0,SOLVER_EXCEPTION,0.0,0,True,True
1375.918,-0.057108290446838454,-1.4999840328523824,-1.2845285732927812e-05,2.4601134572915125e-05,0,nan,nan,nan,3.0,0.5000119018971104,-5.8120839593556184e-05,2.999975398865427,0.0,-1.0,SOLVER_EXCEPTION,0.0,0,True,True
1376.017,-0.05718529406194226,-1.4999840145063172,-1.2863043577071219e-05,2.4598054885439534e-05,0,nan,nan,nan,3.0,0.5000119241706275,-5.8138956163578115e-05,2.9999754019451146,0.0,-1.0,SOLVER_EXCEPTION,0.0,0,True,True
1376.116,-0.05726229735124384,-1.4999839961588703,-1.2880801554459492e-05,2.4595033081089725e-05,0,nan,nan,nan,3.0,0.5000119460047153,-5.815671431141922e-05,2.9999754049669187,0.0,-1.0,SOLVER_EXCEPTION,0.0,0,True,True
1376.216,-0.05734007812490604,-1.4999839776244566,-1.2898740181245576e-05,2.4592093402316464e-05,0,nan,nan,nan,3.0,0.5000119682813337,-5.817482979120214e-05,2.999975407906598,0.0,-1.0,SOLVER_EXCEPTION,0.0,0,True,True
1376.319,-0.05741396955954333,-1.4999839600155038,-1.291578051160788e-05,2.458925145988517e-05,0,nan,nan,nan,3.0,0.5000119894561855,-5.8192051803462874e-05,2.99997541074854,0.0,-1.0,SOLVER_EXCEPTION,0.0,0,True,True
1376.417,-0.057496416503415596,-1.4999839403662443,-1.2934791978085531e-05,2.4586003768884484e-05,0,nan,nan,nan,3.0,0.5000120123974392,-5.821070473022161e-05,2.999975413996231,0.0,-1.0,SOLVER_EXCEPTION,0.0,0,True,True
1376.523,-0.05757886309213675,-1.499983920715438,-1.295380695089869e-05,2.4582993639008282e-05,0,nan,nan,nan,3.0,0.5000120346781387,-5.82288213348825e-05,2.999975417006361,0.0,-1.0,SOLVER_EXCEPTION,0.0,0,True,True
1376.618,-0.057652753604868476,-1.499983903102358,-1.2970847362293188e-05,2.4580255059313095e-05,0,nan,nan,nan,3.0,0.5000120562981354,-5.824640084295396e-05,2.9999754197449406,0.0,-1.0,SOLVER_EXCEPTION,0.0,0,True,True
1376.722,-0.05773364395265415,-1.4999838838193666,-1.298950110154433e-05,2.4577234191861198e-05,0,nan,nan,nan,3.0,0.5000120788022535,-5.8264695782295206e-05,2.999975422765808,0.0,-1.0,SOLVER_EXCEPTION,0.0,0,True,True
1376.816,-0.05780131158684527,-1.4999838676877473,-1.3005107941701462e-05,2.4574834933876905e-05,0,nan,nan,nan,3.0,0.5000120997625815,-5.828173800104253e-05,2.9999754251650663,0.0,-1.0,SOLVER_EXCEPTION,0.0,0,True,True
1376.915,-0.057883756902615435,-1.4999838480311496,-1.3024120537929223e-05,2.4571824753588164e-05,0,nan,nan,nan,3.0,0.5000121227106742,-5.8300391868382206e-05,2.9999754281752464,0.0,-1.0,SOLVER_EXCEPTION,0.0,0,True,True
1377.029,-0.05796075741507041,-1.4999838296709664,-1.3041877916976823e-05,2.4569089466614328e-05,0,nan,nan,nan,3.0,0.5000121449985322,-5.831850797655136e-05,2.9999754309105335,0.0,-1.0,SOLVER_EXCEPTION,0.0,0,True,True
1377.12,-0.058042424311329055,-1.4999838101968233,-1.3060712302383228e-05,2.456624198122561e-05,0,nan,nan,nan,3.0,0.5000121670666453,-5.833644779240643e-05,2.999975433758019,0.0,-1.0,SOLVER_EXCEPTION,0.0,0,True,True
1377.219,-0.05812020201113862,-1.4999837916488448,-1.3078652167898115e-05,2.456369566444894e-05,0,nan,nan,nan,3.0,0.5000121889155564,-5.835420599575869e-05,2.9999754363043354,0.0,-1.0,SOLVER_EXCEPTION,0.0,0,True,True
1377.318,-0.058195646106938746,-1.4999837736553143,-1.309605079347935e-05,2.45611227689284e-05,0,nan,nan,nan,3.0,0.5000122112077923,-5.83723220644039e-05,2.999975438877231,0.0,-1.0,SOLVER_EXCEPTION,0.0,0,True,True
1377.42,-0.05827575655720627,-1.499983754547753,-1.31145265015878e-05,2.4558436141492538e-05,0,nan,nan,nan,3.0,0.500012233280428,-5.839025849496693e-05,2.9999754415638584,0.0,-1.0,SOLVER_EXCEPTION,0.0,0,True,True
1377.52,-0.05835431117771088,-1.4999837358098402,-1.3132643527508714e-05,2.455583552581248e-05,0,nan,nan,nan,3.0,0.5000122553541404,-5.840819728275548e-05,2.999975444164474,0.0,-1.0,SOLVER_EXCEPTION,0.0,0,True,True
1377.615,-0.05842819893093335,-1.499983718183208,-1.3149684508071907e-05,2.4553461186500712e-05,0,nan,nan,nan,3.0,0.5000122767675172,-5.842559677526893e-05,2.9999754465388135,0.0,-1.0,SOLVER_EXCEPTION,0.0,0,True,True
1377.72,-0.05850830853367483,-1.49998369907135,-1.3168160311592707e-05,2.4550873734093286e-05,0,nan,nan,nan,3.0,0.500012299506377,-5.844407259614215e-05,2.999975449126266,0.0,-1.0,SOLVER_EXCEPTION,0.0,0,True,True
1377.82,-0.05858608457465441,-1.4999836805146065,-1.3186095586561148e-05,2.4548253387262882e-05,0,nan,nan,nan,3.0,0.5000123213632492,-5.846183045932207e-05,2.9999754517466126,0.0,-1.0,SOLVER_EXCEPTION,0.0,0,True,True
1377.919,-0.058660749324693395,-1.4999836626994112,-1.3203316249978454e-05,2.4545907350699214e-05,0,nan,nan,nan,3.0,0.500012343221759,-5.847958755555993e-05,2.9999754540926493,0.0,-1.0,SOLVER_EXCEPTION,0.0,0,True,True
1378.018,-0.05874163586509714,-1.4999836433973646,-1.3221970653788231e-05,2.4543343873684853e-05,0,nan,nan,nan,3.0,0.5000123657439056,-5.849788639533671e-05,2.9999754566561263,0.0,-1.0,SOLVER_EXCEPTION,0.0,0,True,True
1378.118,-0.058818633369859416,-1.4999836250227854,-1.323973233111849e-05,2.4541158218833486e-05,0,nan,nan,nan,3.0,0.5000123869429597,-5.8515104676803986e-05,2.999975458841781,0.0,-1.0,SOLVER_EXCEPTION,0.0,0,True,True
1378.216,-0.058895630624548716,-1.4999836066458887,-1.325748999281566e-05,2.4538802479800205e-05,0,nan,nan,nan,3.0,0.5000124092474914,-5.853322198712263e-05,2.9999754611975202,0.0,-1.0,SOLVER_EXCEPTION,0.0,0,True,True
1378.32,-0.058975738617327814,-1.4999835875253733,-1.3275965961999869e-05,2.453640363629977e-05,0,nan,nan,nan,3.0,0.5000124317739912,-5.85515196993569e-05,2.9999754635963636,0.0,-1.0,SOLVER_EXCEPTION,0.0,0,True,True
1378.414,-0.059049624396066654,-1.4999835698885673,-1.3293007093740632e-05,2.4534244073784515e-05,0,nan,nan,nan,3.0,0.5000124540811585,-5.856963715311636e-05,2.9999754657559263,0.0,-1.0,SOLVER_EXCEPTION,0.0,0,True,True
1378.521,-0.05913284284979582,-1.499983550022444,-1.3312200975443111e-05,2.4531837034223162e-05,0,nan,nan,nan,3.0,0.5000124757276735,-5.858721416629464e-05,2.999975468162966,0.0,-1.0,SOLVER_EXCEPTION,0.0,0,True,True
1378.617,-0.05920672816003938,-1.4999835323827988,-1.3329241906047113e-05,2.452971079165373e-05,0,nan,nan,nan,3.0,0.5000124982583166,-5.860551316416718e-05,2.9999754702892085,0.0,-1.0,SOLVER_EXCEPTION,0.0,0,True,True
1378.722,-0.05928683514690157,-1.4999835132566928,-1.3347718196881762e-05,2.4527438029044972e-05,0,nan,nan,nan,3.0,0.5000125199073746,-5.862309035009616e-05,2.999975472561971,0.0,-1.0,SOLVER_EXCEPTION,0.0,0,True,True
1378.815,-0.05936149774362054,-1.4999834954282765,-1.3364936400277801e-05,2.4525230752913383e-05,0,nan,nan,nan,3.0,0.5000125424410176,-5.8641388106739356e-05,2.999975474769247,0.0,-1.0,SOLVER_EXCEPTION,0.0,0,True,True
1378.915,-0.059439271052907396,-1.499983476856528,-1.3382875238065791e-05,2.4523102590723215e-05,0,nan,nan,nan,3.0,0.500012564755085,-5.8659505297598e-05,2.999975476897409,0.0,-1.0,SOLVER_EXCEPTION,0.0,0,True,True
1379.015,-0.0595170441314454,-1.4999834582833254,-1.3400812006811966e-05,2.452088952531859e-05,0,nan,nan,nan,3.0,0.5000125866284149,-5.86772636435029e-05,2.9999754791104745,0.0,-1.0,SOLVER_EXCEPTION,0.0,0,True,True
1379.118,-0.05959637243683171,-1.499983439337254,-1.3419109787088527e-05,2.451879366886322e-05,0,nan,nan,nan,3.0,0.5000126087243758,-5.869520283585672e-05,2.9999754812063313,0.0,-1.0,SOLVER_EXCEPTION,0.0,0,True,True
1379.22,-0.059676478233219574,-1.499983420203875,-1.3437586105892839e-05,2.4516650282243354e-05,0,nan,nan,nan,3.0,0.5000126308217301,-5.8713139934329917e-05,2.9999754833497176,0.0,-1.0,SOLVER_EXCEPTION,0.0,0,True,True
1379.32,-0.059754250625660914,-1.4999834016263214,-1.3455525681440946e-05,2.4514693972088988e-05,0,nan,nan,nan,3.0,0.5000126529207539,-5.873107953657808e-05,2.999975485306028,0.0,-1.0,SOLVER_EXCEPTION,0.0,0,True,True
1379.416,-0.0598289119160792,-1.4999833837900758,-1.3472744110043833e-05,2.451263975301151e-05,0,nan,nan,nan,3.0,0.5000126748000191,-5.8748838291489136e-05,2.999975487360247,0.0,-1.0,SOLVER_EXCEPTION,0.0,0,True,True
1379.516,-0.05990668388133026,-1.4999833652099719,-1.3490684680440451e-05,2.451076995291861e-05,0,nan,nan,nan,3.0,0.5000126971225274,-5.876695599082993e-05,2.999975489230047,0.0,-1.0,SOLVER_EXCEPTION,0.0,0,True,True
1379.618,-0.059979011616971084,-1.4999833479282887,-1.3507366229173884e-05,2.4508903410299104e-05,0,nan,nan,nan,3.0,0.5000127176789317,-5.878363741906867e-05,2.9999754910965897,0.0,-1.0,SOLVER_EXCEPTION,0.0,0,True,True
1379.719,-0.06006456031570378,-1.4999833274870362,-1.3527097382843247e-05,2.4506696918594793e-05,0,nan,nan,nan,3.0,0.5000127417724209,-5.880319037165904e-05,2.9999754933030816,0.0,-1.0,SOLVER_EXCEPTION,0.0,0,True,True
1379.822,-0.06014388706536053,-1.4999833085308678,-1.3545395576933026e-05,2.450479438007487e-05,0,nan,nan,nan,3.0,0.5000127632151264,-5.882059049211463e-05,2.99997549520562,0.0,-1.0,SOLVER_EXCEPTION,0.0,0,True,True
1379.918,-0.060216214209194895,-1.4999832912454576,-1.3562078269472253e-05,2.4503042771520242e-05,0,nan,nan,nan,3.0,0.5000127853226117,-5.883852653454369e-05,2.9999754969572283,0.0,-1.0,SOLVER_EXCEPTION,0.0,0,True,True
1380.021,-0.06029942909258764,-1.4999832713570553,-1.35812725938255e-05,2.4501051331548287e-05,0,nan,nan,nan,3.0,0.5000128067669358,-5.8855929249368444e-05,2.9999754989486687,0.0,-1.0,SOLVER_EXCEPTION,0.0,0,True,True
1380.119,-0.06037486668537945,-1.4999832533259883,-1.3598672386486342e-05,2.4499214000892867e-05,0,nan,nan,nan,3.0,0.5000128297613229,-5.8874584284218656e-05,2.999975500785999,0.0,-1.0,SOLVER_EXCEPTION,0.0,0,True,True
1380.218,-0.060452637204295556,-1.499983234735716,-1.3616608313997044e-05,2.4497235802564235e-05,0,nan,nan,nan,3.0,0.500012851872742,-5.88925240108118e-05,2.9999755027641974,0.0,-1.0,SOLVER_EXCEPTION,0.0,0,True,True
1380.318,-0.06052885212283336,-1.499983216516412,-1.3634188937281202e-05,2.4495508162119153e-05,0,nan,nan,nan,3.0,0.5000128739854797,-5.891046023531743e-05,2.9999755044918377,0.0,-1.0,SOLVER_EXCEPTION,0.0,0,True,True
1380.418,-0.06060662225640542,-1.499983197923528,-1.3652130064250781e-05,2.449388936612867e-05,0,nan,nan,nan,3.0,0.5000128958786839,-5.892821971498208e-05,2.999975506110634,0.0,-1.0,SOLVER_EXCEPTION,0.0,0,True,True
1380.517,-0.060684392198982244,-1.4999831793289211,-1.3670066354728857e-05,2.44920005402288e-05,0,nan,nan,nan,3.0,0.5000129182152767,-5.894633763725565e-05,2.99997550799946,0.0,-1.0,SOLVER_EXCEPTION,0.0,0,True,True
1380.62,-0.06076449504268433,-1.4999831601752611,-1.3688542988731465e-05,2.4490208411374128e-05,0,nan,nan,nan,3.0,0.5000129396687956,-5.896373795666321e-05,2.9999755097915886,0.0,-1.0,SOLVER_EXCEPTION,0.0,0,True,True
1380.725,-0.06084381999422213,-1.4999831412062594,-1.3706841672884877e-05,2.448853471942788e-05,0,nan,nan,nan,3.0,0.5000129609026419,-5.898096021228483e-05,2.9999755114652804,0.0,-1.0,SOLVER_EXCEPTION,0.0,0,True,True
1380.815,-0.060916145518609716,-1.4999831239090458,-1.372352463822174e-05,2.4486983645604096e-05,0,nan,nan,nan,3.0,0.5000129845704658,-5.900015469784137e-05,2.9999755130163543,0.0,-1.0,SOLVER_EXCEPTION,0.0,0,True,True
1380.922,-0.06099858087104778,-1.4999831041931484,-1.3742537414707592e-05,2.448507793028098e-05,0,nan,nan,nan,3.0,0.5000130055855243,-5.90171962122632e-05,2.99997551492207,0.0,-1.0,SOLVER_EXCEPTION,0.0,0,True,True
1381.015,-0.06107168375085947,-1.4999830867074653,-1.3759400848548878e-05,2.44835997866286e-05,0,nan,nan,nan,3.0,0.5000130283717897,-5.903567188836334e-05,2.9999755164002133,0.0,-1.0,SOLVER_EXCEPTION,0.0,0,True,True
1381.118,-0.06115023028776294,-1.4999830679187918,-1.3777518956802938e-05,2.4481945428938433e-05,0,nan,nan,nan,3.0,0.500013050938113,-5.9053968395783585e-05,2.999975518054571,0.0,-1.0,SOLVER_EXCEPTION,0.0,0,True,True
1381.219,-0.06122255515896546,-1.4999830506174372,-1.3794201373466925e-05,2.448039285201824e-05,0,nan,nan,nan,3.0,0.5000130717352702,-5.9070831432972426e-05,2.999975519607148,0.0,-1.0,SOLVER_EXCEPTION,0.0,0,True,True
1381.317,-0.061307322828588036,-1.4999830303374038,-1.3813754556667123e-05,2.4478650004515214e-05,0,nan,nan,nan,3.0,0.5000130954107421,-5.909002584836287e-05,2.9999755213499957,0.0,-1.0,SOLVER_EXCEPTION,0.0,0,True,True
1381.418,-0.061384313472163006,-1.4999830119166488,-1.3831514004103268e-05,2.4477088778214746e-05,0,nan,nan,nan,3.0,0.5000131166533842,-5.9107248264300694e-05,2.999975522911222,0.0,-1.0,SOLVER_EXCEPTION,0.0,0,True,True
1381.524,-0.06146674771571549,-1.4999829921914114,-1.3850527119070948e-05,2.4475332191388938e-05,0,nan,nan,nan,3.0,0.5000131407744279,-5.912680163033812e-05,2.999975524667809,0.0,-1.0,SOLVER_EXCEPTION,0.0,0,True,True
1381.617,-0.0615375165870956,-1.4999829752567087,-1.3866854976953966e-05,2.4474154201025897e-05,0,nan,nan,nan,3.0,0.5000131611352702,-5.914330334322315e-05,2.999975525845799,0.0,-1.0,SOLVER_EXCEPTION,0.0,0,True,True
1381.724,-0.061619172808223335,-1.4999829557151614,-1.388569084002813e-05,2.447255709576567e-05,0,nan,nan,nan,3.0,0.5000131837097916,-5.9161603347401837e-05,2.999975527442904,0.0,-1.0,SOLVER_EXCEPTION,0.0,0,True,True
1381.82,-0.061692274416404375,-1.499982938218721,-1.3902551379197052e-05,2.447107315875958e-05,0,nan,nan,nan,3.0,0.5000132054012912,-5.917918143882872e-05,2.999975528926841,0.0,-1.0,SOLVER_EXCEPTION,0.0,0,True,True
1381.917,-0.061773152626544814,-1.4999829188604372,-1.3921209041186451e-05,2.44695931895802e-05,0,nan,nan,nan,3.0,0.5000132279788159,-5.919748029237226e-05,2.9999755304068105,0.0,-1.0,SOLVER_EXCEPTION,0.0,0,True,True
1382.016,-0.061850919974995186,-1.4999829002450271,-1.3939146918160343e-05,2.446807667006992e-05,0,nan,nan,nan,3.0,0.5000132501152647,-5.9215418202196446e-05,2.99997553192333,0.0,-1.0,SOLVER_EXCEPTION,0.0,0,True,True
1382.115,-0.06192713182498485,-1.4999828820003027,-1.395672835831756e-05,2.4466749394759185e-05,0,nan,nan,nan,3.0,0.5000132720320709,-5.923317665468275e-05,2.999975533250605,0.0,-1.0,SOLVER_EXCEPTION,0.0,0,True,True
1382.219,-0.06200567653583092,-1.4999828631960594,-1.397484661991784e-05,2.446529362833862e-05,0,nan,nan,nan,3.0,0.5000132943925004,-5.925129488515424e-05,2.9999755347063717,0.0,-1.0,SOLVER_EXCEPTION,0.0,0,True,True
1382.322,-0.06208810943168283,-1.4999828434592475,-1.3993859952454203e-05,2.4463695402051118e-05,0,nan,nan,nan,3.0,0.5000133165326546,-5.9269235967995826e-05,2.999975536304598,0.0,-1.0,SOLVER_EXCEPTION,0.0,0,True,True
1382.419,-0.06216432082666712,-1.4999828252105347,-1.4011441577399275e-05,2.4462420783554766e-05,0,nan,nan,nan,3.0,0.5000133382314458,-5.92868171218619e-05,2.9999755375792163,0.0,-1.0,SOLVER_EXCEPTION,0.0,0,True,True
1382.519,-0.06224130974423807,-1.4999828067746601,-1.4029200711070762e-05,2.446100244046997e-05,0,nan,nan,nan,3.0,0.5000133610389201,-5.930529445663524e-05,2.9999755389975595,0.0,-1.0,SOLVER_EXCEPTION,0.0,0,True,True
1382.623,-0.06231985384545991,-1.4999827879650494,-1.4047318943732518e-05,2.4459614855057555e-05,0,nan,nan,nan,3.0,0.5000133829624801,-5.932305343314681e-05,2.999975540385145,0.0,-1.0,SOLVER_EXCEPTION,0.0,0,True,True
1382.715,-0.062394509487971414,-1.499982770084768,-1.4064541891348963e-05,2.4458422819922302e-05,0,nan,nan,nan,3.0,0.5000134051087073,-5.934099143356519e-05,2.99997554157718,0.0,-1.0,SOLVER_EXCEPTION,0.0,0,True,True
1382.817,-0.06247227564216589,-1.4999827514582778,-1.4082480034354833e-05,2.4457043887455495e-05,0,nan,nan,nan,3.0,0.5000134272560095,-5.935893183028895e-05,2.9999755429561126,0.0,-1.0,SOLVER_EXCEPTION,0.0,0,True,True
1382.922,-0.06255470761150815,-1.4999827317125531,-1.4101497139667727e-05,2.4455760157955078e-05,0,nan,nan,nan,3.0,0.5000134494054093,-5.937686906332118e-05,2.999975544239842,0.0,-1.0,SOLVER_EXCEPTION,0.0,0,True,True
1383.021,-0.06262858518681398,-1.499982714014563,-1.4118539383879262e-05,2.4454540138003965e-05,0,nan,nan,nan,3.0,0.5000134715554692,-5.939481064132224e-05,2.999975545459862,0.0,-1.0,SOLVER_EXCEPTION,0.0,0,True,True
1383.119,-0.06270246263788898,-1.49998269631511,-1.413558195975571e-05,2.4453372243477532e-05,0,nan,nan,nan,3.0,0.5000134923786246,-5.941167148471038e-05,2.9999755466277565,0.0,-1.0,SOLVER_EXCEPTION,0.0,0,True,True
1383.215,-0.06278178355400856,-1.4999826773100566,-1.415387775324876e-05,2.445196596172242e-05,0,nan,nan,nan,3.0,0.5000135156392577,-5.943050781276327e-05,2.999975548034038,0.0,-1.0,SOLVER_EXCEPTION,0.0,0,True,True
1383.316,-0.06286110433042494,-1.4999826583040397,-1.4172176991773796e-05,2.445075778437795e-05,0,nan,nan,nan,3.0,0.500013538015206,-5.944862649309712e-05,2.9999755492422158,0.0,-1.0,SOLVER_EXCEPTION,0.0,0,True,True
1383.418,-0.06293964731626694,-1.4999826394826237,-1.4190295873914483e-05,2.444954200603304e-05,0,nan,nan,nan,3.0,0.5000135601712483,-5.946656713362586e-05,2.999975550457994,0.0,-1.0,SOLVER_EXCEPTION,0.0,0,True,True
1383.518,-0.06301896781993166,-1.499982620473202,-1.4208591809106664e-05,2.4448188588385492e-05,0,nan,nan,nan,3.0,0.50001358232859,-5.948450380177661e-05,2.9999755518114117,0.0,-1.0,SOLVER_EXCEPTION,0.0,0,True,True
1383.62,-0.06309828818915869,-1.4999826014629487,-1.4226892270116573e-05,2.4447087030467853e-05,0,nan,nan,nan,3.0,0.500013604930002,-5.950280419764198e-05,2.9999755529129697,0.0,-1.0,SOLVER_EXCEPTION,0.0,0,True,True
1383.72,-0.06317294253304326,-1.4999825835698524,-1.4244114667744344e-05,2.4445966004548082e-05,0,nan,nan,nan,3.0,0.5000136246523534,-5.951876909104925e-05,2.9999755540339956,0.0,-1.0,SOLVER_EXCEPTION,0.0,0,True,True
1383.816,-0.0632507073510974,-1.4999825649291507,-1.4262051840709924e-05,2.444467562280227e-05,0,nan,nan,nan,3.0,0.5000136485864046,-5.953814600667684e-05,2.999975555324377,0.0,-1.0,SOLVER_EXCEPTION,0.0,0,True,True
1383.918,-0.06332924969100805,-1.499982546100933,-1.4280170843144274e-05,2.4443518491671133e-05,0,nan,nan,nan,3.0,0.500013670970751,-5.955626508402645e-05,2.9999755564815085,0.0,-1.0,SOLVER_EXCEPTION,0.0,0,True,True
1384.02,-0.06340934719568822,-1.4999825268980416,-1.4298648948647035e-05,2.444238747219747e-05,0,nan,nan,nan,3.0,0.5000136931354391,-5.9574202570633616e-05,2.9999755576125278,0.0,-1.0,SOLVER_EXCEPTION,0.0,0,True,True
1384.118,-0.06348555635249363,-1.499982508626264,-1.4316230848236243e-05,2.4441350973261276e-05,0,nan,nan,nan,3.0,0.500013715079342,-5.959196278304546e-05,2.9999755586490267,0.0,-1.0,SOLVER_EXCEPTION,0.0,0,True,True
1384.217,-0.06356176539423317,-1.4999824903527896,-1.4333810860522044e-05,2.4440246939765006e-05,0,nan,nan,nan,3.0,0.5000137372465515,-5.960990387698928e-05,2.9999755597530604,0.0,-1.0,SOLVER_EXCEPTION,0.0,0,True,True
1384.318,-0.06363797432231842,-1.4999824720780393,-1.4351392797528543e-05,2.4439243343343944e-05,0,nan,nan,nan,3.0,0.5000137596367075,-5.962802285708335e-05,2.9999755607566567,0.0,-1.0,SOLVER_EXCEPTION,0.0,0,True,True
1384.418,-0.06371651605932138,-1.499982453242777,-1.4369511920415798e-05,2.4438152131687346e-05,0,nan,nan,nan,3.0,0.5000137818065747,-5.964596027663305e-05,2.9999755618478683,0.0,-1.0,SOLVER_EXCEPTION,0.0,0,True,True
1384.517,-0.06379116948236684,-1.4999824353378777,-1.4386731814597144e-05,2.4437025114298628e-05,0,nan,nan,nan,3.0,0.5000138033130297,-5.966336187412935e-05,2.999975562974886,0.0,-1.0,SOLVER_EXCEPTION,0.0,0,True,True
1384.615,-0.06387204390545462,-1.49998241594022,-1.4405390280519842e-05,2.443599289419152e-05,0,nan,nan,nan,3.0,0.5000138261507665,-5.968183975380015e-05,2.999975564007106,0.0,-1.0,SOLVER_EXCEPTION,0.0,0,True,True
1384.715,-0.06394980765899864,-1.4999823972871305,-1.4423328809732777e-05,2.4434880771865174e-05,0,nan,nan,nan,3.0,0.5000138483245284,-5.969978050091029e-05,2.999975565119228,0.0,-1.0,SOLVER_EXCEPTION,0.0,0,True,True
1384.816,-0.06402834893727954,-1.4999823784458166,-1.444144677931332e-05,2.4433779166067588e-05,0,nan,nan,nan,3.0,0.5000138705000022,-5.971771764912148e-05,2.999975566220834,0.0,-1.0,SOLVER_EXCEPTION,0.0,0,True,True
1384.921,-0.06410611246886258,-1.4999823597906305,-1.4459388283133608e-05,2.4432831909688458e-05,0,nan,nan,nan,3.0,0.5000138922326576,-5.973530080805034e-05,2.9999755671680903,0.0,-1.0,SOLVER_EXCEPTION,0.0,0,True,True
1385.024,-0.06418543115946213,-1.499982340760258,-1.4477688213430858e-05,2.4431892221067038e-05,0,nan,nan,nan,3.0,0.5000139148545163,-5.975360095078486e-05,2.999975568107779,0.0,-1.0,SOLVER_EXCEPTION,0.0,0,True,True
1385.126,-0.06425930631038504,-1.4999823230342475,-1.449473131611247e-05,2.443098258569686e-05,0,nan,nan,nan,3.0,0.5000139368123176,-5.9771361375471344e-05,2.999975569017414,0.0,-1.0,SOLVER_EXCEPTION,0.0,0,True,True
1385.222,-0.06433940241890641,-1.4999823038144715,-1.4513209474520439e-05,2.442997497765025e-05,0,nan,nan,nan,3.0,0.5000139587713487,-5.978912197512898e-05,2.9999755700250224,0.0,-1.0,SOLVER_EXCEPTION,0.0,0,True,True
1385.318,-0.06441716552515073,-1.4999822851525781,-1.4531147545708668e-05,2.4428924301557046e-05,0,nan,nan,nan,3.0,0.5000139811757992,-5.980724050091979e-05,2.9999755710756983,0.0,-1.0,SOLVER_EXCEPTION,0.0,0,True,True
1385.42,-0.06449648378738926,-1.4999822661164333,-1.4549447377910438e-05,2.4428014746041353e-05,0,nan,nan,nan,3.0,0.5000140040250624,-5.982571862661601e-05,2.999975571985254,0.0,-1.0,SOLVER_EXCEPTION,0.0,0,True,True
1385.521,-0.06457191380132946,-1.4999822480120195,-1.4566849350975838e-05,2.442712553648205e-05,0,nan,nan,nan,3.0,0.5000140257666437,-5.984329893049534e-05,2.9999755728744635,0.0,-1.0,SOLVER_EXCEPTION,0.0,0,True,True
1385.617,-0.0646512318583652,-1.4999822289724662,-1.4585146004839976e-05,2.4426077092570286e-05,0,nan,nan,nan,3.0,0.5000140479534871,-5.986124010615157e-05,2.9999755739229075,0.0,-1.0,SOLVER_EXCEPTION,0.0,0,True,True
1385.718,-0.06472899455918536,-1.4999822103054916,-1.4603088339299289e-05,2.4425285250271338e-05,0,nan,nan,nan,3.0,0.5000140701415692,-5.9879177840116427e-05,2.9999755747147496,0.0,-1.0,SOLVER_EXCEPTION,0.0,0,True,True
1385.82,-0.06480909003863819,-1.499982191076913,-1.462156688249963e-05,2.4424376008984686e-05,0,nan,nan,nan,3.0,0.50001409144349,-5.9896401282344414e-05,2.999975575623991,0.0,-1.0,SOLVER_EXCEPTION,0.0,0,True,True
1385.919,-0.06488607491733779,-1.4999821725933065,-1.463932657942135e-05,2.4423442883514984e-05,0,nan,nan,nan,3.0,0.500014114743684,-5.991523885251482e-05,2.9999755765571163,0.0,-1.0,SOLVER_EXCEPTION,0.0,0,True,True
1386.016,-0.06495994920787748,-1.4999821548555654,-1.4656369235734312e-05,2.4422566286937702e-05,0,nan,nan,nan,3.0,0.5000141360477944,-5.9932459536060634e-05,2.999975577433713,0.0,-1.0,SOLVER_EXCEPTION,0.0,0,True,True
1386.118,-0.06503926677242229,-1.4999821358090166,-1.4674666034495348e-05,2.4421566657316314e-05,0,nan,nan,nan,3.0,0.500014158463038,-5.99505812575174e-05,2.9999755784333426,0.0,-1.0,SOLVER_EXCEPTION,0.0,0,True,True
1386.218,-0.0651185842400522,-1.4999821167616867,-1.469296712855082e-05,2.4420791548033072e-05,0,nan,nan,nan,3.0,0.5000141808797605,-5.996870090019257e-05,2.999975579208452,0.0,-1.0,SOLVER_EXCEPTION,0.0,0,True,True
1386.317,-0.06519245826598181,-1.4999820990201413,-1.4710009209043011e-05,2.4419927589690335e-05,0,nan,nan,nan,3.0,0.5000142030763994,-5.998663926831682e-05,2.99997558007241,0.0,-1.0,SOLVER_EXCEPTION,0.0,0,True,True
1386.415,-0.06527099792994616,-1.4999820801564194,-1.4728128799445715e-05,2.4419079633179023e-05,0,nan,nan,nan,3.0,0.5000142254961326,-6.000475885903356e-05,2.999975580920367,0.0,-1.0,SOLVER_EXCEPTION,0.0,0,True,True
1386.518,-0.06535109274052962,-1.4999820609178758,-1.4746607346037941e-05,2.4418223584587933e-05,0,nan,nan,nan,3.0,0.5000142476949394,-6.002270150640143e-05,2.9999755817764155,0.0,-1.0,SOLVER_EXCEPTION,0.0,0,True,True
1386.617,-0.06542574412985139,-1.4999820429850854,-1.4763831506685191e-05,2.4417548961422046e-05,0,nan,nan,nan,3.0,0.5000142696738531,-6.004046156604659e-05,2.9999755824510386,0.0,-1.0,SOLVER_EXCEPTION,0.0,0,True,True
1386.716,-0.06550428352533787,-1.4999820241172759,-1.4781951310062354e-05,2.4416727729691342e-05,0,nan,nan,nan,3.0,0.5000142920976617,-6.0058581369482056e-05,2.99997558327227,0.0,-1.0,SOLVER_EXCEPTION,0.0,0,True,True
1386.818,-0.06558515568207308,-1.4999820046874695,-1.4800608266437397e-05,2.4415840827007737e-05,0,nan,nan,nan,3.0,0.5000143143010907,-6.007652082518078e-05,2.999975584159173,0.0,-1.0,SOLVER_EXCEPTION,0.0,0,True,True
1386.915,-0.06565980682179014,-1.4999819867504356,-1.4817832334777461e-05,2.44151862533873e-05,0,nan,nan,nan,3.0,0.5000143365060727,-6.009446239430005e-05,2.999975584813747,0.0,-1.0,SOLVER_EXCEPTION,0.0,0,True,True
1387.015,-0.06573834595790957,-1.499981967878342,-1.4835952198089758e-05,2.4414396902547412e-05,0,nan,nan,nan,3.0,0.5000143587122873,-6.011240053283018e-05,2.9999755856030976,0.0,-1.0,SOLVER_EXCEPTION,0.0,0,True,True
1387.118,-0.06581844023706798,-1.4999819486309025,-1.4854431228774806e-05,2.441364231741454e-05,0,nan,nan,nan,3.0,0.5000143804758529,-6.012998337912023e-05,2.9999755863576825,0.0,-1.0,SOLVER_EXCEPTION,0.0,0,True,True
1387.215,-0.06589386875039956,-1.499981930503118,-1.4871832211256214e-05,2.4412832742407518e-05,0,nan,nan,nan,3.0,0.5000144026847219,-6.0147922654962827e-05,2.9999755871672575,0.0,-1.0,SOLVER_EXCEPTION,0.0,0,True,True
1387.318,-0.06597163002446801,-1.4999819118136049,-1.4889771403761348e-05,2.4412001401559288e-05,0,nan,nan,nan,3.0,0.5000144253389796,-6.016622307347674e-05,2.9999755879985983,0.0,-1.0,SOLVER_EXCEPTION,0.0,0,True,True
1387.419,-0.06605172405303561,-1.499981892561586,-1.4908249310552788e-05,2.4411208985720196e-05,0,nan,nan,nan,3.0,0.5000144475507758,-6.018416106101654e-05,2.9999755887910142,0.0,-1.0,SOLVER_EXCEPTION,0.0,0,True,True
1387.523,-0.06613337321913179,-1.4999818729345757,-1.4927087122356805e-05,2.4410458525561746e-05,0,nan,nan,nan,3.0,0.5000144695411307,-6.020192542788294e-05,2.9999755895414744,0.0,-1.0,SOLVER_EXCEPTION,0.0,0,True,True
1387.617,-0.06620646859005812,-1.4999818553632596,-1.4943952733236895e-05,2.4409827152437753e-05,0,nan,nan,nan,3.0,0.500014490867359,-6.021914653553395e-05,2.9999755901728475,0.0,-1.0,SOLVER_EXCEPTION,0.0,0,True,True
1387.717,-0.06628422954818694,-1.4999818366680187,-1.4961894683148003e-05,2.4409195732307498e-05,0,nan,nan,nan,3.0,0.5000145141939204,-6.0237984229605246e-05,2.999975590804268,0.0,-1.0,SOLVER_EXCEPTION,0.0,0,True,True
1387.82,-0.06636432325547105,-1.4999818174106567,-1.4980373602355498e-05,2.4408465935658936e-05,0,nan,nan,nan,3.0,0.5000145366332067,-6.025610440651974e-05,2.9999755915340645,0.0,-1.0,SOLVER_EXCEPTION,0.0,0,True,True
1387.915,-0.06643819602157787,-1.4999817996472202,-1.499741643760033e-05,2.4407791078245823e-05,0,nan,nan,nan,3.0,0.5000145586300406,-6.0273865960525086e-05,2.999975592208922,0.0,-1.0,SOLVER_EXCEPTION,0.0,0,True,True
1388.019,-0.06651828957649877,-1.4999817803869449,-1.5015895404148707e-05,2.440708083274102e-05,0,nan,nan,nan,3.0,0.5000145804056183,-6.0291448972904504e-05,2.999975592919167,0.0,-1.0,SOLVER_EXCEPTION,0.0,0,True,True
1388.119,-0.06659527262879197,-1.499981761873224,-1.5033656947396253e-05,2.4406430586773356e-05,0,nan,nan,nan,3.0,0.5000146030716572,-6.0309747809572656e-05,2.9999755935694132,0.0,-1.0,SOLVER_EXCEPTION,0.0,0,True,True
1388.216,-0.06667225561012899,-1.4999817433578315,-1.5051418545663231e-05,2.4405793182217323e-05,0,nan,nan,nan,3.0,0.5000146246281103,-6.032714919301796e-05,2.9999755942068176,0.0,-1.0,SOLVER_EXCEPTION,0.0,0,True,True
1388.316,-0.06675001612619914,-1.499981724654051,-1.5069356973849819e-05,2.4405004502637095e-05,0,nan,nan,nan,3.0,0.5000146475190171,-6.0345628198010814e-05,2.9999755949954974,0.0,-1.0,SOLVER_EXCEPTION,0.0,0,True,True
1388.418,-0.06682544375931937,-1.4999817065098697,-1.5086759830628052e-05,2.440440515966135e-05,0,nan,nan,nan,3.0,0.5000146695227506,-6.0363389890127905e-05,2.99997559559484,0.0,-1.0,SOLVER_EXCEPTION,0.0,0,True,True
1388.518,-0.0669063145508173,-1.4999816870555813,-1.5105419653259022e-05,2.4403800572025634e-05,0,nan,nan,nan,3.0,0.5000146910828254,-6.0380792275882555e-05,2.999975596199428,0.0,-1.0,SOLVER_EXCEPTION,0.0,0,True,True
1388.626,-0.06698485245974721,-1.4999816681607703,-1.5123540000788e-05,2.4403162525696765e-05,0,nan,nan,nan,3.0,0.500014712866191,-6.039837494942191e-05,2.999975596837474,0.0,-1.0,SOLVER_EXCEPTION,0.0,0,True,True
1388.716,-0.06706105749321614,-1.4999816498252547,-1.5141119675234637e-05,2.4402420115910706e-05,0,nan,nan,nan,3.0,0.5000147366526472,-6.0417572487203586e-05,2.9999755975798843,0.0,-1.0,SOLVER_EXCEPTION,0.0,0,True,True
1388.815,-0.06713492965798389,-1.4999816320512724,-1.5158166190096713e-05,2.440193810238961e-05,0,nan,nan,nan,3.0,0.5000147582162436,-6.04349745163546e-05,2.9999755980618974,0.0,-1.0,SOLVER_EXCEPTION,0.0,0,True,True
1388.921,-0.0672181329719107,-1.4999816120285807,-1.5177360665781053e-05,2.440118779808442e-05,0,nan,nan,nan,3.0,0.5000147800043401,-6.045255817355155e-05,2.999975598812202,0.0,-1.0,SOLVER_EXCEPTION,0.0,0,True,True
1389.02,-0.06729744821073749,-1.499981592941093,-1.5195661407916557e-05,2.4400609954432818e-05,0,nan,nan,nan,3.0,0.5000148029052671,-6.04710374587647e-05,2.9999755993900457,0.0,-1.0,SOLVER_EXCEPTION,0.0,0,True,True
1389.118,-0.06737209778585676,-1.4999815749756107,-1.5212886848561657e-05,2.440013783048735e-05,0,nan,nan,nan,3.0,0.5000148240291626,-6.048808071001943e-05,2.9999755998621693,0.0,-1.0,SOLVER_EXCEPTION,0.0,0,True,True
1389.214,-0.0674483024997803,-1.4999815566333032,-1.523046700884606e-05,2.4399466597467035e-05,0,nan,nan,nan,3.0,0.5000148476002618,-6.0507097068285276e-05,2.9999756005334026,0.0,-1.0,SOLVER_EXCEPTION,0.0,0,True,True
1389.318,-0.06752761754588699,-1.499981537541611,-1.5248768100000277e-05,2.4398931129216078e-05,0,nan,nan,nan,3.0,0.5000148698383102,-6.052503933196007e-05,2.9999756010688707,0.0,-1.0,SOLVER_EXCEPTION,0.0,0,True,True
1389.418,-0.06760693252723088,-1.4999815184479879,-1.526706625890598e-05,2.4398256655347036e-05,0,nan,nan,nan,3.0,0.5000148916335438,-6.054261977705977e-05,2.9999756017433445,0.0,-1.0,SOLVER_EXCEPTION,0.0,0,True,True
1389.521,-0.0676846922507888,-1.4999814997277061,-1.5285009652694863e-05,2.439781635313976e-05,0,nan,nan,nan,3.0,0.5000149129848496,-6.055984548636317e-05,2.999975602183647,0.0,-1.0,SOLVER_EXCEPTION,0.0,0,True,True
1389.619,-0.06776322950998756,-1.4999814808187424,-1.530313026011303e-05,2.4397254334797218e-05,0,nan,nan,nan,3.0,0.5000149347828892,-6.05774256627889e-05,2.999975602745665,0.0,-1.0,SOLVER_EXCEPTION,0.0,0,True,True
1389.715,-0.06783787872938836,-1.4999814628439825,-1.532035191383958e-05,2.4396637075541167e-05,0,nan,nan,nan,3.0,0.5000149585834699,-6.0596623105091396e-05,2.9999756033629246,0.0,-1.0,SOLVER_EXCEPTION,0.0,0,True,True
1389.822,-0.06791641587008675,-1.499981443932219,-1.5338472562419983e-05,2.4396080066548685e-05,0,nan,nan,nan,3.0,0.5000149810510769,-6.061474375362863e-05,2.9999756039199332,0.0,-1.0,SOLVER_EXCEPTION,0.0,0,True,True
1389.915,-0.06799262016742745,-1.4999814255804698,-1.5356056285838525e-05,2.4395642733212755e-05,0,nan,nan,nan,3.0,0.5000150032979648,-6.0632686345041265e-05,2.999975604357267,0.0,-1.0,SOLVER_EXCEPTION,0.0,0,True,True
1390.02,-0.06806960200334486,-1.4999814070404882,-1.537381778318309e-05,2.4395076843257973e-05,0,nan,nan,nan,3.0,0.5000150253234245,-6.065044784264728e-05,2.999975604923157,0.0,-1.0,SOLVER_EXCEPTION,0.0,0,True,True
1390.121,-0.06814036303553825,-1.4999813899977326,-1.539014288699701e-05,2.4394505660546347e-05,0,nan,nan,nan,3.0,0.5000150455700011,-6.0666772946582626e-05,2.9999756054943396,0.0,-1.0,SOLVER_EXCEPTION,0.0,0,True,True
1390.215,-0.06822512069402546,-1.4999813695819868,-1.54096989694837e-05,2.439392780281143e-05,0,nan,nan,nan,3.0,0.5000150678203894,-6.068471666642594e-05,2.9999756060721974,0.0,-1.0,SOLVER_EXCEPTION,0.0,0,True,True
1390.317,-0.06830443514028672,-1.4999813504761126,-1.5428001525110633e-05,2.4393530885262368e-05,0,nan,nan,nan,3.0,0.5000150922978819,-6.070444988903745e-05,2.9999756064691145,0.0,-1.0,SOLVER_EXCEPTION,0.0,0,True,True
1390.415,-0.0683814167540998,-1.4999813319302364,-1.54457627953905e-05,2.4393007213469786e-05,0,nan,nan,nan,3.0,0.5000151143291461,-6.072221231834263e-05,2.9999756069927863,0.0,-1.0,SOLVER_EXCEPTION,0.0,0,True,True
1390.519,-0.06846150867976512,-1.4999813126338921,-1.546424251427785e-05,2.4392484161532947e-05,0,nan,nan,nan,3.0,0.5000151368066115,-6.074033323599792e-05,2.9999756075158386,0.0,-1.0,SOLVER_EXCEPTION,0.0,0,True,True
1390.616,-0.06853849018587314,-1.4999812940855874,-1.5482004693905334e-05,2.439200748306638e-05,0,nan,nan,nan,3.0,0.5000151590629011,-6.075827598728267e-05,2.999975607992517,0.0,-1.0,SOLVER_EXCEPTION,0.0,0,True,True
1390.719,-0.06861780441072861,-1.4999812749732435,-1.5500303048186908e-05,2.439141381105268e-05,0,nan,nan,nan,3.0,0.5000151813211432,-6.077621541367151e-05,2.999975608586189,0.0,-1.0,SOLVER_EXCEPTION,0.0,0,True,True
1390.82,-0.06869711858130535,-1.4999812558601553,-1.5518605779485303e-05,2.4391042684532172e-05,0,nan,nan,nan,3.0,0.5000152031348347,-6.07938005301456e-05,2.9999756089573153,0.0,-1.0,SOLVER_EXCEPTION,0.0,0,True,True
1390.92,-0.06877409993090829,-1.499981237307412,-1.553636825432095e-05,2.439061403198211e-05,0,nan,nan,nan,3.0,0.5000152258411328,-6.081209893737949e-05,2.999975609385968,0.0,-1.0,SOLVER_EXCEPTION,0.0,0,True,True
1391.02,-0.06884952605337388,-1.4999812191279844,-1.5553770461646158e-05,2.439009925064212e-05,0,nan,nan,nan,3.0,0.5000152469901498,-6.082914337168788e-05,2.9999756099007495,0.0,-1.0,SOLVER_EXCEPTION,0.0,0,True,True
1391.119,-0.06892806248116982,-1.499981200197948,-1.5571891688920805e-05,2.438963754112679e-05,0,nan,nan,nan,3.0,0.5000152703664749,-6.0847982469081074e-05,2.999975610362459,0.0,-1.0,SOLVER_EXCEPTION,0.0,0,True,True
1391.218,-0.06900582127070827,-1.4999811814531605,-1.558983122984466e-05,2.438908473287731e-05,0,nan,nan,nan,3.0,0.5000152924091237,-6.0865743531479666e-05,2.9999756109152673,0.0,-1.0,SOLVER_EXCEPTION,0.0,0,True,True
1391.318,-0.06908435759841432,-1.4999811625201755,-1.5607952366647697e-05,2.4388624201487086e-05,0,nan,nan,nan,3.0,0.5000153151203487,-6.0884046387155166e-05,2.9999756113757985,0.0,-1.0,SOLVER_EXCEPTION,0.0,0,True,True
1391.42,-0.06916367146344478,-1.4999811433984112,-1.5626255661159814e-05,2.4388332205479157e-05,0,nan,nan,nan,3.0,0.5000153371655937,-6.090180784656951e-05,2.9999756116677947,0.0,-1.0,SOLVER_EXCEPTION,0.0,0,True,True
1391.522,-0.06924220769260485,-1.4999811244621521,-1.564437556821187e-05,2.438782132049383e-05,0,nan,nan,nan,3.0,0.5000153601026983,-6.0920287791255134e-05,2.9999756121786794,0.0,-1.0,SOLVER_EXCEPTION,0.0,0,True,True
1391.621,-0.06931918870222616,-1.4999811058999604,-1.5662138025876783e-05,2.438738952117899e-05,0,nan,nan,nan,3.0,0.500015381704895,-6.0937691272577865e-05,2.999975612610479,0.0,-1.0,SOLVER_EXCEPTION,0.0,0,True,True
1391.725,-0.069400835177721,-1.4999810862109135,-1.5680977297045593e-05,2.4386976549653367e-05,0,nan,nan,nan,3.0,0.5000154053134445,-6.0956707711667946e-05,2.9999756130234503,0.0,-1.0,SOLVER_EXCEPTION,0.0,0,True,True
1391.815,-0.06947004024582155,-1.4999810695216713,-1.5696944244468964e-05,2.438647926323701e-05,0,nan,nan,nan,3.0,0.5000154260265286,-6.0973396026398063e-05,2.999975613520737,0.0,-1.0,SOLVER_EXCEPTION,0.0,0,True,True
1391.919,-0.069550131459502,-1.4999810502047661,-1.5715423571927798e-05,2.4386020920241705e-05,0,nan,nan,nan,3.0,0.5000154487470265,-6.099169479156785e-05,2.9999756139790796,0.0,-1.0,SOLVER_EXCEPTION,0.0,0,True,True
1392.017,-0.06962711228992657,-1.4999810316370208,-1.5733186091353495e-05,2.438560506865778e-05,0,nan,nan,nan,3.0,0.5000154708001492,-6.1009457326122174e-05,2.9999756143949314,0.0,-1.0,SOLVER_EXCEPTION,0.0,0,True,True
1392.118,-0.06970642582738046,-1.4999810125053445,-1.575148928809546e-05,2.4385329613501618e-05,0,nan,nan,nan,3.0,0.5000154930774728,-6.102740187152733e-05,2.9999756146703866,0.0,-1.0,SOLVER_EXCEPTION,0.0,0,True,True
1392.217,-0.06978340657021248,-1.499980993934377,-1.576925090175541e-05,2.4384894104090633e-05,0,nan,nan,nan,3.0,0.5000155146881531,-6.104480439494964e-05,2.999975615105896,0.0,-1.0,SOLVER_EXCEPTION,0.0,0,True,True
1392.316,-0.06986038727071024,-1.499980975362539,-1.5787013557280725e-05,2.438449789618602e-05,0,nan,nan,nan,3.0,0.5000155374137939,-6.10631042765597e-05,2.999975615502104,0.0,-1.0,SOLVER_EXCEPTION,0.0,0,True,True
1392.417,-0.06993736792939831,-1.4999809567888056,-1.5804776443699113e-05,2.4384152407467498e-05,0,nan,nan,nan,3.0,0.5000155596956725,-6.108104763535849e-05,2.9999756158475925,0.0,-1.0,SOLVER_EXCEPTION,0.0,0,True,True
1392.52,-0.07001823645567853,-1.4999809372759298,-1.5823433999918158e-05,2.438361114841637e-05,0,nan,nan,nan,3.0,0.5000155797506098,-6.109719311586659e-05,2.9999756163888516,0.0,-1.0,SOLVER_EXCEPTION,0.0,0,True,True
1392.618,-0.07009521703024942,-1.4999809186996227,-1.584119685717725e-05,2.438326404936443e-05,0,nan,nan,nan,3.0,0.5000156044861954,-6.111710931211434e-05,2.999975616735951,0.0,-1.0,SOLVER_EXCEPTION,0.0,0,True,True
1392.719,-0.07017141998361597,-1.4999809003095075,-1.585878130661188e-05,2.4382967861636578e-05,0,nan,nan,nan,3.0,0.5000156267719791,-6.113505247640205e-05,2.9999756170321383,0.0,-1.0,SOLVER_EXCEPTION,0.0,0,True,True
1392.817,-0.07024606773689424,-1.4999808822935046,-1.5876004790358836e-05,2.4382558083444032e-05,0,nan,nan,nan,3.0,0.5000156486134413,-6.11526348497371e-05,2.9999756174419168,0.0,-1.0,SOLVER_EXCEPTION,0.0,0,True,True
1392.913,-0.07032382577395893,-1.499980863525346,-1.5893947938740387e-05,2.4382248574323805e-05,0,nan,nan,nan,3.0,0.5000156709022218,-6.11705779980376e-05,2.9999756177514256,0.0,-1.0,SOLVER_EXCEPTION,0.0,0,True,True
1393.014,-0.07040313893100046,-1.499980844380636,-1.5912246886887114e-05,2.438175355144888e-05,0,nan,nan,nan,3.0,0.5000156936379643,-6.118887694617214e-05,2.9999756182464488,0.0,-1.0,SOLVER_EXCEPTION,0.0,0,True,True
1393.118,-0.07048167446801853,-1.4999808254219251,-1.593036869595102e-05,2.438141043657123e-05,0,nan,nan,nan,3.0,0.5000157159294643,-6.12068203142968e-05,2.9999756185895636,0.0,-1.0,SOLVER_EXCEPTION,0.0,0,True,True
1393.215,-0.07055865480769628,-1.4999808068376344,-1.594813126237351e-05,2.4381027976197506e-05,0,nan,nan,nan,3.0,0.5000157379990791,-6.122458282709076e-05,2.999975618972024,0.0,-1.0,SOLVER_EXCEPTION,0.0,0,True,True
1393.325,-0.07064496605325923,-1.4999807859989966,-1.596804795541575e-05,2.4380693331281558e-05,0,nan,nan,nan,3.0,0.5000157602927121,-6.124252734984736e-05,2.9999756193066687,0.0,-1.0,SOLVER_EXCEPTION,0.0,0,True,True
1393.423,-0.07072116873607352,-1.4999807675991452,-1.5985632604482355e-05,2.4380434209219815e-05,0,nan,nan,nan,3.0,0.5000157832573819,-6.126100677183999e-05,2.9999756195657907,0.0,-1.0,SOLVER_EXCEPTION,0.0,0,True,True
1393.528,-0.07079970411679104,-1.4999807486349606,-1.6003754411250767e-05,2.4380083730883708e-05,0,nan,nan,nan,3.0,0.5000158051083539,-6.127858923621332e-05,2.999975619916269,0.0,-1.0,SOLVER_EXCEPTION,0.0,0,True,True
1393.617,-0.07087201884023205,-1.4999807311719218,-1.6020439058101734e-05,2.4379650576894858e-05,0,nan,nan,nan,3.0,0.5000158274068452,-6.129653313147188e-05,2.999975620349423,0.0,-1.0,SOLVER_EXCEPTION,0.0,0,True,True
1393.718,-0.07095055414958085,-1.4999807122049054,-1.6038560838305113e-05,2.4379311033300147e-05,0,nan,nan,nan,3.0,0.5000158497067926,-6.13144731880233e-05,2.9999756206889665,0.0,-1.0,SOLVER_EXCEPTION,0.0,0,True,True
1393.814,-0.07102520153851334,-1.499980694175695,-1.60557882812309e-05,2.4379159802528484e-05,0,nan,nan,nan,3.0,0.5000158720078036,-6.133241834049841e-05,2.9999756208401975,0.0,-1.0,SOLVER_EXCEPTION,0.0,0,True,True
1393.915,-0.07110295920070768,-1.4999806753933358,-1.6073728399843646e-05,2.437871228441002e-05,0,nan,nan,nan,3.0,0.5000158943107677,-6.135035845922232e-05,2.9999756212877156,0.0,-1.0,SOLVER_EXCEPTION,0.0,0,True,True
1394.01,-0.07117760652359276,-1.4999806573614056,-1.609095466398026e-05,2.4378495618926565e-05,0,nan,nan,nan,3.0,0.5000159157224771,-6.136758472319315e-05,2.999975621504381,0.0,-1.0,SOLVER_EXCEPTION,0.0,0,True,True
1394.121,-0.07126391745111259,-1.4999806365102926,-1.6110870996780966e-05,2.437814681865523e-05,0,nan,nan,nan,3.0,0.5000159384743806,-6.138588379345222e-05,2.9999756218531815,0.0,-1.0,SOLVER_EXCEPTION,0.0,0,True,True
1394.22,-0.07133934228139979,-1.4999806182876343,-1.6128275272093028e-05,2.4377839637225457e-05,0,nan,nan,nan,3.0,0.5000159607807871,-6.140382872965588e-05,2.999975622160363,0.0,-1.0,SOLVER_EXCEPTION,0.0,0,True,True
1394.309,-0.07140854647933184,-1.4999806015660408,-1.6144242939670452e-05,2.4377518984763002e-05,0,nan,nan,nan,3.0,0.5000159819740247,-6.142087299920718e-05,2.9999756224810152,0.0,-1.0,SOLVER_EXCEPTION,0.0,0,True,True
1394.417,-0.0714940797213739,-1.4999805808983004,-1.6163979044035494e-05,2.4377140777696433e-05,0,nan,nan,nan,3.0,0.5000160056221206,-6.143989126217164e-05,2.9999756228592225,0.0,-1.0,SOLVER_EXCEPTION,0.0,0,True,True
1394.518,-0.07157261475416844,-1.4999805619201094,-1.6182101204282448e-05,2.4376838915988027e-05,0,nan,nan,nan,3.0,0.5000160281561333,-6.145801356760572e-05,2.999975623161084,0.0,-1.0,SOLVER_EXCEPTION,0.0,0,True,True
1394.625,-0.07165426005033758,-1.4999805421883914,-1.6200940196524897e-05,2.437649401480602e-05,0,nan,nan,nan,3.0,0.5000160495759126,-6.147523901223195e-05,2.999975623505985,0.0,-1.0,SOLVER_EXCEPTION,0.0,0,True,True
1394.718,-0.07172657442613024,-1.4999805247105389,-1.6217626631256288e-05,2.4376197778580875e-05,0,nan,nan,nan,3.0,0.5000160727824445,-6.14938976548629e-05,2.9999756238022215,0.0,-1.0,SOLVER_EXCEPTION,0.0,0,True,True
1394.818,-0.07180277664208727,-1.4999805062919065,-1.623521133839862e-05,2.4375950064639424e-05,0,nan,nan,nan,3.0,0.5000160948743481,-6.151166064372049e-05,2.9999756240499353,0.0,-1.0,SOLVER_EXCEPTION,0.0,0,True,True
1394.918,-0.071883644267134,-1.499980486743875,-1.6253871216695315e-05,2.4375632779665315e-05,0,nan,nan,nan,3.0,0.500016117637208,-6.152996362596141e-05,2.99997562436722,0.0,-1.0,SOLVER_EXCEPTION,0.0,0,True,True
1395.021,-0.07196295671325029,-1.499980467570686,-1.6272173947415892e-05,2.4375399420282425e-05,0,nan,nan,nan,3.0,0.5000161399547007,-6.154790863011073e-05,2.9999756246005798,0.0,-1.0,SOLVER_EXCEPTION,0.0,0,True,True
1395.122,-0.07204226912779627,-1.4999804483953962,-1.629047377930444e-05,2.43750298422065e-05,0,nan,nan,nan,3.0,0.5000161620510625,-6.156567088178022e-05,2.999975624970158,0.0,-1.0,SOLVER_EXCEPTION,0.0,0,True,True
1395.221,-0.07211924879445775,-1.4999804297835522,-1.630823652122279e-05,2.437467956004908e-05,0,nan,nan,nan,3.0,0.5000161837021052,-6.158307580284017e-05,2.99997562532044,0.0,-1.0,SOLVER_EXCEPTION,0.0,0,True,True
1395.317,-0.07218845271245174,-1.4999804130503829,-1.63242092561647e-05,2.4374658206339737e-05,0,nan,nan,nan,3.0,0.5000162046853189,-6.159993984944379e-05,2.9999756253417935,0.0,-1.0,SOLVER_EXCEPTION,0.0,0,True,True
1395.418,-0.07227165289781255,-1.4999803929313251,-1.6343408210019114e-05,2.4374361636430146e-05,0,nan,nan,nan,3.0,0.5000162290177266,-6.16194976981177e-05,2.9999756256383634,0.0,-1.0,SOLVER_EXCEPTION,0.0,0,True,True
1395.519,-0.0723501876218918,-1.4999803739385609,-1.636152980014899e-05,2.437407162239781e-05,0,nan,nan,nan,3.0,0.5000162506733171,-6.163690263694122e-05,2.9999756259283776,0.0,-1.0,SOLVER_EXCEPTION,0.0,0,True,True
1395.618,-0.0724279447458022,-1.4999803551326454,-1.637947164080092e-05,2.4373741784267934e-05,0,nan,nan,nan,3.0,0.5000162736693007,-6.165538395297432e-05,2.9999756262582156,0.0,-1.0,SOLVER_EXCEPTION,0.0,0,True,True
1395.723,-0.07250647941238668,-1.4999803361373998,-1.6397594200841914e-05,2.4373491921394287e-05,0,nan,nan,nan,3.0,0.500016296890035,-6.167404597690052e-05,2.999975626508079,0.0,-1.0,SOLVER_EXCEPTION,0.0,0,True,True
1395.82,-0.07258268133900364,-1.4999803177047577,-1.64151797742809e-05,2.4373331311643795e-05,0,nan,nan,nan,3.0,0.5000163181030937,-6.169109207343482e-05,2.9999756266686886,0.0,-1.0,SOLVER_EXCEPTION,0.0,0,True,True
1395.914,-0.07266043837981098,-1.4999802988945552,-1.643312050886962e-05,2.43729516290789e-05,0,nan,nan,nan,3.0,0.5000163408803899,-6.170939170990764e-05,2.999975627048371,0.0,-1.0,SOLVER_EXCEPTION,0.0,0,True,True
1396.021,-0.07273975053351561,-1.499980279706766,-1.6451423959484587e-05,2.437279631831123e-05,0,nan,nan,nan,3.0,0.5000163627660067,-6.172697731088306e-05,2.9999756272036815,0.0,-1.0,SOLVER_EXCEPTION,0.0,0,True,True
1396.115,-0.07281128696198921,-1.4999802623987533,-1.6467930377973353e-05,2.437249903585649e-05,0,nan,nan,nan,3.0,0.500016384652674,-6.17445604373934e-05,2.999975627500964,0.0,-1.0,SOLVER_EXCEPTION,0.0,0,True,True
1396.216,-0.07289215420201678,-1.4999802428318962,-1.6486592789006803e-05,2.437234791649819e-05,0,nan,nan,nan,3.0,0.5000164076577818,-6.176304107219366e-05,2.9999756276520837,0.0,-1.0,SOLVER_EXCEPTION,0.0,0,True,True
1396.317,-0.07296835599850647,-1.4999802243923845,-1.6504174380866697e-05,2.4371949185256877e-05,0,nan,nan,nan,3.0,0.5000164295470158,-6.178062716877264e-05,2.9999756280508145,0.0,-1.0,SOLVER_EXCEPTION,0.0,0,True,True
1396.418,-0.07304611290817582,-1.499980205575576,-1.652212011850442e-05,2.4371861026429972e-05,0,nan,nan,nan,3.0,0.5000164521079785,-6.179875017808811e-05,2.999975628138974,0.0,-1.0,SOLVER_EXCEPTION,0.0,0,True,True
1396.516,-0.07312620249852052,-1.499980186192421,-1.6540600791978468e-05,2.4371578132351123e-05,0,nan,nan,nan,3.0,0.5000164744471132,-6.181669102955922e-05,2.9999756284218675,0.0,-1.0,SOLVER_EXCEPTION,0.0,0,True,True
1396.619,-0.07320084908298315,-1.4999801681262903,-1.6557827733408373e-05,2.437139536555892e-05,0,nan,nan,nan,3.0,0.5000164965631968,-6.1834457792731e-05,2.9999756286046346,0.0,-1.0,SOLVER_EXCEPTION,0.0,0,True,True
1396.723,-0.07328404889496055,-1.499980147986455,-1.6577023676783435e-05,2.437100949782131e-05,0,nan,nan,nan,3.0,0.5000165200231137,-6.185329456265265e-05,2.999975628990502,0.0,-1.0,SOLVER_EXCEPTION,0.0,0,True,True
1396.816,-0.07335947299932653,-1.499980129729351,-1.6594431161671494e-05,2.4370887150200502e-05,0,nan,nan,nan,3.0,0.5000165416951738,-6.18707023813947e-05,2.99997562911285,0.0,-1.0,SOLVER_EXCEPTION,0.0,0,True,True
1396.929,-0.07343256437770626,-1.4999801120344098,-1.6611296004599616e-05,2.4370599943083438e-05,0,nan,nan,nan,3.0,0.5000165631463648,-6.188792606387494e-05,2.999975629400057,0.0,-1.0,SOLVER_EXCEPTION,0.0,0,True,True
1397.017,-0.07351187627502814,-1.4999800928328544,-1.6629600621576403e-05,2.4370493216241596e-05,0,nan,nan,nan,3.0,0.5000165859388958,-6.190623068080825e-05,2.9999756295067836,0.0,-1.0,SOLVER_EXCEPTION,0.0,0,True,True
1397.115,-0.0735911881477857,-1.4999800736292943,-1.6647900843569037e-05,2.437017388806435e-05,0,nan,nan,nan,3.0,0.5000166087334301,-6.192453090303474e-05,2.9999756298261118,0.0,-1.0,SOLVER_EXCEPTION,0.0,0,True,True
1397.218,-0.07367127756331542,-1.4999800542361008,-1.6666382728770516e-05,2.436995941255817e-05,0,nan,nan,nan,3.0,0.5000166315292308,-6.194283446259163e-05,2.9999756300405873,0.0,-1.0,SOLVER_EXCEPTION,0.0,0,True,True
1397.317,-0.07374903425406508,-1.4999800354066806,-1.668432737296455e-05,2.4369806314111884e-05,0,nan,nan,nan,3.0,0.5000166532087958,-6.196023975046927e-05,2.9999756301936857,0.0,-1.0,SOLVER_EXCEPTION,0.0,0,True,True
1397.417,-0.07382523578895438,-1.4999800169517294,-1.6701910007729986e-05,2.436951790953108e-05,0,nan,nan,nan,3.0,0.500016675784214,-6.197836291033099e-05,2.9999756304820906,0.0,-1.0,SOLVER_EXCEPTION,0.0,0,True,True
1397.52,-0.07390688026671074,-1.4999799971778254,-1.6720750814751543e-05,2.4369289772310164e-05,0,nan,nan,nan,3.0,0.5000166974664949,-6.199576820975494e-05,2.9999756307102277,0.0,-1.0,SOLVER_EXCEPTION,0.0,0,True,True
1397.618,-0.07397997149274016,-1.49997997947367,-1.6737619148393622e-05,2.4369210778709587e-05,0,nan,nan,nan,3.0,0.5000167200448393,-6.201389029181215e-05,2.9999756307892214,0.0,-1.0,SOLVER_EXCEPTION,0.0,0,True,True
1397.718,-0.07406006079268238,-1.4999799600735197,-1.6756101118684244e-05,2.436899575874115e-05,0,nan,nan,nan,3.0,0.5000167428476544,-6.203219171840857e-05,2.9999756310042414,0.0,-1.0,SOLVER_EXCEPTION,0.0,0,True,True
1397.818,-0.07413859493832825,-1.4999799410484753,-1.677422418498913e-05,2.436880194101699e-05,0,nan,nan,nan,3.0,0.5000167645345698,-6.204959604438898e-05,2.9999756311980588,0.0,-1.0,SOLVER_EXCEPTION,0.0,0,True,True
1397.919,-0.07421401880029235,-1.4999799227752035,-1.67916297702181e-05,2.4368640545580306e-05,0,nan,nan,nan,3.0,0.5000167875638092,-6.206807807096482e-05,2.9999756313594546,0.0,-1.0,SOLVER_EXCEPTION,0.0,0,True,True
1398.016,-0.07429255290353909,-1.499979903747558,-1.680975299417374e-05,2.436844283226689e-05,0,nan,nan,nan,3.0,0.5000168099234501,-6.208602414670139e-05,2.999975631557168,0.0,-1.0,SOLVER_EXCEPTION,0.0,0,True,True
1398.117,-0.07436953185542901,-1.4999798850946175,-1.6827516209168618e-05,2.4368212501102785e-05,0,nan,nan,nan,3.0,0.5000168322853659,-6.21039656443223e-05,2.999975631787499,0.0,-1.0,SOLVER_EXCEPTION,0.0,0,True,True
1398.215,-0.07444728835204514,-1.4999798662524497,-1.684545884203506e-05,2.4367951679932412e-05,0,nan,nan,nan,3.0,0.5000168546478844,-6.212191048904359e-05,2.99997563204832,0.0,-1.0,SOLVER_EXCEPTION,0.0,0,True,True
1398.316,-0.07452504482837041,-1.4999798474087007,-1.6863403749596918e-05,2.4367835507456927e-05,0,nan,nan,nan,3.0,0.5000168758934703,-6.21389564123831e-05,2.9999756321644924,0.0,-1.0,SOLVER_EXCEPTION,0.0,0,True,True
1398.418,-0.07460513397804065,-1.4999798279982668,-1.6881886087605416e-05,2.4367662547819717e-05,0,nan,nan,nan,3.0,0.5000168989299025,-6.215743850290778e-05,2.9999756323374522,0.0,-1.0,SOLVER_EXCEPTION,0.0,0,True,True
1398.511,-0.07467744746407833,-1.499979810471484,-1.689857210215266e-05,2.4367376069225185e-05,0,nan,nan,nan,3.0,0.5000169210734011,-6.217520216145189e-05,2.9999756326239306,0.0,-1.0,SOLVER_EXCEPTION,0.0,0,True,True
1398.616,-0.07475909170219776,-1.4999797906812566,-1.6917413109217652e-05,2.436717759466698e-05,0,nan,nan,nan,3.0,0.5000169441127883,-6.219368431858996e-05,2.999975632822405,0.0,-1.0,SOLVER_EXCEPTION,0.0,0,True,True
1398.718,-0.07483762566355476,-1.4999797716436505,-1.6935536513797022e-05,2.4367001848190145e-05,0,nan,nan,nan,3.0,0.5000169664822763,-6.221163063591106e-05,2.9999756329981517,0.0,-1.0,SOLVER_EXCEPTION,0.0,0,True,True
1398.82,-0.07491771473284985,-1.499979752226848,-1.69540195643106e-05,2.4366892008876726e-05,0,nan,nan,nan,3.0,0.500016988853832,-6.222957255497263e-05,2.999975633107991,0.0,-1.0,SOLVER_EXCEPTION,0.0,0,True,True
1398.918,-0.0749876954566722,-1.4999797352605897,-1.6970169909344483e-05,2.436677193586257e-05,0,nan,nan,nan,3.0,0.5000170101076546,-6.224661944509435e-05,2.9999756332280643,0.0,-1.0,SOLVER_EXCEPTION,0.0,0,True,True
1399.02,-0.0750646742354915,-1.4999797165953557,-1.698793462501206e-05,2.4366637716228952e-05,0,nan,nan,nan,3.0,0.5000170340481066,-6.226581855051094e-05,2.9999756333622836,0.0,-1.0,SOLVER_EXCEPTION,0.0,0,True,True
1399.116,-0.07514709593832603,-1.4999796966093455,-1.7006953112680454e-05,2.436631838348332e-05,0,nan,nan,nan,3.0,0.5000170559757061,-6.228340602199012e-05,2.9999756336816166,0.0,-1.0,SOLVER_EXCEPTION,0.0,0,True,True
1399.215,-0.07522485224309028,-1.4999796777529109,-1.7024898591914076e-05,2.4366259258006353e-05,0,nan,nan,nan,3.0,0.5000170781291332,-6.230116973648947e-05,2.999975633740742,0.0,-1.0,SOLVER_EXCEPTION,0.0,0,True,True
1399.316,-0.07530338609274449,-1.4999796587067276,-1.7043022109215964e-05,2.4366085964763963e-05,0,nan,nan,nan,3.0,0.5000171007310041,-6.231929327205066e-05,2.999975633914035,0.0,-1.0,SOLVER_EXCEPTION,0.0,0,True,True
1399.422,-0.07538347504957901,-1.4999796392820701,-1.706150470664219e-05,2.4365921470928395e-05,0,nan,nan,nan,3.0,0.5000171231106845,-6.233723666460023e-05,2.999975634078529,0.0,-1.0,SOLVER_EXCEPTION,0.0,0,True,True
1399.515,-0.07545812105094034,-1.4999796211753196,-1.7078728898646313e-05,2.436567760647866e-05,0,nan,nan,nan,3.0,0.5000171452682657,-6.235500005002947e-05,2.9999756343223933,0.0,-1.0,SOLVER_EXCEPTION,0.0,0,True,True
1399.618,-0.07553509972321891,-1.4999796025022014,-1.7096493694160724e-05,2.436552204496796e-05,0,nan,nan,nan,3.0,0.5000171676503191,-6.237294660582648e-05,2.999975634477955,0.0,-1.0,SOLVER_EXCEPTION,0.0,0,True,True
1399.716,-0.0756097456925328,-1.499979584393203,-1.7113721458602865e-05,2.4365464184263975e-05,0,nan,nan,nan,3.0,0.5000171893630041,-6.239035151800465e-05,2.999975634535816,0.0,-1.0,SOLVER_EXCEPTION,0.0,0,True,True
1399.822,-0.07569605507525452,-1.4999795634536803,-1.7133639624794082e-05,2.4365289201396122e-05,0,nan,nan,nan,3.0,0.5000172126435776,-6.240901236420626e-05,2.9999756347107986,0.0,-1.0,SOLVER_EXCEPTION,0.0,0,True,True
1399.918,-0.07577147857315487,-1.4999795451533846,-1.715104602816152e-05,2.4365183019221883e-05,0,nan,nan,nan,3.0,0.5000172345825467,-6.242659916422255e-05,2.999975634816981,0.0,-1.0,SOLVER_EXCEPTION,0.0,0,True,True
1400.019,-0.07584923474043177,-1.4999795262856743,-1.7168987949222633e-05,2.4364897993922087e-05,0,nan,nan,nan,3.0,0.5000172574183448,-6.244490009921222e-05,2.999975635102006,0.0,-1.0,SOLVER_EXCEPTION,0.0,0,True,True
1400.115,-0.07592388064580353,-1.4999795081712801,-1.7186215589337653e-05,2.4364831557766668e-05,0,nan,nan,nan,3.0,0.500017279807899,-6.246284564870308e-05,2.9999756351684423,0.0,-1.0,SOLVER_EXCEPTION,0.0,0,True,True
1400.218,-0.07600396946540931,-1.49997948873492,-1.720469838977214e-05,2.4364689274728042e-05,0,nan,nan,nan,3.0,0.5000173017508067,-6.248042956391586e-05,2.9999756353107254,0.0,-1.0,SOLVER_EXCEPTION,0.0,0,True,True
1400.315,-0.07608017046270489,-1.4999794702407612,-1.7222282678746264e-05,2.4364472126156207e-05,0,nan,nan,nan,3.0,0.5000173245906671,-6.249873431229958e-05,2.999975635527874,0.0,-1.0,SOLVER_EXCEPTION,0.0,0,True,True
1400.415,-0.07615637144504227,-1.4999794517455403,-1.7239868584903402e-05,2.4364331711064536e-05,0,nan,nan,nan,3.0,0.5000173467600386,-6.251649864452702e-05,2.9999756356682887,0.0,-1.0,SOLVER_EXCEPTION,0.0,0,True,True
1400.515,-0.07623568265586805,-1.4999794324933806,-1.7258169944630284e-05,2.4364078109875602e-05,0,nan,nan,nan,3.0,0.5000173693787959,-6.25346226290624e-05,2.9999756359218903,0.0,-1.0,SOLVER_EXCEPTION,0.0,0,True,True
1400.62,-0.07631654897220715,-1.4999794128619974,-1.7276834195288833e-05,2.4364086719640948e-05,0,nan,nan,nan,3.0,0.5000173902077687,-6.255131007559811e-05,2.9999756359132803,0.0,-1.0,SOLVER_EXCEPTION,0.0,0,True,True
1400.727,-0.07640052551432526,-1.4999793924742832,-1.7296213502532858e-05,2.4363908113769668e-05,0,nan,nan,nan,3.0,0.5000174148450092,-6.257105132112528e-05,2.9999756360918863,0.0,-1.0,SOLVER_EXCEPTION,0.0,0,True,True
1400.816,-0.07646972839254182,-1.4999793756728268,-1.7312185566016264e-05,2.436383970013148e-05,0,nan,nan,nan,3.0,0.5000174356765406,-6.258773893419445e-05,2.9999756361603,0.0,-1.0,SOLVER_EXCEPTION,0.0,0,True,True
1400.918,-0.07654204150010334,-1.4999793581143892,-1.732887393675669e-05,2.4363718946685e-05,0,nan,nan,nan,3.0,0.50001745785303,-6.260550399606046e-05,2.9999756362810532,0.0,-1.0,SOLVER_EXCEPTION,0.0,0,True,True
1401.017,-0.07662601799643398,-1.4999793377224675,-1.7348253260490844e-05,2.4363523954755444e-05,0,nan,nan,nan,3.0,0.5000174811513074,-6.262416455626862e-05,2.9999756364760453,0.0,-1.0,SOLVER_EXCEPTION,0.0,0,True,True
1401.116,-0.07670299643679006,-1.4999793190280946,-1.736601738007268e-05,2.4363345591147723e-05,0,nan,nan,nan,3.0,0.5000175037787457,-6.264228854568898e-05,2.999975636654409,0.0,-1.0,SOLVER_EXCEPTION,0.0,0,True,True
1401.215,-0.07677997486334626,-1.499979300332685,-1.7383782697328793e-05,2.4363236039362318e-05,0,nan,nan,nan,3.0,0.5000175261833721,-6.26602356406103e-05,2.9999756367639607,0.0,-1.0,SOLVER_EXCEPTION,0.0,0,True,True
1401.319,-0.07686084107454777,-1.4999792806914987,-1.7402446534281336e-05,2.4363181876030025e-05,0,nan,nan,nan,3.0,0.5000175485899029,-6.267817822136479e-05,2.999975636818124,0.0,-1.0,SOLVER_EXCEPTION,0.0,0,True,True
1401.425,-0.07694170727090488,-1.4999792610488312,-1.742110788826068e-05,2.4362979768119027e-05,0,nan,nan,nan,3.0,0.5000175709972988,-6.269612407505676e-05,2.9999756370202317,0.0,-1.0,SOLVER_EXCEPTION,0.0,0,True,True
1401.517,-0.07701479785884707,-1.4999792432933334,-1.743797733813017e-05,2.4362975675975835e-05,0,nan,nan,nan,3.0,0.5000175934068863,-6.271406672286872e-05,2.999975637024324,0.0,-1.0,SOLVER_EXCEPTION,0.0,0,True,True
1401.618,-0.07709255379048506,-1.4999792244033343,-1.7455919813962876e-05,2.436271936763803e-05,0,nan,nan,nan,3.0,0.5000176158169897,-6.273201379958238e-05,2.9999756372806323,0.0,-1.0,SOLVER_EXCEPTION,0.0,0,True,True
1401.717,-0.07716331167678311,-1.4999792072117972,-1.747224977110951e-05,2.436264412881578e-05,0,nan,nan,nan,3.0,0.5000176368846417,-6.274887983037658e-05,2.9999756373558712,0.0,-1.0,SOLVER_EXCEPTION,0.0,0,True,True
1401.818,-0.07724806561426918,-1.4999791866191408,-1.7491809815717836e-05,2.4362512564492648e-05,0,nan,nan,nan,3.0,0.5000176606422482,-6.276790260573151e-05,2.9999756374874353,0.0,-1.0,SOLVER_EXCEPTION,0.0,0,True,True
1401.915,-0.07732426638902003,-1.4999791681026393,-1.750939714215591e-05,2.4362499264460054e-05,0,nan,nan,nan,3.0,0.5000176830573511,-6.278584542585008e-05,2.9999756375007354,0.0,-1.0,SOLVER_EXCEPTION,0.0,0,True,True
1402.02,-0.07740046715154326,-1.499979149584881,-1.752698073325993e-05,2.43622449840087e-05,0,nan,nan,nan,3.0,0.5000177052491585,-6.280361079280539e-05,2.999975637755016,0.0,-1.0,SOLVER_EXCEPTION,0.0,0,True,True
1402.124,-0.0774813332536674,-1.4999791299324927,-1.7545645984850866e-05,2.436226751256127e-05,0,nan,nan,nan,3.0,0.5000177278907016,-6.282173543814551e-05,2.9999756377324873,0.0,-1.0,SOLVER_EXCEPTION,0.0,0,True,True
1402.222,-0.07755986666691772,-1.4999791108448133,-1.756376939151268e-05,2.436211199938581e-05,0,nan,nan,nan,3.0,0.5000177503096302,-6.283968147968721e-05,2.9999756378880007,0.0,-1.0,SOLVER_EXCEPTION,0.0,0,True,True
1402.321,-0.07763995518438777,-1.499979091378119,-1.7582252658964323e-05,2.4361990723061955e-05,0,nan,nan,nan,3.0,0.5000177722813142,-6.285726597798913e-05,2.999975638009277,0.0,-1.0,SOLVER_EXCEPTION,0.0,0,True,True
1402.419,-0.07771615589783064,-1.4999790728545768,-1.759983680993787e-05,2.436178853215788e-05,0,nan,nan,nan,3.0,0.5000177940297941,-6.287467447130268e-05,2.9999756382114677,0.0,-1.0,SOLVER_EXCEPTION,0.0,0,True,True
1402.518,-0.0777892463672871,-1.499979055086669,-1.7616706631681576e-05,2.4361736114361584e-05,0,nan,nan,nan,3.0,0.5000178171257682,-6.289315475438428e-05,2.999975638263886,0.0,-1.0,SOLVER_EXCEPTION,0.0,0,True,True
1402.619,-0.07786311438432901,-1.4999790371280741,-1.7633753158422783e-05,2.436156668875763e-05,0,nan,nan,nan,3.0,0.5000178388771525,-6.291056495344449e-05,2.999975638433311,0.0,-1.0,SOLVER_EXCEPTION,0.0,0,True,True
1402.721,-0.07795097843300332,-1.4999790157645054,-1.7654032054480632e-05,2.436153112910118e-05,0,nan,nan,nan,3.0,0.5000178619755589,-6.292904839977354e-05,2.9999756384688707,0.0,-1.0,SOLVER_EXCEPTION,0.0,0,True,True
1402.821,-0.07802873421603324,-1.4999789968577595,-1.767197622181559e-05,2.4361375548271943e-05,0,nan,nan,nan,3.0,0.5000178844031689,-6.294699156050854e-05,2.9999756386244516,0.0,-1.0,SOLVER_EXCEPTION,0.0,0,True,True
1402.92,-0.07810493487238106,-1.4999789783278206,-1.768956323650212e-05,2.436130295274729e-05,0,nan,nan,nan,3.0,0.5000179072801845,-6.296529671390161e-05,2.9999756386970473,0.0,-1.0,SOLVER_EXCEPTION,0.0,0,True,True
1403.019,-0.0781819130755065,-1.499978959607833,-1.7707328752287148e-05,2.436118003462723e-05,0,nan,nan,nan,3.0,0.5000179297104645,-6.29832400518282e-05,2.9999756388199654,0.0,-1.0,SOLVER_EXCEPTION,0.0,0,True,True
1403.123,-0.07826200149753612,-1.4999789401291999,-1.772581123594891e-05,2.4361024594355594e-05,0,nan,nan,nan,3.0,0.5000179521417178,-6.300118747581962e-05,2.9999756389754055,0.0,-1.0,SOLVER_EXCEPTION,0.0,0,True,True
1403.218,-0.07833664700664676,-1.4999789219736956,-1.7743041142522226e-05,2.436106686263685e-05,0,nan,nan,nan,3.0,0.5000179745746688,-6.301913070450027e-05,2.9999756389331376,0.0,-1.0,SOLVER_EXCEPTION,0.0,0,True,True
1403.319,-0.07841518029194203,-1.499978902870437,-1.7761164876578466e-05,2.4360929499411498e-05,0,nan,nan,nan,3.0,0.5000179972334564,-6.303725544976047e-05,2.9999756390705006,0.0,-1.0,SOLVER_EXCEPTION,0.0,0,True,True
1403.418,-0.07849293600923377,-1.4999788839553636,-1.777910911865223e-05,2.4360764299668043e-05,0,nan,nan,nan,3.0,0.5000180194445499,-6.305502141756847e-05,2.9999756392357004,0.0,-1.0,SOLVER_EXCEPTION,0.0,0,True,True
1403.519,-0.07857146927300407,-1.4999788648493106,-1.7797233070826523e-05,2.4360638966902142e-05,0,nan,nan,nan,3.0,0.5000180416575761,-6.307278638351121e-05,2.999975639361033,0.0,-1.0,SOLVER_EXCEPTION,0.0,0,True,True
1403.615,-0.0786461147416,-1.4999788466882922,-1.7814462859424165e-05,2.436067573327434e-05,0,nan,nan,nan,3.0,0.5000180643202687,-6.309091117895349e-05,2.999975639324267,0.0,-1.0,SOLVER_EXCEPTION,0.0,0,True,True
1403.722,-0.078724647984796,-1.4999788275793822,-1.7832586831137782e-05,2.4360556935477937e-05,0,nan,nan,nan,3.0,0.5000180865360777,-6.310867737191472e-05,2.9999756394430643,0.0,-1.0,SOLVER_EXCEPTION,0.0,0,True,True
1403.818,-0.07880162610421795,-1.4999788088479125,-1.7850352776438324e-05,2.4360459504735698e-05,0,nan,nan,nan,3.0,0.5000181089770921,-6.31266239126127e-05,2.9999756395404953,0.0,-1.0,SOLVER_EXCEPTION,0.0,0,True,True
1403.918,-0.078878604213817,-1.4999787901148152,-1.7868119182536516e-05,2.4360409760167292e-05,0,nan,nan,nan,3.0,0.500018131644289,-6.31447492418502e-05,2.99997563959024,0.0,-1.0,SOLVER_EXCEPTION,0.0,0,True,True
1404.018,-0.07895947009628314,-1.4999787704342766,-1.7886780172775502e-05,2.4360178347089867e-05,0,nan,nan,nan,3.0,0.5000181538638753,-6.316251519322691e-05,2.999975639821653,0.0,-1.0,SOLVER_EXCEPTION,0.0,0,True,True
1404.116,-0.07903567062970392,-1.4999787518878545,-1.7904369345478765e-05,2.4360254655662792e-05,0,nan,nan,nan,3.0,0.5000181763096821,-6.318045876385625e-05,2.9999756397453443,0.0,-1.0,SOLVER_EXCEPTION,0.0,0,True,True
1404.223,-0.07911886916071731,-1.4999787316365076,-1.7923569900205082e-05,2.4360092053461544e-05,0,nan,nan,nan,3.0,0.500018198756517,-6.319840523261178e-05,2.9999756399079467,0.0,-1.0,SOLVER_EXCEPTION,0.0,0,True,True
1404.324,-0.07919740234354042,-1.4999787125195148,-1.7941694938837453e-05,2.4359998841149363e-05,0,nan,nan,nan,3.0,0.5000182214292013,-6.321653052676623e-05,2.999975640001159,0.0,-1.0,SOLVER_EXCEPTION,0.0,0,True,True
1404.417,-0.07926971506775626,-1.4999786949149172,-1.7958384643152473e-05,2.4359959381328614e-05,0,nan,nan,nan,3.0,0.500018243879121,-6.323447392864168e-05,2.999975640040619,0.0,-1.0,SOLVER_EXCEPTION,0.0,0,True,True
1404.52,-0.07934824823226842,-1.4999786757951745,-1.7976509743781255e-05,2.435987149658929e-05,0,nan,nan,nan,3.0,0.5000182661055771,-6.32522401180502e-05,2.9999756401285036,0.0,-1.0,SOLVER_EXCEPTION,0.0,0,True,True
1404.616,-0.07942444871958208,-1.4999786572413332,-1.7994094405466315e-05,2.4359690319876974e-05,0,nan,nan,nan,3.0,0.5000182887827449,-6.327036541664555e-05,2.99997564030968,0.0,-1.0,SOLVER_EXCEPTION,0.0,0,True,True
1404.72,-0.07950220430991253,-1.499978638308096,-1.8012040923736296e-05,2.435964743845393e-05,0,nan,nan,nan,3.0,0.5000183096639468,-6.328705751990071e-05,2.9999756403525617,0.0,-1.0,SOLVER_EXCEPTION,0.0,0,True,True
1404.817,-0.07957918233552605,-1.4999786195625053,-1.8029807281708644e-05,2.4359582612923395e-05,0,nan,nan,nan,3.0,0.5000183336919715,-6.330625543693458e-05,2.999975640417387,0.0,-1.0,SOLVER_EXCEPTION,0.0,0,True,True
1404.918,-0.07965849301952567,-1.499978600247531,-1.8048109779702375e-05,2.4359377716220096e-05,0,nan,nan,nan,3.0,0.5000183561481911,-6.332420330545929e-05,2.9999756406222837,0.0,-1.0,SOLVER_EXCEPTION,0.0,0,True,True
1405.015,-0.07973158324968263,-1.499978582446712,-1.8064979378610873e-05,2.4359322845235722e-05,0,nan,nan,nan,3.0,0.5000183777076486,-6.334143226771616e-05,2.999975640677155,0.0,-1.0,SOLVER_EXCEPTION,0.0,0,True,True
1405.115,-0.07981167147185636,-1.499978562939746,-1.8083463551980803e-05,2.4359232892243937e-05,0,nan,nan,nan,3.0,0.5000184008407071,-6.335991645212147e-05,2.999975640767108,0.0,-1.0,SOLVER_EXCEPTION,0.0,0,True,True
1405.218,-0.07989175968500213,-1.4999785434306572,-1.8101948613876888e-05,2.435922917929947e-05,0,nan,nan,nan,3.0,0.5000184233018926,-6.337786038290716e-05,2.999975640770821,0.0,-1.0,SOLVER_EXCEPTION,0.0,0,True,True
1405.321,-0.07997184788923645,-1.4999785239205554,-1.812043274494287e-05,2.435914311378516e-05,0,nan,nan,nan,3.0,0.5000184446408765,-6.339490894902156e-05,2.9999756408568863,0.0,-1.0,SOLVER_EXCEPTION,0.0,0,True,True
1405.42,-0.08004882586365482,-1.4999785051672385,-1.813819895279529e-05,2.4359048772658704e-05,0,nan,nan,nan,3.0,0.5000184677786792,-6.34133923744784e-05,2.9999756409512273,0.0,-1.0,SOLVER_EXCEPTION,0.0,0,True,True
1405.514,-0.08012269360933723,-1.4999784871696684,-1.8155246578167686e-05,2.4358929789318732e-05,0,nan,nan,nan,3.0,0.5000184906927738,-6.343169946809724e-05,2.9999756410702108,0.0,-1.0,SOLVER_EXCEPTION,0.0,0,True,True
1405.618,-0.08020200423341631,-1.4999784678450205,-1.8173553927831664e-05,2.435900253437522e-05,0,nan,nan,nan,3.0,0.5000185133839455,-6.344982518680098e-05,2.999975640997466,0.0,-1.0,SOLVER_EXCEPTION,0.0,0,True,True
1405.717,-0.08027975973915077,-1.499978448897282,-1.819149776010007e-05,2.4358817775476947e-05,0,nan,nan,nan,3.0,0.5000185354027172,-6.346740995821776e-05,2.9999756411822247,0.0,-1.0,SOLVER_EXCEPTION,0.0,0,True,True
1405.816,-0.08035518257217523,-1.4999784305170905,-1.8208905641676282e-05,2.4358768319736764e-05,0,nan,nan,nan,3.0,0.5000185580965054,-6.348553570090232e-05,2.9999756412316803,0.0,-1.0,SOLVER_EXCEPTION,0.0,0,True,True
1405.918,-0.08043604828191471,-1.4999784108088339,-1.8227570761978384e-05,2.4358767432577298e-05,0,nan,nan,nan,3.0,0.5000185807921486,-6.350366014551412e-05,2.9999756412325675,0.0,-1.0,SOLVER_EXCEPTION,0.0,0,True,True
1406.017,-0.08051224865463188,-1.4999783922362278,-1.824515565437688e-05,2.4358574026865605e-05,0,nan,nan,nan,3.0,0.5000186032639055,-6.352160855715994e-05,2.9999756414259733,0.0,-1.0,SOLVER_EXCEPTION,0.0,0,True,True
1406.116,-0.08059078168418624,-1.499978373093481,-1.8263281522385706e-05,2.4358537235877837e-05,0,nan,nan,nan,3.0,0.500018625737803,-6.353955264781774e-05,2.9999756414627643,0.0,-1.0,SOLVER_EXCEPTION,0.0,0,True,True
1406.214,-0.08066698204218159,-1.4999783545183298,-1.8280869795003374e-05,2.435853191575407e-05,0,nan,nan,nan,3.0,0.5000186482124952,-6.355749985420545e-05,2.999975641468084,0.0,-1.0,SOLVER_EXCEPTION,0.0,0,True,True
1406.317,-0.08074629261131522,-1.499978335182981,-1.8299172884184743e-05,2.435837479573288e-05,0,nan,nan,nan,3.0,0.5000186706892912,-6.357544399060444e-05,2.999975641625204,0.0,-1.0,SOLVER_EXCEPTION,0.0,0,True,True
1406.42,-0.08082560317283896,-1.4999783158469604,-1.8317480304968572e-05,2.4358425353583654e-05,0,nan,nan,nan,3.0,0.5000186929420657,-6.35932107382331e-05,2.9999756415746464,0.0,-1.0,SOLVER_EXCEPTION,0.0,0,True,True
1406.515,-0.08089947084593073,-1.4999782978358134,-1.8334528303996247e-05,2.4358341205256248e-05,0,nan,nan,nan,3.0,0.5000187154213213,-6.361115836339692e-05,2.9999756416587946,0.0,-1.0,SOLVER_EXCEPTION,0.0,0,True,True
1406.618,-0.08098033650172458,-1.4999782781175914,-1.8353191369851523e-05,2.4358202927743012e-05,0,nan,nan,nan,3.0,0.5000187381264267,-6.362928411496327e-05,2.9999756417970724,0.0,-1.0,SOLVER_EXCEPTION,0.0,0,True,True
1406.72,-0.081059647041354,-1.4999782587769523,-1.837149812053262e-05,2.435823779701508e-05,0,nan,nan,nan,3.0,0.5000187606086812,-6.364722846585735e-05,2.999975641762203,0.0,-1.0,SOLVER_EXCEPTION,0.0,0,True,True
1406.822,-0.0811397351279542,-1.4999782392452283,-1.8389982738064136e-05,2.4358164372506488e-05,0,nan,nan,nan,3.0,0.500018782867121,-6.36649952094892e-05,2.9999756418356274,0.0,-1.0,SOLVER_EXCEPTION,0.0,0,True,True
1406.917,-0.08121360277418721,-1.4999782212290091,-1.8407032036213755e-05,2.4358142185206198e-05,0,nan,nan,nan,3.0,0.5000188055767799,-6.36831214033684e-05,2.999975641857815,0.0,-1.0,SOLVER_EXCEPTION,0.0,0,True,True
1407.02,-0.08129058063059316,-1.4999782024527817,-1.8424797687259926e-05,2.435801362591251e-05,0,nan,nan,nan,3.0,0.5000188271633705,-6.370035063874013e-05,2.999975641986374,0.0,-1.0,SOLVER_EXCEPTION,0.0,0,True,True
1407.117,-0.08136600337242215,-1.4999781840546187,-1.8442205947762747e-05,2.4357982539200053e-05,0,nan,nan,nan,3.0,0.5000188498758084,-6.371847690012089e-05,2.9999756420174606,0.0,-1.0,SOLVER_EXCEPTION,0.0,0,True,True
1407.217,-0.08144686898561505,-1.4999781643273868,-1.8460868003287918e-05,2.4357795722787656e-05,0,nan,nan,nan,3.0,0.5000188723647737,-6.373642086510145e-05,2.9999756422042774,0.0,-1.0,SOLVER_EXCEPTION,0.0,0,True,True
1407.322,-0.08152773459174535,-1.4999781445990754,-1.8479534631311428e-05,2.4357860418980717e-05,0,nan,nan,nan,3.0,0.5000188953046705,-6.375472872299781e-05,2.999975642139581,0.0,-1.0,SOLVER_EXCEPTION,0.0,0,True,True
1407.42,-0.08160471242187306,-1.4999781258171097,-1.849730071656947e-05,2.4357769363590134e-05,0,nan,nan,nan,3.0,0.5000189180214631,-6.377285347580752e-05,2.9999756422306363,0.0,-1.0,SOLVER_EXCEPTION,0.0,0,True,True
1407.518,-0.08168091269201702,-1.499978107223922,-1.8514887046286846e-05,2.4357634050446153e-05,0,nan,nan,nan,3.0,0.5000189405144142,-6.379079886187355e-05,2.9999756423659494,0.0,-1.0,SOLVER_EXCEPTION,0.0,0,True,True
1407.62,-0.08176022317085743,-1.4999780878702955,-1.853319407322442e-05,2.4357679532482307e-05,0,nan,nan,nan,3.0,0.5000189634589834,-6.380910584979915e-05,2.9999756423204675,0.0,-1.0,SOLVER_EXCEPTION,0.0,0,True,True
1407.715,-0.08183409076788983,-1.4999780698439742,-1.8550242636137043e-05,2.4357557303552984e-05,0,nan,nan,nan,3.0,0.5000189823550948,-6.382418161621217e-05,2.9999756424426964,0.0,-1.0,SOLVER_EXCEPTION,0.0,0,True,True
1407.818,-0.08191417878789452,-1.499978050297344,-1.8568727068281455e-05,2.4357500655258547e-05,0,nan,nan,nan,3.0,0.500019007326791,-6.384410235638072e-05,2.999975642499345,0.0,-1.0,SOLVER_EXCEPTION,0.0,0,True,True
1407.915,-0.08198882392696927,-1.4999780320790967,-1.8585957345062998e-05,2.435750014734531e-05,0,nan,nan,nan,3.0,0.5000190300502758,-6.386222851606504e-05,2.9999756424998525,0.0,-1.0,SOLVER_EXCEPTION,0.0,0,True,True
1408.016,-0.08206657927431196,-1.499978013099104,-1.860390205082113e-05,2.4357353965020513e-05,0,nan,nan,nan,3.0,0.500019050750762,-6.387873741164896e-05,2.999975642646035,0.0,-1.0,SOLVER_EXCEPTION,0.0,0,True,True
1408.117,-0.08214666727590131,-1.4999779935487842,-1.8622387136346566e-05,2.4357290867498348e-05,0,nan,nan,nan,3.0,0.500019075502012,-6.389847994014985e-05,2.9999756427091326,0.0,-1.0,SOLVER_EXCEPTION,0.0,0,True,True
1408.215,-0.08222286750468005,-1.4999779749459081,-1.863997640861592e-05,2.4357340781996823e-05,0,nan,nan,nan,3.0,0.5000190977801003,-6.391624753421254e-05,2.999975642659218,0.0,-1.0,SOLVER_EXCEPTION,0.0,0,True,True
1408.32,-0.08230373304754125,-1.4999779552025743,-1.8658638674230635e-05,2.435715007359621e-05,0,nan,nan,nan,3.0,0.5000191202844434,-6.393419197614492e-05,2.9999756428499262,0.0,-1.0,SOLVER_EXCEPTION,0.0,0,True,True
1408.417,-0.08237993326499499,-1.4999779365970052,-1.867622805225918e-05,2.4357202216498057e-05,0,nan,nan,nan,3.0,0.5000191430153872,-6.395231859190886e-05,2.9999756427977835,0.0,-1.0,SOLVER_EXCEPTION,0.0,0,True,True
1408.518,-0.08245768858337041,-1.4999779176103487,-1.869417372354154e-05,2.4357082652925256e-05,0,nan,nan,nan,3.0,0.5000191655222934,-6.397026649995752e-05,2.999975642917347,0.0,-1.0,SOLVER_EXCEPTION,0.0,0,True,True
1408.614,-0.08253311123689733,-1.4999778991917003,-1.871158135305128e-05,2.435701211293477e-05,0,nan,nan,nan,3.0,0.5000191880311654,-6.398821141262445e-05,2.999975642987887,0.0,-1.0,SOLVER_EXCEPTION,0.0,0,True,True
1408.715,-0.0826108665444183,-1.4999778802025165,-1.8729530460000405e-05,2.435708319723617e-05,0,nan,nan,nan,3.0,0.5000192105408475,-6.400616051926988e-05,2.999975642916803,0.0,-1.0,SOLVER_EXCEPTION,0.0,0,True,True
1408.817,-0.0826901769525194,-1.4999778608315808,-1.874783440237126e-05,2.4356944808698646e-05,0,nan,nan,nan,3.0,0.5000192330524966,-6.402410549721793e-05,2.9999756430551914,0.0,-1.0,SOLVER_EXCEPTION,0.0,0,True,True
1408.92,-0.08276559959036381,-1.4999778424091348,-1.876524287215391e-05,2.4356893995032305e-05,0,nan,nan,nan,3.0,0.50001925534002,-6.40418729314085e-05,2.999975643106005,0.0,-1.0,SOLVER_EXCEPTION,0.0,0,True,True
1409.019,-0.08284568754058239,-1.4999778228456637,-1.8783728531659245e-05,2.435687678128869e-05,0,nan,nan,nan,3.0,0.5000192778542344,-6.405982133328436e-05,2.9999756431232187,0.0,-1.0,SOLVER_EXCEPTION,0.0,0,True,True
1409.117,-0.08292344282677219,-1.4999778038506293,-1.880167664482559e-05,2.4356890982936446e-05,0,nan,nan,nan,3.0,0.500019300820162,-6.407812494213516e-05,2.999975643109017,0.0,-1.0,SOLVER_EXCEPTION,0.0,0,True,True
1409.221,-0.0830027532133906,-1.4999777844742095,-1.8819980490167302e-05,2.4356728201102532e-05,0,nan,nan,nan,3.0,0.5000193231120534,-6.409589288969286e-05,2.999975643271799,0.0,-1.0,SOLVER_EXCEPTION,0.0,0,True,True
1409.317,-0.08307973093652866,-1.4999777656660451,-1.883774820598947e-05,2.4356704923795756e-05,0,nan,nan,nan,3.0,0.5000193456303319,-6.411384094029415e-05,2.9999756432950764,0.0,-1.0,SOLVER_EXCEPTION,0.0,0,True,True
1409.416,-0.08315670865475444,-1.499977746856878,-1.8855515917704643e-05,2.435666969360673e-05,0,nan,nan,nan,3.0,0.5000193681500702,-6.41317871075131e-05,2.9999756433303064,0.0,-1.0,SOLVER_EXCEPTION,0.0,0,True,True
1409.515,-0.08323290881549214,-1.499977728236025,-1.8873105381634236e-05,2.4356714231654348e-05,0,nan,nan,nan,3.0,0.5000193904463038,-6.414955366995656e-05,2.9999756432857683,0.0,-1.0,SOLVER_EXCEPTION,0.0,0,True,True
1409.621,-0.08331532939223034,-1.4999777080939467,-1.8892127113992155e-05,2.4356531456734986e-05,0,nan,nan,nan,3.0,0.5000194131939196,-6.416768043893128e-05,2.9999756434685434,0.0,-1.0,SOLVER_EXCEPTION,0.0,0,True,True
1409.716,-0.08338997443818101,-1.49997768985032,-1.8909357791466727e-05,2.435659166148035e-05,0,nan,nan,nan,3.0,0.5000194359432941,-6.4185807257644e-05,2.9999756434083387,0.0,-1.0,SOLVER_EXCEPTION,0.0,0,True,True
1409.818,-0.0834692847946919,-1.4999776704654493,-1.892766284706542e-05,2.4356482703468666e-05,0,nan,nan,nan,3.0,0.500019458243305,-6.420357505732e-05,2.9999756435172964,0.0,-1.0,SOLVER_EXCEPTION,0.0,0,True,True
1409.92,-0.08354704004141977,-1.4999776514589855,-1.8945611494243762e-05,2.4356537393132335e-05,0,nan,nan,nan,3.0,0.5000194807702012,-6.422152359242261e-05,2.999975643462607,0.0,-1.0,SOLVER_EXCEPTION,0.0,0,True,True
1410.019,-0.08362324017870458,-1.4999776328313557,-1.896319751942479e-05,2.4356367987242398e-05,0,nan,nan,nan,3.0,0.5000195021720077,-6.423857349346918e-05,2.9999756436320126,0.0,-1.0,SOLVER_EXCEPTION,0.0,0,True,True
1410.119,-0.08370332807334535,-1.4999776132516982,-1.8981683453439137e-05,2.435636004157248e-05,0,nan,nan,nan,3.0,0.5000195256030054,-6.425723639802428e-05,2.9999756436399583,0.0,-1.0,SOLVER_EXCEPTION,0.0,0,True,True
1410.217,-0.08377952820164723,-1.499977594621652,-1.8999272957111987e-05,2.4356374210550678e-05,0,nan,nan,nan,3.0,0.5000195483589847,-6.427536339970175e-05,2.9999756436257896,0.0,-1.0,SOLVER_EXCEPTION,0.0,0,True,True
1410.321,-0.08385961608696572,-1.4999775750392645,-1.901775911760233e-05,2.435637158221265e-05,0,nan,nan,nan,3.0,0.5000195706663619,-6.429313026234951e-05,2.9999756436284177,0.0,-1.0,SOLVER_EXCEPTION,0.0,0,True,True
1410.419,-0.08393581620650938,-1.4999775564060303,-1.903534514491548e-05,2.435619536029165e-05,0,nan,nan,nan,3.0,0.5000195936504358,-6.431143894447544e-05,2.99997564380464,0.0,-1.0,SOLVER_EXCEPTION,0.0,0,True,True
1410.518,-0.08401357142621413,-1.499977537391206,-1.9053293987703727e-05,2.4356255033422913e-05,0,nan,nan,nan,3.0,0.500019614833504,-6.432830658997801e-05,2.9999756437449667,0.0,-1.0,SOLVER_EXCEPTION,0.0,0,True,True
1410.616,-0.0840889939852106,-1.4999775189456583,-1.907070270646593e-05,2.4356189914822023e-05,0,nan,nan,nan,3.0,0.5000196380461737,-6.434679286870804e-05,2.9999756438100853,0.0,-1.0,SOLVER_EXCEPTION,0.0,0,True,True
1410.717,-0.08416830430066136,-1.4999774995474657,-1.9089007277215302e-05,2.4356069578360003e-05,0,nan,nan,nan,3.0,0.5000196608098016,-6.436491893513363e-05,2.9999756439304215,0.0,-1.0,SOLVER_EXCEPTION,0.0,0,True,True
1410.819,-0.08424294929944376,-1.49997748128986,-1.9106238470695003e-05,2.4356090588256265e-05,0,nan,nan,nan,3.0,0.5000196833487106,-6.438286853027719e-05,2.9999756439094116,0.0,-1.0,SOLVER_EXCEPTION,0.0,0,True,True
1410.916,-0.08432303715846726,-1.4999774616985388,-1.9124723925975045e-05,2.4356058925333585e-05,0,nan,nan,nan,3.0,0.5000197049875398,-6.440009916142131e-05,2.9999756439410747,0.0,-1.0,SOLVER_EXCEPTION,0.0,0,True,True
1411.015,-0.08440001480527508,-1.4999774428673323,-1.9142491619638347e-05,2.435598041082824e-05,0,nan,nan,nan,3.0,0.5000197282057701,-6.441858511863074e-05,2.9999756440195893,0.0,-1.0,SOLVER_EXCEPTION,0.0,0,True,True
1411.115,-0.08447777000004413,-1.4999774238440668,-1.9160437077587888e-05,2.4355834717581035e-05,0,nan,nan,nan,3.0,0.500019749622418,-6.443563446367762e-05,2.9999756441652825,0.0,-1.0,SOLVER_EXCEPTION,0.0,0,True,True
1411.219,-0.08455630274270413,-1.4999774046294196,-1.9178564118497762e-05,2.4355790500660915e-05,0,nan,nan,nan,3.0,0.5000197737453271,-6.445483839190302e-05,2.999975644209499,0.0,-1.0,SOLVER_EXCEPTION,0.0,0,True,True
1411.315,-0.08463328037764173,-1.4999773857941452,-1.919633584183144e-05,2.4355967745921715e-05,0,nan,nan,nan,3.0,0.5000197956154248,-6.447224799899232e-05,2.9999756440322543,0.0,-1.0,SOLVER_EXCEPTION,0.0,0,True,True
1411.416,-0.08471103556057023,-1.4999773667667524,-1.921428115983201e-05,2.435579974143034e-05,0,nan,nan,nan,3.0,0.5000198188395167,-6.449073403347327e-05,2.9999756442002585,0.0,-1.0,SOLVER_EXCEPTION,0.0,0,True,True
1411.518,-0.08479112339496349,-1.4999773471670714,-1.92327676963997e-05,2.4355802178742628e-05,0,nan,nan,nan,3.0,0.5000198411634279,-6.450850145522935e-05,2.9999756441978214,0.0,-1.0,SOLVER_EXCEPTION,0.0,0,True,True
1411.618,-0.08486887857012977,-1.4999773281370459,-1.9250716452081148e-05,2.435582297207838e-05,0,nan,nan,nan,3.0,0.5000198639394062,-6.452662861589076e-05,2.999975644177028,0.0,-1.0,SOLVER_EXCEPTION,0.0,0,True,True
1411.715,-0.08494430108645636,-1.4999773096764113,-1.9268126204290873e-05,2.4355829447690537e-05,0,nan,nan,nan,3.0,0.5000198867170046,-6.454475626371803e-05,2.9999756441705525,0.0,-1.0,SOLVER_EXCEPTION,0.0,0,True,True
1411.822,-0.08502594401257203,-1.4999772896918186,-1.9286971270550673e-05,2.4355788055085038e-05,0,nan,nan,nan,3.0,0.5000199090448454,-6.456252446485067e-05,2.9999756442119447,0.0,-1.0,SOLVER_EXCEPTION,0.0,0,True,True
1411.918,-0.08509825631519138,-1.4999772719897582,-1.93036620015548e-05,2.4355733595058794e-05,0,nan,nan,nan,3.0,0.5000199313742316,-6.45802920611338e-05,2.9999756442664047,0.0,-1.0,SOLVER_EXCEPTION,0.0,0,True,True
1412.018,-0.08517989923374808,-1.4999772520023227,-1.9322507175586507e-05,2.4355688067877123e-05,0,nan,nan,nan,3.0,0.5000199541558835,-6.459841933192934e-05,2.9999756443119323,0.0,-1.0,SOLVER_EXCEPTION,0.0,0,True,True
1412.117,-0.08525687683907007,-1.4999772331554662,-1.9340275974296243e-05,2.4355697175778483e-05,0,nan,nan,nan,3.0,0.5000199767137964,-6.461636528332093e-05,2.999975644302824,0.0,-1.0,SOLVER_EXCEPTION,0.0,0,True,True
1412.219,-0.08533618709548799,-1.4999772137360037,-1.9358580483437353e-05,2.4355529829037028e-05,0,nan,nan,nan,3.0,0.5000199988213503,-6.463395646827408e-05,2.999975644470171,0.0,-1.0,SOLVER_EXCEPTION,0.0,0,True,True
1412.318,-0.08541316469384444,-1.4999771948865217,-1.9376349216014835e-05,2.435552511573344e-05,0,nan,nan,nan,3.0,0.5000200218332078,-6.46522614795586e-05,2.999975644474884,0.0,-1.0,SOLVER_EXCEPTION,0.0,0,True,True
1412.416,-0.08548858718593838,-1.499977176416281,-1.939375879441017e-05,2.4355506007160045e-05,0,nan,nan,nan,3.0,0.5000200443948759,-6.467021047784627e-05,2.999975644493993,0.0,-1.0,SOLVER_EXCEPTION,0.0,0,True,True
1412.518,-0.0855671198804995,-1.4999771571831444,-1.9411886611924297e-05,2.4355508650127307e-05,0,nan,nan,nan,3.0,0.5000200662813596,-6.468762039224529e-05,2.9999756444913497,0.0,-1.0,SOLVER_EXCEPTION,0.0,0,True,True
1412.618,-0.08564643012302359,-1.4999771377581361,-1.943019468878502e-05,2.4355537666980636e-05,0,nan,nan,nan,3.0,0.5000200874922857,-6.470448909157156e-05,2.999975644462333,0.0,-1.0,SOLVER_EXCEPTION,0.0,0,True,True
1412.715,-0.085717964848622,-1.4999771202357848,-1.9446704932293548e-05,2.4355430478186842e-05,0,nan,nan,nan,3.0,0.5000201102840233,-6.472261695789072e-05,2.999975644569522,0.0,-1.0,SOLVER_EXCEPTION,0.0,0,True,True
1412.817,-0.08580038528990416,-1.4999771000463393,-1.9465730958525544e-05,2.43554492922997e-05,0,nan,nan,nan,3.0,0.5000201346563634,-6.474200204120706e-05,2.9999756445507075,0.0,-1.0,SOLVER_EXCEPTION,0.0,0,True,True
1412.918,-0.08587891797114904,-1.499977080807588,-1.9483858828602073e-05,2.435544622861405e-05,0,nan,nan,nan,3.0,0.5000201572254614,-6.475994825994036e-05,2.9999756445537713,0.0,-1.0,SOLVER_EXCEPTION,0.0,0,True,True
1413.017,-0.08595200779037773,-1.4999770629004934,-1.9500727859036988e-05,2.4355300653875405e-05,0,nan,nan,nan,3.0,0.5000201795698532,-6.47777169016095e-05,2.999975644699346,0.0,-1.0,SOLVER_EXCEPTION,0.0,0,True,True
1413.117,-0.0860344282214917,-1.4999770427066796,-1.9519755416710844e-05,2.435541292897932e-05,0,nan,nan,nan,3.0,0.5000202023672874,-6.479584492335988e-05,2.999975644587071,0.0,-1.0,SOLVER_EXCEPTION,0.0,0,True,True
1413.219,-0.08611373844436279,-1.499977023272744,-1.9538060431140633e-05,2.435527083625987e-05,0,nan,nan,nan,3.0,0.5000202249402095,-6.481379414191579e-05,2.999975644729164,0.0,-1.0,SOLVER_EXCEPTION,0.0,0,True,True
1413.317,-0.08618682825477093,-1.4999770053618595,-1.955493322160651e-05,2.43553498318507e-05,0,nan,nan,nan,3.0,0.5000202466120536,-6.483102245180561e-05,2.999975644650168,0.0,-1.0,SOLVER_EXCEPTION,0.0,0,True,True
1413.417,-0.08626536092041781,-1.499976986116069,-1.9573060924298152e-05,2.4355314558102828e-05,0,nan,nan,nan,3.0,0.5000202700904839,-6.484969098385918e-05,2.999975644685442,0.0,-1.0,SOLVER_EXCEPTION,0.0,0,True,True
1413.516,-0.08634389358301241,-1.4999769668687555,-1.959118900581445e-05,2.4355321287613762e-05,0,nan,nan,nan,3.0,0.5000202926680044,-6.48676373540269e-05,2.9999756446787122,0.0,-1.0,SOLVER_EXCEPTION,0.0,0,True,True
1413.621,-0.08642087114045248,-1.499976948000936,-1.960895655253753e-05,2.4355227161033978e-05,0,nan,nan,nan,3.0,0.5000203152465956,-6.488558661210675e-05,2.999975644772839,0.0,-1.0,SOLVER_EXCEPTION,0.0,0,True,True
1413.717,-0.08650018134815769,-1.4999769285601898,-1.9627263140199287e-05,2.4355172863602603e-05,0,nan,nan,nan,3.0,0.5000203371493942,-6.490299673478361e-05,2.999975644827136,0.0,-1.0,SOLVER_EXCEPTION,0.0,0,True,True
1413.816,-0.08657793645084157,-1.4999769094991944,-1.964521257507724e-05,2.435520719787992e-05,0,nan,nan,nan,3.0,0.5000203601825162,-6.492130178648026e-05,2.9999756447928023,0.0,-1.0,SOLVER_EXCEPTION,0.0,0,True,True
1413.92,-0.0866588017546161,-1.4999768896745638,-1.9663876881864417e-05,2.435505642436511e-05,0,nan,nan,nan,3.0,0.5000203827652224,-6.493925181771942e-05,2.9999756449435755,0.0,-1.0,SOLVER_EXCEPTION,0.0,0,True,True
1414.019,-0.08673344664771157,-1.4999768713729873,-1.968110861004693e-05,2.4355121532681478e-05,0,nan,nan,nan,3.0,0.5000204053495234,-6.495719899879404e-05,2.999975644878467,0.0,-1.0,SOLVER_EXCEPTION,0.0,0,True,True
1414.117,-0.08681197929289713,-1.4999768521172614,-1.969923684572071e-05,2.4355121306864723e-05,0,nan,nan,nan,3.0,0.5000204281611584,-6.497532618565671e-05,2.999975644878693,0.0,-1.0,SOLVER_EXCEPTION,0.0,0,True,True
1414.218,-0.08689051193528896,-1.499976832859887,-1.971736489822445e-05,2.435510478885243e-05,0,nan,nan,nan,3.0,0.5000204505223051,-6.499309499474748e-05,2.999975644895211,0.0,-1.0,SOLVER_EXCEPTION,0.0,0,True,True
1414.318,-0.08696826702404856,-1.499976813791841,-1.9735311272405265e-05,2.4354963463605417e-05,0,nan,nan,nan,3.0,0.5000204733366724,-6.501122342283949e-05,2.9999756450365362,0.0,-1.0,SOLVER_EXCEPTION,0.0,0,True,True
1414.415,-0.08704291190674497,-1.4999767954850116,-1.9752542811342668e-05,2.4354997453787444e-05,0,nan,nan,nan,3.0,0.5000204959264295,-6.502917287054544e-05,2.999975645002546,0.0,-1.0,SOLVER_EXCEPTION,0.0,0,True,True
1414.52,-0.08712455474441144,-1.4999767754609117,-1.9771389262953997e-05,2.4355006851746346e-05,0,nan,nan,nan,3.0,0.5000205185178911,-6.50471194734159e-05,2.9999756449931483,0.0,-1.0,SOLVER_EXCEPTION,0.0,0,True,True
1414.619,-0.08720230982523428,-1.499976756388376,-1.9789335820284693e-05,2.43548784733507e-05,0,nan,nan,nan,3.0,0.5000205402063547,-6.506435190178905e-05,2.9999756451215265,0.0,-1.0,SOLVER_EXCEPTION,0.0,0,True,True
1414.718,-0.08727773225117569,-1.499976737886978,-1.9806746055544447e-05,2.435486440076801e-05,0,nan,nan,nan,3.0,0.5000205639302754,-6.508319889331204e-05,2.9999756451355992,0.0,-1.0,SOLVER_EXCEPTION,0.0,0,True,True
1414.818,-0.08735704242845443,-1.4999767184304698,-1.9825054956299905e-05,2.4354917301765573e-05,0,nan,nan,nan,3.0,0.5000205862998647,-6.510096665479637e-05,2.9999756450826984,0.0,-1.0,SOLVER_EXCEPTION,0.0,0,True,True
1414.914,-0.08743168729880424,-1.4999767001170103,-1.984228328417293e-05,2.4354756553014756e-05,0,nan,nan,nan,3.0,0.5000206088968703,-6.511891334337605e-05,2.999975645243447,0.0,-1.0,SOLVER_EXCEPTION,0.0,0,True,True
1415.017,-0.08751177502174536,-1.4999766804667916,-1.986077064144741e-05,2.4354751998570386e-05,0,nan,nan,nan,3.0,0.5000206314948294,-6.513686406828256e-05,2.9999756452480013,0.0,-1.0,SOLVER_EXCEPTION,0.0,0,True,True
1415.118,-0.08759030764075078,-1.4999766611969199,-1.987889903077615e-05,2.4354743450122602e-05,0,nan,nan,nan,3.0,0.5000206525122777,-6.515355518033061e-05,2.99997564525655,0.0,-1.0,SOLVER_EXCEPTION,0.0,0,True,True
1415.218,-0.08766806270664639,-1.4999766421162555,-1.9896849270519026e-05,2.435481225007928e-05,0,nan,nan,nan,3.0,0.5000206766956131,-6.517276079787138e-05,2.99997564518775,0.0,-1.0,SOLVER_EXCEPTION,0.0,0,True,True
1415.319,-0.08774504021953453,-1.499976623225173,-1.991461861279186e-05,2.4354793844533346e-05,0,nan,nan,nan,3.0,0.5000206990717707,-6.519053006703857e-05,2.9999756452061557,0.0,-1.0,SOLVER_EXCEPTION,0.0,0,True,True
1415.42,-0.08782357283131519,-1.4999766039508065,-1.9932747016954278e-05,2.4354781506976938e-05,0,nan,nan,nan,3.0,0.5000207219016137,-6.520865832371214e-05,2.999975645218493,0.0,-1.0,SOLVER_EXCEPTION,0.0,0,True,True
1415.518,-0.08790132789014767,-1.4999765848659834,-1.9950693750443608e-05,2.4354642509756835e-05,0,nan,nan,nan,3.0,0.5000207445068385,-6.522660873864439e-05,2.99997564535749,0.0,-1.0,SOLVER_EXCEPTION,0.0,0,True,True
1415.617,-0.08797830539613008,-1.499976565970727,-1.9968462800345785e-05,2.435458452856923e-05,0,nan,nan,nan,3.0,0.5000207673395242,-6.524473705749045e-05,2.9999756454154713,0.0,-1.0,SOLVER_EXCEPTION,0.0,0,True,True
1415.717,-0.08805606045042194,-1.499976546883017,-1.998641349836209e-05,2.435468904582233e-05,0,nan,nan,nan,3.0,0.5000207897216836,-6.526250572669312e-05,2.999975645310954,0.0,-1.0,SOLVER_EXCEPTION,0.0,0,True,True
1415.821,-0.08813537060349337,-1.4999765274119554,-2.0004719258773767e-05,2.435455233216877e-05,0,nan,nan,nan,3.0,0.500020811652699,-6.527991621840812e-05,2.999975645447668,0.0,-1.0,SOLVER_EXCEPTION,0.0,0,True,True
1415.918,-0.08821157055231682,-1.4999765087039774,-2.0022311246630763e-05,2.4354636950539375e-05,0,nan,nan,nan,3.0,0.5000208344898127,-6.529804504351588e-05,2.9999756453630493,0.0,-1.0,SOLVER_EXCEPTION,0.0,0,True,True
1416.027,-0.08829321335230148,-1.499976488656839,-2.0041157316007175e-05,2.435462142757128e-05,0,nan,nan,nan,3.0,0.5000208573280555,-6.531617352711905e-05,2.9999756453785724,0.0,-1.0,SOLVER_EXCEPTION,0.0,0,True,True
1416.118,-0.08836630309503343,-1.4999764707097583,-2.0058030177601808e-05,2.4354632444099408e-05,0,nan,nan,nan,3.0,0.5000208794897708,-6.533376166251159e-05,2.999975645367556,0.0,-1.0,SOLVER_EXCEPTION,0.0,0,True,True
1416.217,-0.08844328058800459,-1.4999764518061627,-2.007579970738149e-05,2.435460805531518e-05,0,nan,nan,nan,3.0,0.5000209027831708,-6.535224917314508e-05,2.999975645391945,0.0,-1.0,SOLVER_EXCEPTION,0.0,0,True,True
1416.319,-0.08852414583092653,-1.499976431946215,-2.0094466014780958e-05,2.435455732254444e-05,0,nan,nan,nan,3.0,0.5000209233644366,-6.536858204597706e-05,2.9999756454426776,0.0,-1.0,SOLVER_EXCEPTION,0.0,0,True,True
1416.426,-0.08860656617236398,-1.4999764117020509,-2.0113490722181608e-05,2.4354495188438486e-05,0,nan,nan,nan,3.0,0.500020947791256,-6.538796939636882e-05,2.9999756455048114,0.0,-1.0,SOLVER_EXCEPTION,0.0,0,True,True
1416.517,-0.08867810080646213,-1.4999763941316961,-2.0130004591879162e-05,2.435449457628497e-05,0,nan,nan,nan,3.0,0.5000209706369251,-6.540609726757296e-05,2.999975645505424,0.0,-1.0,SOLVER_EXCEPTION,0.0,0,True,True
1416.615,-0.08875430074089959,-1.499976375413624,-2.0147595838138827e-05,2.4354533092096983e-05,0,nan,nan,nan,3.0,0.5000209932576015,-6.542404530085477e-05,2.999975645466908,0.0,-1.0,SOLVER_EXCEPTION,0.0,0,True,True
1416.723,-0.08883516597534562,-1.4999763555476506,-2.0166261155462744e-05,2.4354424102773303e-05,0,nan,nan,nan,3.0,0.5000210156537028,-6.544181422896145e-05,2.9999756455758972,0.0,-1.0,SOLVER_EXCEPTION,0.0,0,True,True
1416.817,-0.08890747815433947,-1.4999763377819424,-2.0182953947613286e-05,2.435440801333851e-05,0,nan,nan,nan,3.0,0.5000210380507744,-6.545958400705487e-05,2.9999756455919866,0.0,-1.0,SOLVER_EXCEPTION,0.0,0,True,True
1416.917,-0.08898912093504757,-1.499976317722156,-2.0201801032973342e-05,2.4354425914283433e-05,0,nan,nan,nan,3.0,0.5000210611282759,-6.547789368349655e-05,2.999975645574086,0.0,-1.0,SOLVER_EXCEPTION,0.0,0,True,True
1417.018,-0.08906454331152942,-1.499976299189641,-2.0219211857187633e-05,2.4354402270563917e-05,0,nan,nan,nan,3.0,0.5000210837544568,-6.54958419166185e-05,2.9999756455977296,0.0,-1.0,SOLVER_EXCEPTION,0.0,0,True,True
1417.12,-0.08914696363842295,-1.4999762789359292,-2.0238239658543345e-05,2.435448096764735e-05,0,nan,nan,nan,3.0,0.500021106834791,-6.551415171429653e-05,2.9999756455190325,0.0,-1.0,SOLVER_EXCEPTION,0.0,0,True,True
1417.216,-0.08922160846095935,-1.4999762605915274,-2.0255468731224135e-05,2.4354333821973842e-05,0,nan,nan,nan,3.0,0.500021129011362,-6.553173980572424e-05,2.999975645666178,0.0,-1.0,SOLVER_EXCEPTION,0.0,0,True,True
1417.317,-0.0892962532817869,-1.4999762422456917,-2.0272701535845713e-05,2.4354425383078687e-05,0,nan,nan,nan,3.0,0.5000211511894527,-6.55493315950828e-05,2.999975645574617,0.0,-1.0,SOLVER_EXCEPTION,0.0,0,True,True
1417.415,-0.08937634095225651,-1.4999762225612352,-2.029118952378013e-05,2.435439626618894e-05,0,nan,nan,nan,3.0,0.5000211740473741,-6.556746060093488e-05,2.9999756456037336,0.0,-1.0,SOLVER_EXCEPTION,0.0,0,True,True
1417.519,-0.08945642862080783,-1.499976202874844,-2.0309677830043343e-05,2.435441675137839e-05,0,nan,nan,nan,3.0,0.5000211966810765,-6.558540808310198e-05,2.9999756455832487,0.0,-1.0,SOLVER_EXCEPTION,0.0,0,True,True
1417.616,-0.0895318509865467,-1.4999761843340913,-2.0327088777748953e-05,2.435439981729483e-05,0,nan,nan,nan,3.0,0.5000212195419583,-6.560353705875599e-05,2.9999756456001827,0.0,-1.0,SOLVER_EXCEPTION,0.0,0,True,True
