timestamp,x,y,yaw,speed,nearest_path_index,reference_x,reference_y,reference_yaw,reference_speed,cte,heading_error,speed_error,steering_command,acceleration_command,solver_status,solver_time_ms,iteration_count,state_valid,fallback_active
1221.119,-0.01528746310850327,-1.999993591369066,-3.4137287943497756e-06,0.0001030931133444936,0,nan,nan,nan,3.0,4.5170997672435344e-07,-4.869035885368689e-05,2.9998969068866557,0.0,-1.0,SOLVER_EXCEPTION,0.0,0,True,True
1221.215,-0.01535135021666165,-1.9999935741545998,-3.4310830098165607e-06,9.055946581912046e-05,0,nan,nan,nan,3.0,4.7181703596425123e-07,-4.8707713069084946e-05,2.999909440534181,0.0,-1.0,SOLVER_EXCEPTION,0.0,0,True,True
1221.319,-0.015422522050054455,-1.9999935553371997,-3.4500458648007713e-06,7.763372947692584e-05,0,nan,nan,nan,3.0,4.932319970820436e-07,-4.8726141336441486e-05,2.999922366270523,0.0,-1.0,SOLVER_EXCEPTION,0.0,0,True,True
1221.416,-0.015490203863118612,-1.9999935377579616,-3.467760453132765e-06,6.625978282136043e-05,0,nan,nan,nan,3.0,5.128301495792586e-07,-4.8742959198655456e-05,2.9999337402171786,0.0,-1.0,SOLVER_EXCEPTION,0.0,0,True,True
1221.515,-0.015556889666933051,-1.999993520705473,-3.4849347959156494e-06,5.5852928600522567e-05,0,nan,nan,nan,3.0,5.349909035232263e-07,-4.876192272096347e-05,2.9999441470713997,0.0,-1.0,SOLVER_EXCEPTION,0.0,0,True,True
1221.617,-0.015630951331101324,-1.9999935020493373,-3.503720065112609e-06,4.5157630800033195e-05,0,nan,nan,nan,3.0,5.557422084638198e-07,-4.87796341794855e-05,2.9999548423692,0.0,-1.0,SOLVER_EXCEPTION,0.0,0,True,True
1221.716,-0.015701076771353177,-1.9999934846329221,-3.521254660064614e-06,3.582648193299428e-05,0,nan,nan,nan,3.0,5.767524356755512e-07,-4.879752688236039e-05,2.999964173518067,0.0,-1.0,SOLVER_EXCEPTION,0.0,0,True,True
1221.817,-0.01577503313430698,-1.9999934665002477,-3.5395061069676717e-06,2.682697771660201e-05,0,nan,nan,nan,3.0,5.978113362519438e-07,-4.881541935297662e-05,2.9999731730222834,0.0,-1.0,SOLVER_EXCEPTION,0.0,0,True,True
1221.916,-0.015845491803174547,-1.9999934494294513,-3.556678392452582e-06,1.916461212411894e-05,0,nan,nan,nan,3.0,6.187037200775111e-07,-4.883313172809878e-05,2.999980835387876,0.0,-1.0,SOLVER_EXCEPTION,0.0,0,True,True
1222.018,-0.0159212090285133,-1.9999934312884362,-3.5749293949234183e-06,1.2428667552582277e-05,0,nan,nan,nan,3.0,6.390027493444765e-07,-4.8850308211889626e-05,2.9999875713324475,0.0,-1.0,SOLVER_EXCEPTION,0.0,0,True,True
1222.117,-0.015995494218891328,-1.9999934136756747,-3.592641797279438e-06,9.117916247860233e-06,0,nan,nan,nan,3.0,6.61248518241745e-07,-4.886909409673734e-05,2.999990882083752,0.0,-1.0,SOLVER_EXCEPTION,0.0,0,True,True
1222.221,-0.01607584917099686,-1.99999339481379,-3.6116085958344827e-06,1.1424576154773587e-05,0,nan,nan,nan,3.0,6.824733904008115e-07,-4.888698310301365e-05,2.999988575423845,0.0,-1.0,SOLVER_EXCEPTION,0.0,0,True,True
1222.318,-0.016150847675720923,-1.9999933773719947,-3.6291423723832613e-06,1.6404250744883553e-05,0,nan,nan,nan,3.0,7.039470204413739e-07,-4.8905056731385343e-05,2.999983595749255,0.0,-1.0,SOLVER_EXCEPTION,0.0,0,True,True
1222.415,-0.016225711670424952,-1.99999336010354,-3.646497126334029e-06,2.191267721986501e-05,0,nan,nan,nan,3.0,7.250300749024299e-07,-4.8922769295689505e-05,2.99997808732278,0.0,-1.0,SOLVER_EXCEPTION,0.0,0,True,True
1222.519,-0.01630351003298957,-1.9999933422980467,-3.6643861170858243e-06,2.7578949078121373e-05,0,nan,nan,nan,3.0,7.465703390763072e-07,-4.894083939621652e-05,2.9999724210509218,0.0,-1.0,SOLVER_EXCEPTION,0.0,0,True,True
1222.622,-0.01638662132338703,-1.9999933234204188,-3.683353444353139e-06,3.3368830739623816e-05,0,nan,nan,nan,3.0,7.670737655040786e-07,-4.895801649107412e-05,2.9999666311692605,0.0,-1.0,SOLVER_EXCEPTION,0.0,0,True,True
1222.718,-0.01646163800413398,-1.9999933064976987,-3.7003504586971833e-06,3.8310513217016476e-05,0,nan,nan,nan,3.0,7.891020261213716e-07,-4.897644483570218e-05,2.999961689486783,0.0,-1.0,SOLVER_EXCEPTION,0.0,0,True,True
1222.817,-0.016538719937094305,-1.9999932892168708,-3.717707516243828e-06,4.3097903453993635e-05,0,nan,nan,nan,3.0,8.105148641967047e-07,-4.8994337575880564e-05,2.999956902096546,0.0,-1.0,SOLVER_EXCEPTION,0.0,0,True,True
1222.917,-0.016621876983219028,-1.9999932706845023,-3.736313533966275e-06,4.793864120372957e-05,0,nan,nan,nan,3.0,8.319542706721066e-07,-4.901222789177595e-05,2.999952061358796,0.0,-1.0,SOLVER_EXCEPTION,0.0,0,True,True
1223.016,-0.016699885514225524,-1.9999932533959144,-3.7536681868047035e-06,5.2186141870320096e-05,0,nan,nan,nan,3.0,8.534180163450903e-07,-4.903012041479471e-05,2.9999478138581295,0.0,-1.0,SOLVER_EXCEPTION,0.0,0,True,True
1223.117,-0.016782352559871636,-1.999993235214768,-3.7719189612293248e-06,5.638283922107201e-05,0,nan,nan,nan,3.0,8.74902888743e-07,-4.9048013608388175e-05,2.999943617160779,0.0,-1.0,SOLVER_EXCEPTION,0.0,0,True,True
1223.22,-0.016866054082148897,-1.9999932168509975,-3.790347503802924e-06,6.0350796561274694e-05,0,nan,nan,nan,3.0,8.961951609238782e-07,-4.9065726219321704e-05,2.999939649203439,0.0,-1.0,SOLVER_EXCEPTION,0.0,0,True,True
1223.315,-0.016944427646089652,-1.9999931997321756,-3.8075245254752e-06,6.38152291173462e-05,0,nan,nan,nan,3.0,9.181533435726476e-07,-4.9083974367203353e-05,2.9999361847708825,0.0,-1.0,SOLVER_EXCEPTION,0.0,0,True,True
1223.417,-0.0170280556671283,-1.9999931815420728,-3.825775405382889e-06,6.726000745911171e-05,0,nan,nan,nan,3.0,9.388366886731145e-07,-4.910115100509316e-05,2.999932739992541,0.0,-1.0,SOLVER_EXCEPTION,0.0,0,True,True
1223.518,-0.017111201411748433,-1.9999931635262427,-3.84384620923493e-06,7.0442357947236e-05,0,nan,nan,nan,3.0,9.612627230006715e-07,-4.911976053634248e-05,2.999929557642053,0.0,-1.0,SOLVER_EXCEPTION,0.0,0,True,True
1223.616,-0.017190521488152904,-1.999993146399823,-3.861020197761521e-06,7.326621816953398e-05,0,nan,nan,nan,3.0,9.82627083990258e-07,-4.913747227064391e-05,2.9999267337818303,0.0,-1.0,SOLVER_EXCEPTION,0.0,0,True,True
1223.715,-0.017274257558270948,-1.9999931283795993,-3.879094421595928e-06,7.603611946717232e-05,0,nan,nan,nan,3.0,1.004438925828649e-06,-4.915554443574166e-05,2.9999239638805326,0.0,-1.0,SOLVER_EXCEPTION,0.0,0,True,True
1223.819,-0.01735493335208428,-1.9999931110696587,-3.896449389061377e-06,7.85114736315751e-05,0,nan,nan,nan,3.0,1.0256174689347096e-06,-4.917307944829474e-05,2.9999214885263683,0.0,-1.0,SOLVER_EXCEPTION,0.0,0,True,True
1223.915,-0.01744001895988096,-1.9999930928659013,-3.914700354988416e-06,8.09288749776115e-05,0,nan,nan,nan,3.0,1.0476736158926927e-06,-4.919133041436652e-05,2.9999190711250225,0.0,-1.0,SOLVER_EXCEPTION,0.0,0,True,True
1224.016,-0.017525343334456572,-1.9999930746590513,-3.932949246971034e-06,8.316564116845305e-05,0,nan,nan,nan,3.0,1.0677961097157106e-06,-4.920797009377864e-05,2.9999168343588316,0.0,-1.0,SOLVER_EXCEPTION,0.0,0,True,True
1224.117,-0.017610048653724918,-1.999993056628004,-3.951019894101325e-06,8.52116951635052e-05,0,nan,nan,nan,3.0,1.0905271192380948e-06,-4.922675625707029e-05,2.9999147883048365,0.0,-1.0,SOLVER_EXCEPTION,0.0,0,True,True
1224.219,-0.01769579521502622,-1.9999930384168982,-3.969269866455689e-06,8.711639497576878e-05,0,nan,nan,nan,3.0,1.113269957552191e-06,-4.9245542098397266e-05,2.9999128836050244,0.0,-1.0,SOLVER_EXCEPTION,0.0,0,True,True
1224.316,-0.017777512559727694,-1.99999302109588,-3.986626509888825e-06,8.878486135071934e-05,0,nan,nan,nan,3.0,1.1342909315119024e-06,-4.92628976069831e-05,2.999911215138649,0.0,-1.0,SOLVER_EXCEPTION,0.0,0,True,True
1224.416,-0.017861920601012753,-1.9999930032368034,-4.004519292294658e-06,9.03665974112082e-05,0,nan,nan,nan,3.0,1.1559712411122496e-06,-4.928079128196927e-05,2.9999096334025888,0.0,-1.0,SOLVER_EXCEPTION,0.0,0,True,True
1224.518,-0.017948173516195626,-1.999992985019243,-4.0227708374716345e-06,9.184282508698233e-05,0,nan,nan,nan,3.0,1.1774433015000052e-06,-4.9298503896899604e-05,2.999908157174913,0.0,-1.0,SOLVER_EXCEPTION,0.0,0,True,True
1224.62,-0.01803033261026557,-1.9999929676915948,-4.040126328606211e-06,9.312490432963254e-05,0,nan,nan,nan,3.0,1.19914138772837e-06,-4.931639847693958e-05,2.9999068750956703,0.0,-1.0,SOLVER_EXCEPTION,0.0,0,True,True
1224.716,-0.018114308756317647,-1.9999929500057705,-4.057838168439303e-06,9.431736450765885e-05,0,nan,nan,nan,3.0,1.2210633162381344e-06,-4.9334468227968387e-05,2.999905682635492,0.0,-1.0,SOLVER_EXCEPTION,0.0,0,True,True
1224.822,-0.01820434761323668,-1.9999929310666515,-4.0768064849020485e-06,9.547122772528272e-05,0,nan,nan,nan,3.0,1.242559212581049e-06,-4.9352181642703385e-05,2.9999045287722748,0.0,-1.0,SOLVER_EXCEPTION,0.0,0,True,True
1224.919,-0.01828429115929548,-1.9999929142690034,-4.093622879294867e-06,9.639365090409669e-05,0,nan,nan,nan,3.0,1.2644963136762268e-06,-4.937025293871855e-05,2.999903606349096,0.0,-1.0,SOLVER_EXCEPTION,0.0,0,True,True
1225.017,-0.01836431751806646,-1.9999928974710897,-4.1104429915126915e-06,9.722638232529843e-05,0,nan,nan,nan,3.0,1.2849175512255098e-06,-4.9387073051132546e-05,2.999902773617675,0.0,-1.0,SOLVER_EXCEPTION,0.0,0,True,True
1225.12,-0.018452091285117142,-1.9999928790619204,-4.128871734924464e-06,9.804119360553413e-05,0,nan,nan,nan,3.0,1.3068662108340985e-06,-4.940514391371664e-05,2.9999019588063947,0.0,-1.0,SOLVER_EXCEPTION,0.0,0,True,True
1225.221,-0.0185459175060312,-1.9999928593999405,-4.148555910779215e-06,9.880492280431622e-05,0,nan,nan,nan,3.0,1.3292547648510917e-06,-4.942357265003139e-05,2.9999011950771957,0.0,-1.0,SOLVER_EXCEPTION,0.0,0,True,True
1225.318,-0.018627866806856054,-1.9999928422391178,-4.165733597907195e-06,9.938658609657885e-05,0,nan,nan,nan,3.0,1.3512124441870424e-06,-4.944164811204743e-05,2.9999006134139035,0.0,-1.0,SOLVER_EXCEPTION,0.0,0,True,True
1225.418,-0.01871328631022908,-1.9999928243603078,-4.183623802819103e-06,9.991308939363279e-05,0,nan,nan,nan,3.0,1.3731759444897003e-06,-4.9459719376088174e-05,2.9999000869106065,0.0,-1.0,SOLVER_EXCEPTION,0.0,0,True,True
1225.519,-0.018796190099104586,-1.9999928070171478,-4.200981787736632e-06,0.00010035064432877377,0,nan,nan,nan,3.0,1.394707786986184e-06,-4.9477431748989886e-05,2.999899649355671,0.0,-1.0,SOLVER_EXCEPTION,0.0,0,True,True
1225.624,-0.018884264783751475,-1.9999927885992062,-4.219412218318163e-06,0.00010074073921071243,0,nan,nan,nan,3.0,1.4166785535774073e-06,-4.949550326882601e-05,2.9998992592607894,0.0,-1.0,SOLVER_EXCEPTION,0.0,0,True,True
1225.718,-0.018970664820051598,-1.9999927705365543,-4.237483728952825e-06,0.00010105290880073259,0,nan,nan,nan,3.0,1.4377827370766344e-06,-4.9512858689926276e-05,2.999898947091199,0.0,-1.0,SOLVER_EXCEPTION,0.0,0,True,True
1225.818,-0.019047678985479998,-1.9999927544404774,-4.253587019374273e-06,0.00010127563683252368,0,nan,nan,nan,3.0,1.4588884676682454e-06,-4.953021707887473e-05,2.9998987243631676,0.0,-1.0,SOLVER_EXCEPTION,0.0,0,True,True
1225.922,-0.019141831231256606,-1.9999927347650859,-4.273267717347875e-06,0.00010148096651424827,0,nan,nan,nan,3.0,1.4810861433042143e-06,-4.9548466486637466e-05,2.999898519033486,0.0,-1.0,SOLVER_EXCEPTION,0.0,0,True,True
1226.02,-0.01922915300764292,-1.9999927165186877,-4.291520466014634e-06,0.00010160946102386032,0,nan,nan,nan,3.0,1.5032855994632947e-06,-4.9566718564264534e-05,2.9998983905389762,0.0,-1.0,SOLVER_EXCEPTION,0.0,0,True,True
1226.114,-0.019309635224950966,-1.9999926997026904,-4.308339636459416e-06,0.00010167817594360491,0,nan,nan,nan,3.0,1.5254867503241098e-06,-4.9584969695981584e-05,2.9998983218240562,0.0,-1.0,SOLVER_EXCEPTION,0.0,0,True,True
1226.216,-0.01939697176719297,-1.9999926814530447,-4.32658921318105e-06,0.00010170197895002008,0,nan,nan,nan,3.0,1.5463847974136442e-06,-4.960214554472486e-05,2.99989829802105,0.0,-1.0,SOLVER_EXCEPTION,0.0,0,True,True
1226.316,-0.01948259572268475,-1.999992663560202,-4.3444830379344e-06,0.00010167702652145472,0,nan,nan,nan,3.0,1.5690244985099804e-06,-4.962075482195516e-05,2.9998983229734786,0.0,-1.0,SOLVER_EXCEPTION,0.0,0,True,True
1226.417,-0.01956735873280398,-1.9999926458449795,-4.362196711721906e-06,0.00010160802066083698,0,nan,nan,nan,3.0,1.5907955161342188e-06,-4.96386490125289e-05,2.999898391979339,0.0,-1.0,SOLVER_EXCEPTION,0.0,0,True,True
1226.515,-0.01965211279812635,-1.9999926281272895,-4.3799104572910705e-06,0.00010149758836331351,0,nan,nan,nan,3.0,1.6125683815692517e-06,-4.965654051680701e-05,2.9998985024116367,0.0,-1.0,SOLVER_EXCEPTION,0.0,0,True,True
1226.62,-0.019742845133195235,-1.9999926091565043,-4.398878315911464e-06,0.00010133624758423098,0,nan,nan,nan,3.0,1.6345580296135933e-06,-4.9674614551964424e-05,2.9998986637524157,0.0,-1.0,SOLVER_EXCEPTION,0.0,0,True,True
1226.717,-0.01982243406864806,-1.9999925925106485,-4.415518390307271e-06,0.00010116022182920212,0,nan,nan,nan,3.0,1.6561142250204266e-06,-4.969232856977257e-05,2.999898839778171,0.0,-1.0,SOLVER_EXCEPTION,0.0,0,True,True
1226.816,-0.01990884903488542,-1.9999925744307725,-4.43358988260208e-06,0.00010093484008613911,0,nan,nan,nan,3.0,1.6776711804518363e-06,-4.971004205289731e-05,2.999899065159914,0.0,-1.0,SOLVER_EXCEPTION,0.0,0,True,True
1226.919,-0.019998660276989,-1.9999925556349027,-4.452380017293341e-06,0.00010066516542923913,0,nan,nan,nan,3.0,1.69900951868784e-06,-4.972757895504998e-05,2.999899334834571,0.0,-1.0,SOLVER_EXCEPTION,0.0,0,True,True
1227.015,-0.020077327298668457,-1.9999925391632307,-4.4688402003503595e-06,0.00010040107905154392,0,nan,nan,nan,3.0,1.720784719894877e-06,-4.9745470259932034e-05,2.9998995989209485,0.0,-1.0,SOLVER_EXCEPTION,0.0,0,True,True
1227.118,-0.02016878819751966,-1.9999925200051223,-4.4879856004211985e-06,0.00010006346066626107,0,nan,nan,nan,3.0,1.742994453886124e-06,-4.97637212100166e-05,2.9998999365393337,0.0,-1.0,SOLVER_EXCEPTION,0.0,0,True,True
1227.22,-0.020255085693515442,-1.9999925019210387,-4.506060175184669e-06,9.971671056480768e-05,0,nan,nan,nan,3.0,1.7647689942676755e-06,-4.97816168549825e-05,2.9999002832894353,0.0,-1.0,SOLVER_EXCEPTION,0.0,0,True,True
1227.319,-0.020339638943624876,-1.9999924841922396,-4.523774202768055e-06,9.935214251624081e-05,0,nan,nan,nan,3.0,1.785890573991123e-06,-4.979897257051391e-05,2.999900647857484,0.0,-1.0,SOLVER_EXCEPTION,0.0,0,True,True
1227.415,-0.0204224477953542,-1.99999246682101,-4.5411292716707345e-06,9.897282593405085e-05,0,nan,nan,nan,3.0,1.8085348993654488e-06,-4.981758275057757e-05,2.999901027174066,0.0,-1.0,SOLVER_EXCEPTION,0.0,0,True,True
1227.521,-0.02051204340458636,-1.9999924480155062,-4.559918256102564e-06,9.853935027969003e-05,0,nan,nan,nan,3.0,1.8294381716740808e-06,-4.9834757843036925e-05,2.9999014606497205,0.0,-1.0,SOLVER_EXCEPTION,0.0,0,True,True
1227.616,-0.020593065752953936,-1.9999924309990498,-4.57691616592756e-06,9.812803901857237e-05,0,nan,nan,nan,3.0,1.8518642520147616e-06,-4.9853188128778925e-05,2.9999018719609816,0.0,-1.0,SOLVER_EXCEPTION,0.0,0,True,True
1227.718,-0.020680013531660924,-1.9999924127286015,-4.5951676589704235e-06,9.766769891764639e-05,0,nan,nan,nan,3.0,1.8738536094671951e-06,-4.9871263243517205e-05,2.9999023323010823,0.0,-1.0,SOLVER_EXCEPTION,0.0,0,True,True
1227.817,-0.02076350631430039,-1.9999923951726126,-4.612705494225456e-06,9.720851225226905e-05,0,nan,nan,nan,3.0,1.8951903697676225e-06,-4.9888796340713526e-05,2.999902791487748,0.0,-1.0,SOLVER_EXCEPTION,0.0,0,True,True
1227.918,-0.020850358121996274,-1.9999923768987062,-4.630954475961894e-06,9.671421389052168e-05,0,nan,nan,nan,3.0,1.9173958520508426e-06,-4.990704842500193e-05,2.9999032857861097,0.0,-1.0,SOLVER_EXCEPTION,0.0,0,True,True
1228.019,-0.02093630776398411,-1.999992358803542,-4.64902974485114e-06,9.620973187195747e-05,0,nan,nan,nan,3.0,1.9389478885056027e-06,-4.992476277498881e-05,2.999903790268128,0.0,-1.0,SOLVER_EXCEPTION,0.0,0,True,True
1228.119,-0.02102220550854256,-1.9999923407058158,-4.6671020308271375e-06,9.569140552034916e-05,0,nan,nan,nan,3.0,1.9604996359089906e-06,-4.9942476880726616e-05,2.9999043085944797,0.0,-1.0,SOLVER_EXCEPTION,0.0,0,True,True
1228.221,-0.021108899685290453,-1.999992322428082,-4.685351179963853e-06,9.51550441055026e-05,0,nan,nan,nan,3.0,1.9818312197010867e-06,-4.996001384860449e-05,2.9999048449558945,0.0,-1.0,SOLVER_EXCEPTION,0.0,0,True,True
1228.316,-0.021187895973445788,-1.9999923057625353,-4.701995076260266e-06,9.465576602179833e-05,0,nan,nan,nan,3.0,2.0038155400541663e-06,-4.997808605278209e-05,2.9999053442339783,0.0,-1.0,SOLVER_EXCEPTION,0.0,0,True,True
1228.416,-0.02126939113678179,-1.9999922885572599,-4.7191692189568495e-06,9.41308339765981e-05,0,nan,nan,nan,3.0,2.0253633238890523e-06,-4.9995799278335085e-05,2.999905869166023,0.0,-1.0,SOLVER_EXCEPTION,0.0,0,True,True
1228.52,-0.021360164085714842,-1.9999922693799828,-4.73831876445186e-06,9.353557326268571e-05,0,nan,nan,nan,3.0,2.0479976838542864e-06,-5.001441082530533e-05,2.9999064644267373,0.0,-1.0,SOLVER_EXCEPTION,0.0,0,True,True
1228.62,-0.021446635238117736,-1.9999922510969381,-4.756568604938256e-06,9.295892387823989e-05,0,nan,nan,nan,3.0,2.068673038023543e-06,-5.00314094322718e-05,2.999907041076122,0.0,-1.0,SOLVER_EXCEPTION,0.0,0,True,True
1228.718,-0.021529659312544292,-1.9999922335295626,-4.774106095680094e-06,9.2397381165714e-05,0,nan,nan,nan,3.0,2.0913040731117644e-06,-5.005001959634825e-05,2.9999076026188343,0.0,-1.0,SOLVER_EXCEPTION,0.0,0,True,True
1228.817,-0.021613474079834594,-1.999992215782444,-4.791820118142285e-06,9.182333385432315e-05,0,nan,nan,nan,3.0,2.113281890448668e-06,-5.0068092284139e-05,2.9999081766661457,0.0,-1.0,SOLVER_EXCEPTION,0.0,0,True,True
1228.918,-0.02169976862995159,-1.9999921974957626,-4.810073688901067e-06,9.122563256318065e-05,0,nan,nan,nan,3.0,2.135258497467997e-06,-5.0086164658846855e-05,2.999908774367437,0.0,-1.0,SOLVER_EXCEPTION,0.0,0,True,True
1229.019,-0.021785156489496364,-1.999992179387316,-4.828144774098485e-06,9.062815499229454e-05,0,nan,nan,nan,3.0,2.15701503124125e-06,-5.010405915539806e-05,2.999909371845008,0.0,-1.0,SOLVER_EXCEPTION,0.0,0,True,True
1229.118,-0.021868794401210714,-1.9999921616358964,-4.84585968246629e-06,9.003784537432912e-05,0,nan,nan,nan,3.0,2.178553555881441e-06,-5.0121773916167456e-05,2.9999099621546255,0.0,-1.0,SOLVER_EXCEPTION,0.0,0,True,True
1229.217,-0.021952373365899155,-1.9999921438829495,-4.863574412678781e-06,8.944349878708762e-05,0,nan,nan,nan,3.0,2.1996555171155452e-06,-5.013913016371774e-05,2.999910556501213,0.0,-1.0,SOLVER_EXCEPTION,0.0,0,True,True
1229.321,-0.022038422976393485,-1.9999921255921262,-4.881826818867329e-06,8.882753614744805e-05,0,nan,nan,nan,3.0,2.2220599306419197e-06,-5.015756344395328e-05,2.9999111724638525,0.0,-1.0,SOLVER_EXCEPTION,0.0,0,True,True
1229.415,-0.022119353007423813,-1.9999921083749603,-4.8990060279099395e-06,8.82450346803752e-05,0,nan,nan,nan,3.0,2.2438116475156745e-06,-5.017545595276118e-05,2.9999117549653196,0.0,-1.0,SOLVER_EXCEPTION,0.0,0,True,True
1229.517,-0.022205279436945873,-1.9999920900803616,-4.9172557845612475e-06,8.762363667229015e-05,0,nan,nan,nan,3.0,2.2653433534743653e-06,-5.0193172973500566e-05,2.9999123763633277,0.0,-1.0,SOLVER_EXCEPTION,0.0,0,True,True
1229.624,-0.022294507895494524,-1.9999920710683599,-4.936224790591047e-06,8.697582834366189e-05,0,nan,nan,nan,3.0,2.286874080156454e-06,-5.0210888034918355e-05,2.9999130241716565,0.0,-1.0,SOLVER_EXCEPTION,0.0,0,True,True
1229.716,-0.022372736309974085,-1.9999920543856342,-4.952866036469456e-06,8.640615593043119e-05,0,nan,nan,nan,3.0,2.3090558436487676e-06,-5.022913816965513e-05,2.9999135938440697,0.0,-1.0,SOLVER_EXCEPTION,0.0,0,True,True
1229.818,-0.02245763365369236,-1.9999920362677088,-4.970941087992395e-06,8.578655307827599e-05,0,nan,nan,nan,3.0,2.330582687217934e-06,-5.024685539911644e-05,2.999914213446922,0.0,-1.0,SOLVER_EXCEPTION,0.0,0,True,True
1229.915,-0.022539949104562577,-1.9999920186859472,-4.988474954277081e-06,8.51847651215905e-05,0,nan,nan,nan,3.0,2.3525436453359923e-06,-5.026492840176644e-05,2.9999148152348782,0.0,-1.0,SOLVER_EXCEPTION,0.0,0,True,True
1230.019,-0.022627239397344463,-1.9999920000266538,-5.007086453352846e-06,8.454604273064842e-05,0,nan,nan,nan,3.0,2.37450314668457e-06,-5.0283000551321066e-05,2.999915453957269,0.0,-1.0,SOLVER_EXCEPTION,0.0,0,True,True
1230.116,-0.022708594168240392,-1.9999919826227601,-5.024442501668648e-06,8.395047807913019e-05,0,nan,nan,nan,3.0,2.396025292097356e-06,-5.030071467171382e-05,2.999916049521921,0.0,-1.0,SOLVER_EXCEPTION,0.0,0,True,True
1230.217,-0.022793242050311347,-1.9999919644991704,-5.042515539885601e-06,8.333098015919083e-05,0,nan,nan,nan,3.0,2.4177640380909156e-06,-5.031861107207547e-05,2.9999166690198407,0.0,-1.0,SOLVER_EXCEPTION,0.0,0,True,True
1230.319,-0.02287782703257231,-1.9999919463744178,-5.060588890694221e-06,8.271241699858703e-05,0,nan,nan,nan,3.0,2.4392834236620674e-06,-5.033632479634065e-05,2.9999172875830014,0.0,-1.0,SOLVER_EXCEPTION,0.0,0,True,True
1230.416,-0.022959003000368697,-1.9999919289673902,-5.077948813224631e-06,8.211956357217355e-05,0,nan,nan,nan,3.0,2.461235962983502e-06,-5.035439758893645e-05,2.9999178804364277,0.0,-1.0,SOLVER_EXCEPTION,0.0,0,True,True
1230.516,-0.023043465011561313,-1.999991910839856,-5.096021727500664e-06,8.150375689335676e-05,0,nan,nan,nan,3.0,2.481666211122179e-06,-5.0371219652678434e-05,2.9999184962431067,0.0,-1.0,SOLVER_EXCEPTION,0.0,0,True,True
1230.616,-0.023127029194059505,-1.9999918928917724,-5.113915876726963e-06,8.089583336004669e-05,0,nan,nan,nan,3.0,2.5047017693556834e-06,-5.039018805108597e-05,2.99991910416664,0.0,-1.0,SOLVER_EXCEPTION,0.0,0,True,True
1230.718,-0.023203019516618326,-1.999991876557095,-5.130199569756884e-06,8.034442264963614e-05,0,nan,nan,nan,3.0,2.5255634083774894e-06,-5.040736518013844e-05,2.9999196555773504,0.0,-1.0,SOLVER_EXCEPTION,0.0,0,True,True
1230.818,-0.023295642769902137,-1.9999918566314496,-5.150062798529551e-06,7.967439126468456e-05,0,nan,nan,nan,3.0,2.5470752296698904e-06,-5.0425079002991424e-05,2.9999203256087354,0.0,-1.0,SOLVER_EXCEPTION,0.0,0,True,True
1230.915,-0.02337652264499759,-1.9999918392183436,-5.167419102480765e-06,7.909136678391126e-05,0,nan,nan,nan,3.0,2.5683679439979066e-06,-5.0442617563817294e-05,2.999920908633216,0.0,-1.0,SOLVER_EXCEPTION,0.0,0,True,True
1231.019,-0.02346234322327109,-1.9999918207262724,-5.185849976152967e-06,7.847513034945428e-05,0,nan,nan,nan,3.0,2.590963411834658e-06,-5.046122871865677e-05,2.9999215248696505,0.0,-1.0,SOLVER_EXCEPTION,0.0,0,True,True
1231.118,-0.023541441610591445,-1.9999918036693927,-5.202848301249432e-06,7.790947777961358e-05,0,nan,nan,nan,3.0,2.6131219793273827e-06,-5.047947836045452e-05,2.9999220905222206,0.0,-1.0,SOLVER_EXCEPTION,0.0,0,True,True
1231.217,-0.023622149543640378,-1.9999917862526908,-5.220209128895334e-06,7.733490792502514e-05,0,nan,nan,nan,3.0,2.6339757477951826e-06,-5.0496659056875615e-05,2.999922665092075,0.0,-1.0,SOLVER_EXCEPTION,0.0,0,True,True
1231.318,-0.023711944076267224,-1.9999917668587195,-5.239533846590167e-06,7.669872935537235e-05,0,nan,nan,nan,3.0,2.6563494272190335e-06,-5.051509001896548e-05,2.9999233012706448,0.0,-1.0,SOLVER_EXCEPTION,0.0,0,True,True
1231.42,-0.023796686682833492,-1.9999917485415413,-5.257787565868797e-06,7.61016101503193e-05,0,nan,nan,nan,3.0,2.678285462502611e-06,-5.053316556624665e-05,2.9999238983898495,0.0,-1.0,SOLVER_EXCEPTION,0.0,0,True,True
1231.516,-0.023876388558893655,-1.9999917313011293,-5.274966691637086e-06,7.554301733422863e-05,0,nan,nan,nan,3.0,2.7000041087008034e-06,-5.0551058722092534e-05,2.999924456982666,0.0,-1.0,SOLVER_EXCEPTION,0.0,0,True,True
1231.618,-0.02396018344910912,-1.999991713160435,-5.293039951453596e-06,7.495904285106343e-05,0,nan,nan,nan,3.0,2.721938824903305e-06,-5.056913179890543e-05,2.999925040957149,0.0,-1.0,SOLVER_EXCEPTION,0.0,0,True,True
1231.712,-0.024038117558665424,-1.999991696277135,-5.309861893606482e-06,7.441907462160296e-05,0,nan,nan,nan,3.0,2.743653643124125e-06,-5.058702647886548e-05,2.999925580925378,0.0,-1.0,SOLVER_EXCEPTION,0.0,0,True,True
1231.818,-0.024126767771794885,-1.9999916770568456,-5.329008620475284e-06,7.380867857934997e-05,0,nan,nan,nan,3.0,2.764716518344778e-06,-5.060438488646568e-05,2.999926191321421,0.0,-1.0,SOLVER_EXCEPTION,0.0,0,True,True
1231.917,-0.02420790389202186,-1.9999916594515246,-5.346543674922129e-06,7.325369349422873e-05,0,nan,nan,nan,3.0,2.785994426950229e-06,-5.062192137783583e-05,2.999926746306506,0.0,-1.0,SOLVER_EXCEPTION,0.0,0,True,True
1232.016,-0.024289812483875607,-1.9999916416667407,-5.364262023143627e-06,7.269718635585008e-05,0,nan,nan,nan,3.0,2.808791421465761e-06,-5.064071078608734e-05,2.999927302813644,0.0,-1.0,SOLVER_EXCEPTION,0.0,0,True,True
1232.117,-0.024373318784910634,-1.999991623520382,-5.382335212494481e-06,7.213370024761661e-05,0,nan,nan,nan,3.0,2.8305015436533695e-06,-5.065860743425077e-05,2.9999278662997524,0.0,-1.0,SOLVER_EXCEPTION,0.0,0,True,True
1232.228,-0.0244584198276605,-1.9999916050135624,-5.400766067604976e-06,7.156360178774013e-05,0,nan,nan,nan,3.0,2.8504728173661262e-06,-5.067507170508634e-05,2.9999284363982124,0.0,-1.0,SOLVER_EXCEPTION,0.0,0,True,True
1232.315,-0.02453768421515334,-1.9999915877641201,-5.417946564997091e-06,7.103651339478124e-05,0,nan,nan,nan,3.0,2.873265556125564e-06,-5.069386079714633e-05,2.9999289634866053,0.0,-1.0,SOLVER_EXCEPTION,0.0,0,True,True
1232.418,-0.024622671793352337,-1.999991569254535,-5.436377999920707e-06,7.047557158072527e-05,0,nan,nan,nan,3.0,2.895406372717373e-06,-5.071211069385129e-05,2.999929524428419,0.0,-1.0,SOLVER_EXCEPTION,0.0,0,True,True
1232.519,-0.024705952790311046,-1.9999915511042885,-5.454450014506457e-06,6.993014753932329e-05,0,nan,nan,nan,3.0,2.917109962447415e-06,-5.073000657063176e-05,2.9999300698524607,0.0,-1.0,SOLVER_EXCEPTION,0.0,0,True,True
1232.619,-0.024785883453298165,-1.9999915336709428,-5.4718079949723115e-06,6.941080296426638e-05,0,nan,nan,nan,3.0,2.9388133645092577e-06,-5.074790353321035e-05,2.9999305891970356,0.0,-1.0,SOLVER_EXCEPTION,0.0,0,True,True
1232.715,-0.02486740999911399,-1.999991515876514,-5.4895232404592004e-06,6.888524924750987e-05,0,nan,nan,nan,3.0,2.9607330047838474e-06,-5.0765976559841164e-05,2.9999311147507526,0.0,-1.0,SOLVER_EXCEPTION,0.0,0,True,True
1232.82,-0.024952997772882974,-1.999991497183806,-5.508135225218966e-06,6.833812654601251e-05,0,nan,nan,nan,3.0,2.9824331721802525e-06,-5.078387196677525e-05,2.999931661873454,0.0,-1.0,SOLVER_EXCEPTION,0.0,0,True,True
1232.921,-0.025036061970375816,-1.999991479027838,-5.5262088449177086e-06,6.781167716924882e-05,0,nan,nan,nan,3.0,3.0041331638382563e-06,-5.0801765201224924e-05,2.999932188322831,0.0,-1.0,SOLVER_EXCEPTION,0.0,0,True,True
1233.015,-0.025113321250379742,-1.999991462129643,-5.54303091769528e-06,6.732608491796141e-05,0,nan,nan,nan,3.0,3.025831141494787e-06,-5.0819660977197145e-05,2.9999326739150822,0.0,-1.0,SOLVER_EXCEPTION,0.0,0,True,True
1233.117,-0.02519792504680922,-1.9999914436119641,-5.561462839097424e-06,6.679886320116649e-05,0,nan,nan,nan,3.0,3.048179395212842e-06,-5.0838092898519704e-05,2.9999332011367987,0.0,-1.0,SOLVER_EXCEPTION,0.0,0,True,True
1233.219,-0.02527837121528315,-1.9999914259917797,-5.579001965150371e-06,6.630202229221953e-05,0,nan,nan,nan,3.0,3.0681403784714963e-06,-5.085455669240346e-05,2.9999336979777076,0.0,-1.0,SOLVER_EXCEPTION,0.0,0,True,True
1233.316,-0.02536122882824444,-1.9999914078319576,-5.597074355233075e-06,6.579472416610905e-05,0,nan,nan,nan,3.0,3.0894007478398017e-06,-5.0872095280762863e-05,2.9999342052758338,0.0,-1.0,SOLVER_EXCEPTION,0.0,0,True,True
1233.417,-0.02544321535517926,-1.9999913898499402,-5.614970524094836e-06,6.529740673607517e-05,0,nan,nan,nan,3.0,3.112613516296736e-06,-5.089124265111877e-05,2.999934702593264,0.0,-1.0,SOLVER_EXCEPTION,0.0,0,True,True
1233.516,-0.02552515190523039,-1.9999913718663247,-5.632864241376192e-06,6.480489686978155e-05,0,nan,nan,nan,3.0,3.134306959025097e-06,-5.090913625416249e-05,2.9999351951031303,0.0,-1.0,SOLVER_EXCEPTION,0.0,0,True,True
1233.619,-0.02560949481432949,-1.9999913533435671,-5.651298148091632e-06,6.430274422130373e-05,0,nan,nan,nan,3.0,3.1559978531263905e-06,-5.092703244535812e-05,2.9999356972557787,0.0,-1.0,SOLVER_EXCEPTION,0.0,0,True,True
1233.718,-0.025688877010640244,-1.999991335897414,-5.668656362266642e-06,6.383455766719733e-05,0,nan,nan,nan,3.0,3.177688843770811e-06,-5.094492850821197e-05,2.9999361654423327,0.0,-1.0,SOLVER_EXCEPTION,0.0,0,True,True
1233.819,-0.025772301834172093,-1.9999913175504072,-5.686907665629926e-06,6.334714293068378e-05,0,nan,nan,nan,3.0,3.1993788433519297e-06,-5.096282121686002e-05,2.9999366528570692,0.0,-1.0,SOLVER_EXCEPTION,0.0,0,True,True
1233.918,-0.02585322519491112,-1.9999912997433356,-5.704626635600539e-06,6.287899169518664e-05,0,nan,nan,nan,3.0,3.220633621393096e-06,-5.098035954098634e-05,2.999937121008305,0.0,-1.0,SOLVER_EXCEPTION,0.0,0,True,True
1234.02,-0.025937368727338168,-1.9999912812145404,-5.723058252304094e-06,6.239693306822006e-05,0,nan,nan,nan,3.0,3.2425386097450405e-06,-5.099843452383013e-05,2.9999376030669316,0.0,-1.0,SOLVER_EXCEPTION,0.0,0,True,True
1234.117,-0.026016565045929543,-1.9999912637640944,-5.740415125365656e-06,6.194763131827933e-05,0,nan,nan,nan,3.0,3.2633574856384433e-06,-5.1015613667271253e-05,2.9999380523686816,0.0,-1.0,SOLVER_EXCEPTION,0.0,0,True,True
1234.22,-0.026093270172614456,-1.9999912468521996,-5.7572390492128494e-06,6.151668427968054e-05,0,nan,nan,nan,3.0,3.285477369515316e-06,-5.103386910843e-05,2.99993848331572,0.0,-1.0,SOLVER_EXCEPTION,0.0,0,True,True
1234.327,-0.026185425612562728,-1.999991226520599,-5.77746044002008e-06,6.100420830158805e-05,0,nan,nan,nan,3.0,3.3062954661742223e-06,-5.105104501712532e-05,2.999938995791698,0.0,-1.0,SOLVER_EXCEPTION,0.0,0,True,True
1234.417,-0.026260411801457547,-1.9999912099666217,-5.793925072641487e-06,6.0591536276397106e-05,0,nan,nan,nan,3.0,3.3292802354224865e-06,-5.107001603699146e-05,2.9999394084637236,0.0,-1.0,SOLVER_EXCEPTION,0.0,0,True,True
1234.522,-0.026337803096870206,-1.999991192870907,-5.810925462320194e-06,6.016967794085083e-05,0,nan,nan,nan,3.0,3.3503136679090947e-06,-5.108737421277709e-05,2.999939830322059,0.0,-1.0,SOLVER_EXCEPTION,0.0,0,True,True
1234.615,-0.026422479968313966,-1.9999911741543313,-5.82953384928551e-06,5.9712738305656215e-05,0,nan,nan,nan,3.0,3.372863707951988e-06,-5.1105987161736977e-05,2.9999402872616945,0.0,-1.0,SOLVER_EXCEPTION,0.0,0,True,True
1234.717,-0.026504668479468203,-1.9999911559779784,-5.847612045829472e-06,5.927405597854592e-05,0,nan,nan,nan,3.0,3.3938945785809742e-06,-5.1123345001347076e-05,2.9999407259440214,0.0,-1.0,SOLVER_EXCEPTION,0.0,0,True,True
1234.815,-0.026585186212684506,-1.9999911381591209,-5.865328151088166e-06,5.884868297235209e-05,0,nan,nan,nan,3.0,3.416009202668401e-06,-5.114160030794679e-05,2.9999411513170275,0.0,-1.0,SOLVER_EXCEPTION,0.0,0,True,True
1234.926,-0.02667541328558494,-1.9999911181788532,-5.885192019175825e-06,5.837726641760348e-05,0,nan,nan,nan,3.0,3.43703880151014e-06,-5.115895745433363e-05,2.9999416227335822,0.0,-1.0,SOLVER_EXCEPTION,0.0,0,True,True
1235.017,-0.026749343927600356,-1.9999911017983008,-5.901475651164015e-06,5.799506123158725e-05,0,nan,nan,nan,3.0,3.4595856603496077e-06,-5.117756997830014e-05,2.9999420049387684,0.0,-1.0,SOLVER_EXCEPTION,0.0,0,True,True
1235.124,-0.026832169617726838,-1.9999910834360566,-5.919731130179357e-06,5.757135700576442e-05,0,nan,nan,nan,3.0,3.4810482029318175e-06,-5.11952864319376e-05,2.9999424286429943,0.0,-1.0,SOLVER_EXCEPTION,0.0,0,True,True
1235.217,-0.02691008344412306,-1.9999910661530318,-5.936910516619143e-06,5.717692162200479e-05,0,nan,nan,nan,3.0,3.502725509982842e-06,-5.121318273415554e-05,2.999942823078378,0.0,-1.0,SOLVER_EXCEPTION,0.0,0,True,True
1235.318,-0.026992825101221227,-1.999991047787936,-5.955162798550142e-06,5.676250407914421e-05,0,nan,nan,nan,3.0,3.524620108484889e-06,-5.1231257120587514e-05,2.9999432374959207,0.0,-1.0,SOLVER_EXCEPTION,0.0,0,True,True
1235.418,-0.027072281880683922,-1.9999910301416701,-5.972701401313117e-06,5.636888563619147e-05,0,nan,nan,nan,3.0,3.5460807312541805e-06,-5.124897337704937e-05,2.999943631114364,0.0,-1.0,SOLVER_EXCEPTION,0.0,0,True,True
1235.516,-0.027153320162371042,-1.9999910121354798,-5.9905981770397635e-06,5.597172627638706e-05,0,nan,nan,nan,3.0,3.5679729618613872e-06,-5.1267048172487506e-05,2.9999440282737235,0.0,-1.0,SOLVER_EXCEPTION,0.0,0,True,True
1235.619,-0.027233508638479998,-1.999990994307071,-6.008314644116694e-06,5.5582990794879766e-05,0,nan,nan,nan,3.0,3.5896486530246356e-06,-5.1284944703411384e-05,2.999944417009205,0.0,-1.0,SOLVER_EXCEPTION,0.0,0,True,True
1235.723,-0.027316086505363962,-1.9999909759366707,-6.026566441100981e-06,5.518704401051428e-05,0,nan,nan,nan,3.0,3.6111073367158224e-06,-5.130266032882247e-05,2.9999448129559894,0.0,-1.0,SOLVER_EXCEPTION,0.0,0,True,True
1235.817,-0.027397814681087245,-1.9999909577466586,-6.044643885530133e-06,5.479965082578923e-05,0,nan,nan,nan,3.0,3.6327813612936128e-06,-5.132055806678082e-05,2.999945200349174,0.0,-1.0,SOLVER_EXCEPTION,0.0,0,True,True
1235.919,-0.027479503408283684,-1.9999909395544908,-6.062718266785499e-06,5.4416715430602485e-05,0,nan,nan,nan,3.0,3.6546723273401197e-06,-5.133863261796989e-05,2.9999455832845694,0.0,-1.0,SOLVER_EXCEPTION,0.0,0,True,True
1236.017,-0.02755872845821303,-1.9999909219012957,-6.080253596448182e-06,5.404936731956758e-05,0,nan,nan,nan,3.0,3.6752617587932855e-06,-5.135563212554928e-05,2.9999459506326804,0.0,-1.0,SOLVER_EXCEPTION,0.0,0,True,True
1236.117,-0.02764034078272041,-1.9999909037071246,-6.098331757510548e-06,5.3675324979875594e-05,0,nan,nan,nan,3.0,3.6980186241471294e-06,-5.1374422556982324e-05,2.99994632467502,0.0,-1.0,SOLVER_EXCEPTION,0.0,0,True,True
1236.215,-0.027719492542876565,-1.9999908860510363,-6.115867165066166e-06,5.3316471498199136e-05,0,nan,nan,nan,3.0,3.719691534692202e-06,-5.1392320564502825e-05,2.999946683528502,0.0,-1.0,SOLVER_EXCEPTION,0.0,0,True,True
1236.319,-0.027797801693603783,-1.9999908685754872,-6.133228483547152e-06,5.296542681383708e-05,0,nan,nan,nan,3.0,3.740929524599989e-06,-5.140985854312774e-05,2.9999470345731862,0.0,-1.0,SOLVER_EXCEPTION,0.0,0,True,True
1236.418,-0.02788253060513165,-1.999990849656641,-6.1520199590352855e-06,5.258991478277111e-05,0,nan,nan,nan,3.0,3.762817812047901e-06,-5.142793417389768e-05,2.999947410085217,0.0,-1.0,SOLVER_EXCEPTION,0.0,0,True,True
1236.52,-0.027964800591819224,-1.9999908312760868,-6.170271247713292e-06,5.222951249233229e-05,0,nan,nan,nan,3.0,3.7847064202855208e-06,-5.144600852702297e-05,2.9999477704875077,0.0,-1.0,SOLVER_EXCEPTION,0.0,0,True,True
1236.621,-0.028045421424655145,-1.9999908132561908,-6.188168374464675e-06,5.1880456975661086e-05,0,nan,nan,nan,3.0,3.806159974149165e-06,-5.1463724647149434e-05,2.999948119543024,0.0,-1.0,SOLVER_EXCEPTION,0.0,0,True,True
1236.713,-0.02812117286580857,-1.999990796315631,-6.204992832594639e-06,5.1556182165200546e-05,0,nan,nan,nan,3.0,3.827830537777474e-06,-5.148162289181357e-05,2.9999484438178348,0.0,-1.0,SOLVER_EXCEPTION,0.0,0,True,True
1236.816,-0.028203336407010914,-1.9999907779317523,-6.223243616271215e-06,5.120824411064765e-05,0,nan,nan,nan,3.0,3.849717585905201e-06,-5.149969693363232e-05,2.999948791755889,0.0,-1.0,SOLVER_EXCEPTION,0.0,0,True,True
1236.916,-0.028283854111049295,-1.9999907599081408,-6.24114111377148e-06,5.087134969033647e-05,0,nan,nan,nan,3.0,3.871386897976258e-06,-5.151759338684059e-05,2.9999491286503095,0.0,-1.0,SOLVER_EXCEPTION,0.0,0,True,True
1237.017,-0.028364337778741908,-1.9999907418822553,-6.259038245694287e-06,5.053850108215922e-05,0,nan,nan,nan,3.0,3.893057039140431e-06,-5.1535488138299e-05,2.9999494614989177,0.0,-1.0,SOLVER_EXCEPTION,0.0,0,True,True
1237.116,-0.028445592141970268,-1.9999907236755368,-6.277113453780555e-06,5.020631439091132e-05,0,nan,nan,nan,3.0,3.911908625577037e-06,-5.1551059929266785e-05,2.999949793685609,0.0,-1.0,SOLVER_EXCEPTION,0.0,0,True,True
1237.219,-0.028527616595956404,-1.9999907052873884,-6.2953680511734666e-06,4.9874953237095314e-05,0,nan,nan,nan,3.0,3.936394451385356e-06,-5.157128224952956e-05,2.999950125046763,0.0,-1.0,SOLVER_EXCEPTION,0.0,0,True,True
1237.318,-0.02860639222058293,-1.9999906876182074,-6.312905052744259e-06,4.956038936367177e-05,0,nan,nan,nan,3.0,3.958063749480945e-06,-5.158917712710931e-05,2.9999504396106365,0.0,-1.0,SOLVER_EXCEPTION,0.0,0,True,True
1237.416,-0.028686743383281293,-1.9999906695881546,-6.330801045461324e-06,4.924323889481818e-05,0,nan,nan,nan,3.0,3.979731748088494e-06,-5.1607073197956765e-05,2.999950756761105,0.0,-1.0,SOLVER_EXCEPTION,0.0,0,True,True
1237.515,-0.02876545640597569,-1.9999906519172181,-6.348341551432175e-06,4.8936247027690486e-05,0,nan,nan,nan,3.0,4.001183432182524e-06,-5.1624791524762514e-05,2.9999510637529725,0.0,-1.0,SOLVER_EXCEPTION,0.0,0,True,True
1237.615,-0.028846547161441676,-1.9999906337035658,-6.3664162598706655e-06,4.8623586521287706e-05,0,nan,nan,nan,3.0,4.0228517514697205e-06,-5.164268825730289e-05,2.999951376413479,0.0,-1.0,SOLVER_EXCEPTION,0.0,0,True,True
1237.716,-0.028926803564930395,-1.9999906156701213,-6.3843137882649185e-06,4.8317827365756505e-05,0,nan,nan,nan,3.0,4.0447357833981685e-06,-5.166076254070617e-05,2.999951682172634,0.0,-1.0,SOLVER_EXCEPTION,0.0,0,True,True
1237.815,-0.029006226923879563,-1.9999905978147812,-6.402031133629395e-06,4.8018786880723205e-05,0,nan,nan,nan,3.0,4.066403652487555e-06,-5.1678661193044206e-05,2.9999519812131195,0.0,-1.0,SOLVER_EXCEPTION,0.0,0,True,True
1237.922,-0.029091232864539865,-1.999990578695554,-6.4209994937353e-06,4.770254075960642e-05,0,nan,nan,nan,3.0,4.088071664650685e-06,-5.1696555429803226e-05,2.9999522974592403,0.0,-1.0,SOLVER_EXCEPTION,0.0,0,True,True
1238.021,-0.029171396046967328,-1.9999905606582158,-6.438895850790805e-06,4.740796731208667e-05,0,nan,nan,nan,3.0,4.109521563852997e-06,-5.1714275583591984e-05,2.9999525920326877,0.0,-1.0,SOLVER_EXCEPTION,0.0,0,True,True
1238.116,-0.029245921031651512,-1.9999905438812782,-6.455539336690781e-06,4.713728441585022e-05,0,nan,nan,nan,3.0,4.131189696870563e-06,-5.173216939624581e-05,2.9999528627155843,0.0,-1.0,SOLVER_EXCEPTION,0.0,0,True,True
1238.215,-0.029327628791581344,-1.9999905254802437,-6.473795221392531e-06,4.6843966906116634e-05,0,nan,nan,nan,3.0,4.152856448807439e-06,-5.1750066883293755e-05,2.999953156033094,0.0,-1.0,SOLVER_EXCEPTION,0.0,0,True,True
1238.321,-0.02941170806640574,-1.9999905065370356,-6.492585821698124e-06,4.654579661346624e-05,0,nan,nan,nan,3.0,4.174090424160347e-06,-5.176760661074198e-05,2.9999534542033865,0.0,-1.0,SOLVER_EXCEPTION,0.0,0,True,True
1238.419,-0.029490153437664052,-1.9999904888547697,-6.510126601952822e-06,4.6271078703518615e-05,0,nan,nan,nan,3.0,4.196407671136741e-06,-5.178604077915594e-05,2.9999537289212963,0.0,-1.0,SOLVER_EXCEPTION,0.0,0,True,True
1238.52,-0.02957017159847295,-1.9999904708102758,-6.528019516595893e-06,4.59939719737543e-05,0,nan,nan,nan,3.0,4.218074407244284e-06,-5.180393704007358e-05,2.9999540060280263,0.0,-1.0,SOLVER_EXCEPTION,0.0,0,True,True
1238.616,-0.029648562150993898,-1.9999904531261152,-6.5455603725877065e-06,4.5725910308845746e-05,0,nan,nan,nan,3.0,4.239741783185845e-06,-5.182183247365302e-05,2.999954274089691,0.0,-1.0,SOLVER_EXCEPTION,0.0,0,True,True
1238.718,-0.029727725550891225,-1.9999904352592925,-6.563277712640162e-06,4.5458340697820105e-05,0,nan,nan,nan,3.0,4.261409434423955e-06,-5.183972991718022e-05,2.999954541659302,0.0,-1.0,SOLVER_EXCEPTION,0.0,0,True,True
1238.818,-0.029806062856465004,-1.9999904175733052,-6.580817305194102e-06,4.519669085309762e-05,0,nan,nan,nan,3.0,4.282859003884963e-06,-5.1857447364689335e-05,2.999954803309147,0.0,-1.0,SOLVER_EXCEPTION,0.0,0,True,True
1238.917,-0.029886771023537886,-1.999990399343385,-6.598892772042532e-06,4.493035569527478e-05,0,nan,nan,nan,3.0,4.304743117928393e-06,-5.187552283159036e-05,2.999955069644305,0.0,-1.0,SOLVER_EXCEPTION,0.0,0,True,True
1239.016,-0.029968250581482146,-1.9999903809315036,-6.617148311507007e-06,4.466479815653697e-05,0,nan,nan,nan,3.0,4.3264107859520865e-06,-5.1893420263571244e-05,2.9999553352018435,0.0,-1.0,SOLVER_EXCEPTION,0.0,0,True,True
1239.117,-0.03004650896196354,-1.9999903632415599,-6.634688301169433e-06,4.441280233566743e-05,0,nan,nan,nan,3.0,4.348077338518426e-06,-5.1911318360797765e-05,2.999955587197664,0.0,-1.0,SOLVER_EXCEPTION,0.0,0,True,True
1239.215,-0.030123944093072445,-1.9999903457298969,-6.6520478657605775e-06,4.4166387725071826e-05,0,nan,nan,nan,3.0,4.368445413458988e-06,-5.192813873833302e-05,2.999955833612275,0.0,-1.0,SOLVER_EXCEPTION,0.0,0,True,True
1239.315,-0.03020694036638196,-1.9999903269532688,-6.670658263352281e-06,4.3905400105876545e-05,0,nan,nan,nan,3.0,4.3914125421414375e-06,-5.1947110351946435e-05,2.999956094599894,0.0,-1.0,SOLVER_EXCEPTION,0.0,0,True,True
1239.417,-0.030286718487011404,-1.9999903088983255,-6.68855573273149e-06,4.3657726690577476e-05,0,nan,nan,nan,3.0,4.413079597123735e-06,-5.196500915882751e-05,2.9999563422733093,0.0,-1.0,SOLVER_EXCEPTION,0.0,0,True,True
1239.516,-0.030366471443851822,-1.999990290841248,-6.706454751723382e-06,4.341321348707718e-05,0,nan,nan,nan,3.0,4.434964473332485e-06,-5.198308481135783e-05,2.999956586786513,0.0,-1.0,SOLVER_EXCEPTION,0.0,0,True,True
1239.617,-0.030446199544176086,-1.9999902727834638,-6.7243491616116815e-06,4.3171559950611625e-05,0,nan,nan,nan,3.0,4.45598187076787e-06,-5.200044347075661e-05,2.9999568284400495,0.0,-1.0,SOLVER_EXCEPTION,0.0,0,True,True
1239.719,-0.030527496914358094,-1.9999902543632089,-6.7426047329324234e-06,4.292830840759697e-05,0,nan,nan,nan,3.0,4.47764965153557e-06,-5.201834229140445e-05,2.9999570716915924,0.0,-1.0,SOLVER_EXCEPTION,0.0,0,True,True
1239.819,-0.030608769058557153,-1.9999902359411843,-6.760861876819211e-06,4.268821971872347e-05,0,nan,nan,nan,3.0,4.499751894868056e-06,-5.203659462038601e-05,2.9999573117802814,0.0,-1.0,SOLVER_EXCEPTION,0.0,0,True,True
1239.921,-0.030687627019879024,-1.999990218059773,-6.778578893781621e-06,4.245799486747955e-05,0,nan,nan,nan,3.0,4.521853038484666e-06,-5.205485054649017e-05,2.9999575420051325,0.0,-1.0,SOLVER_EXCEPTION,0.0,0,True,True
1240.016,-0.03076566560275805,-1.9999902003585839,-6.796119694949102e-06,4.223299881500883e-05,0,nan,nan,nan,3.0,4.5430880606141625e-06,-5.207239192461799e-05,2.999957767001185,0.0,-1.0,SOLVER_EXCEPTION,0.0,0,True,True
1240.119,-0.03084766156059562,-1.9999901817517218,-6.81455318291518e-06,4.1999443692473145e-05,0,nan,nan,nan,3.0,4.564540635954578e-06,-5.209010914297707e-05,2.9999580005563073,0.0,-1.0,SOLVER_EXCEPTION,0.0,0,True,True
1240.22,-0.030926450134256357,-1.9999901638670918,-6.832269964124583e-06,4.177773619055378e-05,0,nan,nan,nan,3.0,4.5868591587726655e-06,-5.2108542101247934e-05,2.9999582222638095,0.0,-1.0,SOLVER_EXCEPTION,0.0,0,True,True
1240.316,-0.031004420860650295,-1.9999901461613276,-6.849810237673051e-06,4.156109887421684e-05,0,nan,nan,nan,3.0,4.60787870093317e-06,-5.21259021524223e-05,2.9999584389011256,0.0,-1.0,SOLVER_EXCEPTION,0.0,0,True,True
1240.416,-0.031083960534796815,-1.9999901280925412,-6.867705846071177e-06,4.13426923034769e-05,0,nan,nan,nan,3.0,4.630198668030452e-06,-5.214433590561285e-05,2.9999586573076966,0.0,-1.0,SOLVER_EXCEPTION,0.0,0,True,True
1240.517,-0.031164273030180607,-1.9999901098433968,-6.885784000381695e-06,4.112496528691768e-05,0,nan,nan,nan,3.0,4.65143407375906e-06,-5.216187601631006e-05,2.999958875034713,0.0,-1.0,SOLVER_EXCEPTION,0.0,0,True,True
1240.616,-0.031235819732388696,-1.999990093579089,-6.9018900559965325e-06,4.093322254385775e-05,0,nan,nan,nan,3.0,4.671587792799477e-06,-5.2178520115298e-05,2.999959066777456,0.0,-1.0,SOLVER_EXCEPTION,0.0,0,True,True
1240.715,-0.03132085793409288,-1.9999900742419792,-6.92103938731118e-06,4.0708084827177215e-05,0,nan,nan,nan,3.0,4.694775145891129e-06,-5.219766944675186e-05,2.999959291915173,0.0,-1.0,SOLVER_EXCEPTION,0.0,0,True,True
1240.82,-0.031404282776885464,-1.9999900552658183,-6.939834277137411e-06,4.049021509378149e-05,0,nan,nan,nan,3.0,4.716228423076219e-06,-5.2215390614396284e-05,2.9999595097849063,0.0,-1.0,SOLVER_EXCEPTION,0.0,0,True,True
1240.92,-0.031485301713195545,-1.9999900368294499,-6.958088010967916e-06,4.028120547676469e-05,0,nan,nan,nan,3.0,4.737899728707724e-06,-5.223328640058256e-05,2.999959718794523,0.0,-1.0,SOLVER_EXCEPTION,0.0,0,True,True
1241.016,-0.03155677095021242,-1.9999900205613381,-6.974195275609506e-06,4.0099031931828516e-05,0,nan,nan,nan,3.0,4.75848679300529e-06,-5.225029086197708e-05,2.999959900968068,0.0,-1.0,SOLVER_EXCEPTION,0.0,0,True,True
1241.117,-0.03164092438203673,-1.9999900013996021,-6.9931687885698246e-06,3.9887237816750355e-05,0,nan,nan,nan,3.0,4.780592264830747e-06,-5.2268543636380116e-05,2.9999601127621833,0.0,-1.0,SOLVER_EXCEPTION,0.0,0,True,True
1241.219,-0.031721086993576,-1.9999899831399812,-7.011245035232771e-06,3.9688002161731565e-05,0,nan,nan,nan,3.0,4.8029149250397555e-06,-5.2286977754611996e-05,2.9999603119978384,0.0,-1.0,SOLVER_EXCEPTION,0.0,0,True,True
1241.319,-0.03179964229104797,-1.9999899652414028,-7.0289616977456976e-06,3.9495077696458676e-05,0,nan,nan,nan,3.0,4.821986028118833e-06,-5.230272843403938e-05,2.9999605049223037,0.0,-1.0,SOLVER_EXCEPTION,0.0,0,True,True
1241.421,-0.031881350852868626,-1.999989946617861,-7.047395936327315e-06,3.929700789885957e-05,0,nan,nan,nan,3.0,4.846476198694254e-06,-5.232295212342919e-05,2.999960702992101,0.0,-1.0,SOLVER_EXCEPTION,0.0,0,True,True
1241.519,-0.031959866629623176,-1.9999899287157927,-7.065114228757149e-06,3.9109071277732334e-05,0,nan,nan,nan,3.0,4.86814977302591e-06,-5.234085154537382e-05,2.999960890928722,0.0,-1.0,SOLVER_EXCEPTION,0.0,0,True,True
1241.624,-0.03204312017112735,-1.9999899097278613,-7.083907243696804e-06,3.891232298226862e-05,0,nan,nan,nan,3.0,4.889606073276157e-06,-5.235856892937818e-05,2.9999610876770175,0.0,-1.0,SOLVER_EXCEPTION,0.0,0,True,True
1241.717,-0.03211684138812046,-1.9999898929095867,-7.100554510223217e-06,3.874030614794104e-05,0,nan,nan,nan,3.0,4.9106303101167255e-06,-5.237592933848845e-05,2.999961259693852,0.0,-1.0,SOLVER_EXCEPTION,0.0,0,True,True
1241.817,-0.03219530083288458,-1.9999898750038414,-7.118272459522749e-06,3.855931235136935e-05,0,nan,nan,nan,3.0,4.933171641866179e-06,-5.2394544465261816e-05,2.9999614406876485,0.0,-1.0,SOLVER_EXCEPTION,0.0,0,True,True
1241.917,-0.032272949715001664,-1.9999898572787684,-7.13581205196233e-06,3.8382374865914175e-05,0,nan,nan,nan,3.0,4.954629199251756e-06,-5.2412261960732565e-05,2.999961617625134,0.0,-1.0,SOLVER_EXCEPTION,0.0,0,True,True
1242.02,-0.032355333220685685,-1.9999898384660648,-7.154424304085367e-06,3.8197001422063e-05,0,nan,nan,nan,3.0,4.976521709202971e-06,-5.243033839352762e-05,2.9999618029985777,0.0,-1.0,SOLVER_EXCEPTION,0.0,0,True,True
1242.117,-0.03243215390997787,-1.9999898209182154,-7.171784470823068e-06,3.802631983828297e-05,0,nan,nan,nan,3.0,4.997547249871351e-06,-5.244769790602177e-05,2.9999619736801617,0.0,-1.0,SOLVER_EXCEPTION,0.0,0,True,True
1242.224,-0.03251608292590263,-1.9999898017422664,-7.190757024133106e-06,3.7842224976625025e-05,0,nan,nan,nan,3.0,5.019873243003628e-06,-5.246613567511105e-05,2.9999621577750233,0.0,-1.0,SOLVER_EXCEPTION,0.0,0,True,True
1242.315,-0.0325897023081854,-1.9999897849157173,-7.207401778195903e-06,3.768275419252562e-05,0,nan,nan,nan,3.0,5.041550404741237e-06,-5.248403183744088e-05,2.9999623172458074,0.0,-1.0,SOLVER_EXCEPTION,0.0,0,True,True
1242.418,-0.032672011374030994,-1.9999897660976667,-7.226016133637807e-06,3.7506661605476814e-05,0,nan,nan,nan,3.0,5.063227792379488e-06,-5.250192968109246e-05,2.9999624933383946,0.0,-1.0,SOLVER_EXCEPTION,0.0,0,True,True
1242.517,-0.032748763499410805,-1.999989748545806,-7.243375937603763e-06,3.7344434398566665e-05,0,nan,nan,nan,3.0,5.084254992009603e-06,-5.251929005112288e-05,2.9999626555656014,0.0,-1.0,SOLVER_EXCEPTION,0.0,0,True,True
1242.615,-0.03282787253142407,-1.9999897304490533,-7.261275956738957e-06,3.717943493057576e-05,0,nan,nan,nan,3.0,5.106367129912671e-06,-5.253754800049748e-05,2.9999628205650692,0.0,-1.0,SOLVER_EXCEPTION,0.0,0,True,True
1242.717,-0.03290854631785099,-1.9999897119891799,-7.279529350322578e-06,3.701308777506313e-05,0,nan,nan,nan,3.0,5.12869613522992e-06,-5.2555981436164245e-05,2.999962986912225,0.0,-1.0,SOLVER_EXCEPTION,0.0,0,True,True
1242.818,-0.032987621394409875,-1.999989693890532,-7.297427744788638e-06,3.685220750202415e-05,0,nan,nan,nan,3.0,5.149941469098217e-06,-5.2573523201093764e-05,2.999963147792498,0.0,-1.0,SOLVER_EXCEPTION,0.0,0,True,True
1242.919,-0.033065889471168564,-1.999989675970523,-7.3151464246670235e-06,3.669495246585068e-05,0,nan,nan,nan,3.0,5.170971695647092e-06,-5.259088371678544e-05,2.999963305047534,0.0,-1.0,SOLVER_EXCEPTION,0.0,0,True,True
1243.015,-0.033143351233979504,-1.9999896582313639,-7.3326873223648794e-06,3.654123212411383e-05,0,nan,nan,nan,3.0,5.193085214023776e-06,-5.2609139579384845e-05,2.999963458767876,0.0,-1.0,SOLVER_EXCEPTION,0.0,0,True,True
1243.117,-0.033224748471837144,-1.9999896395853765,-7.351121995975732e-06,3.638171369662573e-05,0,nan,nan,nan,3.0,5.214766515867434e-06,-5.262703635455779e-05,2.999963618286303,0.0,-1.0,SOLVER_EXCEPTION,0.0,0,True,True
1243.219,-0.03330454881221183,-1.9999896212995174,-7.369198620056792e-06,3.622732805058503e-05,0,nan,nan,nan,3.0,5.23644830572277e-06,-5.264493597589848e-05,2.9999637726719492,0.0,-1.0,SOLVER_EXCEPTION,0.0,0,True,True
1243.319,-0.03338354328324861,-1.9999896031942495,-7.387097468611347e-06,3.6076432894597317e-05,0,nan,nan,nan,3.0,5.258346938028658e-06,-5.266301164974507e-05,2.9999639235671056,0.0,-1.0,SOLVER_EXCEPTION,0.0,0,True,True
1243.417,-0.033460942832596666,-1.9999895854493874,-7.404638746556946e-06,3.593046772607417e-05,0,nan,nan,nan,3.0,5.280029952159919e-06,-5.26809108207793e-05,2.999964069532274,0.0,-1.0,SOLVER_EXCEPTION,0.0,0,True,True
1243.517,-0.03353753811650091,-1.9999895678838073,-7.421999349257231e-06,3.578772002202969e-05,0,nan,nan,nan,3.0,5.3014971257535125e-06,-5.269862940870951e-05,2.999964212279978,0.0,-1.0,SOLVER_EXCEPTION,0.0,0,True,True
1243.619,-0.03362043450889942,-1.999989548869602,-7.4407920760482195e-06,3.5635149794206146e-05,0,nan,nan,nan,3.0,5.3233972094025025e-06,-5.2716706324229534e-05,2.999964364850206,0.0,-1.0,SOLVER_EXCEPTION,0.0,0,True,True
1243.72,-0.03370094667840748,-1.9999895303963613,-7.459049276950628e-06,3.548898514396684e-05,0,nan,nan,nan,3.0,5.345082155777335e-06,-5.2734605399340495e-05,2.999964511014856,0.0,-1.0,SOLVER_EXCEPTION,0.0,0,True,True
1243.821,-0.03377749795142836,-1.9999895128268912,-7.476410124059958e-06,3.535169959284825e-05,0,nan,nan,nan,3.0,5.364815635765599e-06,-5.2750891224473406e-05,2.999964648300407,0.0,-1.0,SOLVER_EXCEPTION,0.0,0,True,True
1243.917,-0.033854035530633715,-1.999989495257332,-7.493770165428386e-06,3.521603716205083e-05,0,nan,nan,nan,3.0,5.388453537286799e-06,-5.27704002246665e-05,2.999964783962838,0.0,-1.0,SOLVER_EXCEPTION,0.0,0,True,True
1244.018,-0.03393371492441797,-1.9999894769612678,-7.511848379729619e-06,3.5076687626988336e-05,0,nan,nan,nan,3.0,5.409706712077246e-06,-5.2787942690368794e-05,2.999964923312373,0.0,-1.0,SOLVER_EXCEPTION,0.0,0,True,True
1244.117,-0.03401416852533396,-1.9999894584826015,-7.530104956664159e-06,3.4937731730687565e-05,0,nan,nan,nan,3.0,5.431393880554065e-06,-5.280583822608875e-05,2.999965062268269,0.0,-1.0,SOLVER_EXCEPTION,0.0,0,True,True
1244.228,-0.03409855026059036,-1.9999894390973032,-7.5492550219705135e-06,3.479383081564805e-05,0,nan,nan,nan,3.0,5.452864653478882e-06,-5.282356062918936e-05,2.9999652061691844,0.0,-1.0,SOLVER_EXCEPTION,0.0,0,True,True
1244.317,-0.034167936447687425,-1.9999894231524478,-7.565007624393571e-06,3.467711148033883e-05,0,nan,nan,nan,3.0,5.474120384214939e-06,-5.284109827252692e-05,2.9999653228885195,0.0,-1.0,SOLVER_EXCEPTION,0.0,0,True,True
1244.42,-0.03424834809998715,-1.9999894046700286,-7.583260489991258e-06,3.454317790892851e-05,0,nan,nan,nan,3.0,5.496893984954494e-06,-5.2859890549594724e-05,2.9999654568220913,0.0,-1.0,SOLVER_EXCEPTION,0.0,0,True,True
1244.515,-0.034326381265914946,-1.9999893867304557,-7.600984214467214e-06,3.441518343852331e-05,0,nan,nan,nan,3.0,5.518366636659253e-06,-5.287761427386073e-05,2.9999655848165614,0.0,-1.0,SOLVER_EXCEPTION,0.0,0,True,True
1244.615,-0.034405977389594444,-1.9999893684262025,-7.619061046560946e-06,3.428607035446154e-05,0,nan,nan,nan,3.0,5.540274734109504e-06,-5.2895691105891984e-05,2.9999657139296456,0.0,-1.0,SOLVER_EXCEPTION,0.0,0,True,True
1244.715,-0.03448477219680532,-1.9999893503026502,-7.636959217514508e-06,3.415984832128853e-05,0,nan,nan,nan,3.0,5.561965849640931e-06,-5.2913589276837314e-05,2.999965840151679,0.0,-1.0,SOLVER_EXCEPTION,0.0,0,True,True
1244.815,-0.03456434175151195,-1.9999893319959334,-7.655036635165034e-06,3.403405081829824e-05,0,nan,nan,nan,3.0,5.583658392052795e-06,-5.2931486518748017e-05,2.9999659659491815,0.0,-1.0,SOLVER_EXCEPTION,0.0,0,True,True
1244.92,-0.03464704868986361,-1.9999893129629187,-7.67383081132463e-06,3.390500936534971e-05,0,nan,nan,nan,3.0,5.604918029975678e-06,-5.2949027845361485e-05,2.9999660949906346,0.0,-1.0,SOLVER_EXCEPTION,0.0,0,True,True
1245.019,-0.034722654230140385,-1.999989295560375,-7.691012989821017e-06,3.378846335889998e-05,0,nan,nan,nan,3.0,5.626827849957102e-06,-5.296710504465452e-05,2.9999662115366412,0.0,-1.0,SOLVER_EXCEPTION,0.0,0,True,True
1245.118,-0.034799822983808966,-1.999989277793488,-7.70855235266629e-06,3.3670969476911484e-05,0,nan,nan,nan,3.0,5.648522427075285e-06,-5.2985004598937735e-05,2.999966329030523,0.0,-1.0,SOLVER_EXCEPTION,0.0,0,True,True
1245.218,-0.03488170336646257,-1.9999892589372896,-7.727167885539008e-06,3.3547983198235124e-05,0,nan,nan,nan,3.0,5.670435219575804e-06,-5.300308187550229e-05,2.999966452016802,0.0,-1.0,SOLVER_EXCEPTION,0.0,0,True,True
1245.317,-0.03495963492247833,-1.9999892409869597,-7.744886052923812e-06,3.3432286060030035e-05,0,nan,nan,nan,3.0,5.692130622041326e-06,-5.3020981515494725e-05,2.99996656771394,0.0,-1.0,SOLVER_EXCEPTION,0.0,0,True,True
1245.421,-0.03504306369426571,-1.9999892217660493,-7.763860627681454e-06,3.331019336214831e-05,0,nan,nan,nan,3.0,5.714695327483806e-06,-5.303959472247044e-05,2.9999666898066377,0.0,-1.0,SOLVER_EXCEPTION,0.0,0,True,True
1245.52,-0.03511703650998175,-1.9999892047188492,-7.780683922701302e-06,3.320320065734469e-05,0,nan,nan,nan,3.0,5.734874699493107e-06,-5.305623982776453e-05,2.9999667967993426,0.0,-1.0,SOLVER_EXCEPTION,0.0,0,True,True
1245.617,-0.035194932819258375,-1.9999891867649358,-7.798405707672383e-06,3.3091999370720746e-05,0,nan,nan,nan,3.0,5.757223235327544e-06,-5.307467781134889e-05,2.9999669080006295,0.0,-1.0,SOLVER_EXCEPTION,0.0,0,True,True
1245.717,-0.03527439106349451,-1.999989168446137,-7.816483379412534e-06,3.297995490773068e-05,0,nan,nan,nan,3.0,5.77870575817157e-06,-5.309239743844785e-05,2.999967020045092,0.0,-1.0,SOLVER_EXCEPTION,0.0,0,True,True
1245.816,-0.03535147797968709,-1.9999891506696363,-7.8340214132139e-06,3.287250468778941e-05,0,nan,nan,nan,3.0,5.800406362491555e-06,-5.311029328769479e-05,2.9999671274953124,0.0,-1.0,SOLVER_EXCEPTION,0.0,0,True,True
1245.918,-0.03543169975008197,-1.9999891321678858,-7.852279120973525e-06,3.276220483700888e-05,0,nan,nan,nan,3.0,5.822106443001321e-06,-5.3128193488127806e-05,2.999967237795163,0.0,-1.0,SOLVER_EXCEPTION,0.0,0,True,True
1246.015,-0.0355087646087808,-1.999989114389375,-7.869821994578195e-06,3.26576786289595e-05,0,nan,nan,nan,3.0,5.844025239735029e-06,-5.3146270728277045e-05,2.999967342321371,0.0,-1.0,SOLVER_EXCEPTION,0.0,0,True,True
1246.117,-0.03558581886001493,-1.9999890966091676,-7.887359597075193e-06,3.255421553676787e-05,0,nan,nan,nan,3.0,5.865511014477961e-06,-5.3163989656379584e-05,2.9999674457844634,0.0,-1.0,SOLVER_EXCEPTION,0.0,0,True,True
1246.219,-0.035668365362789264,-1.9999890775588292,-7.906156344951122e-06,3.244505795985798e-05,0,nan,nan,nan,3.0,5.88743060885202e-06,-5.318207045057477e-05,2.99996755494204,0.0,-1.0,SOLVER_EXCEPTION,0.0,0,True,True
1246.32,-0.03574618404768871,-1.999989059594855,-7.923876175764839e-06,3.234339087277163e-05,0,nan,nan,nan,3.0,5.90913518553244e-06,-5.3199968038875056e-05,2.9999676566091273,0.0,-1.0,SOLVER_EXCEPTION,0.0,0,True,True
1246.419,-0.035825564088345786,-1.9999890412666597,-7.94195455332714e-06,3.224099824783665e-05,0,nan,nan,nan,3.0,5.929971663550483e-06,-5.321715067552191e-05,2.999967759001752,0.0,-1.0,SOLVER_EXCEPTION,0.0,0,True,True
1246.517,-0.035903361851837595,-1.999989023300818,-7.959673276507445e-06,3.2141811724125974e-05,0,nan,nan,nan,3.0,5.952328377329468e-06,-5.3235587436084586e-05,2.999967858188276,0.0,-1.0,SOLVER_EXCEPTION,0.0,0,True,True
1246.616,-0.03598114945225764,-1.9999890053327598,-7.977393136155054e-06,3.2043974025923134e-05,0,nan,nan,nan,3.0,5.9740354437492445e-06,-5.3253487354520956e-05,2.999967956025974,0.0,-1.0,SOLVER_EXCEPTION,0.0,0,True,True
1246.718,-0.036060498176653084,-1.9999889870003067,-7.995470574664556e-06,3.194539819348053e-05,0,nan,nan,nan,3.0,5.995743071044955e-06,-5.327138396094e-05,2.9999680546018066,0.0,-1.0,SOLVER_EXCEPTION,0.0,0,True,True
1246.82,-0.03614062206354738,-1.9999889684862293,-8.013728964060457e-06,3.1847191744319283e-05,0,nan,nan,nan,3.0,6.016365763253447e-06,-5.328839124896234e-05,2.999968152808256,0.0,-1.0,SOLVER_EXCEPTION,0.0,0,True,True
1246.93,-0.03622309168762386,-1.9999889494252372,-8.032522542046693e-06,3.1747377668762704e-05,0,nan,nan,nan,3.0,6.038726775450711e-06,-5.330682707294088e-05,2.999968252622331,0.0,-1.0,SOLVER_EXCEPTION,0.0,0,True,True
1247.018,-0.0362937712861831,-1.9999889330862755,-8.048631341601606e-06,3.16628666313969e-05,0,nan,nan,nan,3.0,6.059567644155436e-06,-5.332401107782658e-05,2.9999683371333687,0.0,-1.0,SOLVER_EXCEPTION,0.0,0,True,True
1247.115,-0.0363730801107969,-1.9999889147488248,-8.06670947455566e-06,3.156923010871218e-05,0,nan,nan,nan,3.0,6.082798602649825e-06,-5.3343162875307826e-05,2.9999684307698913,0.0,-1.0,SOLVER_EXCEPTION,0.0,0,True,True
1247.218,-0.03645002384780596,-1.999988896954457,-8.084252767361186e-06,3.147963411576059e-05,0,nan,nan,nan,3.0,6.104077101446234e-06,-5.336070146189087e-05,2.999968520365884,0.0,-1.0,SOLVER_EXCEPTION,0.0,0,True,True
1247.321,-0.03653480842269268,-1.999988877343139,-8.103582286306313e-06,3.138199536580249e-05,0,nan,nan,nan,3.0,6.1255721388475935e-06,-5.337842383434932e-05,2.999968618004634,0.0,-1.0,SOLVER_EXCEPTION,0.0,0,True,True
1247.416,-0.03660859350130224,-1.9999888602735096,-8.120407542572884e-06,3.129814681567145e-05,0,nan,nan,nan,3.0,6.147937178774779e-06,-5.339686099192775e-05,2.9999687018531844,0.0,-1.0,SOLVER_EXCEPTION,0.0,0,True,True
1247.515,-0.036687079283832164,-1.9999888421120444,-8.138308760149034e-06,3.12101769703945e-05,0,nan,nan,nan,3.0,6.169435251094331e-06,-5.341458078556016e-05,2.9999687898230296,0.0,-1.0,SOLVER_EXCEPTION,0.0,0,True,True
1247.615,-0.03676477119860364,-1.9999888241315291,-8.15602761919413e-06,3.1124000663591044e-05,0,nan,nan,nan,3.0,6.191367641524578e-06,-5.343265767843164e-05,2.9999688759993366,0.0,-1.0,SOLVER_EXCEPTION,0.0,0,True,True
1247.718,-0.03684559278509011,-1.999988805422604,-8.174463872198821e-06,3.1035608033240175e-05,0,nan,nan,nan,3.0,6.213084358592136e-06,-5.345055807826071e-05,2.9999689643919667,0.0,-1.0,SOLVER_EXCEPTION,0.0,0,True,True
1247.823,-0.03692640491174571,-1.9999887867123731,-8.192899880978602e-06,3.094835274838986e-05,0,nan,nan,nan,3.0,6.234802374867172e-06,-5.34684560986598e-05,2.9999690516472515,0.0,-1.0,SOLVER_EXCEPTION,0.0,0,True,True
1247.915,-0.03699465641862356,-1.999988770907808,-8.208474598304272e-06,3.0875638092933857e-05,0,nan,nan,nan,3.0,6.25521715061346e-06,-5.3485281319431976e-05,2.999969124361907,0.0,-1.0,SOLVER_EXCEPTION,0.0,0,True,True
1248.015,-0.037079373267650435,-1.9999887512865604,-8.227804320104591e-06,3.078631502540212e-05,0,nan,nan,nan,3.0,6.278239457024482e-06,-5.350425655947788e-05,2.9999692136849747,0.0,-1.0,SOLVER_EXCEPTION,0.0,0,True,True
1248.115,-0.03715780585932058,-1.9999887331168997,-8.245704649279947e-06,3.070483131568855e-05,0,nan,nan,nan,3.0,6.299743175583762e-06,-5.352197661290248e-05,2.9999692951686843,0.0,-1.0,SOLVER_EXCEPTION,0.0,0,True,True
1248.218,-0.037237798366161756,-1.9999887145835367,-8.26396310403727e-06,3.062274624391517e-05,0,nan,nan,nan,3.0,6.321029364078437e-06,-5.353951920028521e-05,2.999969377253756,0.0,-1.0,SOLVER_EXCEPTION,0.0,0,True,True
1248.315,-0.03731229335373807,-1.9999886973200656,-8.280967555171168e-06,3.054725578544684e-05,0,nan,nan,nan,3.0,6.342969063005686e-06,-5.355759761460632e-05,2.9999694527442147,0.0,-1.0,SOLVER_EXCEPTION,0.0,0,True,True
1248.416,-0.03739305316967497,-1.9999886786014283,-8.299403579483719e-06,3.0466409548378462e-05,0,nan,nan,nan,3.0,6.3651271376669376e-06,-5.3575853471876655e-05,2.9999695335904515,0.0,-1.0,SOLVER_EXCEPTION,0.0,0,True,True
1248.516,-0.03747145246736697,-1.9999886604275323,-8.31730398137068e-06,3.038895043975484e-05,0,nan,nan,nan,3.0,6.385981691922207e-06,-5.359303683061256e-05,2.9999696110495604,0.0,-1.0,SOLVER_EXCEPTION,0.0,0,True,True
1248.623,-0.037553763051902084,-1.9999886413426495,-8.33609851692243e-06,3.0308689251524543e-05,0,nan,nan,nan,3.0,6.408141483317064e-06,-5.361129653280727e-05,2.9999696913107483,0.0,-1.0,SOLVER_EXCEPTION,0.0,0,True,True
1248.716,-0.037628226968893355,-1.9999886240736093,-8.353102750252152e-06,3.0236993444247506e-05,0,nan,nan,nan,3.0,6.430302852965798e-06,-5.362955139753822e-05,2.999969763006556,0.0,-1.0,SOLVER_EXCEPTION,0.0,0,True,True
1248.817,-0.037708169801742734,-1.9999886055320528,-8.371360348204521e-06,3.016094510340068e-05,0,nan,nan,nan,3.0,6.452029269016627e-06,-5.364745225611145e-05,2.999969839054897,0.0,-1.0,SOLVER_EXCEPTION,0.0,0,True,True
1248.92,-0.037788888191222475,-1.999988586806888,-8.3897977513607e-06,3.008521872268489e-05,0,nan,nan,nan,3.0,6.473322878796636e-06,-5.366499606962449e-05,2.9999699147812775,0.0,-1.0,SOLVER_EXCEPTION,0.0,0,True,True
1249.016,-0.03786176285585638,-1.999988569897645,-8.406443937158607e-06,3.001766452497925e-05,0,nan,nan,nan,3.0,6.495052481047617e-06,-5.368289257701164e-05,2.999969982335475,0.0,-1.0,SOLVER_EXCEPTION,0.0,0,True,True
1249.119,-0.037944816316652676,-1.9999885506245811,-8.425417679548117e-06,2.9941623702701363e-05,0,nan,nan,nan,3.0,6.517216536401416e-06,-5.370115161351663e-05,2.9999700583762974,0.0,-1.0,SOLVER_EXCEPTION,0.0,0,True,True
1249.218,-0.03802159411767839,-1.9999885328039568,-8.442958186909713e-06,2.9872223322529256e-05,0,nan,nan,nan,3.0,6.53873077323205e-06,-5.371887218874605e-05,2.9999701277766775,0.0,-1.0,SOLVER_EXCEPTION,0.0,0,True,True
1249.315,-0.03809758148909867,-1.9999885151636665,-8.460320359099229e-06,2.9804399230388756e-05,0,nan,nan,nan,3.0,6.5606806622771975e-06,-5.3736950418326046e-05,2.9999701956007696,0.0,-1.0,SOLVER_EXCEPTION,0.0,0,True,True
1249.419,-0.0381782616000994,-1.9999884964324528,-8.478759548298318e-06,2.9733393872250504e-05,0,nan,nan,nan,3.0,6.581978481804526e-06,-5.3754492536750575e-05,2.9999702666061276,0.0,-1.0,SOLVER_EXCEPTION,0.0,0,True,True
1249.516,-0.03825658449670497,-1.9999884782441257,-8.496657965093916e-06,2.9665225292518912e-05,0,nan,nan,nan,3.0,6.604364673755758e-06,-5.377293002473138e-05,2.9999703347747073,0.0,-1.0,SOLVER_EXCEPTION,0.0,0,True,True
1249.615,-0.03833098466213619,-1.999988460963838,-8.513661948471051e-06,2.9601274277254747e-05,0,nan,nan,nan,3.0,6.625448199741503e-06,-5.379029200769381e-05,2.999970398725723,0.0,-1.0,SOLVER_EXCEPTION,0.0,0,True,True
1249.715,-0.03841164294391534,-1.9999884422280525,-8.53210168682411e-06,2.9532980830636373e-05,0,nan,nan,nan,3.0,6.647618731351578e-06,-5.3808550403378064e-05,2.9999704670191694,0.0,-1.0,SOLVER_EXCEPTION,0.0,0,True,True
1249.815,-0.03848994491619031,-1.9999884240354622,-8.549999132356433e-06,2.946732686983517e-05,0,nan,nan,nan,3.0,6.669356242693898e-06,-5.382645251117424e-05,2.9999705326731303,0.0,-1.0,SOLVER_EXCEPTION,0.0,0,True,True
1249.915,-0.03856824004095751,-1.9999884058418844,-8.567901035482533e-06,2.9402691279826205e-05,0,nan,nan,nan,3.0,6.691312277366026e-06,-5.384453109469334e-05,2.99997059730872,0.0,-1.0,SOLVER_EXCEPTION,0.0,0,True,True
1250.021,-0.03865044264605522,-1.9999883867380657,-8.58669452068921e-06,2.933550376003447e-05,0,nan,nan,nan,3.0,6.712833498517177e-06,-5.386225070536099e-05,2.99997066449624,0.0,-1.0,SOLVER_EXCEPTION,0.0,0,True,True
1250.117,-0.03872637565575167,-1.9999883690875278,-8.604057430292399e-06,2.927435222241072e-05,0,nan,nan,nan,3.0,6.735226481725437e-06,-5.388068748990449e-05,2.9999707256477777,0.0,-1.0,SOLVER_EXCEPTION,0.0,0,True,True
1250.221,-0.03880778147919979,-1.9999883501618045,-8.622675586730313e-06,2.9209721427248826e-05,0,nan,nan,nan,3.0,6.756316148232716e-06,-5.3898049620304533e-05,2.9999707902785726,0.0,-1.0,SOLVER_EXCEPTION,0.0,0,True,True
1250.319,-0.03888448437128707,-1.999988332327528,-8.640217575051243e-06,2.914945885360414e-05,0,nan,nan,nan,3.0,6.777405678321211e-06,-5.391541559340851e-05,2.999970850541146,0.0,-1.0,SOLVER_EXCEPTION,0.0,0,True,True
1250.419,-0.03896196367941013,-1.999988314309384,-8.657939580762005e-06,2.908943694722905e-05,0,nan,nan,nan,3.0,6.799584573764292e-06,-5.393367242945146e-05,2.9999709105630528,0.0,-1.0,SOLVER_EXCEPTION,0.0,0,True,True
1250.523,-0.03904413190736433,-1.9999882951973573,-8.676734343340798e-06,2.9026537513790252e-05,0,nan,nan,nan,3.0,6.821546712005626e-06,-5.395175046718492e-05,2.9999709734624864,0.0,-1.0,SOLVER_EXCEPTION,0.0,0,True,True
1250.615,-0.03911533878249221,-1.9999882786331693,-8.693022155776113e-06,2.89726216063626e-05,0,nan,nan,nan,3.0,6.843291779670792e-06,-5.396965221526884e-05,2.9999710273783937,0.0,-1.0,SOLVER_EXCEPTION,0.0,0,True,True
1250.721,-0.0391974941934842,-1.9999882595183962,-8.711817207693089e-06,2.8911303049984113e-05,0,nan,nan,nan,3.0,6.864821595998136e-06,-5.3987373167085906e-05,2.99997108869695,0.0,-1.0,SOLVER_EXCEPTION,0.0,0,True,True
1250.818,-0.03927338415578316,-1.9999882418584354,-8.729179812940925e-06,2.8855353302333424e-05,0,nan,nan,nan,3.0,6.885481459730028e-06,-5.400438045821687e-05,2.9999711446466977,0.0,-1.0,SOLVER_EXCEPTION,0.0,0,True,True
1250.915,-0.03935083300329775,-1.9999882238343754,-8.746903653976621e-06,2.8799087489662372e-05,0,nan,nan,nan,3.0,6.908535655773211e-06,-5.4023352360044186e-05,2.99997120091251,0.0,-1.0,SOLVER_EXCEPTION,0.0,0,True,True
1251.017,-0.03943062267483504,-1.9999882052616975,-8.765160327742519e-06,2.8741687171966558e-05,0,nan,nan,nan,3.0,6.929851027015164e-06,-5.404089674199142e-05,2.999971258312828,0.0,-1.0,SOLVER_EXCEPTION,0.0,0,True,True
1251.118,-0.03950884189785806,-1.9999881870517644,-8.783061297922068e-06,2.8686228246235036e-05,0,nan,nan,nan,3.0,6.952254587149898e-06,-5.4059333133071874e-05,2.999971313771754,0.0,-1.0,SOLVER_EXCEPTION,0.0,0,True,True
1251.218,-0.03958705530874001,-1.9999881688414065,-8.800962894088477e-06,2.863148055738296e-05,0,nan,nan,nan,3.0,6.974006209459101e-06,-5.4077234945548724e-05,2.9999713685194425,0.0,-1.0,SOLVER_EXCEPTION,0.0,0,True,True
1251.321,-0.03966526298021114,-1.9999881506284567,-8.818860753929009e-06,2.8577303097482487e-05,0,nan,nan,nan,3.0,6.995542517636335e-06,-5.409495607988646e-05,2.9999714226969023,0.0,-1.0,SOLVER_EXCEPTION,0.0,0,True,True
1251.418,-0.03974033701186189,-1.9999881331433462,-8.836046493823045e-06,2.8526072548992297e-05,0,nan,nan,nan,3.0,7.0170794162088995e-06,-5.411267655341945e-05,2.999971473927451,0.0,-1.0,SOLVER_EXCEPTION,0.0,0,True,True
1251.517,-0.039820097517554456,-1.999988114564592,-8.854306757823424e-06,2.8472364400812315e-05,0,nan,nan,nan,3.0,7.038834522761024e-06,-5.4130577707312e-05,2.999971527635599,0.0,-1.0,SOLVER_EXCEPTION,0.0,0,True,True
1251.618,-0.03989985227188956,-1.9999880959834753,-8.8725624642343e-06,2.84191453589034e-05,0,nan,nan,nan,3.0,7.059286427204682e-06,-5.4147402507531694e-05,2.999971580854641,0.0,-1.0,SOLVER_EXCEPTION,0.0,0,True,True
1251.715,-0.039975692211061654,-1.9999880783121484,-8.889924606283561e-06,2.836920239487185e-05,0,nan,nan,nan,3.0,7.0825667042401475e-06,-5.4166554665613376e-05,2.999971630797605,0.0,-1.0,SOLVER_EXCEPTION,0.0,0,True,True
1251.816,-0.040053872405691415,-1.9999880600933393,-8.907827218651605e-06,2.8318559708431633e-05,0,nan,nan,nan,3.0,7.10432524909849e-06,-5.418445727789489e-05,2.9999716814402917,0.0,-1.0,SOLVER_EXCEPTION,0.0,0,True,True
1251.915,-0.04013282899862901,-1.9999880416902465,-8.925906641602917e-06,2.8267971752988297e-05,0,nan,nan,nan,3.0,7.126085571967311e-06,-5.4202358847454946e-05,2.999971732028247,0.0,-1.0,SOLVER_EXCEPTION,0.0,0,True,True
1252.015,-0.04021021689034813,-1.999988023650612,-8.943626938297767e-06,2.821891300830946e-05,0,nan,nan,nan,3.0,7.147846727732668e-06,-5.422025699752808e-05,2.9999717810869915,0.0,-1.0,SOLVER_EXCEPTION,0.0,0,True,True
1252.122,-0.040294634244271,-1.9999880039700935,-8.962961320532497e-06,2.816626274216847e-05,0,nan,nan,nan,3.0,7.1693907032863e-06,-5.423798177339734e-05,2.999971833737258,0.0,-1.0,SOLVER_EXCEPTION,0.0,0,True,True
1252.217,-0.040368885309224445,-1.9999879866563994,-8.979966826638082e-06,2.8120505688262842e-05,0,nan,nan,nan,3.0,7.191371997694785e-06,-5.425606103059977e-05,2.9999718794943115,0.0,-1.0,SOLVER_EXCEPTION,0.0,0,True,True
1252.315,-0.040439224209821864,-1.9999879702534347,-8.996077204255726e-06,2.8077615304640168e-05,0,nan,nan,nan,3.0,7.211612584705531e-06,-5.427270726388045e-05,2.9999719223846952,0.0,-1.0,SOLVER_EXCEPTION,0.0,0,True,True
1252.415,-0.04052206260996528,-1.9999879509325549,-9.015054123664161e-06,2.8027881774320062e-05,0,nan,nan,nan,3.0,7.234684108067409e-06,-5.4291684183027655e-05,2.999971972118226,0.0,-1.0,SOLVER_EXCEPTION,0.0,0,True,True
1252.517,-0.04060098837651565,-1.9999879325212129,-9.03313371148163e-06,2.7981026689041224e-05,0,nan,nan,nan,3.0,7.256668942788105e-06,-5.430976377107655e-05,2.999972018973311,0.0,-1.0,SOLVER_EXCEPTION,0.0,0,True,True
1252.618,-0.040682253277187976,-1.9999879135617946,-9.051748615553515e-06,2.7933292754039393e-05,0,nan,nan,nan,3.0,7.277348084869154e-06,-5.432676803929226e-05,2.999972066707246,0.0,-1.0,SOLVER_EXCEPTION,0.0,0,True,True
1252.717,-0.040758825054997616,-1.9999878956957156,-9.069291515959093e-06,2.788895988455862e-05,0,nan,nan,nan,3.0,7.29998755636336e-06,-5.434538699944369e-05,2.9999721110401154,0.0,-1.0,SOLVER_EXCEPTION,0.0,0,True,True
1252.83,-0.04083539226892622,-1.999987877827317,-9.086836343105877e-06,2.7845324674442566e-05,0,nan,nan,nan,3.0,7.320669802487919e-06,-5.436239224865247e-05,2.9999721546753255,0.0,-1.0,SOLVER_EXCEPTION,0.0,0,True,True
1252.924,-0.04092054846912943,-1.9999878579518102,-9.10634814711224e-06,2.7797295855096727e-05,0,nan,nan,nan,3.0,7.342875884670673e-06,-5.4380650953422816e-05,2.999972202704145,0.0,-1.0,SOLVER_EXCEPTION,0.0,0,True,True
1253.021,-0.04099710622620219,-1.9999878400815305,-9.123890854777305e-06,2.7754638721435733e-05,0,nan,nan,nan,3.0,7.3648662213861485e-06,-5.439873078216806e-05,2.9999722453612785,0.0,-1.0,SOLVER_EXCEPTION,0.0,0,True,True
1253.117,-0.04107131618565951,-1.9999878227561678,-9.14089659924754e-06,2.7713853520855197e-05,0,nan,nan,nan,3.0,7.387293445645146e-06,-5.441716859655443e-05,2.999972286146479,0.0,-1.0,SOLVER_EXCEPTION,0.0,0,True,True
1253.215,-0.04114864643651503,-1.9999878047004493,-9.15861843540172e-06,2.7671825361226253e-05,0,nan,nan,nan,3.0,7.4090681206549855e-06,-5.443506699176481e-05,2.9999723281746387,0.0,-1.0,SOLVER_EXCEPTION,0.0,0,True,True
1253.319,-0.04122909650028399,-1.99998778591406,-9.177055764093918e-06,2.762864351118648e-05,0,nan,nan,nan,3.0,7.430625804613332e-06,-5.445279201898856e-05,2.9999723713564888,0.0,-1.0,SOLVER_EXCEPTION,0.0,0,True,True
1253.424,-0.041311103891260685,-1.9999877667607893,-9.195851730215336e-06,2.758526171970186e-05,0,nan,nan,nan,3.0,7.452838964141117e-06,-5.447104961930904e-05,2.9999724147382802,0.0,-1.0,SOLVER_EXCEPTION,0.0,0,True,True
1253.519,-0.04138217308432014,-1.9999877501600964,-9.212140329489874e-06,2.7548038016708787e-05,0,nan,nan,nan,3.0,7.47418135718234e-06,-5.448859230705594e-05,2.9999724519619835,0.0,-1.0,SOLVER_EXCEPTION,0.0,0,True,True
1253.619,-0.04146182883071811,-1.9999877315518044,-9.230400336855153e-06,2.750697366961534e-05,0,nan,nan,nan,3.0,7.4959607482389965e-06,-5.4506495678730005e-05,2.9999724930263305,0.0,-1.0,SOLVER_EXCEPTION,0.0,0,True,True
1253.715,-0.04153835666370197,-1.9999877136714577,-9.247945584256466e-06,2.7468101431760965e-05,0,nan,nan,nan,3.0,7.51795957492457e-06,-5.4524575643810635e-05,2.9999725318985684,0.0,-1.0,SOLVER_EXCEPTION,0.0,0,True,True
1253.819,-0.04161956547334593,-1.999987694694995,-9.266560616854753e-06,2.7427122465938537e-05,0,nan,nan,nan,3.0,7.539305206492819e-06,-5.4542119493294905e-05,2.999972572877534,0.0,-1.0,SOLVER_EXCEPTION,0.0,0,True,True
1253.918,-0.041697646647573056,-1.9999876764478692,-9.284461987578765e-06,2.7388322685091944e-05,0,nan,nan,nan,3.0,7.5615239208027745e-06,-5.456037603668307e-05,2.999972611677315,0.0,-1.0,SOLVER_EXCEPTION,0.0,0,True,True
1254.02,-0.041778065987469054,-1.9999876576509825,-9.302900126090763e-06,2.7348904603762685e-05,0,nan,nan,nan,3.0,7.583308345898323e-06,-5.4578279351513714e-05,2.9999726510953963,0.0,-1.0,SOLVER_EXCEPTION,0.0,0,True,True
1254.12,-0.04185379679378329,-1.999987639947346,-9.320263587167513e-06,2.731221973188861e-05,0,nan,nan,nan,3.0,7.604875657068731e-06,-5.459599999113607e-05,2.999972687780268,0.0,-1.0,SOLVER_EXCEPTION,0.0,0,True,True
1254.219,-0.04192796250751301,-1.9999876226089344,-9.337272379232791e-06,2.727685808050498e-05,0,nan,nan,nan,3.0,7.626662137784138e-06,-5.461390243866049e-05,2.9999727231419193,0.0,-1.0,SOLVER_EXCEPTION,0.0,0,True,True
1254.319,-0.04200993100796188,-1.9999876034430293,-9.356069545131462e-06,2.723820592096614e-05,0,nan,nan,nan,3.0,7.64866818082937e-06,-5.463198252275703e-05,2.999972761794079,0.0,-1.0,SOLVER_EXCEPTION,0.0,0,True,True
1254.42,-0.04208799226478103,-1.9999875851878692,-9.373967971187606e-06,2.7201679085166195e-05,0,nan,nan,nan,3.0,7.670021150826105e-06,-5.4649523287153556e-05,2.999972798320915,0.0,-1.0,SOLVER_EXCEPTION,0.0,0,True,True
1254.527,-0.042170733010833426,-1.9999875658370705,-9.392944460725049e-06,2.716363820517424e-05,0,nan,nan,nan,3.0,7.693554124276186e-06,-5.466885850946568e-05,2.999972836361795,0.0,-1.0,SOLVER_EXCEPTION,0.0,0,True,True
1254.623,-0.042248005904109306,-1.9999875477621567,-9.41066683124064e-06,2.7128563965841026e-05,0,nan,nan,nan,3.0,7.714038228318493e-06,-5.468568682909236e-05,2.999972871436034,0.0,-1.0,SOLVER_EXCEPTION,0.0,0,True,True
1254.725,-0.042327616569486116,-1.9999875291378515,-9.428927250590495e-06,2.709294667169077e-05,0,nan,nan,nan,3.0,7.734086820533333e-06,-5.4702156982777694e-05,2.9999729070533285,0.0,-1.0,SOLVER_EXCEPTION,0.0,0,True,True
1254.816,-0.04239551674868765,-1.9999875132518368,-9.444499975867824e-06,2.706277117548527e-05,0,nan,nan,nan,3.0,7.757188515674818e-06,-5.472113003524015e-05,2.9999729372288244,0.0,-1.0,SOLVER_EXCEPTION,0.0,0,True,True
1254.92,-0.04247902237987696,-1.9999874937122866,-9.463655372795454e-06,2.70262749793212e-05,0,nan,nan,nan,3.0,7.778983593215235e-06,-5.473903369690447e-05,2.9999729737250207,0.0,-1.0,SOLVER_EXCEPTION,0.0,0,True,True
1255.016,-0.04255393980994211,-1.999987476179563,-9.480841127801513e-06,2.6993937493192754e-05,0,nan,nan,nan,3.0,7.801215715966916e-06,-5.475729087667247e-05,2.9999730060625067,0.0,-1.0,SOLVER_EXCEPTION,0.0,0,True,True
1255.12,-0.04263509666078371,-1.9999874571854606,-9.49946014145102e-06,2.6959373610597345e-05,0,nan,nan,nan,3.0,7.823230295262406e-06,-5.477537416798128e-05,2.9999730406263896,0.0,-1.0,SOLVER_EXCEPTION,0.0,0,True,True
1255.218,-0.042711567909503714,-1.9999874392847303,-9.517001175705697e-06,2.6927077039295507e-05,0,nan,nan,nan,3.0,7.844593498466899e-06,-5.47929151180071e-05,2.999973072922961,0.0,-1.0,SOLVER_EXCEPTION,0.0,0,True,True
1255.317,-0.04278647529084864,-1.9999874217483884,-9.534187893990213e-06,2.689597266921502e-05,0,nan,nan,nan,3.0,7.866393249230916e-06,-5.48108179532214e-05,2.999973104027331,0.0,-1.0,SOLVER_EXCEPTION,0.0,0,True,True
1255.415,-0.042865280690376706,-1.9999874032978384,-9.552268115472584e-06,2.6863582738245767e-05,0,nan,nan,nan,3.0,7.888411842108635e-06,-5.4828898174985596e-05,2.9999731364172617,0.0,-1.0,SOLVER_EXCEPTION,0.0,0,True,True
1255.519,-0.042947203437747605,-1.9999873841147,-9.571064489682629e-06,2.683036397009217e-05,0,nan,nan,nan,3.0,7.909996387361634e-06,-5.4846620631821e-05,2.99997316963603,0.0,-1.0,SOLVER_EXCEPTION,0.0,0,True,True
1255.621,-0.043026782010260424,-1.9999873654779794,-9.58932616678444e-06,2.6798640003082824e-05,0,nan,nan,nan,3.0,7.932017965230687e-06,-5.4864700475221184e-05,2.999973201359997,0.0,-1.0,SOLVER_EXCEPTION,0.0,0,True,True
1255.717,-0.04310089622313579,-1.9999873481195964,-9.606331379284333e-06,2.676925351602843e-05,0,nan,nan,nan,3.0,7.95294966924041e-06,-5.488188744351419e-05,2.999973230746484,0.0,-1.0,SOLVER_EXCEPTION,0.0,0,True,True
1255.819,-0.04318046821222624,-1.9999873294801005,-9.624592130114526e-06,2.673828072918163e-05,0,nan,nan,nan,3.0,7.975191990486603e-06,-5.490014799836018e-05,2.999973261719271,0.0,-1.0,SOLVER_EXCEPTION,0.0,0,True,True
1255.919,-0.043256916579799125,-1.9999873115698452,-9.642134267702505e-06,2.670876138611169e-05,0,nan,nan,nan,3.0,7.996344526661231e-06,-5.4917511226104665e-05,2.999973291238614,0.0,-1.0,SOLVER_EXCEPTION,0.0,0,True,True
1256.018,-0.04333570201251868,-1.9999872931113887,-9.660217442063044e-06,2.667887871676955e-05,0,nan,nan,nan,3.0,8.01815268405284e-06,-5.493541533097002e-05,2.999973321121283,0.0,-1.0,SOLVER_EXCEPTION,0.0,0,True,True
1256.117,-0.043412924233214134,-1.999987275016066,-9.677940138463546e-06,2.6649890160144335e-05,0,nan,nan,nan,3.0,8.04039894007101e-06,-5.495367267061013e-05,2.99997335010984,0.0,-1.0,SOLVER_EXCEPTION,0.0,0,True,True
1256.215,-0.043490143418852295,-1.9999872569193125,-9.695662107991282e-06,2.6621202151576394e-05,0,nan,nan,nan,3.0,8.062209458782799e-06,-5.497157568656874e-05,2.9999733787978484,0.0,-1.0,SOLVER_EXCEPTION,0.0,0,True,True
1256.319,-0.043568919499410004,-1.999987238456395,-9.713741822152486e-06,2.6592259632330184e-05,0,nan,nan,nan,3.0,8.084675402741141e-06,-5.499001386732871e-05,2.9999734077403675,0.0,-1.0,SOLVER_EXCEPTION,0.0,0,True,True
1256.42,-0.043639113410258216,-1.999987222002289,-9.729855633943302e-06,2.6567001898740772e-05,0,nan,nan,nan,3.0,8.104743929158568e-06,-5.500648569345401e-05,2.999973432998101,0.0,-1.0,SOLVER_EXCEPTION,0.0,0,True,True
1256.521,-0.04372802222916783,-1.9999872011590156,-9.750261464734822e-06,2.6535131396026603e-05,0,nan,nan,nan,3.0,8.128303952824296e-06,-5.502581711258614e-05,2.999973464868604,0.0,-1.0,SOLVER_EXCEPTION,0.0,0,True,True
1256.617,-0.043803669701520796,-1.9999871834234102,-9.767628436529659e-06,2.650854336594201e-05,0,nan,nan,nan,3.0,8.150118947479285e-06,-5.504372027242965e-05,2.9999734914566343,0.0,-1.0,SOLVER_EXCEPTION,0.0,0,True,True
1256.717,-0.043880094266919765,-1.9999871655027375,-9.785171132903115e-06,2.6481897626235998e-05,0,nan,nan,nan,3.0,8.171936050437912e-06,-5.506162332480358e-05,2.9999735181023737,0.0,-1.0,SOLVER_EXCEPTION,0.0,0,True,True
1256.818,-0.04395963527376624,-1.9999871468493966,-9.803432888768869e-06,2.6454652109340327e-05,0,nan,nan,nan,3.0,8.193754674708258e-06,-5.50795234715018e-05,2.9999735453478906,0.0,-1.0,SOLVER_EXCEPTION,0.0,0,True,True
1256.919,-0.044039173331110584,-1.999987128195207,-9.821692703892053e-06,2.6427615112345143e-05,0,nan,nan,nan,3.0,8.215573364417226e-06,-5.509742657805461e-05,2.9999735723848877,0.0,-1.0,SOLVER_EXCEPTION,0.0,0,True,True
1257.016,-0.04411480976226947,-1.9999871104534965,-9.839057663561716e-06,2.6402292602465578e-05,0,nan,nan,nan,3.0,8.236957880096614e-06,-5.51149715994903e-05,2.9999735977073976,0.0,-1.0,SOLVER_EXCEPTION,0.0,0,True,True
1257.121,-0.0441966813185334,-1.9999870912468343,-9.857854696598202e-06,2.6375226691515153e-05,0,nan,nan,nan,3.0,8.258998566148976e-06,-5.513305217963449e-05,2.9999736247733084,0.0,-1.0,SOLVER_EXCEPTION,0.0,0,True,True
1257.219,-0.04427231236796815,-1.9999870735029237,-9.875218336033163e-06,2.6350420429786553e-05,0,nan,nan,nan,3.0,8.281039420930949e-06,-5.515113233167668e-05,2.9999736495795704,0.0,-1.0,SOLVER_EXCEPTION,0.0,0,True,True
1257.316,-0.04434872054367006,-1.9999870555745194,-9.892764774598756e-06,2.6325911538556743e-05,0,nan,nan,nan,3.0,8.302863867218317e-06,-5.5169036759838974e-05,2.9999736740884613,0.0,-1.0,SOLVER_EXCEPTION,0.0,0,True,True
1257.419,-0.044427465070061324,-1.9999870370955248,-9.910845506480603e-06,2.6300822187582718e-05,0,nan,nan,nan,3.0,8.32469011517745e-06,-5.518693738748581e-05,2.9999736991778123,0.0,-1.0,SOLVER_EXCEPTION,0.0,0,True,True
1257.518,-0.04450620691501661,-1.99998701861581,-9.928925177754501e-06,2.627594162298871e-05,0,nan,nan,nan,3.0,8.346516331563005e-06,-5.5204839255029725e-05,2.999973724058377,0.0,-1.0,SOLVER_EXCEPTION,0.0,0,True,True
1257.615,-0.044581048194139127,-1.9999870010492335,-9.94611356795551e-06,2.625283689031614e-05,0,nan,nan,nan,3.0,8.368344617074989e-06,-5.522274362723678e-05,2.99997374716311,0.0,-1.0,SOLVER_EXCEPTION,0.0,0,True,True
1257.72,-0.044660564464557136,-1.9999869823826637,-9.964371295452258e-06,2.6228342104553497e-05,0,nan,nan,nan,3.0,8.39017486194075e-06,-5.524064322104394e-05,2.9999737716578956,0.0,-1.0,SOLVER_EXCEPTION,0.0,0,True,True
1257.826,-0.04474553482374839,-1.9999869624342725,-9.983885844968784e-06,2.6202690524272393e-05,0,nan,nan,nan,3.0,8.412004925771276e-06,-5.5258546617587e-05,2.9999737973094756,0.0,-1.0,SOLVER_EXCEPTION,0.0,0,True,True
1257.92,-0.0448164711065904,-1.999986945779405,-1.0000178086908561e-05,2.6181528259102788e-05,0,nan,nan,nan,3.0,8.433400368635508e-06,-5.527609200628447e-05,2.999973818471741,0.0,-1.0,SOLVER_EXCEPTION,0.0,0,True,True
1258.022,-0.04489909760761201,-1.9999869263769796,-1.0019152917359592e-05,2.6157067647939514e-05,0,nan,nan,nan,3.0,8.455670862971934e-06,-5.5294351021473176e-05,2.999973842932352,0.0,-1.0,SOLVER_EXCEPTION,0.0,0,True,True
1258.119,-0.044973926793041,-1.99998690880363,-1.003634040800923e-05,2.6135318735358473e-05,0,nan,nan,nan,3.0,8.47750460708625e-06,-5.531225405652762e-05,2.9999738646812646,0.0,-1.0,SOLVER_EXCEPTION,0.0,0,True,True
1258.221,-0.045054209807723976,-1.9999868899479187,-1.0054779440282468e-05,2.6112196888066397e-05,0,nan,nan,nan,3.0,8.49934044997957e-06,-5.5330157490818266e-05,2.999973887803112,0.0,-1.0,SOLVER_EXCEPTION,0.0,0,True,True
1258.318,-0.04512903442552652,-1.999986872371651,-1.0071966718182304e-05,2.6091025215275466e-05,0,nan,nan,nan,3.0,8.521178218711448e-06,-5.534805845375246e-05,2.9999739089747846,0.0,-1.0,SOLVER_EXCEPTION,0.0,0,True,True
1258.416,-0.04520619504760763,-1.9999868542451529,-1.0089689204150742e-05,2.606930547475394e-05,0,nan,nan,nan,3.0,8.541705640763469e-06,-5.536488664459327e-05,2.9999739306945252,0.0,-1.0,SOLVER_EXCEPTION,0.0,0,True,True
1258.515,-0.04528335339803021,-1.9999868361177056,-1.0107412248573106e-05,2.6047905218953018e-05,0,nan,nan,nan,3.0,8.564637377027128e-06,-5.5383684237408914e-05,2.999973952094781,0.0,-1.0,SOLVER_EXCEPTION,0.0,0,True,True
1258.616,-0.04536128884821281,-1.9999868178051818,-1.0125316937122045e-05,2.6026723741636254e-05,0,nan,nan,nan,3.0,8.586697142977758e-06,-5.5401765608031894e-05,2.9999739732762585,0.0,-1.0,SOLVER_EXCEPTION,0.0,0,True,True
1258.716,-0.04543922203799158,-1.9999867994914535,-1.0143217322725948e-05,2.600553736046021e-05,0,nan,nan,nan,3.0,8.60832059050606e-06,-5.54194890565185e-05,2.9999739944626396,0.0,-1.0,SOLVER_EXCEPTION,0.0,0,True,True
1258.818,-0.045519490890198,-1.9999867806276956,-1.0161659645292919e-05,2.5984248821947483e-05,0,nan,nan,nan,3.0,8.63038191267981e-06,-5.5437573650785055e-05,2.999974015751178,0.0,-1.0,SOLVER_EXCEPTION,0.0,0,True,True
1258.918,-0.04559586102566021,-1.9999867626770338,-1.0179201698237056e-05,2.596403624922959e-05,0,nan,nan,nan,3.0,8.652227269352602e-06,-5.545547368335235e-05,2.9999740359637506,0.0,-1.0,SOLVER_EXCEPTION,0.0,0,True,True
1259.017,-0.045672229071002206,-1.9999867447255644,-1.0196747573562538e-05,2.594422760253217e-05,0,nan,nan,nan,3.0,8.673635946131167e-06,-5.5473019121343725e-05,2.9999740557723973,0.0,-1.0,SOLVER_EXCEPTION,0.0,0,True,True
1259.117,-0.04575171198719396,-1.9999867260404158,-1.0215009029918355e-05,2.592385400308373e-05,0,nan,nan,nan,3.0,8.695920190693189e-06,-5.549128102622092e-05,2.999974076145997,0.0,-1.0,SOLVER_EXCEPTION,0.0,0,True,True
1259.216,-0.04582885505884844,-1.9999867079026639,-1.0232732521270324e-05,2.5904317322583457e-05,0,nan,nan,nan,3.0,8.717987676239637e-06,-5.550936258069683e-05,2.9999740956826773,0.0,-1.0,SOLVER_EXCEPTION,0.0,0,True,True
1259.318,-0.04590911284233136,-1.9999866890310352,-1.025117309588347e-05,2.5884265848413763e-05,0,nan,nan,nan,3.0,8.73961932119944e-06,-5.552708566591846e-05,2.9999741157341515,0.0,-1.0,SOLVER_EXCEPTION,0.0,0,True,True
1259.417,-0.04598391423660762,-1.999986671441305,-1.0268359664119714e-05,2.5865738995698267e-05,0,nan,nan,nan,3.0,8.75994043394088e-06,-5.5543734389207344e-05,2.9999741342610045,0.0,-1.0,SOLVER_EXCEPTION,0.0,0,True,True
1259.518,-0.046064167805066725,-1.999986652566599,-1.0286799234315954e-05,2.5846152358568608e-05,0,nan,nan,nan,3.0,8.783322478633722e-06,-5.5562891032145956e-05,2.999974153847641,0.0,-1.0,SOLVER_EXCEPTION,0.0,0,True,True
1259.623,-0.046145977492180516,-1.9999866333238072,-1.0305597090866835e-05,2.5826457860533473e-05,0,nan,nan,nan,3.0,8.806050718936216e-06,-5.558151091156205e-05,2.9999741735421397,0.0,-1.0,SOLVER_EXCEPTION,0.0,0,True,True
1259.717,-0.04621843566662555,-1.9999866162795814,-1.0322245305839222e-05,2.5809114026983002e-05,0,nan,nan,nan,3.0,8.826812530490668e-06,-5.559851730740917e-05,2.999974190885973,0.0,-1.0,SOLVER_EXCEPTION,0.0,0,True,True
1259.815,-0.04629556669216098,-1.9999865981337839,-1.0339969064190389e-05,2.579100779305673e-05,0,nan,nan,nan,3.0,8.848887686071419e-06,-5.5616599123453625e-05,2.999974208992207,0.0,-1.0,SOLVER_EXCEPTION,0.0,0,True,True
1259.921,-0.04637581210124892,-1.9999865792532572,-1.0358408847539587e-05,2.5772392604287866e-05,0,nan,nan,nan,3.0,8.870745578072633e-06,-5.5634503915324984e-05,2.9999742276073955,0.0,-1.0,SOLVER_EXCEPTION,0.0,0,True,True
1260.019,-0.046454497370468195,-1.999986560739341,-1.0376493868681097e-05,2.575448666139307e-05,0,nan,nan,nan,3.0,8.89260368138461e-06,-5.565240806726379e-05,2.9999742455133385,0.0,-1.0,SOLVER_EXCEPTION,0.0,0,True,True
1260.116,-0.04653084360618085,-1.9999865427727066,-1.039403632497967e-05,2.5737106209956165e-05,0,nan,nan,nan,3.0,8.914464137605082e-06,-5.567030835429421e-05,2.99997426289379,0.0,-1.0,SOLVER_EXCEPTION,0.0,0,True,True
1260.22,-0.04661264115102609,-1.9999865235211616,-1.0412834278591412e-05,2.571885348607792e-05,0,nan,nan,nan,3.0,8.936326024990768e-06,-5.568821322787798e-05,2.999974281146514,0.0,-1.0,SOLVER_EXCEPTION,0.0,0,True,True
1260.315,-0.04668586770153124,-1.9999865062860525,-1.0429664035310507e-05,2.5702720757181483e-05,0,nan,nan,nan,3.0,8.958188190192482e-06,-5.570611624294841e-05,2.999974297279243,0.0,-1.0,SOLVER_EXCEPTION,0.0,0,True,True
1260.416,-0.046764545496719455,-1.9999864877653737,-1.0447746073655003e-05,2.5685603963385657e-05,0,nan,nan,nan,3.0,8.980052614451396e-06,-5.572401805187255e-05,2.9999743143960367,0.0,-1.0,SOLVER_EXCEPTION,0.0,0,True,True
1260.517,-0.046841663532031994,-1.9999864696097422,-1.0465469897268388e-05,2.5669033938512788e-05,0,nan,nan,nan,3.0,9.001918435492373e-06,-5.5741922053265114e-05,2.9999743309660616,0.0,-1.0,SOLVER_EXCEPTION,0.0,0,True,True
1260.618,-0.046921116653803996,-1.9999864509035352,-1.048373085178073e-05,2.5652119015422163e-05,0,nan,nan,nan,3.0,9.023784502591407e-06,-5.5759826175449945e-05,2.9999743478809844,0.0,-1.0,SOLVER_EXCEPTION,0.0,0,True,True
1260.718,-0.04699901009695617,-1.9999864325625878,-1.0501636116895944e-05,2.563590627244581e-05,0,nan,nan,nan,3.0,9.045652625532404e-06,-5.577772806208969e-05,2.9999743640937275,0.0,-1.0,SOLVER_EXCEPTION,0.0,0,True,True
1260.823,-0.04708001743811323,-1.9999864134858165,-1.052025396192398e-05,2.561907931310093e-05,0,nan,nan,nan,3.0,9.0683968251108e-06,-5.5796348077841174e-05,2.999974380920687,0.0,-1.0,SOLVER_EXCEPTION,0.0,0,True,True
1260.918,-0.04715479180127078,-1.9999863958753081,-1.0537441124458832e-05,2.5603793082939265e-05,0,nan,nan,nan,3.0,9.089392239820458e-06,-5.581353598893557e-05,2.999974396206917,0.0,-1.0,SOLVER_EXCEPTION,0.0,0,True,True
1261.018,-0.047232680105587364,-1.9999863775303353,-1.0555346234596635e-05,2.558817392900706e-05,0,nan,nan,nan,3.0,9.11104558567822e-06,-5.583126013775086e-05,2.999974411826071,0.0,-1.0,SOLVER_EXCEPTION,0.0,0,True,True
1261.115,-0.04730823016474304,-1.9999863597334009,-1.0572712152630486e-05,2.557313463837573e-05,0,nan,nan,nan,3.0,9.132919527839264e-06,-5.5849160812027066e-05,2.9999744268653616,0.0,-1.0,SOLVER_EXCEPTION,0.0,0,True,True
1261.219,-0.047387672882656724,-1.9999863410179832,-1.0590970453657215e-05,2.5557323417733607e-05,0,nan,nan,nan,3.0,9.154355913871914e-06,-5.586670705204355e-05,2.9999744426765824,0.0,-1.0,SOLVER_EXCEPTION,0.0,0,True,True
1261.322,-0.04746633508046574,-1.9999863224856296,-1.060905570202549e-05,2.554218150849317e-05,0,nan,nan,nan,3.0,9.17688811328196e-06,-5.5885147463463625e-05,2.9999744578184915,0.0,-1.0,SOLVER_EXCEPTION,0.0,0,True,True
1261.421,-0.04754733206496869,-1.9999863034004874,-1.0627673531692182e-05,2.5526565576600516e-05,0,nan,nan,nan,3.0,9.198328157844e-06,-5.590269366884115e-05,2.9999744734344236,0.0,-1.0,SOLVER_EXCEPTION,0.0,0,True,True
1261.518,-0.047622875781462105,-1.9999862855981265,-1.064503937174035e-05,2.5512250455893173e-05,0,nan,nan,nan,3.0,9.220425067788261e-06,-5.5920776032003516e-05,2.9999744877495442,0.0,-1.0,SOLVER_EXCEPTION,0.0,0,True,True
1261.622,-0.04770309069043776,-1.9999862666944512,-1.0663482198370264e-05,2.5497343239393186e-05,0,nan,nan,nan,3.0,9.240991696843095e-06,-5.5937605948575e-05,2.9999745026567606,0.0,-1.0,SOLVER_EXCEPTION,0.0,0,True,True
1261.719,-0.04777863138445365,-1.9999862488897033,-1.0680848442722831e-05,2.5483417970119683e-05,0,nan,nan,nan,3.0,9.264186085479977e-06,-5.595658207946386e-05,2.99997451658203,0.0,-1.0,SOLVER_EXCEPTION,0.0,0,True,True
1261.821,-0.04785728562997016,-1.9999862303492015,-1.0698930781847991e-05,2.546908231516237e-05,0,nan,nan,nan,3.0,9.285411898451324e-06,-5.5973947270970825e-05,2.999974530917685,0.0,-1.0,SOLVER_EXCEPTION,0.0,0,True,True
1261.918,-0.047934380870902536,-1.9999862121753096,-1.0716653903479347e-05,2.5455096970661623e-05,0,nan,nan,nan,3.0,9.30795172503087e-06,-5.599239112630272e-05,2.9999745449030293,0.0,-1.0,SOLVER_EXCEPTION,0.0,0,True,True
1262.016,-0.04801069593267337,-1.9999861941832093,-1.0734201652119986e-05,2.5441671800871052e-05,0,nan,nan,nan,3.0,9.330055888742456e-06,-5.6010473607148725e-05,2.999974558328199,0.0,-1.0,SOLVER_EXCEPTION,0.0,0,True,True
1262.117,-0.048088566986795575,-1.9999861758221502,-1.0752103544008575e-05,2.5427919355907892e-05,0,nan,nan,nan,3.0,9.351942715608754e-06,-5.602837552931561e-05,2.999974572080644,0.0,-1.0,SOLVER_EXCEPTION,0.0,0,True,True
1262.218,-0.04816799396390225,-1.9999861570934505,-1.077036486109596e-05,2.5414088549271246e-05,0,nan,nan,nan,3.0,9.37404834082185e-06,-5.604646022838722e-05,2.999974585911451,0.0,-1.0,SOLVER_EXCEPTION,0.0,0,True,True
1262.315,-0.048243526075746584,-1.9999861392807738,-1.0787731337861788e-05,2.5401177495855815e-05,0,nan,nan,nan,3.0,9.395718679905827e-06,-5.6064184694726293e-05,2.999974598822504,0.0,-1.0,SOLVER_EXCEPTION,0.0,0,True,True
1262.418,-0.04832295015628719,-1.99998612054837,-1.0805995175662847e-05,2.5387883554150524e-05,0,nan,nan,nan,3.0,9.416952816671038e-06,-5.6081550691367e-05,2.999974612116446,0.0,-1.0,SOLVER_EXCEPTION,0.0,0,True,True
1262.528,-0.048402372780066406,-1.9999861018144998,-1.0824253824425e-05,2.5374451819237986e-05,0,nan,nan,nan,3.0,9.43796810334571e-06,-5.609873833956058e-05,2.9999746255481807,0.0,-1.0,SOLVER_EXCEPTION,0.0,0,True,True
1262.625,-0.04848490849293017,-1.9999860823455586,-1.0843233349577479e-05,2.5360922160354873e-05,0,nan,nan,nan,3.0,9.461174918116595e-06,-5.611771504598906e-05,2.9999746390778395,0.0,-1.0,SOLVER_EXCEPTION,0.0,0,True,True
1262.716,-0.04855576340040961,-1.99998606562912,-1.0859525681678685e-05,2.5349431391648695e-05,0,nan,nan,nan,3.0,9.483288620265436e-06,-5.613579760099796e-05,2.9999746505686082,0.0,-1.0,SOLVER_EXCEPTION,0.0,0,True,True
1262.818,-0.048635181860163766,-1.9999860468914983,-1.0877789029191863e-05,2.5336736088622316e-05,0,nan,nan,nan,3.0,9.505183724518864e-06,-5.6153701164518566e-05,2.9999746632639113,0.0,-1.0,SOLVER_EXCEPTION,0.0,0,True,True
1262.925,-0.04871849189347697,-1.999986027234111,-1.0896945023417736e-05,2.5323437951624328e-05,0,nan,nan,nan,3.0,9.526861538196146e-06,-5.617142686853427e-05,2.9999746765620485,0.0,-1.0,SOLVER_EXCEPTION,0.0,0,True,True
1263.017,-0.04879012174711549,-1.999986010330551,-1.0913417597633079e-05,2.5312307623895013e-05,0,nan,nan,nan,3.0,9.549198047115936e-06,-5.618968956078163e-05,2.9999746876923763,0.0,-1.0,SOLVER_EXCEPTION,0.0,0,True,True
1263.115,-0.04886642190456983,-1.9999859923231917,-1.0930961373416171e-05,2.5300383159790668e-05,0,nan,nan,nan,3.0,9.570659653919528e-06,-5.620723296440033e-05,2.9999746996168404,0.0,-1.0,SOLVER_EXCEPTION,0.0,0,True,True
1263.217,-0.04894505649260858,-1.9999859737641748,-1.0949047127555367e-05,2.528851166787418e-05,0,nan,nan,nan,3.0,9.592341212145409e-06,-5.622496101098662e-05,2.999974711488332,0.0,-1.0,SOLVER_EXCEPTION,0.0,0,True,True
1263.321,-0.04902602541196131,-1.9999859546514027,-1.0967664822617094e-05,2.5276189844100638e-05,0,nan,nan,nan,3.0,9.615120037626185e-06,-5.624357866640395e-05,2.9999747238101557,0.0,-1.0,SOLVER_EXCEPTION,0.0,0,True,True
1263.416,-0.049095315047858926,-1.9999859382947351,-1.0983601242590779e-05,2.5265944813183605e-05,0,nan,nan,nan,3.0,9.63548990464553e-06,-5.626023130211877e-05,2.9999747340551868,0.0,-1.0,SOLVER_EXCEPTION,0.0,0,True,True
1263.515,-0.049178617023194,-1.9999859186280882,-1.1002758541019179e-05,2.5253697699418212e-05,0,nan,nan,nan,3.0,9.65849008203945e-06,-5.627903050964278e-05,2.9999747463023008,0.0,-1.0,SOLVER_EXCEPTION,0.0,0,True,True
1263.624,-0.0492619176026999,-1.9999858989600507,-1.1021916511686299e-05,2.5241638429498003e-05,0,nan,nan,nan,3.0,9.680177462893216e-06,-5.629675641039e-05,2.9999747583615703,0.0,-1.0,SOLVER_EXCEPTION,0.0,0,True,True
1263.719,-0.0493350964141015,-1.9999858816793725,-1.103874364282944e-05,2.5231032832788462e-05,0,nan,nan,nan,3.0,9.702085446415783e-06,-5.631465728095364e-05,2.999974768967167,0.0,-1.0,SOLVER_EXCEPTION,0.0,0,True,True
1263.818,-0.049409052656399034,-1.9999858642151929,-1.1055754781416464e-05,2.5220645937168173e-05,0,nan,nan,nan,3.0,9.72377442848057e-06,-5.633238484081815e-05,2.999974779354063,0.0,-1.0,SOLVER_EXCEPTION,0.0,0,True,True
1263.915,-0.049486121718013816,-1.999985846013081,-1.1073479601654103e-05,2.5209878882307116e-05,0,nan,nan,nan,3.0,9.745465967670281e-06,-5.6350109661096326e-05,2.999974790121118,0.0,-1.0,SOLVER_EXCEPTION,0.0,0,True,True
1264.017,-0.049567081932249145,-1.999985826890209,-1.1092098527099182e-05,2.519863155302473e-05,0,nan,nan,nan,3.0,9.767816224871962e-06,-5.636837036782083e-05,2.999974801368447,0.0,-1.0,SOLVER_EXCEPTION,0.0,0,True,True
1264.122,-0.04965037624502924,-1.9999858072144663,-1.1111255611271157e-05,2.51872601945809e-05,0,nan,nan,nan,3.0,9.791043786514663e-06,-5.6387349216091565e-05,2.9999748127398056,0.0,-1.0,SOLVER_EXCEPTION,0.0,0,True,True
1264.215,-0.049722771185398716,-1.9999857901127214,-1.1127909054815566e-05,2.5177634676727917e-05,0,nan,nan,nan,3.0,9.811642761573063e-06,-5.6404181005387244e-05,2.9999748223653233,0.0,-1.0,SOLVER_EXCEPTION,0.0,0,True,True
1264.322,-0.04980372782505789,-1.9999857709856461,-1.1146527804659195e-05,2.516679832859402e-05,0,nan,nan,nan,3.0,9.832463095493742e-06,-5.642118917981165e-05,2.9999748332016716,0.0,-1.0,SOLVER_EXCEPTION,0.0,0,True,True
1264.415,-0.049878455972739315,-1.999985753329148,-1.1163715621755027e-05,2.5156942379633853e-05,0,nan,nan,nan,3.0,9.855475155623699e-06,-5.643998773097181e-05,2.9999748430576205,0.0,-1.0,SOLVER_EXCEPTION,0.0,0,True,True
1264.519,-0.0499586319324988,-1.999985734383333,-1.1182156847278628e-05,2.5146545719490447e-05,0,nan,nan,nan,3.0,9.877174288994123e-06,-5.645771271023392e-05,2.9999748534542805,0.0,-1.0,SOLVER_EXCEPTION,0.0,0,True,True
1264.623,-0.05003958514298367,-1.9999857152520613,-1.1200779576570759e-05,2.5136330441298915e-05,0,nan,nan,nan,3.0,9.899313542839908e-06,-5.647579577772177e-05,2.999974863669559,0.0,-1.0,SOLVER_EXCEPTION,0.0,0,True,True
1264.718,-0.050111975022644896,-1.9999856981427715,-1.1217429466201448e-05,2.5127112213896068e-05,0,nan,nan,nan,3.0,9.920357029212589e-06,-5.649298486609666e-05,2.999974872887786,0.0,-1.0,SOLVER_EXCEPTION,0.0,0,True,True
1264.815,-0.05018981259165333,-1.999985679745122,-1.1235334574043455e-05,2.5117434117570244e-05,0,nan,nan,nan,3.0,9.943156224824128e-06,-5.6511606533415915e-05,2.9999748825658825,0.0,-1.0,SOLVER_EXCEPTION,0.0,0,True,True
1264.917,-0.05026920584573256,-1.9999856609772637,-1.1253595759197575e-05,2.5107604712473907e-05,0,nan,nan,nan,3.0,9.965299483241078e-06,-5.6529689802964356e-05,2.9999748923952874,0.0,-1.0,SOLVER_EXCEPTION,0.0,0,True,True
1265.017,-0.05034781968690762,-1.9999856423919253,-1.1271678871428827e-05,2.509803199452237e-05,0,nan,nan,nan,3.0,9.987444011387523e-06,-5.6547772613324554e-05,2.9999749019680055,0.0,-1.0,SOLVER_EXCEPTION,0.0,0,True,True
1265.115,-0.050423319139522436,-1.9999856245425298,-1.1289048537416004e-05,2.508905837464504e-05,0,nan,nan,nan,3.0,1.0009150576716767e-05,-5.656549721022586e-05,2.999974910941625,0.0,-1.0,SOLVER_EXCEPTION,0.0,0,True,True
1265.219,-0.05050348763497886,-1.9999856055867888,-1.1307489677743777e-05,2.5079523808087804e-05,0,nan,nan,nan,3.0,1.0031078157118052e-05,-5.658340364211867e-05,2.999974920476192,0.0,-1.0,SOLVER_EXCEPTION,0.0,0,True,True
1265.317,-0.050579763486652426,-1.9999855875492325,-1.1325034623013834e-05,2.50705288104747e-05,0,nan,nan,nan,3.0,1.0053007669146226e-05,-5.660130649376427e-05,2.9999749294711897,0.0,-1.0,SOLVER_EXCEPTION,0.0,0,True,True
1265.415,-0.050650590227238626,-1.999985570800131,-1.134133001842965e-05,2.5062432907658954e-05,0,nan,nan,nan,3.0,1.0071648199837605e-05,-5.661652672994677e-05,2.9999749375670923,0.0,-1.0,SOLVER_EXCEPTION,0.0,0,True,True
1265.517,-0.05073542560634858,-1.9999855507355246,-1.1360845844797916e-05,2.5052731694230226e-05,0,nan,nan,nan,3.0,1.0096650057633065e-05,-5.6636936402565397e-05,2.999974947268306,0.0,-1.0,SOLVER_EXCEPTION,0.0,0,True,True
1265.615,-0.05081169865527891,-1.99998553269376,-1.1378389677365835e-05,2.5044005874344752e-05,0,nan,nan,nan,3.0,1.0118802945087114e-05,-5.665501973695086e-05,2.9999749559941256,0.0,-1.0,SOLVER_EXCEPTION,0.0,0,True,True
1265.721,-0.05089497534577272,-1.9999855129943123,-1.1397547316443677e-05,2.503471225753501e-05,0,nan,nan,nan,3.0,1.0140736637973331e-05,-5.667292545208369e-05,2.9999749652877425,0.0,-1.0,SOLVER_EXCEPTION,0.0,0,True,True
1265.82,-0.05096968998090359,-1.9999854953194627,-1.1414737171651175e-05,2.5026552429982673e-05,0,nan,nan,nan,3.0,1.0162453177121387e-05,-5.669065099045412e-05,2.99997497344757,0.0,-1.0,SOLVER_EXCEPTION,0.0,0,True,True
1265.915,-0.05104596030368847,-1.9999854772741215,-1.143228581183004e-05,2.5018406615553914e-05,0,nan,nan,nan,3.0,1.0184390648598972e-05,-5.670855661232821e-05,2.9999749815933843,0.0,-1.0,SOLVER_EXCEPTION,0.0,0,True,True
1266.018,-0.05112456452673084,-1.999985458675322,-1.1450368371339565e-05,2.5009877863007483e-05,0,nan,nan,nan,3.0,1.0205889642477431e-05,-5.672610423212987e-05,2.999974990122137,0.0,-1.0,SOLVER_EXCEPTION,0.0,0,True,True
1266.12,-0.051205502580264746,-1.9999854395229186,-1.146898991314953e-05,2.5001330493721894e-05,0,nan,nan,nan,3.0,1.0228048712443895e-05,-5.67441877286079e-05,2.999974998669506,0.0,-1.0,SOLVER_EXCEPTION,0.0,0,True,True
1266.217,-0.05128021378630509,-1.9999854218416115,-1.1486177175568672e-05,2.4993476680720157e-05,0,nan,nan,nan,3.0,1.0249990326881603e-05,-5.676209100746732e-05,2.9999750065233193,0.0,-1.0,SOLVER_EXCEPTION,0.0,0,True,True
1266.318,-0.05135881533797856,-1.9999854032380011,-1.1504260395302135e-05,2.4985332788484512e-05,0,nan,nan,nan,3.0,1.0270615728958623e-05,-5.6778921342370836e-05,2.9999750146672115,0.0,-1.0,SOLVER_EXCEPTION,0.0,0,True,True
1266.416,-0.05143585957508249,-1.9999853850026716,-1.1521988767118102e-05,2.4977594725502842e-05,0,nan,nan,nan,3.0,1.0294534667361068e-05,-5.679843744177404e-05,2.9999750224052746,0.0,-1.0,SOLVER_EXCEPTION,0.0,0,True,True
1266.521,-0.05151679404234018,-1.999985365843743,-1.1540607465218105e-05,2.496933525667465e-05,0,nan,nan,nan,3.0,1.0314724551858078e-05,-5.681491196884991e-05,2.9999750306647432,0.0,-1.0,SOLVER_EXCEPTION,0.0,0,True,True
1266.618,-0.05159305838665304,-1.9999853477887062,-1.1558156313549883e-05,2.496189274203937e-05,0,nan,nan,nan,3.0,1.0337988226113084e-05,-5.683388838351178e-05,2.999975038107258,0.0,-1.0,SOLVER_EXCEPTION,0.0,0,True,True
1266.717,-0.05167010013427203,-1.9999853295490524,-1.157588072667782e-05,2.4954208213026764e-05,0,nan,nan,nan,3.0,1.036015474405354e-05,-5.685197496951844e-05,2.999975045791787,0.0,-1.0,SOLVER_EXCEPTION,0.0,0,True,True
1266.82,-0.05175025383249061,-1.9999853105703491,-1.159432256181158e-05,2.494642919165218e-05,0,nan,nan,nan,3.0,1.0382104157876504e-05,-5.686987851039049e-05,2.9999750535708083,0.0,-1.0,SOLVER_EXCEPTION,0.0,0,True,True
1266.921,-0.051828072140713305,-1.9999852921426875,-1.161222959429321e-05,2.49391262624113e-05,0,nan,nan,nan,3.0,1.040405510023552e-05,-5.688778524159943e-05,2.9999750608737377,0.0,-1.0,SOLVER_EXCEPTION,0.0,0,True,True
1267.017,-0.051903555140937536,-1.999985274267174,-1.1629596026342962e-05,2.4931877287193495e-05,0,nan,nan,nan,3.0,1.0426226017354085e-05,-5.6905868019985206e-05,2.999975068122713,0.0,-1.0,SOLVER_EXCEPTION,0.0,0,True,True
1267.12,-0.0519829282215541,-1.9999852554685067,-1.1647860355154504e-05,2.4924546374775278e-05,0,nan,nan,nan,3.0,1.0447959940130511e-05,-5.692359396380908e-05,2.999975075453625,0.0,-1.0,SOLVER_EXCEPTION,0.0,0,True,True
1267.222,-0.0520599660292396,-1.9999852372209248,-1.1665586192706791e-05,2.4917467709107587e-05,0,nan,nan,nan,3.0,1.0469695603546554e-05,-5.6941319713565974e-05,2.999975082532291,0.0,-1.0,SOLVER_EXCEPTION,0.0,0,True,True
1267.319,-0.05213855938391322,-1.9999852186033469,-1.1683669905749894e-05,2.4910299393373585e-05,0,nan,nan,nan,3.0,1.0491651124796862e-05,-5.695922459691971e-05,2.9999750897006066,0.0,-1.0,SOLVER_EXCEPTION,0.0,0,True,True
1267.419,-0.052215595686914744,-1.999985200353989,-1.1701394958015644e-05,2.4903295421016133e-05,0,nan,nan,nan,3.0,1.0512730190817906e-05,-5.6976415773846156e-05,2.999975096704579,0.0,-1.0,SOLVER_EXCEPTION,0.0,0,True,True
1267.515,-0.05229029685838309,-1.9999851826555453,-1.1718586072323796e-05,2.4896812361065254e-05,0,nan,nan,nan,3.0,1.0535787103189897e-05,-5.699521613156122e-05,2.999975103187639,0.0,-1.0,SOLVER_EXCEPTION,0.0,0,True,True
1267.619,-0.05236810985673547,-1.9999851642181772,-1.1736488083158199e-05,2.4889808520755035e-05,0,nan,nan,nan,3.0,1.0557747581586729e-05,-5.701311814254595e-05,2.999975110191479,0.0,-1.0,SOLVER_EXCEPTION,0.0,0,True,True
1267.725,-0.05245448143328723,-1.999985143751648,-1.175636356024733e-05,2.48823667163279e-05,0,nan,nan,nan,3.0,1.0581025961941241e-05,-5.703209893548333e-05,2.9999751176332836,0.0,-1.0,SOLVER_EXCEPTION,0.0,0,True,True
1267.816,-0.052525289903642254,-1.9999851269720177,-1.1772660192822568e-05,2.4876476559540223e-05,0,nan,nan,nan,3.0,1.0601671112052856e-05,-5.704893215918716e-05,2.9999751235234404,0.0,-1.0,SOLVER_EXCEPTION,0.0,0,True,True
1267.92,-0.05260621315094362,-1.9999851077925883,-1.1791279175056243e-05,2.486953012797102e-05,0,nan,nan,nan,3.0,1.0622097641134511e-05,-5.7065582689919125e-05,2.999975130469872,0.0,-1.0,SOLVER_EXCEPTION,0.0,0,True,True
1268.017,-0.052681688958570255,-1.9999850899038216,-1.1808649347706181e-05,2.4863321019860318e-05,0,nan,nan,nan,3.0,1.0645381025852524e-05,-5.708456322883748e-05,2.99997513667898,0.0,-1.0,SOLVER_EXCEPTION,0.0,0,True,True
1268.122,-0.052761832660739014,-1.9999850709063978,-1.1827091840878265e-05,2.4856746247053135e-05,0,nan,nan,nan,3.0,1.0666909001595582e-05,-5.710210912646119e-05,2.999975143253753,0.0,-1.0,SOLVER_EXCEPTION,0.0,0,True,True
1268.229,-0.05284664413956535,-1.9999850508010806,-1.1846609584117524e-05,2.484990375982735e-05,0,nan,nan,nan,3.0,1.0690415162824067e-05,-5.7121267906801165e-05,2.9999751500962404,0.0,-1.0,SOLVER_EXCEPTION,0.0,0,True,True
1268.319,-0.052915893285393124,-1.9999850343825967,-1.1862543294455118e-05,2.4844254508351237e-05,0,nan,nan,nan,3.0,1.071128584360233e-05,-5.713827997677612e-05,2.9999751557454917,0.0,-1.0,SOLVER_EXCEPTION,0.0,0,True,True
1268.418,-0.052992922614773966,-1.9999850161192876,-1.1880269258724264e-05,2.483812875616403e-05,0,nan,nan,nan,3.0,1.0733476613557927e-05,-5.715636444891814e-05,2.999975161871244,0.0,-1.0,SOLVER_EXCEPTION,0.0,0,True,True
1268.518,-0.05307072936393833,-1.999984997669741,-1.1898176624824004e-05,2.483216310965062e-05,0,nan,nan,nan,3.0,1.0755449384508326e-05,-5.7174268483617396e-05,2.99997516783689,0.0,-1.0,SOLVER_EXCEPTION,0.0,0,True,True
1268.617,-0.0531399768243206,-1.9999849812485229,-1.1914111274733724e-05,2.4826725406547692e-05,0,nan,nan,nan,3.0,1.0775664770850207e-05,-5.71907413342565e-05,2.9999751732745934,0.0,-1.0,SOLVER_EXCEPTION,0.0,0,True,True
1268.719,-0.05322245066456567,-1.999984961689477,-1.1933093140460142e-05,2.48205389974462e-05,0,nan,nan,nan,3.0,1.0798957954321659e-05,-5.720972319966933e-05,2.9999751794610026,0.0,-1.0,SOLVER_EXCEPTION,0.0,0,True,True
1268.821,-0.053306479882901214,-1.99998494175909,-1.1952428586312041e-05,2.4814079673607955e-05,0,nan,nan,nan,3.0,1.0820714997305328e-05,-5.722744944192115e-05,2.9999751859203263,0.0,-1.0,SOLVER_EXCEPTION,0.0,0,True,True
1268.917,-0.053381171909095936,-1.999984924041645,-1.1969619617952433e-05,2.480864174578391e-05,0,nan,nan,nan,3.0,1.0843352508441703e-05,-5.724589132949376e-05,2.999975191358254,0.0,-1.0,SOLVER_EXCEPTION,0.0,0,True,True
1269.023,-0.05346519975866521,-1.9999849041085096,-1.1988955056783608e-05,2.4802319276748026e-05,0,nan,nan,nan,3.0,1.0865331001726342e-05,-5.726379739678933e-05,2.9999751976807234,0.0,-1.0,SOLVER_EXCEPTION,0.0,0,True,True
1269.115,-0.05353600045032574,-1.9999848873123292,-1.200525192873721e-05,2.4797338382237334e-05,0,nan,nan,nan,3.0,1.0887311881686493e-05,-5.728170175434144e-05,2.9999752026616178,0.0,-1.0,SOLVER_EXCEPTION,0.0,0,True,True
1269.216,-0.05361458085410949,-1.9999848686680097,-1.2023336417423331e-05,2.4791719268254678e-05,0,nan,nan,nan,3.0,1.0909294161901613e-05,-5.7299608245742206e-05,2.999975208280732,0.0,-1.0,SOLVER_EXCEPTION,0.0,0,True,True
1269.319,-0.053691604621586966,-1.9999848503924047,-1.20410617065443e-05,2.4786162964605565e-05,0,nan,nan,nan,3.0,1.0930617367469408e-05,-5.731697554223203e-05,2.9999752138370352,0.0,-1.0,SOLVER_EXCEPTION,0.0,0,True,True
1269.418,-0.05377562989358109,-1.999984830453682,-1.2060401849290922e-05,2.47803973773319e-05,0,nan,nan,nan,3.0,1.0954140720624517e-05,-5.7336135621977036e-05,2.999975219602623,0.0,-1.0,SOLVER_EXCEPTION,0.0,0,True,True
1269.515,-0.05384720644381845,-1.999984813466663,-1.2076873823844643e-05,2.477542943052142e-05,0,nan,nan,nan,3.0,1.0973049164305886e-05,-5.7351534741734156e-05,2.9999752245705693,0.0,-1.0,SOLVER_EXCEPTION,0.0,0,True,True
1269.615,-0.05392500649236867,-1.9999847950018637,-1.2094779682451997e-05,2.477011148745177e-05,0,nan,nan,nan,3.0,1.0996575015290335e-05,-5.7370693206770795e-05,2.9999752298885127,0.0,-1.0,SOLVER_EXCEPTION,0.0,0,True,True
1269.717,-0.05400280597546269,-1.9999847765361503,-1.2112687353616294e-05,2.4764978589988267e-05,0,nan,nan,nan,3.0,1.1019223423569431e-05,-5.738913602693074e-05,2.99997523502141,0.0,-1.0,SOLVER_EXCEPTION,0.0,0,True,True
1269.815,-0.05408060490017932,-1.9999847580679868,-1.213059069394719e-05,2.475970132173181e-05,0,nan,nan,nan,3.0,1.1041213717540045e-05,-5.7407044015800324e-05,2.9999752402986783,0.0,-1.0,SOLVER_EXCEPTION,0.0,0,True,True
1269.916,-0.054159181254480104,-1.9999847394138743,-1.2148675288261317e-05,2.4754540637531905e-05,0,nan,nan,nan,3.0,1.106320569761827e-05,-5.742494702110079e-05,2.9999752454593627,0.0,-1.0,SOLVER_EXCEPTION,0.0,0,True,True
1270.016,-0.054236979077912924,-1.9999847209440837,-1.216658230844829e-05,2.4749536213455626e-05,0,nan,nan,nan,3.0,1.1084318114080267e-05,-5.7442138036378765e-05,2.9999752504637867,0.0,-1.0,SOLVER_EXCEPTION,0.0,0,True,True
1270.118,-0.05431555433391004,-1.9999847022872885,-1.2184667161796234e-05,2.4744536309974616e-05,0,nan,nan,nan,3.0,1.1106972541904021e-05,-5.746058090183581e-05,2.99997525546369,0.0,-1.0,SOLVER_EXCEPTION,0.0,0,True,True
1270.216,-0.054392573118702284,-1.9999846839983233,-1.2202393785875677e-05,2.4739676327464947e-05,0,nan,nan,nan,3.0,1.1129188424048843e-05,-5.747866558758474e-05,2.9999752603236725,0.0,-1.0,SOLVER_EXCEPTION,0.0,0,True,True
1270.317,-0.05447114730911631,-1.9999846653398758,-1.2220480916351967e-05,2.473484941729222e-05,0,nan,nan,nan,3.0,1.1150744703968058e-05,-5.749621354267376e-05,2.999975265150583,0.0,-1.0,SOLVER_EXCEPTION,0.0,0,True,True
1270.417,-0.05454894301703992,-1.9999846468637732,-1.2238385603289401e-05,2.4729999046094377e-05,0,nan,nan,nan,3.0,1.1173842761226946e-05,-5.751501566253481e-05,2.999975270000954,0.0,-1.0,SOLVER_EXCEPTION,0.0,0,True,True
1270.521,-0.05462985001117505,-1.9999846276470286,-1.2257008788422187e-05,2.4725150269333385e-05,0,nan,nan,nan,3.0,1.1195842815771667e-05,-5.753292257759668e-05,2.9999752748497306,0.0,-1.0,SOLVER_EXCEPTION,0.0,0,True,True
1270.616,-0.05470375496148204,-1.999984610091985,-1.2274018556701882e-05,2.4720641567098164e-05,0,nan,nan,nan,3.0,1.1215863423968682e-05,-5.754921597267426e-05,2.999975279358433,0.0,-1.0,SOLVER_EXCEPTION,0.0,0,True,True
1270.715,-0.05477999328098497,-1.9999845919819106,-1.2291568392063452e-05,2.4716225150630004e-05,0,nan,nan,nan,3.0,1.1239185801102934e-05,-5.7568198451374286e-05,2.9999752837748495,0.0,-1.0,SOLVER_EXCEPTION,0.0,0,True,True
1270.818,-0.0548608987356676,-1.9999845727605903,-1.2310188307080584e-05,2.4711375512304822e-05,0,nan,nan,nan,3.0,1.1261190175545655e-05,-5.7586102068629685e-05,2.9999752886244875,0.0,-1.0,SOLVER_EXCEPTION,0.0,0,True,True
1270.919,-0.05493946987602159,-1.9999845540923273,-1.2328273295280139e-05,2.4706839056806324e-05,0,nan,nan,nan,3.0,1.1282094465038058e-05,-5.7603114967275104e-05,2.999975293160943,0.0,-1.0,SOLVER_EXCEPTION,0.0,0,True,True
1271.018,-0.055016484677169235,-1.9999845357934962,-1.2346002599604924e-05,2.4702532682600505e-05,0,nan,nan,nan,3.0,1.1305641591407219e-05,-5.762227454031432e-05,2.9999752974673175,0.0,-1.0,SOLVER_EXCEPTION,0.0,0,True,True
1271.123,-0.0550973886146447,-1.9999845165681216,-1.2364623924821739e-05,2.4697925163694478e-05,0,nan,nan,nan,3.0,1.1327209688678925e-05,-5.76398213651963e-05,2.9999753020748363,0.0,-1.0,SOLVER_EXCEPTION,0.0,0,True,True
1271.216,-0.05517051289195219,-1.9999844991896563,-1.238145664144802e-05,2.4693934412629428e-05,0,nan,nan,nan,3.0,1.1349219329316759e-05,-5.7657728456561586e-05,2.999975306065587,0.0,-1.0,SOLVER_EXCEPTION,0.0,0,True,True
1271.32,-0.05524986005017001,-1.9999844803316162,-1.239971864770529e-05,2.468940255036197e-05,0,nan,nan,nan,3.0,1.1369468358104184e-05,-5.767420334912288e-05,2.9999753105974496,0.0,-1.0,SOLVER_EXCEPTION,0.0,0,True,True
1271.419,-0.05532687301440747,-1.9999844620270488,-1.2417449028933698e-05,2.4685403515199642e-05,0,nan,nan,nan,3.0,1.1393461369207686e-05,-5.769372105657311e-05,2.999975314596485,0.0,-1.0,SOLVER_EXCEPTION,0.0,0,True,True
1271.519,-0.05540621924295726,-1.9999844431654479,-1.243571200935108e-05,2.468108957080945e-05,0,nan,nan,nan,3.0,1.141503502729854e-05,-5.771126769005264e-05,2.9999753189104292,0.0,-1.0,SOLVER_EXCEPTION,0.0,0,True,True
1271.62,-0.055484009213745966,-1.9999844246723295,-1.2453619052311033e-05,2.4677020465080474e-05,0,nan,nan,nan,3.0,1.1437269749509246e-05,-5.772935186199035e-05,2.9999753229795347,0.0,-1.0,SOLVER_EXCEPTION,0.0,0,True,True
1271.719,-0.055560242958872026,-1.9999844065488022,-1.2471168619253732e-05,2.4673081065699647e-05,0,nan,nan,nan,3.0,1.145906530157514e-05,-5.774708242345383e-05,2.999975326918934,0.0,-1.0,SOLVER_EXCEPTION,0.0,0,True,True
1271.815,-0.05563647628726879,-1.9999843884226811,-1.2488714436571177e-05,2.4669039336243857e-05,0,nan,nan,nan,3.0,1.1481303362906356e-05,-5.7765167749135315e-05,2.999975330960664,0.0,-1.0,SOLVER_EXCEPTION,0.0,0,True,True
1271.918,-0.055715042858327554,-1.9999843697403725,-1.2506799573654704e-05,2.4665026913258865e-05,0,nan,nan,nan,3.0,1.1502441644159995e-05,-5.7782354349722453e-05,2.9999753349730867,0.0,-1.0,SOLVER_EXCEPTION,0.0,0,True,True
1272.018,-0.05579438687813841,-1.9999843508728223,-1.2525065411320579e-05,2.466107089720106e-05,0,nan,nan,nan,3.0,1.1525562487756135e-05,-5.780115943476716e-05,2.9999753389291026,0.0,-1.0,SOLVER_EXCEPTION,0.0,0,True,True
1272.117,-0.05587061895827913,-1.999984332743036,-1.2542614894975482e-05,2.4657363447619993e-05,0,nan,nan,nan,3.0,1.1547364133205742e-05,-5.7818886799676505e-05,2.9999753426365525,0.0,-1.0,SOLVER_EXCEPTION,0.0,0,True,True
1272.217,-0.055949184258893656,-1.9999843140564986,-1.2560700311842975e-05,2.465352248699733e-05,0,nan,nan,nan,3.0,1.156938772506335e-05,-5.783679188020585e-05,2.999975346477513,0.0,-1.0,SOLVER_EXCEPTION,0.0,0,True,True
1272.318,-0.05602308193451885,-1.9999842964795733,-1.257771016513132e-05,2.4649827786478765e-05,0,nan,nan,nan,3.0,1.1590971003144317e-05,-5.78543402247611e-05,2.9999753501722135,0.0,-1.0,SOLVER_EXCEPTION,0.0,0,True,True
1272.419,-0.056105535754441695,-1.99998427686578,-1.2596693224157054e-05,2.4645999189839607e-05,0,nan,nan,nan,3.0,1.1613437210429528e-05,-5.787260724821053e-05,2.99997535400081,0.0,-1.0,SOLVER_EXCEPTION,0.0,0,True,True
1272.517,-0.05618254410756778,-1.9999842585452015,-1.2614420559271534e-05,2.464237291658283e-05,0,nan,nan,nan,3.0,1.1635244405382573e-05,-5.789033445946501e-05,2.9999753576270836,0.0,-1.0,SOLVER_EXCEPTION,0.0,0,True,True
1272.621,-0.056262663501247374,-1.999984239482904,-1.2632864026072383e-05,2.463862317561124e-05,0,nan,nan,nan,3.0,1.165727278086944e-05,-5.790823861717698e-05,2.9999753613768245,0.0,-1.0,SOLVER_EXCEPTION,0.0,0,True,True
1272.716,-0.05633733751757164,-1.999984221715871,-1.2650055586779263e-05,2.463521417307344e-05,0,nan,nan,nan,3.0,1.1679302394247266e-05,-5.792614614508196e-05,2.999975364785827,0.0,-1.0,SOLVER_EXCEPTION,0.0,0,True,True
1272.818,-0.056415900425026505,-1.9999842030210004,-1.2668141219402962e-05,2.4631657393210555e-05,0,nan,nan,nan,3.0,1.1701333892773719e-05,-5.794405496528654e-05,2.9999753683426067,0.0,-1.0,SOLVER_EXCEPTION,0.0,0,True,True
1272.917,-0.056492907257323526,-1.9999841846947821,-1.2685868582740376e-05,2.462819688589852e-05,0,nan,nan,nan,3.0,1.172358723531236e-05,-5.796214034248237e-05,2.999975371803114,0.0,-1.0,SOLVER_EXCEPTION,0.0,0,True,True
1273.011,-0.05656913588267628,-1.9999841665533797,-1.2703417157475255e-05,2.462478009711491e-05,0,nan,nan,nan,3.0,1.174562067918756e-05,-5.7980047216688035e-05,2.9999753752199028,0.0,-1.0,SOLVER_EXCEPTION,0.0,0,True,True
1273.116,-0.05664847550467834,-1.9999841476692513,-1.2721680898722283e-05,2.4621256017284894e-05,0,nan,nan,nan,3.0,1.176765635680007e-05,-5.799795279726183e-05,2.999975378743983,0.0,-1.0,SOLVER_EXCEPTION,0.0,0,True,True
1273.215,-0.05672548124637526,-1.9999841293388794,-1.2739408431673581e-05,2.4617937377607543e-05,0,nan,nan,nan,3.0,1.1789913970710899e-05,-5.801603849109327e-05,2.9999753820626225,0.0,-1.0,SOLVER_EXCEPTION,0.0,0,True,True
1273.317,-0.0568017088054571,-1.9999841111933163,-1.2756956947028129e-05,2.461463423085668e-05,0,nan,nan,nan,3.0,1.1811290288571663e-05,-5.803341027199593e-05,2.999975385365769,0.0,-1.0,SOLVER_EXCEPTION,0.0,0,True,True
1273.421,-0.05688571429228503,-1.9999840911944065,-1.2776298407074734e-05,2.461119628291682e-05,0,nan,nan,nan,3.0,1.1833770861771324e-05,-5.805167296779601e-05,2.9999753888037173,0.0,-1.0,SOLVER_EXCEPTION,0.0,0,True,True
1273.522,-0.05696038549315126,-1.9999840734154881,-1.2793487781250393e-05,2.4608048149442104e-05,0,nan,nan,nan,3.0,1.1854710300560999e-05,-5.8068684193557374e-05,2.9999753919518506,0.0,-1.0,SOLVER_EXCEPTION,0.0,0,True,True
1273.627,-0.05704516803290899,-1.9999840532277369,-1.2813006187346202e-05,2.4604559484262298e-05,0,nan,nan,nan,3.0,1.1877854364588606e-05,-5.808748673885589e-05,2.999975395440516,0.0,-1.0,SOLVER_EXCEPTION,0.0,0,True,True
1273.718,-0.05711439384250038,-1.9999840367437016,-1.282894546153995e-05,2.460183518498744e-05,0,nan,nan,nan,3.0,1.1899897534318537e-05,-5.8105394133090016e-05,2.999975398164815,0.0,-1.0,SOLVER_EXCEPTION,0.0,0,True,True
1273.817,-0.0571913975191286,-1.9999840184054145,-1.2846673400020572e-05,2.4598760174717574e-05,0,nan,nan,nan,3.0,1.1921942554168677e-05,-5.81233034595563e-05,2.9999754012398254,0.0,-1.0,SOLVER_EXCEPTION,0.0,0,True,True
1273.918,-0.057269178679171924,-1.9999839998798616,-1.2864577678089733e-05,2.4595552178643688e-05,0,nan,nan,nan,3.0,1.1943989775826878e-05,-5.814120773761644e-05,2.9999754044478215,0.0,-1.0,SOLVER_EXCEPTION,0.0,0,True,True
1274.017,-0.057349292930096774,-1.9999839807981132,-1.2883020919682323e-05,2.4592326544930975e-05,0,nan,nan,nan,3.0,1.1966036909980047e-05,-5.815911588946676e-05,2.999975407673455,0.0,-1.0,SOLVER_EXCEPTION,0.0,0,True,True
1274.116,-0.057426295623185235,-1.9999839624562454,-1.290075224021679e-05,2.458954502361005e-05,0,nan,nan,nan,3.0,1.1988086130409294e-05,-5.8177024147010314e-05,2.9999754104549763,0.0,-1.0,SOLVER_EXCEPTION,0.0,0,True,True
1274.223,-0.0575095204027468,-1.9999839426299884,-1.291991279543834e-05,2.458638799443766e-05,0,nan,nan,nan,3.0,1.2010137287640698e-05,-5.819492988923258e-05,2.9999754136120056,0.0,-1.0,SOLVER_EXCEPTION,0.0,0,True,True
1274.316,-0.0575818556643437,-1.999983925396143,-1.29365656413774e-05,2.4583628366445965e-05,0,nan,nan,nan,3.0,1.2032189229000505e-05,-5.821283721196835e-05,2.9999754163716337,0.0,-1.0,SOLVER_EXCEPTION,0.0,0,True,True
1274.418,-0.057660413007723954,-1.9999839066795966,-1.295465116296162e-05,2.458064512058129e-05,0,nan,nan,nan,3.0,1.2054242030385476e-05,-5.823074631905456e-05,2.9999754193548793,0.0,-1.0,SOLVER_EXCEPTION,0.0,0,True,True
1274.519,-0.0577397478268861,-1.9999838877758729,-1.2972918636628167e-05,2.457786397405435e-05,0,nan,nan,nan,3.0,1.2076297251392198e-05,-5.824865107673105e-05,2.9999754221360257,0.0,-1.0,SOLVER_EXCEPTION,0.0,0,True,True
1274.617,-0.05781519339002078,-1.9999838697967713,-1.2990288298901454e-05,2.457512966995469e-05,0,nan,nan,nan,3.0,1.2097912411904773e-05,-5.826620179449904e-05,2.99997542487033,0.0,-1.0,SOLVER_EXCEPTION,0.0,0,True,True
1274.719,-0.057895305378898684,-1.9999838507052907,-1.300873131983269e-05,2.4572134607402865e-05,0,nan,nan,nan,3.0,1.2120410168351877e-05,-5.8284468559044456e-05,2.9999754278653925,0.0,-1.0,SOLVER_EXCEPTION,0.0,0,True,True
1274.815,-0.05796997257963065,-1.9999838329094604,-1.3025924649388206e-05,2.456964452250914e-05,0,nan,nan,nan,3.0,1.2142689763106857e-05,-5.830255470895551e-05,2.9999754303554775,0.0,-1.0,SOLVER_EXCEPTION,0.0,0,True,True
1274.915,-0.05804697284691936,-1.999983814555717,-1.3043652720115101e-05,2.4566963182352217e-05,0,nan,nan,nan,3.0,1.2164529819117331e-05,-5.8320282779522614e-05,2.9999754330368176,0.0,-1.0,SOLVER_EXCEPTION,0.0,0,True,True
1275.015,-0.05812475060608019,-1.999983796015525,-1.306155652368091e-05,2.4564052737815173e-05,0,nan,nan,nan,3.0,1.2186370493750703e-05,-5.833800960042268e-05,2.9999754359472623,0.0,-1.0,SOLVER_EXCEPTION,0.0,0,True,True
1275.119,-0.05820330585209609,-1.9999837772889777,-1.307964621271785e-05,2.4561568077305544e-05,0,nan,nan,nan,3.0,1.2208433530470824e-05,-5.835591811198526e-05,2.999975438431923,0.0,-1.0,SOLVER_EXCEPTION,0.0,0,True,True
1275.217,-0.05828186080961149,-1.9999837585603346,-1.3097732619333607e-05,2.4558941233308695e-05,0,nan,nan,nan,3.0,1.2230498354942465e-05,-5.837382425299964e-05,2.999975441058767,0.0,-1.0,SOLVER_EXCEPTION,0.0,0,True,True
1275.317,-0.05836041548227337,-1.9999837398300764,-1.3115818811246403e-05,2.455633134847982e-05,0,nan,nan,nan,3.0,1.2252564374244808e-05,-5.839173215882454e-05,2.9999754436686517,0.0,-1.0,SOLVER_EXCEPTION,0.0,0,True,True
1275.415,-0.05843663657894758,-1.9999837216559873,-1.3133369287975593e-05,2.4553860690006692e-05,0,nan,nan,nan,3.0,1.2274189482909738e-05,-5.8409283041349624e-05,2.99997544613931,0.0,-1.0,SOLVER_EXCEPTION,0.0,0,True,True
1275.518,-0.05851674622524395,-1.9999837025522984,-1.3151813975754671e-05,2.4551282698913987e-05,0,nan,nan,nan,3.0,1.2297141163212526e-05,-5.8427904439994904e-05,2.999975448717301,0.0,-1.0,SOLVER_EXCEPTION,0.0,0,True,True
1275.617,-0.05859063351018278,-1.9999836849305985,-1.3168825731718138e-05,2.4548923408439078e-05,0,nan,nan,nan,3.0,1.2318770060121344e-05,-5.8445455791034107e-05,2.9999754510765917,0.0,-1.0,SOLVER_EXCEPTION,0.0,0,True,True
1275.716,-0.0586707426115137,-1.9999836658247345,-1.3187269326222866e-05,2.454629050222579e-05,0,nan,nan,nan,3.0,1.2340620086304527e-05,-5.846318310265275e-05,2.9999754537094976,0.0,-1.0,SOLVER_EXCEPTION,0.0,0,True,True
1275.811,-0.05874385164559822,-1.9999836483865119,-1.3204103611911529e-05,2.4544092101690777e-05,0,nan,nan,nan,3.0,1.236225134756278e-05,-5.8480733671206764e-05,2.999975455907898,0.0,-1.0,SOLVER_EXCEPTION,0.0,0,True,True
1275.915,-0.05882473796983417,-1.9999836290914454,-1.32227260719724e-05,2.454153839688637e-05,0,nan,nan,nan,3.0,1.2384767390846779e-05,-5.8498998083855724e-05,2.999975458461603,0.0,-1.0,SOLVER_EXCEPTION,0.0,0,True,True
1276.018,-0.058904068519135246,-1.9999836101662802,-1.3240993656993804e-05,2.4539214591501862e-05,0,nan,nan,nan,3.0,1.2407725659279775e-05,-5.851762371644753e-05,2.9999754607854086,0.0,-1.0,SOLVER_EXCEPTION,0.0,0,True,True
1276.119,-0.05897484359130979,-1.9999835932811314,-1.3257288810082839e-05,2.453703876936909e-05,0,nan,nan,nan,3.0,1.2427815264856334e-05,-5.8533918869674295e-05,2.9999754629612307,0.0,-1.0,SOLVER_EXCEPTION,0.0,0,True,True
1276.214,-0.05905728462373568,-1.9999835736108755,-1.3276271703805149e-05,2.4534634785893245e-05,0,nan,nan,nan,3.0,1.2451218172830339e-05,-5.855290176315364e-05,2.999975465365214,0.0,-1.0,SOLVER_EXCEPTION,0.0,0,True,True
1276.329,-0.05914672505361498,-1.9999835522687224,-1.3296865638187444e-05,2.4532021378287858e-05,0,nan,nan,nan,3.0,1.2472414966238948e-05,-5.8570091221454845e-05,2.9999754679786217,0.0,-1.0,SOLVER_EXCEPTION,0.0,0,True,True
1276.418,-0.05921516620898196,-1.9999835359363727,-1.3312625231233136e-05,2.4530061576880348e-05,0,nan,nan,nan,3.0,1.2495157684908657e-05,-5.858853901674621e-05,2.999975469938423,0.0,-1.0,SOLVER_EXCEPTION,0.0,0,True,True
1276.518,-0.05929371776056893,-1.999983517189546,-1.3330712082417577e-05,2.4527836362261322e-05,0,nan,nan,nan,3.0,1.2517682125381166e-05,-5.860680253677586e-05,2.9999754721636376,0.0,-1.0,SOLVER_EXCEPTION,0.0,0,True,True
1276.62,-0.059371491335796285,-1.9999834986265943,-1.3348617505854633e-05,2.4525530516421537e-05,0,nan,nan,nan,3.0,1.2539545434079883e-05,-5.862453117533306e-05,2.9999754744694838,0.0,-1.0,SOLVER_EXCEPTION,0.0,0,True,True
1276.717,-0.05944926467696034,-1.9999834800624403,-1.336652721366913e-05,2.4523477876009108e-05,0,nan,nan,nan,3.0,1.256163049426303e-05,-5.864244035658217e-05,2.999975476522124,0.0,-1.0,SOLVER_EXCEPTION,0.0,0,True,True
1276.819,-0.05952781551693476,-1.9999834613120702,-1.3384613177198343e-05,2.4521231034421992e-05,0,nan,nan,nan,3.0,1.2583716584699046e-05,-5.8660348990269284e-05,2.9999754787689654,0.0,-1.0,SOLVER_EXCEPTION,0.0,0,True,True
1276.916,-0.059604032941085974,-1.999983443116582,-1.3402164009575326e-05,2.4519245862997726e-05,0,nan,nan,nan,3.0,1.2605142287858147e-05,-5.86777194890864e-05,2.999975480754137,0.0,-1.0,SOLVER_EXCEPTION,0.0,0,True,True
1277.017,-0.05968102787425493,-1.9999834247337107,-1.3419892547486903e-05,2.4517180741554487e-05,0,nan,nan,nan,3.0,1.2627894556248564e-05,-5.8696164272120654e-05,2.9999754828192584,0.0,-1.0,SOLVER_EXCEPTION,0.0,0,True,True
1277.128,-0.059764244374941045,-1.999983404864532,-1.3439054353225816e-05,2.451497425646888e-05,0,nan,nan,nan,3.0,1.265175246111393e-05,-5.871550286595806e-05,2.9999754850257436,0.0,-1.0,SOLVER_EXCEPTION,0.0,0,True,True
1277.219,-0.0598334616464167,-1.999983388336597,-1.3454990914178426e-05,2.4513086438157688e-05,0,nan,nan,nan,3.0,1.2671855847780776e-05,-5.87318024032335e-05,2.999975486913562,0.0,-1.0,SOLVER_EXCEPTION,0.0,0,True,True
1277.318,-0.059916677689046266,-1.9999833684644281,-1.3474153244814724e-05,2.4510973553067628e-05,0,nan,nan,nan,3.0,1.26943914256269e-05,-5.875006701527852e-05,2.999975489026447,0.0,-1.0,SOLVER_EXCEPTION,0.0,0,True,True
1277.422,-0.059997560336463696,-1.9999833491474504,-1.349277856223224e-05,2.4508978112460336e-05,0,nan,nan,nan,3.0,1.2715602050051925e-05,-5.8767258533265476e-05,2.9999754910218877,0.0,-1.0,SOLVER_EXCEPTION,0.0,0,True,True
1277.517,-0.060071443324020944,-1.9999833315016395,-1.3509789968708699e-05,2.450701142992282e-05,0,nan,nan,nan,3.0,1.2738581993879541e-05,-5.878588513930083e-05,2.99997549298857,0.0,-1.0,SOLVER_EXCEPTION,0.0,0,True,True
1277.615,-0.06014765926095035,-1.9999833132966909,-1.3527342193641947e-05,2.450526219126774e-05,0,nan,nan,nan,3.0,1.2760680059400549e-05,-5.880379083755827e-05,2.9999754947378086,0.0,-1.0,SOLVER_EXCEPTION,0.0,0,True,True
1277.722,-0.060230874394362595,-1.9999832934180146,-1.3546503775217706e-05,2.4503233531606283e-05,0,nan,nan,nan,3.0,1.2782779470046831e-05,-5.88217009149794e-05,2.9999754967664685,0.0,-1.0,SOLVER_EXCEPTION,0.0,0,True,True
1277.817,-0.06029931283388836,-1.9999832770687096,-1.3562262698252167e-05,2.450152581647944e-05,0,nan,nan,nan,3.0,1.2803995190235619e-05,-5.883889275759557e-05,2.9999754984741833,0.0,-1.0,SOLVER_EXCEPTION,0.0,0,True,True
1277.917,-0.060382527544729295,-1.9999832571873222,-1.3581424468761625e-05,2.4499544944467078e-05,0,nan,nan,nan,3.0,1.282720223004305e-05,-5.885769634517146e-05,2.9999755004550557,0.0,-1.0,SOLVER_EXCEPTION,0.0,0,True,True
1278.019,-0.06046107580132831,-1.9999832384190992,-1.3599511667622613e-05,2.4497706527009653e-05,0,nan,nan,nan,3.0,1.2849084873287252e-05,-5.887542530791379e-05,2.999975502293473,0.0,-1.0,SOLVER_EXCEPTION,0.0,0,True,True
1278.119,-0.06053884615523279,-1.9999832198352105,-1.3617418457818322e-05,2.4495817836050335e-05,0,nan,nan,nan,3.0,1.2871189647604576e-05,-5.889333166386734e-05,2.999975504182164,0.0,-1.0,SOLVER_EXCEPTION,0.0,0,True,True
1278.215,-0.06061428321338937,-1.9999832018087274,-1.3634791860437127e-05,2.4494177083430655e-05,0,nan,nan,nan,3.0,1.2892189614601513e-05,-5.891034738070289e-05,2.9999755058229165,0.0,-1.0,SOLVER_EXCEPTION,0.0,0,True,True
1278.317,-0.06069360858550203,-1.9999831828504093,-1.3653055957906938e-05,2.44922594959699e-05,0,nan,nan,nan,3.0,1.2915402557088716e-05,-5.89291510455503e-05,2.999975507740504,0.0,-1.0,SOLVER_EXCEPTION,0.0,0,True,True
1278.419,-0.06077215606418546,-1.9999831640767065,-1.3671144153865216e-05,2.4490548592799823e-05,0,nan,nan,nan,3.0,1.2937732820896174e-05,-5.894723818666847e-05,2.9999755094514073,0.0,-1.0,SOLVER_EXCEPTION,0.0,0,True,True
1278.518,-0.06084992565756615,-1.9999831454881973,-1.3689052285998668e-05,2.448876855427604e-05,0,nan,nan,nan,3.0,1.2959400119659894e-05,-5.8964788378634836e-05,2.9999755112314457,0.0,-1.0,SOLVER_EXCEPTION,0.0,0,True,True
1278.617,-0.060925361987111834,-1.9999831274554123,-1.3706423446378526e-05,2.4487130856458022e-05,0,nan,nan,nan,3.0,1.2981511736644989e-05,-5.898269542736756e-05,2.9999755128691437,0.0,-1.0,SOLVER_EXCEPTION,0.0,0,True,True
1278.722,-0.06100779736800907,-1.9999831077480226,-1.3725408471844993e-05,2.448547135122676e-05,0,nan,nan,nan,3.0,1.300318266328942e-05,-5.900024771676726e-05,2.9999755145286486,0.0,-1.0,SOLVER_EXCEPTION,0.0,0,True,True
1278.816,-0.06108090027275697,-1.9999830902698563,-1.3742239274513145e-05,2.448373112876095e-05,0,nan,nan,nan,3.0,1.3025739128203781e-05,-5.9018510812691716e-05,2.9999755162688713,0.0,-1.0,SOLVER_EXCEPTION,0.0,0,True,True
1278.915,-0.06115866914827446,-1.9999830716758578,-1.3760149434182937e-05,2.4482168071049506e-05,0,nan,nan,nan,3.0,1.3047854469329404e-05,-5.903642133864295e-05,2.999975517831929,0.0,-1.0,SOLVER_EXCEPTION,0.0,0,True,True
1279.014,-0.061235660162417244,-1.9999830532656373,-1.377787884191826e-05,2.4480579084931946e-05,0,nan,nan,nan,3.0,1.3070192913889412e-05,-5.9054508901201785e-05,2.9999755194209152,0.0,-1.0,SOLVER_EXCEPTION,0.0,0,True,True
1279.117,-0.06131109563801196,-1.9999830352256949,-1.3795249499332152e-05,2.4478999988787917e-05,0,nan,nan,nan,3.0,1.3091648320420383e-05,-5.907187955855875e-05,2.999975521000011,0.0,-1.0,SOLVER_EXCEPTION,0.0,0,True,True
1279.219,-0.06139430778025488,-1.9999830153252272,-1.3814410976890378e-05,2.4477243577824058e-05,0,nan,nan,nan,3.0,1.3114430972770173e-05,-5.909032797335456e-05,2.999975522756422,0.0,-1.0,SOLVER_EXCEPTION,0.0,0,True,True
1279.321,-0.061473631324812705,-1.9999829963532372,-1.3832678713442559e-05,2.4475714037648434e-05,0,nan,nan,nan,3.0,1.3136552573635026e-05,-5.9108234207183585e-05,2.9999755242859623,0.0,-1.0,SOLVER_EXCEPTION,0.0,0,True,True
1279.419,-0.06155062165824607,-1.9999829779373517,-1.3850408174648359e-05,2.4474206239087382e-05,0,nan,nan,nan,3.0,1.3158675421950969e-05,-5.9126145042665e-05,2.999975525793761,0.0,-1.0,SOLVER_EXCEPTION,0.0,0,True,True
1279.515,-0.061625278797325204,-1.999982960078235,-1.3867602117219737e-05,2.447283423092374e-05,0,nan,nan,nan,3.0,1.318079979803277e-05,-5.914405060059025e-05,2.999975527165769,0.0,-1.0,SOLVER_EXCEPTION,0.0,0,True,True
1279.619,-0.06170615719574284,-1.9999829407302558,-1.388622756739853e-05,2.447127082639214e-05,0,nan,nan,nan,3.0,1.320403081534667e-05,-5.916285762674889e-05,2.9999755287291734,0.0,-1.0,SOLVER_EXCEPTION,0.0,0,True,True
1279.715,-0.0617792586757871,-1.9999829232404083,-1.3903060484801774e-05,2.4469832530505163e-05,0,nan,nan,nan,3.0,1.3224830451566588e-05,-5.917969054403116e-05,2.9999755301674695,0.0,-1.0,SOLVER_EXCEPTION,0.0,0,True,True
1279.816,-0.061859359072989256,-1.9999829040747301,-1.3921506378320834e-05,2.44683286610177e-05,0,nan,nan,nan,3.0,1.3247180297903259e-05,-5.919777816609795e-05,2.999975531671339,0.0,-1.0,SOLVER_EXCEPTION,0.0,0,True,True
1279.917,-0.061937126290116454,-1.9999828854668436,-1.3939416072920487e-05,2.4466891337395988e-05,0,nan,nan,nan,3.0,1.3269087785177977e-05,-5.9215510128662885e-05,2.9999755331086626,0.0,-1.0,SOLVER_EXCEPTION,0.0,0,True,True
1280.015,-0.06201333801301939,-1.999982867229009,-1.3956967959805674e-05,2.446557704899704e-05,0,nan,nan,nan,3.0,1.3291440174358428e-05,-5.9233598019403644e-05,2.999975534422951,0.0,-1.0,SOLVER_EXCEPTION,0.0,0,True,True
1280.117,-0.06209343793122444,-1.9999828480593131,-1.3975413698694756e-05,2.4464102206778016e-05,0,nan,nan,nan,3.0,1.3313793950709907e-05,-5.9251685633920914e-05,2.9999755358977933,0.0,-1.0,SOLVER_EXCEPTION,0.0,0,True,True
1280.215,-0.06216964935551832,-1.9999828298182425,-1.3992962662197186e-05,2.446264866937968e-05,0,nan,nan,nan,3.0,1.3335706737808611e-05,-5.926941470235647e-05,2.9999755373513306,0.0,-1.0,SOLVER_EXCEPTION,0.0,0,True,True
1280.317,-0.06224897129847918,-1.9999828108324127,-1.4011229878364538e-05,2.446122009012473e-05,0,nan,nan,nan,3.0,1.3357841175453774e-05,-5.928732505866563e-05,2.99997553877991,0.0,-1.0,SOLVER_EXCEPTION,0.0,0,True,True
1280.421,-0.062328293088643134,-1.9999827918445496,-1.4029499282542487e-05,2.4459976023467838e-05,0,nan,nan,nan,3.0,1.3379756621227058e-05,-5.9305054808778124e-05,2.9999755400239767,0.0,-1.0,SOLVER_EXCEPTION,0.0,0,True,True
1280.52,-0.06240605940313791,-1.9999827732269873,-1.4047405781107254e-05,2.4458519916438778e-05,0,nan,nan,nan,3.0,1.3401673595555884e-05,-5.932278433284921e-05,2.9999755414800835,0.0,-1.0,SOLVER_EXCEPTION,0.0,0,True,True
1280.617,-0.06248149259138563,-1.9999827551672318,-1.4064776305486965e-05,2.4457133471267516e-05,0,nan,nan,nan,3.0,1.3424476598923483e-05,-5.934122936590569e-05,2.9999755428665287,0.0,-1.0,SOLVER_EXCEPTION,0.0,0,True,True
1280.716,-0.0625584809658938,-1.9999827367340777,-1.4082509481630043e-05,2.4456030041615365e-05,0,nan,nan,nan,3.0,1.344661734132827e-05,-5.935913954102645e-05,2.9999755439699585,0.0,-1.0,SOLVER_EXCEPTION,0.0,0,True,True
1280.816,-0.06263702452003254,-1.9999827179265022,-1.4100597601445892e-05,2.445473878964036e-05,0,nan,nan,nan,3.0,1.3468095503457062e-05,-5.937651124243715e-05,2.9999755452612105,0.0,-1.0,SOLVER_EXCEPTION,0.0,0,True,True
1280.918,-0.06271634559034489,-1.9999826989309373,-1.4118863426574586e-05,2.445337441467826e-05,0,nan,nan,nan,3.0,1.3490239293031206e-05,-5.939441831204206e-05,2.9999755466255853,0.0,-1.0,SOLVER_EXCEPTION,0.0,0,True,True
1281.015,-0.06279177824145901,-1.999982680866488,-1.4136237513313555e-05,2.4452239864828343e-05,0,nan,nan,nan,3.0,1.3512826559262677e-05,-5.941268615439199e-05,2.999975547760135,0.0,-1.0,SOLVER_EXCEPTION,0.0,0,True,True
1281.116,-0.06287032138289585,-1.9999826620547971,-1.4154325752301932e-05,2.445099548219848e-05,0,nan,nan,nan,3.0,1.3534972795598354e-05,-5.943059761071012e-05,2.999975549004518,0.0,-1.0,SOLVER_EXCEPTION,0.0,0,True,True
1281.215,-0.06294730908311708,-1.999982643613825,-1.417205560555836e-05,2.444979413462301e-05,0,nan,nan,nan,3.0,1.3557121150220472e-05,-5.9448504210912745e-05,2.9999755502058654,0.0,-1.0,SOLVER_EXCEPTION,0.0,0,True,True
1281.314,-0.06302429665479321,-1.9999826251723802,-1.4189784330735257e-05,2.4448476587853224e-05,0,nan,nan,nan,3.0,1.3577275959962459e-05,-5.9464803749964545e-05,2.9999755515234123,0.0,-1.0,SOLVER_EXCEPTION,0.0,0,True,True
1281.421,-0.06310750530167547,-1.999982605238865,-1.4208947115078822e-05,2.444719148926209e-05,0,nan,nan,nan,3.0,1.360142002908339e-05,-5.948432479740973e-05,2.9999755528085106,0.0,-1.0,SOLVER_EXCEPTION,0.0,0,True,True
1281.521,-0.06318293731300915,-1.9999825871665071,-1.4226319201550922e-05,2.444607375801761e-05,0,nan,nan,nan,3.0,1.3623129259485234e-05,-5.950187459768941e-05,2.999975553926242,0.0,-1.0,SOLVER_EXCEPTION,0.0,0,True,True
1281.618,-0.06326070214881262,-1.999982568534011,-1.424423036693918e-05,2.4445022184420473e-05,0,nan,nan,nan,3.0,1.3645725796584812e-05,-5.952014280907747e-05,2.9999755549778158,0.0,-1.0,SOLVER_EXCEPTION,0.0,0,True,True
1281.721,-0.06334002215291518,-1.9999825495274355,-1.4262494774283154e-05,2.4443650178574343e-05,0,nan,nan,nan,3.0,1.3667436564607745e-05,-5.953769526723107e-05,2.9999755563498214,0.0,-1.0,SOLVER_EXCEPTION,0.0,0,True,True
1281.815,-0.06341389851212571,-1.9999825318246556,-1.4279511546265501e-05,2.4442724897372557e-05,0,nan,nan,nan,3.0,1.3689592750067309e-05,-5.955560331916132e-05,2.9999755572751026,0.0,-1.0,SOLVER_EXCEPTION,0.0,0,True,True
1281.922,-0.06349010769400591,-1.9999825135602798,-1.4297061408886176e-05,2.4441575541612692e-05,0,nan,nan,nan,3.0,1.3711972057693695e-05,-5.9573691468362e-05,2.9999755584244583,0.0,-1.0,SOLVER_EXCEPTION,0.0,0,True,True
1282.018,-0.06357020497513989,-1.9999824943631195,-1.4315507507621403e-05,2.4440386642370924e-05,0,nan,nan,nan,3.0,1.3734352469995367e-05,-5.959177915126901e-05,2.9999755596133575,0.0,-1.0,SOLVER_EXCEPTION,0.0,0,True,True
1282.121,-0.06365030213048553,-1.9999824751653703,-1.4333956738301101e-05,2.44393649812722e-05,0,nan,nan,nan,3.0,1.3756290329386856e-05,-5.9609512311542545e-05,2.999975560635019,0.0,-1.0,SOLVER_EXCEPTION,0.0,0,True,True
1282.22,-0.06372806624016722,-1.9999824565242892,-1.4351863841038178e-05,2.44381679305901e-05,0,nan,nan,nan,3.0,1.3778673811333775e-05,-5.962760073385809e-05,2.9999755618320694,0.0,-1.0,SOLVER_EXCEPTION,0.0,0,True,True
1282.317,-0.06380427495551583,-1.9999824382547848,-1.4369417356121018e-05,2.4437260698688863e-05,0,nan,nan,nan,3.0,1.3799507461378365e-05,-5.964443264394603e-05,2.9999755627393014,0.0,-1.0,SOLVER_EXCEPTION,0.0,0,True,True
1282.418,-0.0638773730080232,-1.999982420730401,-1.4386252081571265e-05,2.4436219830492695e-05,0,nan,nan,nan,3.0,1.3822779336673105e-05,-5.966324030248771e-05,2.9999755637801697,0.0,-1.0,SOLVER_EXCEPTION,0.0,0,True,True
1282.517,-0.06395902497014558,-1.9999824011531295,-1.4405057067418149e-05,2.4435133525106518e-05,0,nan,nan,nan,3.0,1.3845166884797428e-05,-5.968132892153477e-05,2.999975564866475,0.0,-1.0,SOLVER_EXCEPTION,0.0,0,True,True
1282.619,-0.0640375662654941,-1.9999823823200298,-1.4423145625697376e-05,2.4434108407601086e-05,0,nan,nan,nan,3.0,1.3867112794573375e-05,-5.9699059234308294e-05,2.9999755658915923,0.0,-1.0,SOLVER_EXCEPTION,0.0,0,True,True
1282.718,-0.06411377454388113,-1.999982364044799,-1.4440695351693635e-05,2.4433018082583934e-05,0,nan,nan,nan,3.0,1.3889503249576128e-05,-5.971714734087641e-05,2.9999755669819175,0.0,-1.0,SOLVER_EXCEPTION,0.0,0,True,True
1282.815,-0.06418842745016864,-1.9999823461423498,-1.4457888859057957e-05,2.4432042399131887e-05,0,nan,nan,nan,3.0,1.3910785671417193e-05,-5.973434214423534e-05,2.999975567957601,0.0,-1.0,SOLVER_EXCEPTION,0.0,0,True,True
1282.931,-0.06428174344414768,-1.9999823237614331,-1.4479379213504561e-05,2.4430773587719034e-05,0,nan,nan,nan,3.0,1.3933622359256323e-05,-5.975278903358472e-05,2.9999755692264123,0.0,-1.0,SOLVER_EXCEPTION,0.0,0,True,True
1283.017,-0.06434550928571975,-1.9999823084663229,-1.4494066092626706e-05,2.4430066131291247e-05,0,nan,nan,nan,3.0,1.3955795715819201e-05,-5.977069615203945e-05,2.9999755699338686,0.0,-1.0,SOLVER_EXCEPTION,0.0,0,True,True
1283.115,-0.06442482767352871,-1.9999822894402555,-1.4512335525598225e-05,2.442913750436026e-05,0,nan,nan,nan,3.0,1.3978191321192593e-05,-5.978878394596876e-05,2.9999755708624956,0.0,-1.0,SOLVER_EXCEPTION,0.0,0,True,True
1283.216,-0.06450259069455191,-1.9999822707860062,-1.4530246026320874e-05,2.4428221162693103e-05,0,nan,nan,nan,3.0,1.400036648662207e-05,-5.980669581839848e-05,2.9999755717788372,0.0,-1.0,SOLVER_EXCEPTION,0.0,0,True,True
1283.316,-0.06457957598493881,-1.9999822523161537,-1.4547976600774121e-05,2.442730399169299e-05,0,nan,nan,nan,3.0,1.4022543636288723e-05,-5.9824606660097146e-05,2.9999755726960085,0.0,-1.0,SOLVER_EXCEPTION,0.0,0,True,True
1283.417,-0.06465967168738641,-1.9999822330986776,-1.4566423592428331e-05,2.442634600331056e-05,0,nan,nan,nan,3.0,1.4044278791234701e-05,-5.9842156590494966e-05,2.999975573653997,0.0,-1.0,SOLVER_EXCEPTION,0.0,0,True,True
1283.516,-0.06473276864416717,-1.999982215559997,-1.4583259861361346e-05,2.442550075950526e-05,0,nan,nan,nan,3.0,1.406623584039327e-05,-5.985988992085467e-05,2.9999755744992407,0.0,-1.0,SOLVER_EXCEPTION,0.0,0,True,True
1283.619,-0.0648113088946578,-1.9999821967130338,-1.460134881980281e-05,2.4424596134550868e-05,0,nan,nan,nan,3.0,1.4088638841340256e-05,-5.987797887918589e-05,2.9999755754038655,0.0,-1.0,SOLVER_EXCEPTION,0.0,0,True,True
1283.715,-0.06489062667099883,-1.9999821776777518,-1.4619615530535433e-05,2.442362343621142e-05,0,nan,nan,nan,3.0,1.4110821949752002e-05,-5.989588623744879e-05,2.999975576376564,0.0,-1.0,SOLVER_EXCEPTION,0.0,0,True,True
1283.818,-0.06497072197152987,-1.999982158454676,-1.463806206119176e-05,2.442265653515417e-05,0,nan,nan,nan,3.0,1.4133005189941426e-05,-5.991379715020173e-05,2.9999755773434646,0.0,-1.0,SOLVER_EXCEPTION,0.0,0,True,True
1283.918,-0.0650477066804453,-1.9999821399776636,-1.46557954557948e-05,2.4421899899913016e-05,0,nan,nan,nan,3.0,1.4155633797092543e-05,-5.993206737553436e-05,2.9999755781001003,0.0,-1.0,SOLVER_EXCEPTION,0.0,0,True,True
1284.019,-0.06512702416366777,-1.9999821209381146,-1.4674061226819324e-05,2.442089778329499e-05,0,nan,nan,nan,3.0,1.4177598869155656e-05,-5.9949798170144675e-05,2.999975579102217,0.0,-1.0,SOLVER_EXCEPTION,0.0,0,True,True
1284.115,-0.06520245344602132,-1.9999821028303721,-1.4691433759240091e-05,2.442008298920661e-05,0,nan,nan,nan,3.0,1.4200009176753192e-05,-5.996788702811173e-05,2.999975579917011,0.0,-1.0,SOLVER_EXCEPTION,0.0,0,True,True
1284.215,-0.06527477216207557,-1.9999820854692345,-1.4708092534970563e-05,2.4419406376379414e-05,0,nan,nan,nan,3.0,1.4220866695407468e-05,-5.998472259438614e-05,2.9999755805936235,0.0,-1.0,SOLVER_EXCEPTION,0.0,0,True,True
1284.32,-0.06536108794720423,-1.9999820647454392,-1.4727972432963522e-05,2.441845661147621e-05,0,nan,nan,nan,3.0,1.4244167041321421e-05,-6.0003527915242216e-05,2.9999755815433886,0.0,-1.0,SOLVER_EXCEPTION,0.0,0,True,True
1284.417,-0.06543496173049804,-1.9999820470071992,-1.4744986903619004e-05,2.4417698141327284e-05,0,nan,nan,nan,3.0,1.4265915967097063e-05,-6.002107847313809e-05,2.999975582301859,0.0,-1.0,SOLVER_EXCEPTION,0.0,0,True,True
1284.52,-0.0655173892269428,-1.9999820272135356,-1.4763970371756939e-05,2.4416777478814694e-05,0,nan,nan,nan,3.0,1.428855358065607e-05,-6.003934733245231e-05,2.999975583222521,0.0,-1.0,SOLVER_EXCEPTION,0.0,0,True,True
1284.619,-0.06559281807718045,-1.9999820091001876,-1.478134538838297e-05,2.4416079009422128e-05,0,nan,nan,nan,3.0,1.4310303964416197e-05,-6.0056900878624475e-05,2.9999755839209907,0.0,-1.0,SOLVER_EXCEPTION,0.0,0,True,True
1284.715,-0.06566824684702599,-1.9999819909846732,-1.4798718254065368e-05,2.4415328032570893e-05,0,nan,nan,nan,3.0,1.4333166464338805e-05,-6.00753483133154e-05,2.9999755846719673,0.0,-1.0,SOLVER_EXCEPTION,0.0,0,True,True
1284.816,-0.06574678599722587,-1.999981972120464,-1.4816807439347524e-05,2.441455125338834e-05,0,nan,nan,nan,3.0,1.435536488579517e-05,-6.0093256047277777e-05,2.9999755854487464,0.0,-1.0,SOLVER_EXCEPTION,0.0,0,True,True
1284.915,-0.06582454744832011,-1.9999819534416785,-1.4834714602465832e-05,2.441359168737801e-05,0,nan,nan,nan,3.0,1.43777862235138e-05,-6.011134466188395e-05,2.9999755864083126,0.0,-1.0,SOLVER_EXCEPTION,0.0,0,True,True
1285.016,-0.06590464165692338,-1.9999819342021186,-1.4853165081346428e-05,2.441294844461246e-05,0,nan,nan,nan,3.0,1.4398432006519338e-05,-6.012800411525632e-05,2.9999755870515554,0.0,-1.0,SOLVER_EXCEPTION,0.0,0,True,True
1285.121,-0.06598395816691825,-1.9999819151470029,-1.4871432439127505e-05,2.441213150335149e-05,0,nan,nan,nan,3.0,1.4422188361200166e-05,-6.014716807634102e-05,2.9999755878684966,0.0,-1.0,SOLVER_EXCEPTION,0.0,0,True,True
1285.219,-0.06605938653528019,-1.9999818970244065,-1.4888805360039836e-05,2.441142451710324e-05,0,nan,nan,nan,3.0,1.444417010976031e-05,-6.016489916360612e-05,2.999975588575483,0.0,-1.0,SOLVER_EXCEPTION,0.0,0,True,True
1285.32,-0.06613948049433381,-1.9999818777795009,-1.4907252513244909e-05,2.441064078068027e-05,0,nan,nan,nan,3.0,1.4466374331271499e-05,-6.018281048669749e-05,2.9999755893592193,0.0,-1.0,SOLVER_EXCEPTION,0.0,0,True,True
1285.418,-0.0662149087099957,-1.9999818596554308,-1.4924628229937894e-05,2.4410052210955897e-05,0,nan,nan,nan,3.0,1.448791434580426e-05,-6.020018362962176e-05,2.999975589947789,0.0,-1.0,SOLVER_EXCEPTION,0.0,0,True,True
1285.518,-0.06629266968098725,-1.999981840968119,-1.494253623310983e-05,2.440922524088654e-05,0,nan,nan,nan,3.0,1.4510122511883222e-05,-6.021809154832525e-05,2.999975590774759,0.0,-1.0,SOLVER_EXCEPTION,0.0,0,True,True
1285.617,-0.06637043057569435,-1.9999818222795862,-1.4960448728273412e-05,2.4408644089424096e-05,0,nan,nan,nan,3.0,1.4532997966373858e-05,-6.023653885645075e-05,2.9999755913559105,0.0,-1.0,SOLVER_EXCEPTION,0.0,0,True,True
1285.715,-0.0664458585715783,-1.999981804151184,-1.4977820731001926e-05,2.440786363706687e-05,0,nan,nan,nan,3.0,1.455520759164188e-05,-6.025445079060887e-05,2.999975592136363,0.0,-1.0,SOLVER_EXCEPTION,0.0,0,True,True
1285.819,-0.06652672974714188,-1.9999817847126784,-1.4996449930700624e-05,2.440728209715404e-05,0,nan,nan,nan,3.0,1.4577419426215153e-05,-6.0272362425450865e-05,2.999975592717903,0.0,-1.0,SOLVER_EXCEPTION,0.0,0,True,True
1285.92,-0.06660449041794886,-1.9999817660198553,-1.5014357883996605e-05,2.440646746903572e-05,0,nan,nan,nan,3.0,1.4599633027823003e-05,-6.029027170528778e-05,2.999975593532531,0.0,-1.0,SOLVER_EXCEPTION,0.0,0,True,True
1286.016,-0.06667836298802382,-1.999981748260468,-1.5031371928442489e-05,2.4405753754982154e-05,0,nan,nan,nan,3.0,1.4621402863843269e-05,-6.030782379262689e-05,2.999975594246245,0.0,-1.0,SOLVER_EXCEPTION,0.0,0,True,True
1286.118,-0.06675767872812477,-1.9999817291919069,-1.5049642677612115e-05,2.4405178065695314e-05,0,nan,nan,nan,3.0,1.4643840793919848e-05,-6.0325914653880375e-05,2.9999755948219344,0.0,-1.0,SOLVER_EXCEPTION,0.0,0,True,True
1286.225,-0.0668432152281211,-1.999981708625559,-1.5069345314485432e-05,2.440450613552585e-05,0,nan,nan,nan,3.0,1.466605826272497e-05,-6.034382628294921e-05,2.9999755954938645,0.0,-1.0,SOLVER_EXCEPTION,0.0,0,True,True
1286.316,-0.06691630998844536,-1.9999816910489001,-1.5086180095676835e-05,2.4403855718725368e-05,0,nan,nan,nan,3.0,1.4688943767614759e-05,-6.0362273993863624e-05,2.999975596144281,0.0,-1.0,SOLVER_EXCEPTION,0.0,0,True,True
1286.423,-0.06699640311333785,-1.999981671788041,-1.5104627744481233e-05,2.440318223007978e-05,0,nan,nan,nan,3.0,1.4712053088885126e-05,-6.0380899399525845e-05,2.99997559681777,0.0,-1.0,SOLVER_EXCEPTION,0.0,0,True,True
1286.515,-0.06706794254245069,-1.9999816545839326,-1.5121105773050186e-05,2.4402582842442093e-05,0,nan,nan,nan,3.0,1.4732496312841821e-05,-6.0397377676491004e-05,2.9999755974171576,0.0,-1.0,SOLVER_EXCEPTION,0.0,0,True,True
1286.617,-0.06714725792992725,-1.9999816355075792,-1.5139376921669612e-05,2.440208430022665e-05,0,nan,nan,nan,3.0,1.4754719400086138e-05,-6.0415290588977655e-05,2.9999755979156997,0.0,-1.0,SOLVER_EXCEPTION,0.0,0,True,True
1286.718,-0.06722268524409351,-1.999981617364658,-1.5156749979540243e-05,2.4401471910456776e-05,0,nan,nan,nan,3.0,1.4776499552011672e-05,-6.043284008816485e-05,2.9999755985280894,0.0,-1.0,SOLVER_EXCEPTION,0.0,0,True,True
1286.827,-0.06731133169940925,-1.999981596040644,-1.517716625587002e-05,2.440067334797052e-05,0,nan,nan,nan,3.0,1.47989467355741e-05,-6.0450932810152125e-05,2.999975599326652,0.0,-1.0,SOLVER_EXCEPTION,0.0,0,True,True
1286.918,-0.06738131568364364,-1.9999815792053917,-1.51932869431121e-05,2.440015278726401e-05,0,nan,nan,nan,3.0,1.4821840814717331e-05,-6.0469380827044006e-05,2.999975599847213,0.0,-1.0,SOLVER_EXCEPTION,0.0,0,True,True
1287.023,-0.0674629635998223,-1.999981559561963,-1.5212093363015331e-05,2.4399543005386042e-05,0,nan,nan,nan,3.0,1.4842958377191092e-05,-6.048639593148053e-05,2.9999756004569944,0.0,-1.0,SOLVER_EXCEPTION,0.0,0,True,True
1287.117,-0.06753605786572785,-1.9999815419747924,-1.5228930232755167e-05,2.4399041178548897e-05,0,nan,nan,nan,3.0,1.4866299854295466e-05,-6.050520183364938e-05,2.9999756009588214,0.0,-1.0,SOLVER_EXCEPTION,0.0,0,True,True
1287.219,-0.06761537285789976,-1.999981522890717,-1.5247200750152987e-05,2.4398490500945378e-05,0,nan,nan,nan,3.0,1.4888530394232668e-05,-6.0523114389976485e-05,2.999975601509499,0.0,-1.0,SOLVER_EXCEPTION,0.0,0,True,True
1287.319,-0.06769391018898692,-1.999981503991433,-1.5265290809166157e-05,2.439792532996302e-05,0,nan,nan,nan,3.0,1.491076346824035e-05,-6.054102295660613e-05,2.99997560207467,0.0,-1.0,SOLVER_EXCEPTION,0.0,0,True,True
1287.416,-0.06776778187943677,-1.9999814862132073,-1.528230605511381e-05,2.4397404731586984e-05,0,nan,nan,nan,3.0,1.493299780070715e-05,-6.055893611467411e-05,2.9999756025952684,0.0,-1.0,SOLVER_EXCEPTION,0.0,0,True,True
1287.517,-0.06784709668674374,-1.9999814671238016,-1.5300572218013643e-05,2.4396650163211136e-05,0,nan,nan,nan,3.0,1.4955010543289701e-05,-6.057666663128458e-05,2.999975603349837,0.0,-1.0,SOLVER_EXCEPTION,0.0,0,True,True
1287.618,-0.06792485624184956,-1.9999814484082554,-1.5318485023524055e-05,2.439617895164893e-05,0,nan,nan,nan,3.0,1.4977247322194269e-05,-6.0594578901174145e-05,2.9999756038210483,0.0,-1.0,SOLVER_EXCEPTION,0.0,0,True,True
1287.717,-0.06800028295434382,-1.9999814302518695,-1.5335858641260816e-05,2.4395670294004986e-05,0,nan,nan,nan,3.0,1.4999041280382258e-05,-6.06121304516094e-05,2.999975604329706,0.0,-1.0,SOLVER_EXCEPTION,0.0,0,True,True
1287.826,-0.06809048389993703,-1.999981408538161,-1.535663774370621e-05,2.4395161065286992e-05,0,nan,nan,nan,3.0,1.502350499472689e-05,-6.063183380744519e-05,2.9999756048389346,0.0,-1.0,SOLVER_EXCEPTION,0.0,0,True,True
1287.92,-0.06816124493281493,-1.9999813915016562,-1.5372935136484454e-05,2.43945985977988e-05,0,nan,nan,nan,3.0,1.5045079034769136e-05,-6.064920661907891e-05,2.9999756054014024,0.0,-1.0,SOLVER_EXCEPTION,0.0,0,True,True
1288.017,-0.06823356110501093,-1.9999813740908994,-1.5389591763975147e-05,2.4394048873521973e-05,0,nan,nan,nan,3.0,1.5066209022153304e-05,-6.066622182343551e-05,2.9999756059511267,0.0,-1.0,SOLVER_EXCEPTION,0.0,0,True,True
1288.115,-0.06831287556107506,-1.9999813549930527,-1.5407863363495493e-05,2.4393667530978923e-05,0,nan,nan,nan,3.0,1.5088897960055532e-05,-6.068449342278015e-05,2.999975606332469,0.0,-1.0,SOLVER_EXCEPTION,0.0,0,True,True
1288.219,-0.06839296755178964,-1.9999813357064669,-1.542631184745855e-05,2.4393142272355682e-05,0,nan,nan,nan,3.0,1.5110921067046693e-05,-6.070222517795543e-05,2.9999756068577277,0.0,-1.0,SOLVER_EXCEPTION,0.0,0,True,True
1288.32,-0.06847150430229076,-1.9999813167931924,-1.5444401306078872e-05,2.4392560743716396e-05,0,nan,nan,nan,3.0,1.5132722167001509e-05,-6.071977830446329e-05,2.9999756074392563,0.0,-1.0,SOLVER_EXCEPTION,0.0,0,True,True
1288.415,-0.0685461530441537,-1.9999812988152708,-1.5461596863619184e-05,2.439212408232349e-05,0,nan,nan,nan,3.0,1.5155192832032595e-05,-6.073786866789277e-05,2.9999756078759177,0.0,-1.0,SOLVER_EXCEPTION,0.0,0,True,True
1288.519,-0.06862624486919086,-1.9999812795243754,-1.5480045459884132e-05,2.4391630218191073e-05,0,nan,nan,nan,3.0,1.5177665105106843e-05,-6.075595897891972e-05,2.9999756083697817,0.0,-1.0,SOLVER_EXCEPTION,0.0,0,True,True
1288.62,-0.06870478145930542,-1.9999812606066043,-1.549813674317824e-05,2.4391194028178663e-05,0,nan,nan,nan,3.0,1.5199693474348486e-05,-6.077369025936363e-05,2.999975608805972,0.0,-1.0,SOLVER_EXCEPTION,0.0,0,True,True
1288.717,-0.06878098522908556,-1.9999812422501575,-1.5515689944902073e-05,2.4390690861074835e-05,0,nan,nan,nan,3.0,1.5221722824733725e-05,-6.0791422090034075e-05,2.9999756093091388,0.0,-1.0,SOLVER_EXCEPTION,0.0,0,True,True
1288.815,-0.06885407859490655,-1.9999812246406732,-1.5532524222246917e-05,2.439013619937101e-05,0,nan,nan,nan,3.0,1.5243754189020427e-05,-6.0809154281749045e-05,2.9999756098638004,0.0,-1.0,SOLVER_EXCEPTION,0.0,0,True,True
1288.92,-0.06893883573999973,-1.9999812042204095,-1.5552048687785665e-05,2.4389677950586854e-05,0,nan,nan,nan,3.0,1.5266677124171887e-05,-6.082760295456069e-05,2.9999756103220494,0.0,-1.0,SOLVER_EXCEPTION,0.0,0,True,True
1289.027,-0.06902048247530872,-1.999981184547518,-1.5570855431220883e-05,2.4389180740845633e-05,0,nan,nan,nan,3.0,1.5288933347214274e-05,-6.0845515823970686e-05,2.9999756108192592,0.0,-1.0,SOLVER_EXCEPTION,0.0,0,True,True
1289.115,-0.06909046534823096,-1.9999811676842802,-1.5586975981671362e-05,2.4388762103290408e-05,0,nan,nan,nan,3.0,1.531119071578193e-05,-6.086342807298806e-05,2.999975611237897,0.0,-1.0,SOLVER_EXCEPTION,0.0,0,True,True
1289.218,-0.06917055681018881,-1.999981148383564,-1.5605424542768467e-05,2.438828466078218e-05,0,nan,nan,nan,3.0,1.533345026973756e-05,-6.088133834891707e-05,2.9999756117153393,0.0,-1.0,SOLVER_EXCEPTION,0.0,0,True,True
1289.317,-0.06923665166771092,-1.9999811324547505,-1.5620651548424696e-05,2.4388014500740047e-05,0,nan,nan,nan,3.0,1.5354152931023286e-05,-6.089799524033879e-05,2.9999756119854992,0.0,-1.0,SOLVER_EXCEPTION,0.0,0,True,True
1289.423,-0.06932918441085148,-1.9999811101518288,-1.564196360532032e-05,2.438737013254303e-05,0,nan,nan,nan,3.0,1.537752726778338e-05,-6.0916805269872754e-05,2.9999756126298673,0.0,-1.0,SOLVER_EXCEPTION,0.0,0,True,True
1289.521,-0.06940616538207883,-1.9999810915972212,-1.5659698489010172e-05,2.4387035851934196e-05,0,nan,nan,nan,3.0,1.5400235981055434e-05,-6.093507391113917e-05,2.999975612964148,0.0,-1.0,SOLVER_EXCEPTION,0.0,0,True,True
1289.619,-0.06948159113837568,-1.9999810734150978,-1.567707276170517e-05,2.4386644794370678e-05,0,nan,nan,nan,3.0,1.5422501009003922e-05,-6.095298649233527e-05,2.999975613355206,0.0,-1.0,SOLVER_EXCEPTION,0.0,0,True,True
1289.718,-0.0695585720207579,-1.9999810548565398,-1.5694805133879257e-05,2.438623101718459e-05,0,nan,nan,nan,3.0,1.5444767604746316e-05,-6.097089662837618e-05,2.999975613768983,0.0,-1.0,SOLVER_EXCEPTION,0.0,0,True,True
1289.817,-0.06963633044309424,-1.9999810361096955,-1.571271457995857e-05,2.438565001979571e-05,0,nan,nan,nan,3.0,1.546703453929153e-05,-6.098880832050568e-05,2.9999756143499803,0.0,-1.0,SOLVER_EXCEPTION,0.0,0,True,True
1289.917,-0.06971175607035117,-1.9999810179241548,-1.573009225291499e-05,2.4385448011737102e-05,0,nan,nan,nan,3.0,1.548930345290853e-05,-6.1006722312129114e-05,2.9999756145519885,0.0,-1.0,SOLVER_EXCEPTION,0.0,0,True,True
1290.017,-0.06979029198892304,-1.9999809989865824,-1.5748182945561585e-05,2.4385044090831742e-05,0,nan,nan,nan,3.0,1.5511574373378074e-05,-6.102463157287019e-05,2.9999756149559094,0.0,-1.0,SOLVER_EXCEPTION,0.0,0,True,True
1290.115,-0.06986805028063701,-1.9999809802349544,-1.576609218735125e-05,2.438450276790915e-05,0,nan,nan,nan,3.0,1.5533400786481583e-05,-6.10421869984279e-05,2.999975615497232,0.0,-1.0,SOLVER_EXCEPTION,0.0,0,True,True
1290.215,-0.06994580852960518,-1.999980961483078,-1.5784005148056413e-05,2.4384133750410923e-05,0,nan,nan,nan,3.0,1.555589615823804e-05,-6.106027704122496e-05,2.9999756158662496,0.0,-1.0,SOLVER_EXCEPTION,0.0,0,True,True
1290.315,-0.07001890124513786,-1.9999809438541547,-1.5800843599941545e-05,2.4383870824091094e-05,0,nan,nan,nan,3.0,1.5577279951414586e-05,-6.10774736595765e-05,2.9999756161291757,0.0,-1.0,SOLVER_EXCEPTION,0.0,0,True,True
1290.415,-0.07010132490143822,-1.9999809239731998,-1.5819828644728307e-05,2.438337751746474e-05,0,nan,nan,nan,3.0,1.560044730647942e-05,-6.109610044724434e-05,2.9999756166224825,0.0,-1.0,SOLVER_EXCEPTION,0.0,0,True,True
1290.516,-0.07017986060638629,-1.9999809050286277,-1.583791918514092e-05,2.4382958696364236e-05,0,nan,nan,nan,3.0,1.562294750218896e-05,-6.111419073562274e-05,2.9999756170413034,0.0,-1.0,SOLVER_EXCEPTION,0.0,0,True,True
1290.616,-0.07025684110862294,-1.9999808864588622,-1.585565458762417e-05,2.4382697791545436e-05,0,nan,nan,nan,3.0,1.5645225728073318e-05,-6.113210321734286e-05,2.9999756173022085,0.0,-1.0,SOLVER_EXCEPTION,0.0,0,True,True
1290.717,-0.0703361543122132,-1.9999808673237571,-1.5873922410024127e-05,2.4382201876796592e-05,0,nan,nan,nan,3.0,1.5667505945878703e-05,-6.115001743145498e-05,2.9999756177981234,0.0,-1.0,SOLVER_EXCEPTION,0.0,0,True,True
1290.82,-0.07041468989475362,-1.9999808483748405,-1.589201343916128e-05,2.4381841485916476e-05,0,nan,nan,nan,3.0,1.5689788066588e-05,-6.116792694532691e-05,2.999975618158514,0.0,-1.0,SOLVER_EXCEPTION,0.0,0,True,True
1290.916,-0.07049089269906474,-1.9999808299876274,-1.5909568911709656e-05,2.4381572011510402e-05,0,nan,nan,nan,3.0,1.5711847986482268e-05,-6.118565873869386e-05,2.9999756184279884,0.0,-1.0,SOLVER_EXCEPTION,0.0,0,True,True
1291.016,-0.07056865062439426,-1.9999808112244328,-1.5927481332247536e-05,2.4381210862727262e-05,0,nan,nan,nan,3.0,1.573413199439643e-05,-6.120357288041944e-05,2.9999756187891373,0.0,-1.0,SOLVER_EXCEPTION,0.0,0,True,True
1291.118,-0.07064096546069443,-1.9999807937725178,-1.594413954123059e-05,2.4380909259651672e-05,0,nan,nan,nan,3.0,1.575552655950809e-05,-6.12207696004674e-05,2.9999756190907405,0.0,-1.0,SOLVER_EXCEPTION,0.0,0,True,True
1291.219,-0.07072572151766135,-1.9999807733168777,-1.5963663654911858e-05,2.4380522531187543e-05,0,nan,nan,nan,3.0,1.5778705494670015e-05,-6.123939680113821e-05,2.999975619477469,0.0,-1.0,SOLVER_EXCEPTION,0.0,0,True,True
1291.319,-0.0708034793292004,-1.9999807545485635,-1.59815737952406e-05,2.438005351650563e-05,0,nan,nan,nan,3.0,1.5800324583859313e-05,-6.125677381163541e-05,2.9999756199464835,0.0,-1.0,SOLVER_EXCEPTION,0.0,0,True,True
1291.42,-0.07087812679371168,-1.999980736530534,-1.5998770031331323e-05,2.4379743372104973e-05,0,nan,nan,nan,3.0,1.5822837530377996e-05,-6.127486503748614e-05,2.999975620256628,0.0,-1.0,SOLVER_EXCEPTION,0.0,0,True,True
1291.518,-0.0709589948425328,-1.9999807170090012,-1.6017401065072604e-05,2.437953017089304e-05,0,nan,nan,nan,3.0,1.584668937474832e-05,-6.129403112442589e-05,2.999975620469829,0.0,-1.0,SOLVER_EXCEPTION,0.0,0,True,True
1291.615,-0.071034419814676,-1.9999806987995212,-1.603477568894933e-05,2.4379214300622503e-05,0,nan,nan,nan,3.0,1.5867868009844156e-05,-6.13110473981493e-05,2.9999756207856993,0.0,-1.0,SOLVER_EXCEPTION,0.0,0,True,True
1291.716,-0.07111062233004183,-1.9999806804020073,-1.6052329533328374e-05,2.4378844136404473e-05,0,nan,nan,nan,3.0,1.589016155024788e-05,-6.13289595925437e-05,2.9999756211558637,0.0,-1.0,SOLVER_EXCEPTION,0.0,0,True,True
1291.816,-0.07119071269267159,-1.999980661063736,-1.6070779210607022e-05,2.437851831953157e-05,0,nan,nan,nan,3.0,1.591268011592303e-05,-6.134705101823457e-05,2.9999756214816804,0.0,-1.0,SOLVER_EXCEPTION,0.0,0,True,True
1291.914,-0.07126691513963278,-1.9999806426624473,-1.608833196503748e-05,2.437815725342578e-05,0,nan,nan,nan,3.0,1.5934977521849165e-05,-6.136496202424624e-05,2.9999756218427467,0.0,-1.0,SOLVER_EXCEPTION,0.0,0,True,True
1292.021,-0.07134778300674366,-1.999980623133399,-1.610696185431824e-05,2.437789312073867e-05,0,nan,nan,nan,3.0,1.595794511572419e-05,-6.138341158434812e-05,2.9999756221068794,0.0,-1.0,SOLVER_EXCEPTION,0.0,0,True,True
1292.117,-0.07142476296182344,-1.9999806045424622,-1.6124693784559737e-05,2.4377469945961693e-05,0,nan,nan,nan,3.0,1.5979352241000078e-05,-6.140060738069053e-05,2.9999756225300542,0.0,-1.0,SOLVER_EXCEPTION,0.0,0,True,True
1292.218,-0.07150329803396362,-1.9999805855740507,-1.6142785361268388e-05,2.4377169034224003e-05,0,nan,nan,nan,3.0,1.6001207309274502e-05,-6.141816381921572e-05,2.999975622830966,0.0,-1.0,SOLVER_EXCEPTION,0.0,0,True,True
1292.318,-0.07158027792368797,-1.99998056697959,-1.6160518566092733e-05,2.4376882110744558e-05,0,nan,nan,nan,3.0,1.6024179207322255e-05,-6.14366135276434e-05,2.9999756231178893,0.0,-1.0,SOLVER_EXCEPTION,0.0,0,True,True
1292.419,-0.07165492505915894,-1.999980548947428,-1.6177716171686175e-05,2.4376679156668887e-05,0,nan,nan,nan,3.0,1.6045591014168865e-05,-6.145380597599726e-05,2.9999756233208434,0.0,-1.0,SOLVER_EXCEPTION,0.0,0,True,True
1292.517,-0.07173501518213733,-1.999980529599656,-1.619616527682794e-05,2.4376302337344635e-05,0,nan,nan,nan,3.0,1.606856498423434e-05,-6.147225914521215e-05,2.9999756236976625,0.0,-1.0,SOLVER_EXCEPTION,0.0,0,True,True
1292.618,-0.07181432769807782,-1.9999805104377462,-1.6214437195361383e-05,2.4376081065783757e-05,0,nan,nan,nan,3.0,1.6090872003628586e-05,-6.149017041900962e-05,2.9999756239189344,0.0,-1.0,SOLVER_EXCEPTION,0.0,0,True,True
1292.717,-0.07189052988870807,-1.9999804920255013,-1.623199023198103e-05,2.4375746866205162e-05,0,nan,nan,nan,3.0,1.6113849642006612e-05,-6.150862029130622e-05,2.9999756242531337,0.0,-1.0,SOLVER_EXCEPTION,0.0,0,True,True
1292.816,-0.0719675096226752,-1.9999804734241398,-1.624972315837071e-05,2.4375430339493152e-05,0,nan,nan,nan,3.0,1.613526676222203e-05,-6.15258165250765e-05,2.9999756245696605,0.0,-1.0,SOLVER_EXCEPTION,0.0,0,True,True
1292.915,-0.07204526689944425,-1.9999804546344455,-1.6267636038249533e-05,2.4375134106582816e-05,0,nan,nan,nan,3.0,1.6158023369422435e-05,-6.15440892945962e-05,2.9999756248658933,0.0,-1.0,SOLVER_EXCEPTION,0.0,0,True,True
1293.02,-0.07212535686311379,-1.9999804352788253,-1.6286086050926675e-05,2.4374856912923446e-05,0,nan,nan,nan,3.0,1.6178997408983584e-05,-6.156092472808794e-05,2.999975625143087,0.0,-1.0,SOLVER_EXCEPTION,0.0,0,True,True
1293.117,-0.07220233650727625,-1.9999804166732598,-1.6303819492025244e-05,2.4374596928043532e-05,0,nan,nan,nan,3.0,1.6201757444735696e-05,-6.157919774008036e-05,2.999975625403072,0.0,-1.0,SOLVER_EXCEPTION,0.0,0,True,True
1293.219,-0.07228087126618862,-1.9999803976903865,-1.6321910968388792e-05,2.4374308305332267e-05,0,nan,nan,nan,3.0,1.6224518745427438e-05,-6.15974653759288e-05,2.9999756256916945,0.0,-1.0,SOLVER_EXCEPTION,0.0,0,True,True
1293.315,-0.07235007513819508,-1.9999803809629217,-1.633785569740556e-05,2.437416966307214e-05,0,nan,nan,nan,3.0,1.6245718881719745e-05,-6.161448575703332e-05,2.999975625830337,0.0,-1.0,SOLVER_EXCEPTION,0.0,0,True,True
1293.42,-0.0724363855535947,-1.999980360097776,-1.6357738843688917e-05,2.437388183978878e-05,0,nan,nan,nan,3.0,1.6269599208038896e-05,-6.163365234312934e-05,2.99997562611816,0.0,-1.0,SOLVER_EXCEPTION,0.0,0,True,True
1293.518,-0.0725118099421939,-1.9999803418625526,-1.637511407957979e-05,2.4373638453136698e-05,0,nan,nan,nan,3.0,1.629191897822465e-05,-6.165156382254011e-05,2.9999756263615467,0.0,-1.0,SOLVER_EXCEPTION,0.0,0,True,True
1293.616,-0.07258956701640976,-1.9999803230622375,-1.63930249867425e-05,2.4373254601555254e-05,0,nan,nan,nan,3.0,1.6314016247636466e-05,-6.166929639395136e-05,2.9999756267453983,0.0,-1.0,SOLVER_EXCEPTION,0.0,0,True,True
1293.716,-0.07266732406311996,-1.9999803042612496,-1.6410938389467616e-05,2.437301540984819e-05,0,nan,nan,nan,3.0,1.633633806524357e-05,-6.168721017996148e-05,2.99997562698459,0.0,-1.0,SOLVER_EXCEPTION,0.0,0,True,True
1293.817,-0.07274585865272831,-1.9999802852701305,-1.6429030367643877e-05,2.4372771620217184e-05,0,nan,nan,nan,3.0,1.635888497903051e-05,-6.170530214610892e-05,2.99997562722838,0.0,-1.0,SOLVER_EXCEPTION,0.0,0,True,True
1293.917,-0.07282439321497959,-1.9999802662773785,-1.6447122274443656e-05,2.4372529804024507e-05,0,nan,nan,nan,3.0,1.6380987049390165e-05,-6.172303566609472e-05,2.999975627470196,0.0,-1.0,SOLVER_EXCEPTION,0.0,0,True,True
1294.023,-0.07290448288926106,-1.9999802469071635,-1.6465572302594244e-05,2.4372262916888306e-05,0,nan,nan,nan,3.0,1.6403983161416762e-05,-6.174148534521251e-05,2.9999756277370833,0.0,-1.0,SOLVER_EXCEPTION,0.0,0,True,True
1294.12,-0.07298068468952816,-1.999980228476894,-1.6483128257611926e-05,2.437205415072389e-05,0,nan,nan,nan,3.0,1.6425863626335064e-05,-6.17590418041658e-05,2.999975627945849,0.0,-1.0,SOLVER_EXCEPTION,0.0,0,True,True
1294.222,-0.07306155187902674,-1.9999802089159626,-1.6501758931633185e-05,2.4371880852761937e-05,0,nan,nan,nan,3.0,1.6448192914840158e-05,-6.177695584108633e-05,2.9999756281191474,0.0,-1.0,SOLVER_EXCEPTION,0.0,0,True,True
1294.317,-0.07313464335350502,-1.9999801912339894,-1.6518595792374905e-05,2.4371603961190228e-05,0,nan,nan,nan,3.0,1.6470523851981822e-05,-6.179486749990915e-05,2.999975628396039,0.0,-1.0,SOLVER_EXCEPTION,0.0,0,True,True
1294.415,-0.07321162264831901,-1.999980172610973,-1.6536328600989137e-05,2.4371271528492484e-05,0,nan,nan,nan,3.0,1.6492855155688958e-05,-6.181278044303795e-05,2.9999756287284716,0.0,-1.0,SOLVER_EXCEPTION,0.0,0,True,True
1294.519,-0.07329248976005899,-1.9999801530459989,-1.6554959165837797e-05,2.4371084941263747e-05,0,nan,nan,nan,3.0,1.6515188263492595e-05,-6.183069589971169e-05,2.9999756289150588,0.0,-1.0,SOLVER_EXCEPTION,0.0,0,True,True
1294.617,-0.07336558116512638,-1.999980135360661,-1.657179975092694e-05,2.4371016999620167e-05,0,nan,nan,nan,3.0,1.653640653885013e-05,-6.184771322370608e-05,2.9999756289830004,0.0,-1.0,SOLVER_EXCEPTION,0.0,0,True,True
1294.722,-0.07345033606545999,-1.999980114851535,-1.659132503515305e-05,2.437077885459309e-05,0,nan,nan,nan,3.0,1.6559859695602286e-05,-6.186652176776164e-05,2.9999756292211455,0.0,-1.0,SOLVER_EXCEPTION,0.0,0,True,True
1294.818,-0.07352498255962951,-1.9999800967868007,-1.6608518526783313e-05,2.4370376049593217e-05,0,nan,nan,nan,3.0,1.6581973248823732e-05,-6.188425462028135e-05,2.9999756296239504,0.0,-1.0,SOLVER_EXCEPTION,0.0,0,True,True
1294.916,-0.0736011841666256,-1.9999800783454764,-1.662607519488379e-05,2.4370238894194156e-05,0,nan,nan,nan,3.0,1.6604758846114817e-05,-6.190252727167334e-05,2.999975629761106,0.0,-1.0,SOLVER_EXCEPTION,0.0,0,True,True
1295.015,-0.07367971845241611,-1.9999800593373753,-1.664416752419039e-05,2.437003125272093e-05,0,nan,nan,nan,3.0,1.662665266543001e-05,-6.192008100525115e-05,2.9999756299687474,0.0,-1.0,SOLVER_EXCEPTION,0.0,0,True,True
1295.117,-0.07375825271469029,-1.9999800403276897,-1.666225982060467e-05,2.436982352370956e-05,0,nan,nan,nan,3.0,1.6648324392073462e-05,-6.193745632421255e-05,2.9999756301764764,0.0,-1.0,SOLVER_EXCEPTION,0.0,0,True,True
1295.219,-0.0738360093871352,-1.9999800215050043,-1.6680173632977645e-05,2.4369633137726336e-05,0,nan,nan,nan,3.0,1.6671560597042427e-05,-6.195608634307348e-05,2.9999756303668623,0.0,-1.0,SOLVER_EXCEPTION,0.0,0,True,True
1295.319,-0.07391454360349081,-1.999980002493306,-1.6698265306316692e-05,2.4369353983130483e-05,0,nan,nan,nan,3.0,1.6693904934451522e-05,-6.197400199914327e-05,2.999975630646017,0.0,-1.0,SOLVER_EXCEPTION,0.0,0,True,True
1295.418,-0.07399152266487688,-1.9999799838559966,-1.67159994457643e-05,2.4369163827407112e-05,0,nan,nan,nan,3.0,1.6716251278138424e-05,-6.199191290923167e-05,2.9999756308361727,0.0,-1.0,SOLVER_EXCEPTION,0.0,0,True,True
1295.515,-0.07406694657287329,-1.9999799655935917,-1.6733375151320667e-05,2.436896514477545e-05,0,nan,nan,nan,3.0,1.673681024387333e-05,-6.200839407721759e-05,2.999975631034855,0.0,-1.0,SOLVER_EXCEPTION,0.0,0,True,True
1295.619,-0.07414625828920964,-1.9999799463891934,-1.6751648356545582e-05,2.436881706233303e-05,0,nan,nan,nan,3.0,1.6760723330426767e-05,-6.20275614497956e-05,2.9999756311829375,0.0,-1.0,SOLVER_EXCEPTION,0.0,0,True,True
1295.725,-0.07423023537639187,-1.9999799260532,-1.677099239735056e-05,2.436845657899077e-05,0,nan,nan,nan,3.0,1.678307338132518e-05,-6.204547602006727e-05,2.999975631543421,0.0,-1.0,SOLVER_EXCEPTION,0.0,0,True,True
1295.823,-0.07430565922075671,-1.9999799077874885,-1.6788371682569318e-05,2.4368456247086096e-05,0,nan,nan,nan,3.0,1.680564862149932e-05,-6.206356855109618e-05,2.999975631543753,0.0,-1.0,SOLVER_EXCEPTION,0.0,0,True,True
1295.919,-0.0743756400897474,-1.9999798908377464,-1.6804492030564638e-05,2.4368191267252515e-05,0,nan,nan,nan,3.0,1.6827554811492995e-05,-6.208112209016292e-05,2.999975631808733,0.0,-1.0,SOLVER_EXCEPTION,0.0,0,True,True
1296.018,-0.07445806198073433,-1.999979870874212,-1.6823481043617207e-05,2.4368007936521623e-05,0,nan,nan,nan,3.0,1.6850131754861822e-05,-6.209921733679735e-05,2.9999756319920636,0.0,-1.0,SOLVER_EXCEPTION,0.0,0,True,True
1296.122,-0.07453659602542671,-1.999979851851066,-1.684157332954306e-05,2.4367787402389326e-05,0,nan,nan,nan,3.0,1.6872487686855025e-05,-6.21171285288824e-05,2.9999756322125974,0.0,-1.0,SOLVER_EXCEPTION,0.0,0,True,True
1296.222,-0.07461668517863838,-1.9999798324493154,-1.6860024341275785e-05,2.4367602791079495e-05,0,nan,nan,nan,3.0,1.6894397690875285e-05,-6.21346860905092e-05,2.999975632397209,0.0,-1.0,SOLVER_EXCEPTION,0.0,0,True,True
1296.316,-0.07468977623215559,-1.9999798147412866,-1.6876865207395538e-05,2.4367567272354022e-05,0,nan,nan,nan,3.0,1.6917203758091008e-05,-6.215295534461873e-05,2.9999756324327276,0.0,-1.0,SOLVER_EXCEPTION,0.0,0,True,True
1296.419,-0.07476831021719785,-1.999979795713634,-1.6894957112746627e-05,2.4367308202286252e-05,0,nan,nan,nan,3.0,1.6939115636417276e-05,-6.217051191104161e-05,2.9999756326917977,0.0,-1.0,SOLVER_EXCEPTION,0.0,0,True,True
1296.515,-0.07484373392684492,-1.9999797774384902,-1.691233294358808e-05,2.436710483272285e-05,0,nan,nan,nan,3.0,1.696214777907234e-05,-6.218896300280718e-05,2.9999756328951674,0.0,-1.0,SOLVER_EXCEPTION,0.0,0,True,True
1296.619,-0.07492382300093499,-1.9999797580308547,-1.6930783956179415e-05,2.4366933945920905e-05,0,nan,nan,nan,3.0,1.6984957886570575e-05,-6.220723601790823e-05,2.999975633066054,0.0,-1.0,SOLVER_EXCEPTION,0.0,0,True,True
1296.717,-0.07500157936441638,-1.9999797391870293,-1.694869865475643e-05,2.4366823756774104e-05,0,nan,nan,nan,3.0,1.700620404643657e-05,-6.222425337298887e-05,2.999975633176243,0.0,-1.0,SOLVER_EXCEPTION,0.0,0,True,True
1296.826,-0.07508555621608168,-1.999979718834274,-1.6968044348602567e-05,2.436657468486456e-05,0,nan,nan,nan,3.0,1.7028568719097495e-05,-6.22421687226371e-05,2.999975633425315,0.0,-1.0,SOLVER_EXCEPTION,0.0,0,True,True
1296.915,-0.07515320421989291,-1.9999797024387673,-1.6983631592057503e-05,2.4366513970828652e-05,0,nan,nan,nan,3.0,1.7050935785010713e-05,-6.226008018339613e-05,2.999975633486029,0.0,-1.0,SOLVER_EXCEPTION,0.0,0,True,True
1297.017,-0.07523173809214621,-1.9999796834023427,-1.7001724465267144e-05,2.4366354879211534e-05,0,nan,nan,nan,3.0,1.7073304127524306e-05,-6.227799621649766e-05,2.999975633645121,0.0,-1.0,SOLVER_EXCEPTION,0.0,0,True,True
1297.119,-0.07530949438328959,-1.9999796645527328,-1.7019635659419677e-05,2.4366045590845566e-05,0,nan,nan,nan,3.0,1.70961216002406e-05,-6.229626571885305e-05,2.999975633954409,0.0,-1.0,SOLVER_EXCEPTION,0.0,0,True,True
1297.216,-0.07538491796878127,-1.9999796462686465,-1.703701448681861e-05,2.4365981421250974e-05,0,nan,nan,nan,3.0,1.7117149536981507e-05,-6.231310598181494e-05,2.9999756340185786,0.0,-1.0,SOLVER_EXCEPTION,0.0,0,True,True
1297.315,-0.07546656203762861,-1.9999796264740834,-1.7055824089224742e-05,2.436581747981785e-05,0,nan,nan,nan,3.0,1.7141088105168693e-05,-6.233227384866424e-05,2.9999756341825203,0.0,-1.0,SOLVER_EXCEPTION,0.0,0,True,True
1297.42,-0.07554587340057212,-1.9999796072433433,-1.7074095043016225e-05,2.4365602076735616e-05,0,nan,nan,nan,3.0,1.716346219875767e-05,-6.235018879285903e-05,2.999975634397923,0.0,-1.0,SOLVER_EXCEPTION,0.0,0,True,True
1297.515,-0.07562129693515825,-1.9999795889538896,-1.7091471262185782e-05,2.4365435005773734e-05,0,nan,nan,nan,3.0,1.7185166378564933e-05,-6.236756472288718e-05,2.9999756345649944,0.0,-1.0,SOLVER_EXCEPTION,0.0,0,True,True
1297.626,-0.0757076063212964,-1.9999795680234562,-1.711135590772219e-05,2.4365276826015468e-05,0,nan,nan,nan,3.0,1.720910934139049e-05,-6.238673232239478e-05,2.999975634723174,0.0,-1.0,SOLVER_EXCEPTION,0.0,0,True,True
1297.715,-0.07577758688962562,-1.9999795510523237,-1.7127478484433177e-05,2.4365094366827854e-05,0,nan,nan,nan,3.0,1.723059169737752e-05,-6.240393172207703e-05,2.999975634905633,0.0,-1.0,SOLVER_EXCEPTION,0.0,0,True,True
1297.818,-0.07585378793780456,-1.9999795325705203,-1.714503649827964e-05,2.4365088157446873e-05,0,nan,nan,nan,3.0,1.7252971541778847e-05,-6.242184338800527e-05,2.9999756349118427,0.0,-1.0,SOLVER_EXCEPTION,0.0,0,True,True
1297.918,-0.07593543190072606,-1.9999795127669524,-1.716384620270646e-05,2.436493330608529e-05,0,nan,nan,nan,3.0,1.727535255406709e-05,-6.243975951703007e-05,2.999975635066694,0.0,-1.0,SOLVER_EXCEPTION,0.0,0,True,True
1298.016,-0.07601163291686994,-1.9999794942824602,-1.718139855011825e-05,2.436455333478386e-05,0,nan,nan,nan,3.0,1.729795809487636e-05,-6.245785155556405e-05,2.999975635446665,0.0,-1.0,SOLVER_EXCEPTION,0.0,0,True,True
1298.12,-0.07609094416245663,-1.9999794750424214,-1.7199673086319803e-05,2.4364527556288963e-05,0,nan,nan,nan,3.0,1.731922263258596e-05,-6.247486996624474e-05,2.9999756354724436,0.0,-1.0,SOLVER_EXCEPTION,0.0,0,True,True
1298.223,-0.0761725880747873,-1.999979455234524,-1.721848297259514e-05,2.436438258370511e-05,0,nan,nan,nan,3.0,1.7342950817034987e-05,-6.249386011747404e-05,2.999975635617416,0.0,-1.0,SOLVER_EXCEPTION,0.0,0,True,True
1298.318,-0.07624256855755424,-1.9999794382547658,-1.7234606409270517e-05,2.436430364875403e-05,0,nan,nan,nan,3.0,1.7364889986463746e-05,-6.251141454338693e-05,2.999975635696351,0.0,-1.0,SOLVER_EXCEPTION,0.0,0,True,True
1298.417,-0.07632265731715672,-1.9999794188219802,-1.7253057022623577e-05,2.43640633517546e-05,0,nan,nan,nan,3.0,1.738727714407758e-05,-6.25293288258888e-05,2.9999756359366483,0.0,-1.0,SOLVER_EXCEPTION,0.0,0,True,True
1298.519,-0.07640196850027789,-1.9999793995760005,-1.727133190772596e-05,2.4364058011148954e-05,0,nan,nan,nan,3.0,1.7409218491545496e-05,-6.254688708962064e-05,2.999975635941989,0.0,-1.0,SOLVER_EXCEPTION,0.0,0,True,True
1298.615,-0.07647739186598666,-1.9999793812717432,-1.728870866753884e-05,2.4363939003573953e-05,0,nan,nan,nan,3.0,1.7432057341010465e-05,-6.256515725233669e-05,2.9999756360609964,0.0,-1.0,SOLVER_EXCEPTION,0.0,0,True,True
1298.711,-0.07655437033842354,-1.9999793625886189,-1.7306443607272416e-05,2.436379736318826e-05,0,nan,nan,nan,3.0,1.745444950193798e-05,-6.258307366691085e-05,2.999975636202637,0.0,-1.0,SOLVER_EXCEPTION,0.0,0,True,True
1298.818,-0.07663523659722704,-1.999979342960625,-1.7325071627140733e-05,2.4363477258017984e-05,0,nan,nan,nan,3.0,1.7476842275275486e-05,-6.260098799470981e-05,2.999975636522742,0.0,-1.0,SOLVER_EXCEPTION,0.0,0,True,True
1298.916,-0.07671143748080525,-1.9999793244644557,-1.7342629456178513e-05,2.43634258787986e-05,0,nan,nan,nan,3.0,1.749923721578749e-05,-6.261890123626657e-05,2.999975636574121,0.0,-1.0,SOLVER_EXCEPTION,0.0,0,True,True
1299.02,-0.07679152614996626,-1.9999793050222934,-1.7361081237083204e-05,2.436330087819614e-05,0,nan,nan,nan,3.0,1.7521633608054363e-05,-6.263681668983168e-05,2.999975636699122,0.0,-1.0,SOLVER_EXCEPTION,0.0,0,True,True
1299.118,-0.07686694944624779,-1.9999792867110582,-1.7378458056805755e-05,2.4363183187498567e-05,0,nan,nan,nan,3.0,1.7544031671686233e-05,-6.26547297639668e-05,2.9999756368168127,0.0,-1.0,SOLVER_EXCEPTION,0.0,0,True,True
1299.216,-0.07694470540824787,-1.9999792678327477,-1.7396372837921097e-05,2.4363042836190114e-05,0,nan,nan,nan,3.0,1.7566205861892943e-05,-6.267246738556054e-05,2.999975636957164,0.0,-1.0,SOLVER_EXCEPTION,0.0,0,True,True
1299.318,-0.07702401647549485,-1.9999792485757775,-1.7414647535630415e-05,2.4363006726948043e-05,0,nan,nan,nan,3.0,1.7588830264892548e-05,-6.269056108543225e-05,2.999975636993273,0.0,-1.0,SOLVER_EXCEPTION,0.0,0,True,True
1299.417,-0.07709788461380966,-1.9999792306383049,-1.7431666308692916e-05,2.436291123873681e-05,0,nan,nan,nan,3.0,1.761033654188686e-05,-6.27077566739409e-05,2.9999756370887614,0.0,-1.0,SOLVER_EXCEPTION,0.0,0,True,True
1299.517,-0.0771779732134224,-1.999979211188867,-1.745011816792382e-05,2.436278507167719e-05,0,nan,nan,nan,3.0,1.76336358771633e-05,-6.272638990223456e-05,2.9999756372149284,0.0,-1.0,SOLVER_EXCEPTION,0.0,0,True,True
1299.615,-0.07725417400405235,-1.9999791926824437,-1.7467671042019254e-05,2.4362440081190807e-05,0,nan,nan,nan,3.0,1.7656040428565147e-05,-6.274430110142504e-05,2.9999756375599187,0.0,-1.0,SOLVER_EXCEPTION,0.0,0,True,True
1299.718,-0.07733504013564287,-1.999979173041889,-1.748630428298003e-05,2.4362427808120917e-05,0,nan,nan,nan,3.0,1.767844607339578e-05,-6.276221785306291e-05,2.999975637572192,0.0,-1.0,SOLVER_EXCEPTION,0.0,0,True,True
1299.815,-0.07740968578332698,-1.9999791549103971,-1.7503503636277483e-05,2.4362405220132563e-05,0,nan,nan,nan,3.0,1.769950945649016e-05,-6.277905897666969e-05,2.9999756375947797,0.0,-1.0,SOLVER_EXCEPTION,0.0,0,True,True
1299.916,-0.07748899677127286,-1.9999791356439631,-1.752177529964261e-05,2.4362224290311592e-05,0,nan,nan,nan,3.0,1.772303870595249e-05,-6.27978691238873e-05,2.9999756377757096,0.0,-1.0,SOLVER_EXCEPTION,0.0,0,True,True
1300.018,-0.07756597507072653,-1.9999791169430192,-1.7539510057873876e-05,2.4362049526870694e-05,0,nan,nan,nan,3.0,1.774544872002547e-05,-6.28157815114605e-05,2.999975637950473,0.0,-1.0,SOLVER_EXCEPTION,0.0,0,True,True
1300.119,-0.07764684115011816,-1.9999790972968001,-1.7558141825416835e-05,2.4361932361948544e-05,0,nan,nan,nan,3.0,1.7768083967869472e-05,-6.28338786485827e-05,2.999975638067638,0.0,-1.0,SOLVER_EXCEPTION,0.0,0,True,True
1300.219,-0.0777238194250465,-1.9999790785930798,-1.757587746781013e-05,2.436183704744722e-05,0,nan,nan,nan,3.0,1.779004931798782e-05,-6.285143290574169e-05,2.9999756381629528,0.0,-1.0,SOLVER_EXCEPTION,0.0,0,True,True
1300.319,-0.07780079768823975,-1.9999790598877067,-1.7593613057704295e-05,2.436174443457172e-05,0,nan,nan,nan,3.0,1.781291203859302e-05,-6.286970807689585e-05,2.9999756382555653,0.0,-1.0,SOLVER_EXCEPTION,0.0,0,True,True
1300.417,-0.07787855349788168,-1.999979040992356,-1.7611529929001486e-05,2.43617460576108e-05,0,nan,nan,nan,3.0,1.7835328062112565e-05,-6.288762001949166e-05,2.999975638253942,0.0,-1.0,SOLVER_EXCEPTION,0.0,0,True,True
1300.517,-0.07795397662207659,-1.999979022662848,-1.7628905327625907e-05,2.4361505467031054e-05,0,nan,nan,nan,3.0,1.785774472836643e-05,-6.290553538690347e-05,2.999975638494533,0.0,-1.0,SOLVER_EXCEPTION,0.0,0,True,True
1300.614,-0.07803173240885478,-1.9999790037647567,-1.7646822461082827e-05,2.4361540323352727e-05,0,nan,nan,nan,3.0,1.788016333965285e-05,-6.292345252045806e-05,2.9999756384596767,0.0,-1.0,SOLVER_EXCEPTION,0.0,0,True,True
1300.724,-0.07811726376116022,-1.9999789829754744,-1.7666527446579387e-05,2.4361321541095425e-05,0,nan,nan,nan,3.0,1.790168708593874e-05,-6.2940648294596e-05,2.999975638678459,0.0,-1.0,SOLVER_EXCEPTION,0.0,0,True,True
1300.819,-0.078191131736296,-1.9999789650188915,-1.7683546636027943e-05,2.4361256223803143e-05,0,nan,nan,nan,3.0,1.792500517943477e-05,-6.295928167432407e-05,2.999975638743776,0.0,-1.0,SOLVER_EXCEPTION,0.0,0,True,True
1300.918,-0.07826655481636217,-1.9999789466842326,-1.770092526198956e-05,2.4361179916978806e-05,0,nan,nan,nan,3.0,1.794720322539396e-05,-6.297701670687772e-05,2.999975638820083,0.0,-1.0,SOLVER_EXCEPTION,0.0,0,True,True
1301.018,-0.07834508811557146,-1.999978927591389,-1.77190193879289e-05,2.4361086929871836e-05,0,nan,nan,nan,3.0,1.796985181780936e-05,-6.299511079843612e-05,2.99997563891307,0.0,-1.0,SOLVER_EXCEPTION,0.0,0,True,True
1301.118,-0.07842362140373615,-1.9999789084970643,-1.7737113559098167e-05,2.4360993287034245e-05,0,nan,nan,nan,3.0,1.7992501863006444e-05,-6.301320495838425e-05,2.999975639006713,0.0,-1.0,SOLVER_EXCEPTION,0.0,0,True,True
1301.219,-0.07850215468099582,-1.999978889401112,-1.7755207578594503e-05,2.436089358841185e-05,0,nan,nan,nan,3.0,1.8014704905062144e-05,-6.303094031556711e-05,2.9999756391064114,0.0,-1.0,SOLVER_EXCEPTION,0.0,0,True,True
1301.315,-0.0785768001622696,-1.999978871250159,-1.777240705260313e-05,2.436081493910517e-05,0,nan,nan,nan,3.0,1.8037132652671213e-05,-6.304885563901408e-05,2.999975639185061,0.0,-1.0,SOLVER_EXCEPTION,0.0,0,True,True
1301.419,-0.07865533341865419,-1.9999788521516824,-1.7790501301337895e-05,2.436072666907868e-05,0,nan,nan,nan,3.0,1.805956239798746e-05,-6.306677303324904e-05,2.9999756392733308,0.0,-1.0,SOLVER_EXCEPTION,0.0,0,True,True
1301.518,-0.07873386666453557,-1.9999788330517172,-1.7808595589307053e-05,2.4360638023127166e-05,0,nan,nan,nan,3.0,1.8081993978036084e-05,-6.308468582405524e-05,2.9999756393619768,0.0,-1.0,SOLVER_EXCEPTION,0.0,0,True,True
1301.617,-0.07881162234330966,-1.9999788141390442,-1.7826508200402237e-05,2.436041152576408e-05,0,nan,nan,nan,3.0,1.8104426706260967e-05,-6.3102602888776e-05,2.9999756395884742,0.0,-1.0,SOLVER_EXCEPTION,0.0,0,True,True
1301.715,-0.07888782289876763,-1.9999787956044974,-1.78440661424252e-05,2.436033562224454e-05,0,nan,nan,nan,3.0,1.812528964037527e-05,-6.311926301805215e-05,2.999975639664378,0.0,-1.0,SOLVER_EXCEPTION,0.0,0,True,True
1301.817,-0.07896402344470244,-1.9999787770679882,-1.7861624256912493e-05,2.4360320106571045e-05,0,nan,nan,nan,3.0,1.814839815017222e-05,-6.313771568189352e-05,2.9999756396798936,0.0,-1.0,SOLVER_EXCEPTION,0.0,0,True,True
1301.92,-0.0790472219892202,-1.999978756827443,-1.788079358307833e-05,2.4360228769364343e-05,0,nan,nan,nan,3.0,1.8169264676376368e-05,-6.315437632098408e-05,2.9999756397712307,0.0,-1.0,SOLVER_EXCEPTION,0.0,0,True,True
1302.015,-0.07912108984657172,-1.999978738855059,-1.7897812705207224e-05,2.4360138949416515e-05,0,nan,nan,nan,3.0,1.819417117759864e-05,-6.317426238533486e-05,2.9999756398610504,0.0,-1.0,SOLVER_EXCEPTION,0.0,0,True,True
1302.119,-0.07920117814533596,-1.999978719368544,-1.791626476248177e-05,2.4359978700141483e-05,0,nan,nan,nan,3.0,1.8216610067786514e-05,-6.319217778161246e-05,2.9999756400213,0.0,-1.0,SOLVER_EXCEPTION,0.0,0,True,True
1302.215,-0.07927504598484345,-1.9999787013945096,-1.7933283967273855e-05,2.4359865975798592e-05,0,nan,nan,nan,3.0,1.823882663521439e-05,-6.320991402652965e-05,2.999975640134024,0.0,-1.0,SOLVER_EXCEPTION,0.0,0,True,True
1302.319,-0.07935435670843417,-1.9999786820940937,-1.795155983754602e-05,2.4359918168182227e-05,0,nan,nan,nan,3.0,1.826149374661189e-05,-6.32280084080783e-05,2.9999756400818316,0.0,-1.0,SOLVER_EXCEPTION,0.0,0,True,True
1302.42,-0.0794352225344046,-1.9999786624134361,-1.7970189478000116e-05,2.4359704652211393e-05,0,nan,nan,nan,3.0,1.82846111348394e-05,-6.324646117006338e-05,2.999975640295348,0.0,-1.0,SOLVER_EXCEPTION,0.0,0,True,True
1302.517,-0.07951142301527711,-1.9999786438674207,-1.7987748004251602e-05,2.4359669464233248e-05,0,nan,nan,nan,3.0,1.8306157805954553e-05,-6.326366101783165e-05,2.9999756403305358,0.0,-1.0,SOLVER_EXCEPTION,0.0,0,True,True
1302.615,-0.0795876234875415,-1.9999786253203278,-1.8005305897119986e-05,2.435962119644574e-05,0,nan,nan,nan,3.0,1.8328604329734348e-05,-6.328157764157183e-05,2.9999756403788034,0.0,-1.0,SOLVER_EXCEPTION,0.0,0,True,True
1302.72,-0.07966460150701263,-1.9999786065819167,-1.802304217646843e-05,2.4359552297806296e-05,0,nan,nan,nan,3.0,1.8351276989263948e-05,-6.329967223583921e-05,2.999975640447702,0.0,-1.0,SOLVER_EXCEPTION,0.0,0,True,True
1302.815,-0.07974235707353661,-1.999978587652602,-1.8040956332802317e-05,2.435940416132713e-05,0,nan,nan,nan,3.0,1.8373726814046223e-05,-6.331758639221974e-05,2.9999756405958387,0.0,-1.0,SOLVER_EXCEPTION,0.0,0,True,True
1302.919,-0.0798240004090964,-1.9999785677757114,-1.805976756627012e-05,2.4359311092869447e-05,0,nan,nan,nan,3.0,1.8395727919975608e-05,-6.333514358880521e-05,2.9999756406889073,0.0,-1.0,SOLVER_EXCEPTION,0.0,0,True,True
1303.021,-0.0799033110689297,-1.9999785484659396,-1.8078041469536157e-05,2.435919253611638e-05,0,nan,nan,nan,3.0,1.8418404620646486e-05,-6.33532383553792e-05,2.999975640807464,0.0,-1.0,SOLVER_EXCEPTION,0.0,0,True,True
1303.115,-0.07997640127710275,-1.9999785306689706,-1.8094884532391373e-05,2.4359263821302747e-05,0,nan,nan,nan,3.0,1.8440858134211642e-05,-6.337115630072887e-05,2.999975640736179,0.0,-1.0,SOLVER_EXCEPTION,0.0,0,True,True
1303.219,-0.08005571192021814,-1.999978511355335,-1.811315606665042e-05,2.4359063801348294e-05,0,nan,nan,nan,3.0,1.8462190935434537e-05,-6.338817595530344e-05,2.999975640936199,0.0,-1.0,SOLVER_EXCEPTION,0.0,0,True,True
1303.322,-0.08013735522038987,-1.999978491472356,-1.813196738199268e-05,2.435898196218905e-05,0,nan,nan,nan,3.0,1.8487342147661177e-05,-6.34082390567059e-05,2.999975641018038,0.0,-1.0,SOLVER_EXCEPTION,0.0,0,True,True
1303.415,-0.08020889029510186,-1.9999784740507014,-1.81484510945115e-05,2.435894876955112e-05,0,nan,nan,nan,3.0,1.850822712990201e-05,-6.342490320987437e-05,2.9999756410512304,0.0,-1.0,SOLVER_EXCEPTION,0.0,0,True,True
1303.519,-0.0802889784685371,-1.9999784545437964,-1.816690417021748e-05,2.4358871506544322e-05,0,nan,nan,nan,3.0,1.8530911049137912e-05,-6.344299802529818e-05,2.9999756411284935,0.0,-1.0,SOLVER_EXCEPTION,0.0,0,True,True
1303.62,-0.08036362374884817,-1.999978436360757,-1.8184104566365573e-05,2.435890509137867e-05,0,nan,nan,nan,3.0,1.8553372103052784e-05,-6.346091258047082e-05,2.9999756410949088,0.0,-1.0,SOLVER_EXCEPTION,0.0,0,True,True
1303.719,-0.08044448946106854,-1.999978416661545,-1.8202735407422316e-05,2.4358729925640187e-05,0,nan,nan,nan,3.0,1.8575834215100838e-05,-6.34788290190258e-05,2.9999756412700744,0.0,-1.0,SOLVER_EXCEPTION,0.0,0,True,True
1303.818,-0.08052302250053486,-1.999978397529548,-1.8220829517091374e-05,2.4358572074953628e-05,0,nan,nan,nan,3.0,1.8598296962291526e-05,-6.34967452217694e-05,2.999975641427925,0.0,-1.0,SOLVER_EXCEPTION,0.0,0,True,True
1303.928,-0.08060699841534005,-1.9999783770699258,-1.824017934444065e-05,2.435852557959401e-05,0,nan,nan,nan,3.0,1.862121119575694e-05,-6.351501823287364e-05,2.9999756414744203,0.0,-1.0,SOLVER_EXCEPTION,0.0,0,True,True
1304.019,-0.08067931100162493,-1.9999783594501843,-1.8256841391915284e-05,2.4358501549086913e-05,0,nan,nan,nan,3.0,1.864188044384717e-05,-6.353150175497646e-05,2.999975641498451,0.0,-1.0,SOLVER_EXCEPTION,0.0,0,True,True
1304.119,-0.08075706646359194,-1.9999783405026528,-1.8274758461632582e-05,2.4358517287349446e-05,0,nan,nan,nan,3.0,1.8665022059967725e-05,-6.354995460666757e-05,2.999975641482713,0.0,-1.0,SOLVER_EXCEPTION,0.0,0,True,True
1304.217,-0.08083326680921225,-1.9999783219331495,-1.8292313729575434e-05,2.435828116818982e-05,0,nan,nan,nan,3.0,1.8688164557475188e-05,-6.356840724075496e-05,2.999975641718832,0.0,-1.0,SOLVER_EXCEPTION,0.0,0,True,True
1304.316,-0.08091024470232389,-1.9999783031732559,-1.8310053829282902e-05,2.43584002399497e-05,0,nan,nan,nan,3.0,1.8709735993802216e-05,-6.358560887953502e-05,2.99997564159976,0.0,-1.0,SOLVER_EXCEPTION,0.0,0,True,True
1304.419,-0.08099033280590659,-1.9999782836532636,-1.832850725036315e-05,2.435834082490295e-05,0,nan,nan,nan,3.0,1.873310699483784e-05,-6.360423911289104e-05,2.999975641659175,0.0,-1.0,SOLVER_EXCEPTION,0.0,0,True,True
1304.515,-0.08106420046762317,-1.9999782656477136,-1.8345527148682552e-05,2.4358273488961556e-05,0,nan,nan,nan,3.0,1.8755580316355292e-05,-6.362215720789877e-05,2.999975641726511,0.0,-1.0,SOLVER_EXCEPTION,0.0,0,True,True
1304.615,-0.08114273344844611,-1.9999782465042868,-1.8363621642816237e-05,2.4358139547918932e-05,0,nan,nan,nan,3.0,1.8778054720690776e-05,-6.36400700018136e-05,2.999975641860452,0.0,-1.0,SOLVER_EXCEPTION,0.0,0,True,True
1304.721,-0.08122515419304824,-1.9999782264118697,-1.8382613407723932e-05,2.435810039061153e-05,0,nan,nan,nan,3.0,1.8799181774879366e-05,-6.365691316556621e-05,2.9999756418996095,0.0,-1.0,SOLVER_EXCEPTION,0.0,0,True,True
1304.818,-0.08130057694321308,-1.9999782080236044,-1.8399992065693732e-05,2.4358047569557454e-05,0,nan,nan,nan,3.0,1.882300770220317e-05,-6.367590544398283e-05,2.9999756419524304,0.0,-1.0,SOLVER_EXCEPTION,0.0,0,True,True
1304.922,-0.08138066501122275,-1.9999781884962848,-1.8418445592599072e-05,2.4357992684668726e-05,0,nan,nan,nan,3.0,1.8845486940414643e-05,-6.369382022475278e-05,2.9999756420073154,0.0,-1.0,SOLVER_EXCEPTION,0.0,0,True,True
1305.015,-0.08144597954691903,-1.9999781725707224,-1.843349614617928e-05,2.435795962067968e-05,0,nan,nan,nan,3.0,1.8865718348784035e-05,-6.370994475268787e-05,2.999975642040379,0.0,-1.0,SOLVER_EXCEPTION,0.0,0,True,True
1305.118,-0.08153151047953827,-1.9999781517133257,-1.8453201560749012e-05,2.435775981172582e-05,0,nan,nan,nan,3.0,1.8890223269791903e-05,-6.372947329413847e-05,2.999975642240188,0.0,-1.0,SOLVER_EXCEPTION,0.0,0,True,True
1305.221,-0.08161315363519757,-1.999978131802608,-1.847201360021488e-05,2.435770293966674e-05,0,nan,nan,nan,3.0,1.8911582353922408e-05,-6.374649362417273e-05,2.9999756422970605,0.0,-1.0,SOLVER_EXCEPTION,0.0,0,True,True
1305.319,-0.08168935390746777,-1.9999781132179169,-1.8489573802141498e-05,2.4357785245565295e-05,0,nan,nan,nan,3.0,1.893541566776504e-05,-6.376548714603913e-05,2.9999756422147543,0.0,-1.0,SOLVER_EXCEPTION,0.0,0,True,True
1305.419,-0.08176710928110041,-1.9999780942521783,-1.8507487618570092e-05,2.4357592401946654e-05,0,nan,nan,nan,3.0,1.89579017346053e-05,-6.378340070556376e-05,2.999975642407598,0.0,-1.0,SOLVER_EXCEPTION,0.0,0,True,True
1305.518,-0.0818448646485131,-1.999978075286095,-1.852540492564465e-05,2.4357549682492094e-05,0,nan,nan,nan,3.0,1.898038817619714e-05,-6.380131841865477e-05,2.9999756424503174,0.0,-1.0,SOLVER_EXCEPTION,0.0,0,True,True
1305.616,-0.0819202873490343,-1.999978056887052,-1.8542783852514536e-05,2.435751034079433e-05,0,nan,nan,nan,3.0,1.9002427001232867e-05,-6.381887760209537e-05,2.9999756424896593,0.0,-1.0,SOLVER_EXCEPTION,0.0,0,True,True
1305.719,-0.08200037536498932,-1.999978037348321,-1.856123769384059e-05,2.4357460065878837e-05,0,nan,nan,nan,3.0,1.9025367074848174e-05,-6.383715113589261e-05,2.999975642539934,0.0,-1.0,SOLVER_EXCEPTION,0.0,0,True,True
1305.819,-0.08207735316074276,-1.9999780185668683,-1.8578974904583542e-05,2.4357410660247883e-05,0,nan,nan,nan,3.0,1.904785856602025e-05,-6.385506857231604e-05,2.9999756425893396,0.0,-1.0,SOLVER_EXCEPTION,0.0,0,True,True
1305.917,-0.08215433095069903,-1.999977999784468,-1.8596711078121748e-05,2.4357260102965073e-05,0,nan,nan,nan,3.0,1.9069900872805766e-05,-6.387262795604087e-05,2.999975642739897,0.0,-1.0,SOLVER_EXCEPTION,0.0,0,True,True
1306.023,-0.08223752916169012,-1.9999779794830086,-1.8615884809940275e-05,2.435736889836456e-05,0,nan,nan,nan,3.0,1.9093069776156195e-05,-6.38910818153704e-05,2.9999756426311017,0.0,-1.0,SOLVER_EXCEPTION,0.0,0,True,True
1306.119,-0.08230906406679593,-1.9999779620253821,-1.863236609270039e-05,2.435724947786395e-05,0,nan,nan,nan,3.0,1.9115116031265056e-05,-6.390863778271694e-05,2.999975642750522,0.0,-1.0,SOLVER_EXCEPTION,0.0,0,True,True
1306.222,-0.0823914847123556,-1.9999779419104666,-1.865135953333872e-05,2.4357297214310865e-05,0,nan,nan,nan,3.0,1.9137838324138132e-05,-6.392673321053977e-05,2.9999756427027857,0.0,-1.0,SOLVER_EXCEPTION,0.0,0,True,True
1306.321,-0.08246690737303847,-1.9999779235014867,-1.8668738477890914e-05,2.4357248407726254e-05,0,nan,nan,nan,3.0,1.9159210904407244e-05,-6.394375618201664e-05,2.9999756427515925,0.0,-1.0,SOLVER_EXCEPTION,0.0,0,True,True
1306.418,-0.08254388513474009,-1.9999779047123587,-1.868647375925353e-05,2.43570451151168e-05,0,nan,nan,nan,3.0,1.9182610817731993e-05,-6.396238712813584e-05,2.999975642954885,0.0,-1.0,SOLVER_EXCEPTION,0.0,0,True,True
1306.519,-0.08262241799719953,-1.9999778855418113,-1.870456956563299e-05,2.435699872132361e-05,0,nan,nan,nan,3.0,1.920533705890604e-05,-6.398048292233227e-05,2.9999756430012785,0.0,-1.0,SOLVER_EXCEPTION,0.0,0,True,True
1306.62,-0.08270172840714632,-1.9999778661799597,-1.872284673919657e-05,2.435708796807691e-05,0,nan,nan,nan,3.0,1.9227165027364675e-05,-6.399786172872624e-05,2.999975642912032,0.0,-1.0,SOLVER_EXCEPTION,0.0,0,True,True
1306.718,-0.0827779285996984,-1.99997784757555,-1.8740402427730828e-05,2.4356895748007674e-05,0,nan,nan,nan,3.0,1.9250344026381517e-05,-6.401631531138818e-05,2.999975643104252,0.0,-1.0,SOLVER_EXCEPTION,0.0,0,True,True
1306.812,-0.08285101857554367,-1.9999778297305841,-1.8757245366984296e-05,2.435687867887146e-05,0,nan,nan,nan,3.0,1.927239854784093e-05,-6.403387542652794e-05,2.999975643121321,0.0,-1.0,SOLVER_EXCEPTION,0.0,0,True,True
1306.914,-0.08293032896965043,-1.9999778103646288,-1.8775521577206723e-05,2.4356898637463818e-05,0,nan,nan,nan,3.0,1.929535541047754e-05,-6.405215163640676e-05,2.9999756431013624,0.0,-1.0,SOLVER_EXCEPTION,0.0,0,True,True
1307.017,-0.08301041691120187,-1.9999777908071215,-1.879397578189664e-05,2.4356859143592e-05,0,nan,nan,nan,3.0,1.9317863943901043e-05,-6.407006714326258e-05,2.9999756431408566,0.0,-1.0,SOLVER_EXCEPTION,0.0,0,True,True
1307.119,-0.08308661708359066,-1.9999777721973477,-1.8811532708434215e-05,2.4356732791514634e-05,0,nan,nan,nan,3.0,1.9340148655670165e-05,-6.408780423550198e-05,2.9999756432672084,0.0,-1.0,SOLVER_EXCEPTION,0.0,0,True,True
1307.22,-0.08316748256738139,-1.9999777524473497,-1.8830167067865616e-05,2.4356722330079785e-05,0,nan,nan,nan,3.0,1.9362883869106244e-05,-6.410590279815054e-05,2.99997564327767,0.0,-1.0,SOLVER_EXCEPTION,0.0,0,True,True
1307.314,-0.08324135007192539,-1.999977734405595,-1.884718728401869e-05,2.435661308938088e-05,0,nan,nan,nan,3.0,1.938539643173488e-05,-6.412381734355321e-05,2.9999756433869105,0.0,-1.0,SOLVER_EXCEPTION,0.0,0,True,True
1307.419,-0.08332299309812197,-1.9999777144626103,-1.8866000051588096e-05,2.4356567753923795e-05,0,nan,nan,nan,3.0,1.940610929077385e-05,-6.414030323975695e-05,2.999975643432246,0.0,-1.0,SOLVER_EXCEPTION,0.0,0,True,True
1307.517,-0.08339919325109516,-1.9999776958475195,-1.8883560697959337e-05,2.435666242824854e-05,0,nan,nan,nan,3.0,1.9430425886199325e-05,-6.415965083572672e-05,2.9999756433375717,0.0,-1.0,SOLVER_EXCEPTION,0.0,0,True,True
1307.619,-0.08347850360952429,-1.9999776764712653,-1.8901833541571236e-05,2.435647349579705e-05,0,nan,nan,nan,3.0,1.9452266056895498e-05,-6.417703272498798e-05,2.999975643526504,0.0,-1.0,SOLVER_EXCEPTION,0.0,0,True,True
1307.719,-0.08355314864827015,-1.9999776582344058,-1.891903505950078e-05,2.4356468056674075e-05,0,nan,nan,nan,3.0,1.9475459540438436e-05,-6.419548712566225e-05,2.9999756435319433,0.0,-1.0,SOLVER_EXCEPTION,0.0,0,True,True
1307.818,-0.0836316814448182,-1.999977639045477,-1.893713123628214e-05,2.4356431804588032e-05,0,nan,nan,nan,3.0,1.9497979089507165e-05,-6.421340300066802e-05,2.9999756435681952,0.0,-1.0,SOLVER_EXCEPTION,0.0,0,True,True
1307.915,-0.08370788157955818,-1.999977620424782,-1.8954691079909355e-05,2.4356485764702746e-05,0,nan,nan,nan,3.0,1.9520275185110843e-05,-6.42311408554086e-05,2.9999756435142353,0.0,-1.0,SOLVER_EXCEPTION,0.0,0,True,True
1308.017,-0.08378719191924734,-1.9999776010429333,-1.8972965099918426e-05,2.4356356693615303e-05,0,nan,nan,nan,3.0,1.95427973343541e-05,-6.42490586595379e-05,2.9999756436433063,0.0,-1.0,SOLVER_EXCEPTION,0.0,0,True,True
1308.117,-0.08386572470198919,-1.9999775818505363,-1.899106381766759e-05,2.435642071615766e-05,0,nan,nan,nan,3.0,1.9565545596297247e-05,-6.42671541211115e-05,2.9999756435792837,0.0,-1.0,SOLVER_EXCEPTION,0.0,0,True,True
1308.224,-0.08394736768916101,-1.9999775618958948,-1.9009876589546173e-05,2.4356354267853624e-05,0,nan,nan,nan,3.0,1.9588746321425443e-05,-6.428560878912748e-05,2.9999756436457323,0.0,-1.0,SOLVER_EXCEPTION,0.0,0,True,True
1308.319,-0.08402045759739771,-1.9999775440296192,-1.9026716535814796e-05,2.435623499115237e-05,0,nan,nan,nan,3.0,1.9610597314505078e-05,-6.430298820880864e-05,2.999975643765009,0.0,-1.0,SOLVER_EXCEPTION,0.0,0,True,True
1308.417,-0.0840989903668903,-1.9999775248320997,-1.904481286794324e-05,2.435619331281092e-05,0,nan,nan,nan,3.0,1.963312514129575e-05,-6.432090640240418e-05,2.999975643806687,0.0,-1.0,SOLVER_EXCEPTION,0.0,0,True,True
1308.517,-0.0841759680278155,-1.999977506013674,-1.906254972615409e-05,2.435605245017474e-05,0,nan,nan,nan,3.0,1.965542848125284e-05,-6.433864318466931e-05,2.99997564394755,0.0,-1.0,SOLVER_EXCEPTION,0.0,0,True,True
1308.615,-0.08425294568461363,-1.999977487194232,-1.90802910894861e-05,2.4356195126450522e-05,0,nan,nan,nan,3.0,1.9678184300162466e-05,-6.43567396552136e-05,2.9999756438048735,0.0,-1.0,SOLVER_EXCEPTION,0.0,0,True,True
1308.722,-0.0843353662015174,-1.9999774670417385,-1.9099281011327253e-05,2.435603342316273e-05,0,nan,nan,nan,3.0,1.9700491246192797e-05,-6.437447756857395e-05,2.999975643966577,0.0,-1.0,SOLVER_EXCEPTION,0.0,0,True,True
1308.819,-0.08441078874596324,-1.9999774485989688,-1.9116660755149402e-05,2.4356005276070703e-05,0,nan,nan,nan,3.0,1.9723250075649246e-05,-6.439257402002241e-05,2.999975643994724,0.0,-1.0,SOLVER_EXCEPTION,0.0,0,True,True
1308.916,-0.0844869888385406,-1.9999774299648427,-1.913422131481504e-05,2.4356049129241276e-05,0,nan,nan,nan,3.0,1.9745333502128957e-05,-6.441013389846262e-05,2.999975643950871,0.0,-1.0,SOLVER_EXCEPTION,0.0,0,True,True
1309.017,-0.08456552158299024,-1.9999774107596198,-1.9152317142137956e-05,2.4355941708890348e-05,0,nan,nan,nan,3.0,1.9768320208693007e-05,-6.442841083487139e-05,2.999975644058291,0.0,-1.0,SOLVER_EXCEPTION,0.0,0,True,True
1309.118,-0.08464327677154143,-1.9999773917425054,-1.9170235611847735e-05,2.4355978454825188e-05,0,nan,nan,nan,3.0,1.9790858017751157e-05,-6.444632697366615e-05,2.999975644021545,0.0,-1.0,SOLVER_EXCEPTION,0.0,0,True,True
1309.221,-0.08472414216349437,-1.9999773719631344,-1.9188868633149665e-05,2.4355879891706174e-05,0,nan,nan,nan,3.0,1.9812946294046692e-05,-6.446388719849594e-05,2.9999756441201084,0.0,-1.0,SOLVER_EXCEPTION,0.0,0,True,True
1309.317,-0.08479878713698155,-1.9999773537035923,-1.920607012995063e-05,2.4355905222159475e-05,0,nan,nan,nan,3.0,1.9835712227361688e-05,-6.44819831392418e-05,2.999975644094778,0.0,-1.0,SOLVER_EXCEPTION,0.0,0,True,True
1309.415,-0.08487498721046485,-1.999977335063582,-1.922363053509986e-05,2.4355900109724236e-05,0,nan,nan,nan,3.0,1.9858027950241756e-05,-6.449972085764699e-05,2.9999756440998904,0.0,-1.0,SOLVER_EXCEPTION,0.0,0,True,True
1309.516,-0.08495351993548081,-1.999977315850667,-1.924172722726248e-05,2.435586806915661e-05,0,nan,nan,nan,3.0,1.988102178221463e-05,-6.451799899709343e-05,2.999975644131931,0.0,-1.0,SOLVER_EXCEPTION,0.0,0,True,True
1309.615,-0.08503049755335534,-1.999977297016527,-1.9259465617382205e-05,2.435586436599861e-05,0,nan,nan,nan,3.0,1.9902214548072064e-05,-6.45348391579148e-05,2.9999756441356342,0.0,-1.0,SOLVER_EXCEPTION,0.0,0,True,True
1309.715,-0.08510669761599494,-1.999977278370852,-1.9277022362324464e-05,2.4355705847192926e-05,0,nan,nan,nan,3.0,1.992543689044446e-05,-6.455329386145792e-05,2.9999756442941528,0.0,-1.0,SOLVER_EXCEPTION,0.0,0,True,True
1309.815,-0.08518600788157961,-1.9999772589637475,-1.9295298794855466e-05,2.435567138531065e-05,0,nan,nan,nan,3.0,1.994820882988444e-05,-6.457139319326899e-05,2.9999756443286145,0.0,-1.0,SOLVER_EXCEPTION,0.0,0,True,True
1309.915,-0.08526376304030613,-1.9999772399360638,-1.9313218331753223e-05,2.4355734016949066e-05,0,nan,nan,nan,3.0,1.9969855801217755e-05,-6.458859178604115e-05,2.999975644265983,0.0,-1.0,SOLVER_EXCEPTION,0.0,0,True,True
1310.017,-0.08534307329857063,-1.9999772205254926,-1.9331491957896876e-05,2.4355580757872883e-05,0,nan,nan,nan,3.0,1.9993758862237148e-05,-6.460758675830292e-05,2.999975644419242,0.0,-1.0,SOLVER_EXCEPTION,0.0,0,True,True
1310.117,-0.08541849579571208,-1.99997720206506,-1.9348872027601213e-05,2.435555691098047e-05,0,nan,nan,nan,3.0,2.0016310787663524e-05,-6.462550208707896e-05,2.999975644443089,0.0,-1.0,SOLVER_EXCEPTION,0.0,0,True,True
1310.219,-0.08549936114987422,-1.9999771822712147,-1.9367508499935822e-05,2.4355641470332994e-05,0,nan,nan,nan,3.0,2.0038638326464826e-05,-6.464323979349373e-05,2.9999756443585297,0.0,-1.0,SOLVER_EXCEPTION,0.0,0,True,True
1310.315,-0.08557478364034658,-1.999977163808942,-1.9384887542671e-05,2.435550515566481e-05,0,nan,nan,nan,3.0,2.0061191981754455e-05,-6.466115924652627e-05,2.999975644494844,0.0,-1.0,SOLVER_EXCEPTION,0.0,0,True,True
1310.416,-0.08565331633325518,-1.9999771445833519,-1.9402984549995457e-05,2.4355476578867685e-05,0,nan,nan,nan,3.0,2.0083973254773323e-05,-6.467925624731308e-05,2.999975644523421,0.0,-1.0,SOLVER_EXCEPTION,0.0,0,True,True
1310.515,-0.08573029392005202,-1.9999771257367676,-1.9420723017213327e-05,2.4355458784840372e-05,0,nan,nan,nan,3.0,2.010653061079875e-05,-6.469717503287953e-05,2.999975644541215,0.0,-1.0,SOLVER_EXCEPTION,0.0,0,True,True
1310.619,-0.08581115926030278,-1.9999771059371114,-1.943935869481339e-05,2.4355494162346703e-05,0,nan,nan,nan,3.0,2.0129089477911527e-05,-6.471509154781785e-05,2.9999756445058376,0.0,-1.0,SOLVER_EXCEPTION,0.0,0,True,True
1310.72,-0.08588813684056357,-1.9999770870878595,-1.9457096777916258e-05,2.4355417649448496e-05,0,nan,nan,nan,3.0,2.0151197507827822e-05,-6.473265099993242e-05,2.9999756445823507,0.0,-1.0,SOLVER_EXCEPTION,0.0,0,True,True
1310.818,-0.08596589196896504,-1.9999770680476936,-1.9475016206855525e-05,2.43554465698378e-05,0,nan,nan,nan,3.0,2.0173984459709822e-05,-6.475074809442205e-05,2.9999756445534302,0.0,-1.0,SOLVER_EXCEPTION,0.0,0,True,True
1310.917,-0.08604286954297843,-1.9999770491956854,-1.94927548762809e-05,2.4355429958244917e-05,0,nan,nan,nan,3.0,2.0196321837613547e-05,-6.476848674807911e-05,2.999975644570042,0.0,-1.0,SOLVER_EXCEPTION,0.0,0,True,True
1311.021,-0.08612373486997091,-1.9999770293899697,-1.9511387231046687e-05,2.4355274478388697e-05,0,nan,nan,nan,3.0,2.0220014246932098e-05,-6.478730055814452e-05,2.9999756447255215,0.0,-1.0,SOLVER_EXCEPTION,0.0,0,True,True
1311.119,-0.0861991573354204,-1.9999770109157862,-1.9528767370247136e-05,2.4355241313874614e-05,0,nan,nan,nan,3.0,2.0241677215961784e-05,-6.480450343637756e-05,2.999975644758686,0.0,-1.0,SOLVER_EXCEPTION,0.0,0,True,True
1311.216,-0.08627535734916099,-1.9999769922509576,-1.9546328369231124e-05,2.435525367245017e-05,0,nan,nan,nan,3.0,2.0263792375040784e-05,-6.482206390234779e-05,2.9999756447463275,0.0,-1.0,SOLVER_EXCEPTION,0.0,0,True,True
1311.319,-0.08635544511560293,-1.999976972631647,-1.9564783996192288e-05,2.4355230812374364e-05,0,nan,nan,nan,3.0,2.0287263645764973e-05,-6.484069634593581e-05,2.9999756447691874,0.0,-1.0,SOLVER_EXCEPTION,0.0,0,True,True
1311.418,-0.08643164512347784,-1.9999769539630698,-1.9582344980743106e-05,2.435529818304541e-05,0,nan,nan,nan,3.0,2.031005927119889e-05,-6.48587935248024e-05,2.999975644701817,0.0,-1.0,SOLVER_EXCEPTION,0.0,0,True,True
1311.518,-0.08650940023066182,-1.9999769349118657,-1.9600260605056946e-05,2.4355145432733276e-05,0,nan,nan,nan,3.0,2.0332179223156723e-05,-6.487635527818725e-05,2.999975644854567,0.0,-1.0,SOLVER_EXCEPTION,0.0,0,True,True
1311.619,-0.0865879328859887,-1.9999769156691696,-1.961835713477874e-05,2.4355057999400167e-05,0,nan,nan,nan,3.0,2.035429966837215e-05,-6.48939149616723e-05,2.9999756449420008,0.0,-1.0,SOLVER_EXCEPTION,0.0,0,True,True
1311.716,-0.08666102268140354,-1.9999768977596166,-1.963520192868357e-05,2.435510998721784e-05,0,nan,nan,nan,3.0,2.037687366076303e-05,-6.491183198820139e-05,2.9999756448900126,0.0,-1.0,SOLVER_EXCEPTION,0.0,0,True,True
1311.815,-0.08674111043309836,-1.9999768781330463,-1.965365765566946e-05,2.4355090094382238e-05,0,nan,nan,nan,3.0,2.0399674856553207e-05,-6.492992933138098e-05,2.9999756449099055,0.0,-1.0,SOLVER_EXCEPTION,0.0,0,True,True
1311.919,-0.08682042063089983,-1.9999768586955065,-1.9671935277272813e-05,2.435513485205075e-05,0,nan,nan,nan,3.0,2.0422251805213367e-05,-6.494784852462132e-05,2.999975644865148,0.0,-1.0,SOLVER_EXCEPTION,0.0,0,True,True
1312.028,-0.08690672878408846,-1.9999768375414722,-1.9691824616323503e-05,2.4355107852700756e-05,0,nan,nan,nan,3.0,2.0445055793182565e-05,-6.496594538862865e-05,2.9999756448921473,0.0,-1.0,SOLVER_EXCEPTION,0.0,0,True,True
1312.116,-0.0869751532635242,-1.9999768207698563,-1.970759352106522e-05,2.435509336623444e-05,0,nan,nan,nan,3.0,2.046763455414458e-05,-6.498386523734467e-05,2.999975644906634,0.0,-1.0,SOLVER_EXCEPTION,0.0,0,True,True
1312.216,-0.08705290835127803,-1.9999768017091848,-1.9725509508618047e-05,2.4354949973601327e-05,0,nan,nan,nan,3.0,2.0490667354989374e-05,-6.500213956783796e-05,2.9999756450500263,0.0,-1.0,SOLVER_EXCEPTION,0.0,0,True,True
1312.318,-0.0871298858855511,-1.9999767828376929,-1.974324855331525e-05,2.4354936825742352e-05,0,nan,nan,nan,3.0,2.0512572531836576e-05,-6.501952024651203e-05,2.999975645063174,0.0,-1.0,SOLVER_EXCEPTION,0.0,0,True,True
1312.421,-0.08720686341726623,-1.9999767639648154,-1.976098764305394e-05,2.4354914724370333e-05,0,nan,nan,nan,3.0,2.053538229092456e-05,-6.503761770249028e-05,2.9999756450852755,0.0,-1.0,SOLVER_EXCEPTION,0.0,0,True,True
1312.517,-0.0872861735988158,-1.999976744519163,-1.977926592446468e-05,2.4354948046602168e-05,0,nan,nan,nan,3.0,2.0557966778829365e-05,-6.50555372589956e-05,2.9999756450519532,0.0,-1.0,SOLVER_EXCEPTION,0.0,0,True,True
1312.617,-0.08736392867619606,-1.9999767254535252,-1.979718526008866e-05,2.4354971540467197e-05,0,nan,nan,nan,3.0,2.0580553361165693e-05,-6.507345709572121e-05,2.9999756450284596,0.0,-1.0,SOLVER_EXCEPTION,0.0,0,True,True
1312.719,-0.0874440164032712,-1.9999767058139786,-1.9815641270550132e-05,2.4354951385738915e-05,0,nan,nan,nan,3.0,2.0603367275690142e-05,-6.509155470268979e-05,2.999975645048614,0.0,-1.0,SOLVER_EXCEPTION,0.0,0,True,True
1312.819,-0.08751710617131421,-1.999976687888378,-1.9832482162066118e-05,2.435482382290534e-05,0,nan,nan,nan,3.0,2.0625505474617383e-05,-6.510911222168403e-05,2.999975645176177,0.0,-1.0,SOLVER_EXCEPTION,0.0,0,True,True
1312.922,-0.08760108164681885,-1.9999766672927648,-1.9851836618788322e-05,2.4354931817313517e-05,0,nan,nan,nan,3.0,2.0648322152484535e-05,-6.51272095657518e-05,2.9999756450681825,0.0,-1.0,SOLVER_EXCEPTION,0.0,0,True,True
1313.015,-0.08767417141023894,-1.999976649365824,-1.9868679739601168e-05,2.4354854231210386e-05,0,nan,nan,nan,3.0,2.0670687538500203e-05,-6.514495144083199e-05,2.999975645145769,0.0,-1.0,SOLVER_EXCEPTION,0.0,0,True,True
1313.117,-0.08775348157666864,-1.999976629911186,-1.9886955543616267e-05,2.435477571812874e-05,0,nan,nan,nan,3.0,2.0691699716884974e-05,-6.516161557446054e-05,2.999975645224282,0.0,-1.0,SOLVER_EXCEPTION,0.0,0,True,True
1313.217,-0.08783123663941261,-1.9999766108367012,-1.9904875290872254e-05,2.4354823813435235e-05,0,nan,nan,nan,3.0,2.0716102212913006e-05,-6.518096661300987e-05,2.9999756451761868,0.0,-1.0,SOLVER_EXCEPTION,0.0,0,True,True
1313.319,-0.08791054680101183,-1.9999765913788572,-1.9923150956537752e-05,2.4354743820776532e-05,0,nan,nan,nan,3.0,2.0738472965873467e-05,-6.51987056263792e-05,2.999975645256179,0.0,-1.0,SOLVER_EXCEPTION,0.0,0,True,True
1313.415,-0.08798519165680127,-1.9999765730648398,-1.9940353093225355e-05,2.4354703673242258e-05,0,nan,nan,nan,3.0,2.076129628300071e-05,-6.521680260940244e-05,2.9999756452963267,0.0,-1.0,SOLVER_EXCEPTION,0.0,0,True,True
1313.515,-0.08806294671268855,-1.999976553986755,-1.9958273673629932e-05,2.435477968985755e-05,0,nan,nan,nan,3.0,2.078389509058266e-05,-6.523472223074478e-05,2.99997564522031,0.0,-1.0,SOLVER_EXCEPTION,0.0,0,True,True
1313.618,-0.08814225686738242,-1.9999765345248333,-1.9976548425591036e-05,2.4354637101100382e-05,0,nan,nan,nan,3.0,2.0806495570725007e-05,-6.525264324119817e-05,2.9999756453628987,0.0,-1.0,SOLVER_EXCEPTION,0.0,0,True,True
1313.72,-0.08822156701977125,-1.9999765150617221,-1.999482780424842e-05,2.4354752556221567e-05,0,nan,nan,nan,3.0,2.0829097954577473e-05,-6.527055961358386e-05,2.999975645247444,0.0,-1.0,SOLVER_EXCEPTION,0.0,0,True,True
1313.818,-0.08829776696796231,-1.9999764963600584,-2.0012385838011224e-05,2.435460781575818e-05,0,nan,nan,nan,3.0,2.08517012824645e-05,-6.528848054276892e-05,2.999975645392184,0.0,-1.0,SOLVER_EXCEPTION,0.0,0,True,True
1313.918,-0.08837629956545794,-1.999976477085146,-2.0030482816273337e-05,2.435449608898653e-05,0,nan,nan,nan,3.0,2.0873401317600586e-05,-6.530568289520033e-05,2.999975645503911,0.0,-1.0,SOLVER_EXCEPTION,0.0,0,True,True
1314.015,-0.08845094440858492,-1.9999764587630275,-2.004768609599918e-05,2.4354559338251125e-05,0,nan,nan,nan,3.0,2.0896911873242813e-05,-6.532431615546841e-05,2.999975645440662,0.0,-1.0,SOLVER_EXCEPTION,0.0,0,True,True
1314.117,-0.08853025455227985,-1.9999764392942794,-2.0065965621697902e-05,2.4354676281086352e-05,0,nan,nan,nan,3.0,2.091951941857724e-05,-6.534223727561184e-05,2.999975645323719,0.0,-1.0,SOLVER_EXCEPTION,0.0,0,True,True
1314.22,-0.08860800959301696,-1.9999764202053731,-2.0083882100979815e-05,2.435453283051388e-05,0,nan,nan,nan,3.0,2.0942580909854244e-05,-6.536051216032845e-05,2.9999756454671695,0.0,-1.0,SOLVER_EXCEPTION,0.0,0,True,True
1314.324,-0.08869120748433107,-1.999976399779003,-2.0103055224886286e-05,2.4354512387343418e-05,0,nan,nan,nan,3.0,2.0963834044730784e-05,-6.537735680911538e-05,2.9999756454876128,0.0,-1.0,SOLVER_EXCEPTION,0.0,0,True,True
1314.419,-0.08876585231942206,-1.999976381451999,-2.012025842469566e-05,2.4354505090448823e-05,0,nan,nan,nan,3.0,2.0986671845513774e-05,-6.539545495742871e-05,2.9999756454949096,0.0,-1.0,SOLVER_EXCEPTION,0.0,0,True,True
1314.524,-0.08884905020636014,-1.999976361022728,-2.0139431746337315e-05,2.4354485102798074e-05,0,nan,nan,nan,3.0,2.101132018474758e-05,-6.541498669498935e-05,2.999975645514897,0.0,-1.0,SOLVER_EXCEPTION,0.0,0,True,True
1314.618,-0.08891825218535976,-1.9999763440286848,-2.015537954072702e-05,2.4354485874463355e-05,0,nan,nan,nan,3.0,2.1032578126408533e-05,-6.543183154139598e-05,2.9999756455141253,0.0,-1.0,SOLVER_EXCEPTION,0.0,0,True,True
1314.717,-0.08899600721609806,-1.999976324933039,-2.0173299458742005e-05,2.4354520817263026e-05,0,nan,nan,nan,3.0,2.105519439466144e-05,-6.544974911060208e-05,2.9999756454791826,0.0,-1.0,SOLVER_EXCEPTION,0.0,0,True,True
1314.816,-0.0890745397951858,-1.9999763056454505,-2.0191397030792548e-05,2.4354434484630858e-05,0,nan,nan,nan,3.0,2.1076906248437434e-05,-6.546695159626026e-05,2.9999756455655153,0.0,-1.0,SOLVER_EXCEPTION,0.0,0,True,True
1314.915,-0.08915073972155166,-1.9999762869297575,-2.020895971395547e-05,2.4354517956310916e-05,0,nan,nan,nan,3.0,2.1099072561303397e-05,-6.548451488797014e-05,2.999975645482044,0.0,-1.0,SOLVER_EXCEPTION,0.0,0,True,True
1315.022,-0.08923238249779626,-1.999976266875041,-2.0227774739160085e-05,2.435449991607862e-05,0,nan,nan,nan,3.0,2.1123049984139397e-05,-6.550350662637427e-05,2.999975645500084,0.0,-1.0,SOLVER_EXCEPTION,0.0,0,True,True
1315.117,-0.08930858242044369,-1.9999762481554908,-2.0245333253660338e-05,2.4354379829668353e-05,0,nan,nan,nan,3.0,2.1145671754758744e-05,-6.552142817151108e-05,2.9999756456201703,0.0,-1.0,SOLVER_EXCEPTION,0.0,0,True,True
1315.228,-0.08939333539356493,-1.9999762273337904,-2.02648650561374e-05,2.4354345590747196e-05,0,nan,nan,nan,3.0,2.1168068738314504e-05,-6.553916647655811e-05,2.999975645654409,0.0,-1.0,SOLVER_EXCEPTION,0.0,0,True,True
1315.319,-0.08946331491103453,-1.9999762101403364,-2.0280992399930054e-05,2.435431492172851e-05,0,nan,nan,nan,3.0,2.1190918771857577e-05,-6.555726408885576e-05,2.9999756456850784,0.0,-1.0,SOLVER_EXCEPTION,0.0,0,True,True
1315.415,-0.08954029237857823,-1.999976191226118,-2.0298732467394295e-05,2.4354305581585793e-05,0,nan,nan,nan,3.0,2.1213318280121112e-05,-6.557500412585071e-05,2.9999756456944184,0.0,-1.0,SOLVER_EXCEPTION,0.0,0,True,True
1315.516,-0.08961882494469223,-1.9999761719281643,-2.031683081757965e-05,2.4354300219581225e-05,0,nan,nan,nan,3.0,2.123571945785961e-05,-6.559274403716842e-05,2.9999756456997804,0.0,-1.0,SOLVER_EXCEPTION,0.0,0,True,True
1315.616,-0.08969502485862638,-1.9999761532021878,-2.0334393939531344e-05,2.4354411351818914e-05,0,nan,nan,nan,3.0,2.1258800482952813e-05,-6.561102399915697e-05,2.9999756455886484,0.0,-1.0,SOLVER_EXCEPTION,0.0,0,True,True
1315.714,-0.08977277987113999,-1.9999761340928386,-2.0352309838146185e-05,2.43541624637573e-05,0,nan,nan,nan,3.0,2.1281430317082987e-05,-6.562893989769947e-05,2.9999756458375364,0.0,-1.0,SOLVER_EXCEPTION,0.0,0,True,True
1315.818,-0.08985286753225001,-1.9999761144091264,-2.0370770027454584e-05,2.4354327464402133e-05,0,nan,nan,nan,3.0,2.1304061214285676e-05,-6.56468613757788e-05,2.9999756456725355,0.0,-1.0,SOLVER_EXCEPTION,0.0,0,True,True
1315.916,-0.0899290674411666,-1.9999760956790111,-2.0388329895889186e-05,2.4354260411027585e-05,0,nan,nan,nan,3.0,2.132646768592589e-05,-6.566460156509635e-05,2.999975645739589,0.0,-1.0,SOLVER_EXCEPTION,0.0,0,True,True
1316.021,-0.0900091550988213,-1.9999760759918197,-2.0406786886557545e-05,2.4354247735694163e-05,0,nan,nan,nan,3.0,2.1349328316218052e-05,-6.568270015661071e-05,2.999975645752264,0.0,-1.0,SOLVER_EXCEPTION,0.0,0,True,True
1316.117,-0.09008613255454109,-1.9999760570676064,-2.0424527063912947e-05,2.4354241367583253e-05,0,nan,nan,nan,3.0,2.137060588526071e-05,-6.56995449630493e-05,2.9999756457586324,0.0,-1.0,SOLVER_EXCEPTION,0.0,0,True,True
1316.218,-0.09016388755870977,-1.9999760379512466,-2.0442446869776905e-05,2.435422002528566e-05,0,nan,nan,nan,3.0,2.139414775460188e-05,-6.571818194434087e-05,2.999975645779975,0.0,-1.0,SOLVER_EXCEPTION,0.0,0,True,True
1316.317,-0.09024008746124543,-1.9999760192160232,-2.046000898061437e-05,2.435426468516499e-05,0,nan,nan,nan,3.0,2.1417012498271147e-05,-6.57362806233408e-05,2.999975645735315,0.0,-1.0,SOLVER_EXCEPTION,0.0,0,True,True
1316.421,-0.09032173021228149,-1.999975999140946,-2.0478825630867174e-05,2.4354309935913347e-05,0,nan,nan,nan,3.0,2.1439199675295384e-05,-6.575384058837841e-05,2.999975645690064,0.0,-1.0,SOLVER_EXCEPTION,0.0,0,True,True
1316.518,-0.0903948199117526,-1.9999759811668467,-2.0495667611843513e-05,2.435418422298186e-05,0,nan,nan,nan,3.0,2.146229371840514e-05,-6.57721195942429e-05,2.999975645815777,0.0,-1.0,SOLVER_EXCEPTION,0.0,0,True,True
1316.621,-0.09047413000964125,-1.9999759616621617,-2.051394629407517e-05,2.435420904622097e-05,0,nan,nan,nan,3.0,2.148538940523864e-05,-6.579039590004498e-05,2.9999756457909537,0.0,-1.0,SOLVER_EXCEPTION,0.0,0,True,True
1316.719,-0.09055344010595011,-1.999975942156528,-2.053222243012321e-05,2.4354052883211645e-05,0,nan,nan,nan,3.0,2.150780599732375e-05,-6.580813892931303e-05,2.9999756459471167,0.0,-1.0,SOLVER_EXCEPTION,0.0,0,True,True
1316.815,-0.09062886245099207,-1.999975923605881,-2.05496077158696e-05,2.4354222542385633e-05,0,nan,nan,nan,3.0,2.153022490482343e-05,-6.5825879364656e-05,2.999975645777458,0.0,-1.0,SOLVER_EXCEPTION,0.0,0,True,True
1316.916,-0.09070661744442218,-1.9999759044793488,-2.0567525071608248e-05,2.4354086708124165e-05,0,nan,nan,nan,3.0,2.155309819612354e-05,-6.584397824171973e-05,2.999975645913292,0.0,-1.0,SOLVER_EXCEPTION,0.0,0,True,True
