timestamp,x,y,yaw,speed,nearest_path_index,reference_x,reference_y,reference_yaw,reference_speed,cte,heading_error,speed_error,steering_command,acceleration_command,solver_status,solver_time_ms,iteration_count,state_valid,fallback_active
1424.016,-0.01521003611022917,-2.499993612716841,-3.3932009270600987e-06,0.00012012872797895494,0,nan,nan,nan,3.0,-0.4999995744867201,-4.866821681437372e-05,2.999879871272021,0.0,-1.0,SOLVER_EXCEPTION,0.0,0,True,True
1424.12,-0.015276851972278146,-2.4999935942530302,-3.4118682521182203e-06,0.0001057676282249465,0,nan,nan,nan,3.0,-0.4999995530047342,-4.8686883600268516e-05,2.999894232371775,0.0,-1.0,SOLVER_EXCEPTION,0.0,0,True,True
1424.221,-0.015343134900974179,-2.499993576316347,-3.429999651990399e-06,9.260204518243163e-05,0,nan,nan,nan,3.0,-0.4999995318657026,-4.8705196431964026e-05,2.9999073979548174,0.0,-1.0,SOLVER_EXCEPTION,0.0,0,True,True
1424.314,-0.01540396921717942,-2.4999935601513545,-3.4463368559197184e-06,8.137088091609451e-05,0,nan,nan,nan,3.0,-0.49999951128481446,-4.8722966915271115e-05,2.999918629119084,0.0,-1.0,SOLVER_EXCEPTION,0.0,0,True,True
1424.42,-0.01547677757608,-2.4999935411370906,-3.46554257010837e-06,6.889906026708312e-05,0,nan,nan,nan,3.0,-0.4999994902269598,-4.874109492725154e-05,2.9999311009397327,0.0,-1.0,SOLVER_EXCEPTION,0.0,0,True,True
1424.518,-0.015544608485996684,-2.499993523717499,-3.4831360455637664e-06,5.8148316434142946e-05,0,nan,nan,nan,3.0,-0.49999946911137394,-4.8759226073169515e-05,2.9999418516835656,0.0,-1.0,SOLVER_EXCEPTION,0.0,0,True,True
1424.616,-0.01561418283001302,-2.499993506115239,-3.500908275594874e-06,4.7923735651835606e-05,0,nan,nan,nan,3.0,-0.49999944815070585,-4.87771790544933e-05,2.999952076264348,0.0,-1.0,SOLVER_EXCEPTION,0.0,0,True,True
1424.718,-0.01568403859682375,-2.499993488686114,-3.5184984131720306e-06,3.842945756479677e-05,0,nan,nan,nan,3.0,-0.49999942713897644,-4.879512847244527e-05,2.9999615705424354,0.0,-1.0,SOLVER_EXCEPTION,0.0,0,True,True
1424.82,-0.015759909980639003,-2.4999934700071447,-3.5373480867038837e-06,2.8980423197492217e-05,0,nan,nan,nan,3.0,-0.49999940628965134,-4.8812900756978195e-05,2.9999710195768023,0.0,-1.0,SOLVER_EXCEPTION,0.0,0,True,True
1424.918,-0.015832363247516485,-2.4999934523910294,-3.5551200203504568e-06,2.0870535050026618e-05,0,nan,nan,nan,3.0,-0.49999938412825146,-4.883175007996954e-05,2.99997912946495,0.0,-1.0,SOLVER_EXCEPTION,0.0,0,True,True
1425.02,-0.015908634619254652,-2.4999934340584895,-3.5736094151892135e-06,1.3677006922102976e-05,0,nan,nan,nan,3.0,-0.4999993629776286,-4.8849703162545666e-05,2.999986322993078,0.0,-1.0,SOLVER_EXCEPTION,0.0,0,True,True
1425.116,-0.015979742033207497,-2.499993417145698,-3.5906632294031336e-06,9.495713846387144e-06,0,nan,nan,nan,3.0,-0.49999934263424595,-4.886693423422628e-05,2.9999905042861537,0.0,-1.0,SOLVER_EXCEPTION,0.0,0,True,True
1425.216,-0.01605533512563039,-2.4999933993389325,-3.608616376313039e-06,1.0196472025156787e-05,0,nan,nan,nan,3.0,-0.4999993216179633,-4.888470672925749e-05,2.999989803527975,0.0,-1.0,SOLVER_EXCEPTION,0.0,0,True,True
1425.323,-0.016135481004162497,-2.4999933806378425,-3.6274656631839705e-06,1.5010992178486737e-05,0,nan,nan,nan,3.0,-0.4999992995022243,-4.890337767360364e-05,2.9999849890078214,0.0,-1.0,SOLVER_EXCEPTION,0.0,0,True,True
1425.418,-0.016209409912791493,-2.4999933635352334,-3.6446973183354825e-06,2.0384140079408193e-05,0,nan,nan,nan,3.0,-0.4999992788406403,-4.892079107188252e-05,2.9999796158599206,0.0,-1.0,SOLVER_EXCEPTION,0.0,0,True,True
1425.515,-0.01628470526007327,-2.499993346251502,-3.662110782000249e-06,2.5895166211601376e-05,0,nan,nan,nan,3.0,-0.49999925750820223,-4.893874084155314e-05,2.9999741048337882,0.0,-1.0,SOLVER_EXCEPTION,0.0,0,True,True
1425.615,-0.016363705654226714,-2.4999933282512328,-3.6802420835422864e-06,3.1470203569340755e-05,0,nan,nan,nan,3.0,-0.4999992359310613,-4.895687214290234e-05,2.9999685297964307,0.0,-1.0,SOLVER_EXCEPTION,0.0,0,True,True
1425.717,-0.016444072457168196,-2.499993310069561,-3.6985544034983704e-06,3.6845566129928856e-05,0,nan,nan,nan,3.0,-0.4999992147524529,-4.8974643736432455e-05,2.99996315443387,0.0,-1.0,SOLVER_EXCEPTION,0.0,0,True,True
1425.822,-0.016527378285343054,-2.499993291349103,-3.7174039759923816e-06,4.208169303782063e-05,0,nan,nan,nan,3.0,-0.4999991931186075,-4.899277515901801e-05,2.9999579183069622,0.0,-1.0,SOLVER_EXCEPTION,0.0,0,True,True
1425.919,-0.016598419356268955,-2.499993275478034,-3.733380224782557e-06,4.627911791882716e-05,0,nan,nan,nan,3.0,-0.4999991725308172,-4.901001028434493e-05,2.9999537208820812,0.0,-1.0,SOLVER_EXCEPTION,0.0,0,True,True
1426.019,-0.01668512283032318,-2.4999932562160754,-3.75276727325334e-06,5.107976624951204e-05,0,nan,nan,nan,3.0,-0.49999915041738013,-4.902850081345278e-05,2.9999489202337504,0.0,-1.0,SOLVER_EXCEPTION,0.0,0,True,True
1426.119,-0.016765049608470906,-2.4999932385558,-3.770538985475638e-06,5.520621596215694e-05,0,nan,nan,nan,3.0,-0.49999912892424797,-4.904645093350979e-05,2.9999447937840378,0.0,-1.0,SOLVER_EXCEPTION,0.0,0,True,True
1426.214,-0.016844564465940157,-2.499993221071342,-3.7881341295147794e-06,5.9042289777614916e-05,0,nan,nan,nan,3.0,-0.49999910741001263,-4.9064405152066115e-05,2.9999409577102223,0.0,-1.0,SOLVER_EXCEPTION,0.0,0,True,True
1426.321,-0.016930167338385857,-2.499993202333991,-3.8069798795320795e-06,6.288895936963934e-05,0,nan,nan,nan,3.0,-0.49999908587488767,-4.908235534140104e-05,2.9999371110406305,0.0,-1.0,SOLVER_EXCEPTION,0.0,0,True,True
1426.415,-0.017007137579421003,-2.49999318555806,-3.823856867472526e-06,6.611178782493743e-05,0,nan,nan,nan,3.0,-0.4999990643211858,-4.9100308521232705e-05,2.999933888212175,0.0,-1.0,SOLVER_EXCEPTION,0.0,0,True,True
1426.521,-0.01709346442877213,-2.499993166814815,-3.8427061544197605e-06,6.947638348206126e-05,0,nan,nan,nan,3.0,-0.4999990433964451,-4.911772238713752e-05,2.999930523616518,0.0,-1.0,SOLVER_EXCEPTION,0.0,0,True,True
1426.617,-0.01717351996442687,-2.499993149498124,-3.860119274084407e-06,7.237424979476172e-05,0,nan,nan,nan,3.0,-0.49999902116042766,-4.9136213108536e-05,2.9999276257502054,0.0,-1.0,SOLVER_EXCEPTION,0.0,0,True,True
1426.721,-0.017258826731998283,-2.4999931311063803,-3.878611181899063e-06,7.524112367483004e-05,0,nan,nan,nan,3.0,-0.49999899977157125,-4.9153984846839194e-05,2.9999247588763254,0.0,-1.0,SOLVER_EXCEPTION,0.0,0,True,True
1426.818,-0.01733859448557271,-2.499993113963547,-3.8958456640152285e-06,7.772755071523804e-05,0,nan,nan,nan,3.0,-0.4999989785849371,-4.917157724637633e-05,2.9999222724492847,0.0,-1.0,SOLVER_EXCEPTION,0.0,0,True,True
1426.918,-0.01741775979247963,-2.4999930969960085,-3.912900566147845e-06,8.002043346112197e-05,0,nan,nan,nan,3.0,-0.499998956951818,-4.918953062560405e-05,2.9999199795665388,0.0,-1.0,SOLVER_EXCEPTION,0.0,0,True,True
1427.021,-0.01750466700397798,-2.4999930784187736,-3.931568857099914e-06,8.23486960061864e-05,0,nan,nan,nan,3.0,-0.49999893617163355,-4.9206762949172145e-05,2.999917651303994,0.0,-1.0,SOLVER_EXCEPTION,0.0,0,True,True
1427.119,-0.017590969349563442,-2.4999930600169153,-3.950060686704652e-06,8.447688990788601e-05,0,nan,nan,nan,3.0,-0.49999891234692107,-4.922650879457535e-05,2.9999155231100922,0.0,-1.0,SOLVER_EXCEPTION,0.0,0,True,True
1427.226,-0.017681688193845666,-2.499993040720073,-3.969447609604929e-06,8.652853367458187e-05,0,nan,nan,nan,3.0,-0.4999988915442059,-4.924374396741982e-05,2.9999134714663254,0.0,-1.0,SOLVER_EXCEPTION,0.0,0,True,True
1427.316,-0.017757450922657497,-2.4999930246370035,-3.985605602872397e-06,8.81049118946795e-05,0,nan,nan,nan,3.0,-0.4999988705144632,-4.9261157763158536e-05,2.9999118950881054,0.0,-1.0,SOLVER_EXCEPTION,0.0,0,True,True
1427.416,-0.017841792389259148,-2.499993006764816,-4.00355629757386e-06,8.972152290573899e-05,0,nan,nan,nan,3.0,-0.4999988479558356,-4.9279827002646215e-05,2.999910278477094,0.0,-1.0,SOLVER_EXCEPTION,0.0,0,True,True
1427.515,-0.017922906793114837,-2.4999929896062203,-4.020792415158707e-06,9.114655895372815e-05,0,nan,nan,nan,3.0,-0.4999988266906761,-4.9297422474392505e-05,2.9999088534410463,0.0,-1.0,SOLVER_EXCEPTION,0.0,0,True,True
1427.615,-0.018009234923980474,-2.4999929713720612,-4.039102507930174e-06,9.253144704974846e-05,0,nan,nan,nan,3.0,-0.4999988049821922,-4.9315373218394853e-05,2.99990746855295,0.0,-1.0,SOLVER_EXCEPTION,0.0,0,True,True
1427.717,-0.018096546770309217,-2.499992952957707,-4.057593968181229e-06,9.380199284870018e-05,0,nan,nan,nan,3.0,-0.49999878304911977,-4.933350559666039e-05,2.9999061980071513,0.0,-1.0,SOLVER_EXCEPTION,0.0,0,True,True
1427.82,-0.018183983733120215,-2.499992934540914,-4.076084434343748e-06,9.495094488558188e-05,0,nan,nan,nan,3.0,-0.49999876110810876,-4.93516370334568e-05,2.9999050490551142,0.0,-1.0,SOLVER_EXCEPTION,0.0,0,True,True
1427.917,-0.018265580241834018,-2.499992917374075,-4.093320933614928e-06,9.591823863342751e-05,0,nan,nan,nan,3.0,-0.4999987391605887,-4.936976912661706e-05,2.9999040817613665,0.0,-1.0,SOLVER_EXCEPTION,0.0,0,True,True
1428.018,-0.018350670746926433,-2.499992899489594,-4.111271677905744e-06,9.682515973954528e-05,0,nan,nan,nan,3.0,-0.4999987176410931,-4.9387542550238805e-05,2.9999031748402603,0.0,-1.0,SOLVER_EXCEPTION,0.0,0,True,True
1428.117,-0.0184358474061919,-2.49999288160388,-4.129225533647095e-06,9.763489146325985e-05,0,nan,nan,nan,3.0,-0.49999869589896273,-4.9405496481025324e-05,2.999902365108537,0.0,-1.0,SOLVER_EXCEPTION,0.0,0,True,True
1428.217,-0.018521100715592594,-2.499992863715639,-4.147176275825351e-06,9.835262271839221e-05,0,nan,nan,nan,3.0,-0.499998673933536,-4.942362904980513e-05,2.9999016473772815,0.0,-1.0,SOLVER_EXCEPTION,0.0,0,True,True
1428.318,-0.018603007658946003,-2.4999928465416894,-4.16441336551668e-06,9.895983814956573e-05,0,nan,nan,nan,3.0,-0.49999865305074775,-4.944086162206318e-05,2.99990104016185,0.0,-1.0,SOLVER_EXCEPTION,0.0,0,True,True
1428.414,-0.0186900937023646,-2.4999928282921613,-4.182722883685251e-06,9.95218508932258e-05,0,nan,nan,nan,3.0,-0.4999986306409794,-4.945935294298209e-05,2.9999004781491068,0.0,-1.0,SOLVER_EXCEPTION,0.0,0,True,True
1428.519,-0.018779796769233418,-2.4999928095046675,-4.201573665626972e-06,0.00010001599445563527,0,nan,nan,nan,3.0,-0.4999986097502919,-4.9476588933394794e-05,2.9998999840055443,0.0,-1.0,SOLVER_EXCEPTION,0.0,0,True,True
1428.618,-0.01886441786527551,-2.499992791788325,-4.219345997441138e-06,0.00010040787598062325,0,nan,nan,nan,3.0,-0.49999858711488476,-4.949525786113185e-05,2.9998995921240192,0.0,-1.0,SOLVER_EXCEPTION,0.0,0,True,True
1428.716,-0.01894821923464063,-2.499992774249554,-4.2369412760558875e-06,0.00010072907052637248,0,nan,nan,nan,3.0,-0.4999985653466275,-4.951321222090854e-05,2.9998992709294736,0.0,-1.0,SOLVER_EXCEPTION,0.0,0,True,True
1428.83,-0.019038893406290384,-2.4999927552774337,-4.25597024047752e-06,0.00010100591936252308,0,nan,nan,nan,3.0,-0.49999854466401866,-4.953026728449217e-05,2.9998989940806373,0.0,-1.0,SOLVER_EXCEPTION,0.0,0,True,True
1428.921,-0.01912103582625478,-2.4999927380932103,-4.273206433393638e-06,0.00010119704346112368,0,nan,nan,nan,3.0,-0.49999852180126225,-4.9549118280811655e-05,2.999898802956539,0.0,-1.0,SOLVER_EXCEPTION,0.0,0,True,True
1429.025,-0.019211752910909867,-2.4999927191175835,-4.292234366519671e-06,0.00010134602464701799,0,nan,nan,nan,3.0,-0.49999850002498686,-4.9567069063893854e-05,2.999898653975353,0.0,-1.0,SOLVER_EXCEPTION,0.0,0,True,True
1429.117,-0.019286219057426248,-2.4999927035412544,-4.30785360991921e-06,0.00010142243868638133,0,nan,nan,nan,3.0,-0.4999984788995254,-4.95844836692072e-05,2.999898577561314,0.0,-1.0,SOLVER_EXCEPTION,0.0,0,True,True
1429.216,-0.019374386252993037,-2.4999926850997545,-4.326345372745413e-06,0.00010146247421877555,0,nan,nan,nan,3.0,-0.4999984566839686,-4.960279701204939e-05,2.999898537525781,0.0,-1.0,SOLVER_EXCEPTION,0.0,0,True,True
1429.318,-0.019463410885340534,-2.499992666477204,-4.345017948596126e-06,0.00010145065136216792,0,nan,nan,nan,3.0,-0.4999984346840185,-4.96209298481709e-05,2.9998985493486376,0.0,-1.0,SOLVER_EXCEPTION,0.0,0,True,True
1429.42,-0.019548151990967974,-2.4999926487486164,-4.362791559203396e-06,0.0001013935392769837,0,nan,nan,nan,3.0,-0.4999984126830597,-4.963906260035955e-05,2.999898606460723,0.0,-1.0,SOLVER_EXCEPTION,0.0,0,True,True
1429.516,-0.019632029464994545,-2.499992631196948,-4.380383529447665e-06,0.00010129559998420443,0,nan,nan,nan,3.0,-0.49999839089808906,-4.9657013589055055e-05,2.9998987044000156,0.0,-1.0,SOLVER_EXCEPTION,0.0,0,True,True
1429.618,-0.01972017386876343,-2.4999926127490375,-4.398875526413889e-06,0.00010115100659468364,0,nan,nan,nan,3.0,-0.49999836933034314,-4.967478643935763e-05,2.9998988489934053,0.0,-1.0,SOLVER_EXCEPTION,0.0,0,True,True
1429.715,-0.01980316812670574,-2.4999925953738122,-4.416289023349019e-06,0.0001009781417573142,0,nan,nan,nan,3.0,-0.4999983479800759,-4.969238274377119e-05,2.999899021858243,0.0,-1.0,SOLVER_EXCEPTION,0.0,0,True,True
1429.816,-0.01988785452553886,-2.4999925776390706,-4.434063046014334e-06,0.00010076731914936794,0,nan,nan,nan,3.0,-0.4999983261929862,-4.971033401490743e-05,2.9998992326808507,0.0,-1.0,SOLVER_EXCEPTION,0.0,0,True,True
1429.919,-0.01997593856237842,-2.4999925591866,-4.452554858777189e-06,0.00010051337637589988,0,nan,nan,nan,3.0,-0.4999983039703652,-4.972864740837579e-05,2.999899486623624,0.0,-1.0,SOLVER_EXCEPTION,0.0,0,True,True
1430.021,-0.020063994605830224,-2.499992540732283,-4.4710459446212765e-06,0.00010022643835342814,0,nan,nan,nan,3.0,-0.49999828218264014,-4.9746598763444894e-05,2.9998997735616464,0.0,-1.0,SOLVER_EXCEPTION,0.0,0,True,True
1430.118,-0.020147747081471462,-2.499992523172786,-4.4886423555553945e-06,9.992484518716032e-05,0,nan,nan,nan,3.0,-0.49999826104879264,-4.976401345579973e-05,2.999900075154813,0.0,-1.0,SOLVER_EXCEPTION,0.0,0,True,True
1430.216,-0.02023146857373484,-2.4999925056113477,-4.506234669405954e-06,9.959711802060452e-05,0,nan,nan,nan,3.0,-0.49999823860760906,-4.9782505644468955e-05,2.9999004028819796,0.0,-1.0,SOLVER_EXCEPTION,0.0,0,True,True
1430.319,-0.020315156599777097,-2.49999248804922,-4.5238301456843e-06,9.924504943136618e-05,0,nan,nan,nan,3.0,-0.49999821682066675,-4.980046020497397e-05,2.9999007549505685,0.0,-1.0,SOLVER_EXCEPTION,0.0,0,True,True
1430.425,-0.02040904940549868,-2.4999924683344026,-4.543576802814962e-06,9.882279388145134e-05,0,nan,nan,nan,3.0,-0.499998194379881,-4.981895237188283e-05,2.9999011772061186,0.0,-1.0,SOLVER_EXCEPTION,0.0,0,True,True
1430.518,-0.020489247048526515,-2.499992451486592,-4.560455459095303e-06,9.844092911601401e-05,0,nan,nan,nan,3.0,-0.49999817324709617,-4.983636759936516e-05,2.999901559070884,0.0,-1.0,SOLVER_EXCEPTION,0.0,0,True,True
1430.616,-0.02057196546847305,-2.4999924340990622,-4.577869255603127e-06,9.802790351799736e-05,0,nan,nan,nan,3.0,-0.4999981514608339,-4.9854318678210774e-05,2.999901972096482,0.0,-1.0,SOLVER_EXCEPTION,0.0,0,True,True
1430.715,-0.020657199123426912,-2.4999924161726037,-4.59582085775091e-06,9.758336434506629e-05,0,nan,nan,nan,3.0,-0.4999981301111729,-4.987191455718687e-05,2.999902416635655,0.0,-1.0,SOLVER_EXCEPTION,0.0,0,True,True
1430.815,-0.020742387233525724,-2.499992398245326,-4.613776581630858e-06,9.712124408848226e-05,0,nan,nan,nan,3.0,-0.49999810810889184,-4.989004757272042e-05,2.9999028787559117,0.0,-1.0,SOLVER_EXCEPTION,0.0,0,True,True
1430.924,-0.020835188397939512,-2.4999923787023484,-4.633342928745584e-06,9.65989270469678e-05,0,nan,nan,nan,3.0,-0.4999980869782019,-4.990746157140791e-05,2.999903401072953,0.0,-1.0,SOLVER_EXCEPTION,0.0,0,True,True
1431.02,-0.02091517211652259,-2.499992361848113,-4.650220284933441e-06,9.61342191380595e-05,0,nan,nan,nan,3.0,-0.4999980649777168,-4.99255947334909e-05,2.999903865780862,0.0,-1.0,SOLVER_EXCEPTION,0.0,0,True,True
1431.117,-0.020999362189157555,-2.4999923440956744,-4.667993525014232e-06,9.563157298097467e-05,0,nan,nan,nan,3.0,-0.49999804254218994,-4.994408724501298e-05,2.999904368427019,0.0,-1.0,SOLVER_EXCEPTION,0.0,0,True,True
1431.217,-0.021083501644056885,-2.499992326342417,-4.6857677148292475e-06,9.511646734857802e-05,0,nan,nan,nan,3.0,-0.49999802076136557,-4.9962038777273676e-05,2.9999048835326514,0.0,-1.0,SOLVER_EXCEPTION,0.0,0,True,True
1431.32,-0.02117098566676322,-2.4999923078700235,-4.704260147596013e-06,9.456843545036008e-05,0,nan,nan,nan,3.0,-0.49999799919919174,-4.997981301979593e-05,2.9999054315645495,0.0,-1.0,SOLVER_EXCEPTION,0.0,0,True,True
1431.428,-0.02126350341348316,-2.499992288320095,-4.723830999729866e-06,9.397624654102021e-05,0,nan,nan,nan,3.0,-0.49999797720283856,-4.9997946554025674e-05,2.999906023753459,0.0,-1.0,SOLVER_EXCEPTION,0.0,0,True,True
1431.517,-0.02133814891711478,-2.4999922725362294,-4.739630405555187e-06,9.348975766963666e-05,0,nan,nan,nan,3.0,-0.49999795542558945,-5.00159014062973e-05,2.9999065102423303,0.0,-1.0,SOLVER_EXCEPTION,0.0,0,True,True
1431.616,-0.02142292073631377,-2.499992254598029,-4.7575821993240175e-06,9.292868109375198e-05,0,nan,nan,nan,3.0,-0.4999979336491465,-5.0033853177033905e-05,2.999907071318906,0.0,-1.0,SOLVER_EXCEPTION,0.0,0,True,True
1431.72,-0.021510176339170774,-2.4999922361203666,-4.776074940170527e-06,9.234251674266456e-05,0,nan,nan,nan,3.0,-0.49999791187455844,-5.005180799111386e-05,2.9999076574832575,0.0,-1.0,SOLVER_EXCEPTION,0.0,0,True,True
1431.815,-0.0215897543882709,-2.4999922192567454,-4.792952552887504e-06,9.180098577876756e-05,0,nan,nan,nan,3.0,-0.4999978905362554,-5.006940079921307e-05,2.999908199014221,0.0,-1.0,SOLVER_EXCEPTION,0.0,0,True,True
1431.916,-0.021676046840767103,-2.49999220095627,-4.81126315066625e-06,9.120695950742797e-05,0,nan,nan,nan,3.0,-0.4999978683290875,-5.008771596504147e-05,2.9999087930404924,0.0,-1.0,SOLVER_EXCEPTION,0.0,0,True,True
1432.019,-0.021763123195228228,-2.4999921824745135,-4.829756381731442e-06,9.060121482756406e-05,0,nan,nan,nan,3.0,-0.49999784677586534,-5.0105489412199944e-05,2.9999093987851726,0.0,-1.0,SOLVER_EXCEPTION,0.0,0,True,True
1432.115,-0.0218450695596462,-2.4999921650692434,-4.847171446861928e-06,9.00259376470263e-05,0,nan,nan,nan,3.0,-0.4999978247891241,-5.012362313294716e-05,2.999909974062353,0.0,-1.0,SOLVER_EXCEPTION,0.0,0,True,True
1432.218,-0.021931179239241604,-2.499992146764134,-4.865482855902799e-06,8.941664310329734e-05,0,nan,nan,nan,3.0,-0.4999978030210899,-5.014157477400971e-05,2.999910583356897,0.0,-1.0,SOLVER_EXCEPTION,0.0,0,True,True
1432.318,-0.022014696350998696,-2.499992128997049,-4.88325759843607e-06,8.882162889248963e-05,0,nan,nan,nan,3.0,-0.49999778125443844,-5.015952707543292e-05,2.9999111783711077,0.0,-1.0,SOLVER_EXCEPTION,0.0,0,True,True
1432.418,-0.02210068218115442,-2.4999921106902256,-4.901571868503944e-06,8.820541899130099e-05,0,nan,nan,nan,3.0,-0.4999977594902151,-5.0177483003732704e-05,2.9999117945810085,0.0,-1.0,SOLVER_EXCEPTION,0.0,0,True,True
1432.517,-0.022182394271920557,-2.4999920932796345,-4.918986123729263e-06,8.761691345299209e-05,0,nan,nan,nan,3.0,-0.49999773837968564,-5.0194897551314455e-05,2.999912383086547,0.0,-1.0,SOLVER_EXCEPTION,0.0,0,True,True
1432.617,-0.022267414835206795,-2.4999920751498945,-4.937120023292589e-06,8.700212230289373e-05,0,nan,nan,nan,3.0,-0.49999771596505843,-5.0213390682340986e-05,2.999912997877697,0.0,-1.0,SOLVER_EXCEPTION,0.0,0,True,True
1432.716,-0.0223506911480663,-2.499992057377735,-4.954894855524242e-06,8.639796503941031e-05,0,nan,nan,nan,3.0,-0.4999976942045151,-5.0231342938467094e-05,2.9999136020349604,0.0,-1.0,SOLVER_EXCEPTION,0.0,0,True,True
1432.817,-0.022432226720473927,-2.4999920399639737,-4.972310202100409e-06,8.580494612137057e-05,0,nan,nan,nan,3.0,-0.499997672663799,-5.0249117657497067e-05,2.999914195053879,0.0,-1.0,SOLVER_EXCEPTION,0.0,0,True,True
1432.919,-0.022517902722162676,-2.499992021650518,-4.990621700011346e-06,8.518065838283226e-05,0,nan,nan,nan,3.0,-0.4999976506890441,-5.0267251759272824e-05,2.999914819341617,0.0,-1.0,SOLVER_EXCEPTION,0.0,0,True,True
1433.017,-0.022604353681021552,-2.499992003156818,-5.009115017588263e-06,8.455000109866521e-05,0,nan,nan,nan,3.0,-0.49999762893379346,-5.0285207279898714e-05,2.9999154499989014,0.0,-1.0,SOLVER_EXCEPTION,0.0,0,True,True
1433.124,-0.022693254413259877,-2.4999919841233296,-5.028147840040387e-06,8.390112552893114e-05,0,nan,nan,nan,3.0,-0.4999976073976976,-5.030298186836646e-05,2.999916098874471,0.0,-1.0,SOLVER_EXCEPTION,0.0,0,True,True
1433.217,-0.02277203304806149,-2.499991967242791,-5.0450227107620285e-06,8.332612235955933e-05,0,nan,nan,nan,3.0,-0.49999758608026235,-5.0320574874529456e-05,2.9999166738776406,0.0,-1.0,SOLVER_EXCEPTION,0.0,0,True,True
1433.315,-0.022853268927100653,-2.499991949822965,-5.062438163523525e-06,8.273355719232053e-05,0,nan,nan,nan,3.0,-0.49999756367723935,-5.03390682231597e-05,2.9999172664428078,0.0,-1.0,SOLVER_EXCEPTION,0.0,0,True,True
1433.417,-0.02293946645882562,-2.499991931324081,-5.0809304168563115e-06,8.21055107758158e-05,0,nan,nan,nan,3.0,-0.49999754192814805,-5.0357023976488335e-05,2.999917894489224,0.0,-1.0,SOLVER_EXCEPTION,0.0,0,True,True
1433.515,-0.023020583331311184,-2.499991913901869,-5.098345906388942e-06,8.151543880891928e-05,0,nan,nan,nan,3.0,-0.49999752018071114,-5.037497596571683e-05,2.9999184845611913,0.0,-1.0,SOLVER_EXCEPTION,0.0,0,True,True
1433.617,-0.023106654780567025,-2.4999918954005818,-5.116839292543398e-06,8.089065031875599e-05,0,nan,nan,nan,3.0,-0.49999749865212306,-5.0392750973848877e-05,2.999919109349681,0.0,-1.0,SOLVER_EXCEPTION,0.0,0,True,True
1433.716,-0.023189322707008884,-2.499991877616826,-5.134614505567152e-06,8.029209893027415e-05,0,nan,nan,nan,3.0,-0.4999974771251554,-5.041052504095589e-05,2.9999197079010695,0.0,-1.0,SOLVER_EXCEPTION,0.0,0,True,True
1433.817,-0.02327359934444467,-2.4999918594724213,-5.15274728886216e-06,7.968367117624993e-05,0,nan,nan,nan,3.0,-0.49999745516512867,-5.0428659042811574e-05,2.999920316328824,0.0,-1.0,SOLVER_EXCEPTION,0.0,0,True,True
1433.918,-0.023356980746020245,-2.4999918415065707,-5.170703204857514e-06,7.908378322402432e-05,0,nan,nan,nan,3.0,-0.49999743320646983,-5.0446793440350746e-05,2.999920916216776,0.0,-1.0,SOLVER_EXCEPTION,0.0,0,True,True
1434.018,-0.02344113479713535,-2.499991823360005,-5.1888371741330135e-06,7.848057156916329e-05,0,nan,nan,nan,3.0,-0.4999974110324181,-5.046510812478644e-05,2.999921519428431,0.0,-1.0,SOLVER_EXCEPTION,0.0,0,True,True
1434.131,-0.023535214837895297,-2.499991803056089,-5.209125941106344e-06,7.78091730813724e-05,0,nan,nan,nan,3.0,-0.4999973899461991,-5.048252424488808e-05,2.9999221908269185,0.0,-1.0,SOLVER_EXCEPTION,0.0,0,True,True
1434.216,-0.023605932789657155,-2.4999917877815307,-5.224387344327886e-06,7.730672896209717e-05,0,nan,nan,nan,3.0,-0.49999736799235633,-5.0500658333341164e-05,2.999922693271038,0.0,-1.0,SOLVER_EXCEPTION,0.0,0,True,True
1434.316,-0.02368658204251869,-2.499991770349754,-5.241802370305792e-06,7.673617920195374e-05,0,nan,nan,nan,3.0,-0.4999973464744189,-5.0518432429758064e-05,2.999923263820798,0.0,-1.0,SOLVER_EXCEPTION,0.0,0,True,True
1434.419,-0.023773820145757168,-2.499991751479624,-5.260655004568663e-06,7.612218607679963e-05,0,nan,nan,nan,3.0,-0.49999732452346124,-5.053656695830355e-05,2.9999238778139232,0.0,-1.0,SOLVER_EXCEPTION,0.0,0,True,True
1434.519,-0.02385601392143254,-2.499991733686224,-5.278430103328131e-06,7.554684521335435e-05,0,nan,nan,nan,3.0,-0.4999973027912795,-5.055451921887055e-05,2.9999244531547866,0.0,-1.0,SOLVER_EXCEPTION,0.0,0,True,True
1434.617,-0.023932344735845306,-2.499991717149449,-5.294946305330384e-06,7.501538317118067e-05,0,nan,nan,nan,3.0,-0.4999972819296247,-5.057175703848671e-05,2.999924984616829,0.0,-1.0,SOLVER_EXCEPTION,0.0,0,True,True
1434.718,-0.024017743811084506,-2.499991698635209,-5.313439741424089e-06,7.442422673101453e-05,0,nan,nan,nan,3.0,-0.49999725976598514,-5.05900698009043e-05,2.999925575773269,0.0,-1.0,SOLVER_EXCEPTION,0.0,0,True,True
1434.815,-0.024102253522661658,-2.4999916802990887,-5.331754894334522e-06,7.384293502609995e-05,0,nan,nan,nan,3.0,-0.49999723760355,-5.060838495385411e-05,2.999926157064974,0.0,-1.0,SOLVER_EXCEPTION,0.0,0,True,True
1434.915,-0.024185876045679414,-2.4999916621416483,-5.349889292430945e-06,7.32714509100037e-05,0,nan,nan,nan,3.0,-0.499997215876975,-5.062633757413337e-05,2.99992672854909,0.0,-1.0,SOLVER_EXCEPTION,0.0,0,True,True
1435.018,-0.024269440613897453,-2.4999916439827827,-5.368022594685505e-06,7.270415799338292e-05,0,nan,nan,nan,3.0,-0.4999971941520185,-5.064429354506572e-05,2.9999272958420065,0.0,-1.0,SOLVER_EXCEPTION,0.0,0,True,True
1435.118,-0.0243504680719977,-2.499991626361973,-5.385616358126256e-06,7.215782273732057e-05,0,nan,nan,nan,3.0,-0.4999971730798655,-5.066171000400743e-05,2.9999278421772626,0.0,-1.0,SOLVER_EXCEPTION,0.0,0,True,True
1435.221,-0.0244372235560423,-2.4999916074817676,-5.404468872926014e-06,7.157708238684376e-05,0,nan,nan,nan,3.0,-0.4999971511405246,-5.0679844360690396e-05,2.999928422917613,0.0,-1.0,SOLVER_EXCEPTION,0.0,0,True,True
1435.32,-0.024519790904336012,-2.499991589499187,-5.4224251642010934e-06,7.102853140264027e-05,0,nan,nan,nan,3.0,-0.4999971285504345,-5.0698515454694615e-05,2.9999289714685973,0.0,-1.0,SOLVER_EXCEPTION,0.0,0,True,True
1435.415,-0.024599003726590858,-2.4999915722348685,-5.439660755882226e-06,7.050606220621856e-05,0,nan,nan,nan,3.0,-0.49999710726540764,-5.071611238571805e-05,2.9999294939377936,0.0,-1.0,SOLVER_EXCEPTION,0.0,0,True,True
1435.518,-0.024683936476097366,-2.499991553710143,-5.458153375762772e-06,6.995013489745862e-05,0,nan,nan,nan,3.0,-0.49999708554663336,-5.0734065228486e-05,2.9999300498651027,0.0,-1.0,SOLVER_EXCEPTION,0.0,0,True,True
1435.617,-0.024765516670580166,-2.499991535904003,-5.475929010498033e-06,6.942039165414955e-05,0,nan,nan,nan,3.0,-0.49999706382954584,-5.075202164839254e-05,2.9999305796083457,0.0,-1.0,SOLVER_EXCEPTION,0.0,0,True,True
1435.718,-0.024848690672509183,-2.49999151773673,-5.494063563494233e-06,6.888461042994428e-05,0,nan,nan,nan,3.0,-0.49999704233089626,-5.076979698781514e-05,2.99993111538957,0.0,-1.0,SOLVER_EXCEPTION,0.0,0,True,True
1435.821,-0.024925228562543908,-2.499991501007142,-5.510760801383003e-06,6.839547049465895e-05,0,nan,nan,nan,3.0,-0.49999702105006716,-5.0787390860840276e-05,2.9999316045295052,0.0,-1.0,SOLVER_EXCEPTION,0.0,0,True,True
1435.919,-0.02501158739779352,-2.499991482118265,-5.529613555358448e-06,6.784811195905501e-05,0,nan,nan,nan,3.0,-0.4999970002052736,-5.080463008244607e-05,2.999932151888041,0.0,-1.0,SOLVER_EXCEPTION,0.0,0,True,True
1436.019,-0.025096245221269246,-2.4999914635875053,-5.548107593336008e-06,6.73162733888174e-05,0,nan,nan,nan,3.0,-0.4999969774072558,-5.082348190654784e-05,2.999932683726611,0.0,-1.0,SOLVER_EXCEPTION,0.0,0,True,True
1436.117,-0.02517592120377585,-2.4999914461353763,-5.5655241189540445e-06,6.682003515041833e-05,0,nan,nan,nan,3.0,-0.499996955479091,-5.084161677304522e-05,2.9999331799648496,0.0,-1.0,SOLVER_EXCEPTION,0.0,0,True,True
1436.216,-0.0252539075002133,-2.4999914290415566,-5.582580482186117e-06,6.633838370502958e-05,0,nan,nan,nan,3.0,-0.499996934420273,-5.0859033267069975e-05,2.999933661616295,0.0,-1.0,SOLVER_EXCEPTION,0.0,0,True,True
1436.322,-0.025344970109857895,-2.4999914090673103,-5.602511573966081e-06,6.578116268719047e-05,0,nan,nan,nan,3.0,-0.499996911842719,-5.087770468259478e-05,2.999934218837313,0.0,-1.0,SOLVER_EXCEPTION,0.0,0,True,True
1436.416,-0.025422037590861,-2.499991392151868,-5.619389907848062e-06,6.531391515977018e-05,0,nan,nan,nan,3.0,-0.49999688991795915,-5.089583932882391e-05,2.99993468608484,0.0,-1.0,SOLVER_EXCEPTION,0.0,0,True,True
1436.518,-0.025501518392020636,-2.4999913746947575,-5.636806751989016e-06,6.483625518691396e-05,0,nan,nan,nan,3.0,-0.4999968686452213,-5.091343681140614e-05,2.999935163744813,0.0,-1.0,SOLVER_EXCEPTION,0.0,0,True,True
1436.618,-0.02558750183285842,-2.4999913557965416,-5.655656584978924e-06,6.43242590747446e-05,0,nan,nan,nan,3.0,-0.49999684585396503,-5.09322866442119e-05,2.9999356757409252,0.0,-1.0,SOLVER_EXCEPTION,0.0,0,True,True
1436.714,-0.0256644316477172,-2.499991338877426,-5.672535712831946e-06,6.387053653039904e-05,0,nan,nan,nan,3.0,-0.49999682545172686,-5.094916577208508e-05,2.9999361294634697,0.0,-1.0,SOLVER_EXCEPTION,0.0,0,True,True
1436.815,-0.025748677855920672,-2.499991320336794,-5.691028800683167e-06,6.337825777668002e-05,0,nan,nan,nan,3.0,-0.49999680353078285,-5.096729976461489e-05,2.9999366217422234,0.0,-1.0,SOLVER_EXCEPTION,0.0,0,True,True
1436.919,-0.025833690282261828,-2.499991301614556,-5.709702313410419e-06,6.288645299192233e-05,0,nan,nan,nan,3.0,-0.499996781827906,-5.0985254170132777e-05,2.999937113547008,0.0,-1.0,SOLVER_EXCEPTION,0.0,0,True,True
1437.015,-0.025912117644913482,-2.49999128433193,-5.7269401613731405e-06,6.243714148894404e-05,0,nan,nan,nan,3.0,-0.4999967599088302,-5.10033881786498e-05,2.999937562858511,0.0,-1.0,SOLVER_EXCEPTION,0.0,0,True,True
1437.115,-0.02599376669018967,-2.4999912663278105,-5.7448934396837795e-06,6.197380264508051e-05,0,nan,nan,nan,3.0,-0.49999673864256505,-5.102098656761811e-05,2.9999380261973547,0.0,-1.0,SOLVER_EXCEPTION,0.0,0,True,True
1437.216,-0.026076184936508203,-2.4999912481422233,-5.7630289587214696e-06,6.151080863583009e-05,0,nan,nan,nan,3.0,-0.49999671781056526,-5.103822508711886e-05,2.999938489191364,0.0,-1.0,SOLVER_EXCEPTION,0.0,0,True,True
1437.316,-0.02615774082447557,-2.4999912301359397,-5.7809858382864385e-06,6.105726572724692e-05,0,nan,nan,nan,3.0,-0.4999966948087377,-5.1057256692743636e-05,2.9999389427342726,0.0,-1.0,SOLVER_EXCEPTION,0.0,0,True,True
1437.417,-0.026240065962196885,-2.4999912119481236,-5.799121052892829e-06,6.0604043435316356e-05,0,nan,nan,nan,3.0,-0.4999966739787032,-5.1074491020930424e-05,2.999939395956565,0.0,-1.0,SOLVER_EXCEPTION,0.0,0,True,True
1437.521,-0.026323973879025173,-2.499991193398914,-5.817614576834456e-06,6.0146873563687956e-05,0,nan,nan,nan,3.0,-0.4999966524980918,-5.109226725652505e-05,2.9999398531264365,0.0,-1.0,SOLVER_EXCEPTION,0.0,0,True,True
1437.619,-0.026403764612682953,-2.499991175748996,-5.835209778810646e-06,5.971658236581742e-05,0,nan,nan,nan,3.0,-0.49999662971656983,-5.1111121438740525e-05,2.9999402834176343,0.0,-1.0,SOLVER_EXCEPTION,0.0,0,True,True
1437.72,-0.026485139989435292,-2.4999911577376155,-5.853166761753453e-06,5.9282293340653105e-05,0,nan,nan,nan,3.0,-0.49999660802070833,-5.112907843018988e-05,2.9999407177066595,0.0,-1.0,SOLVER_EXCEPTION,0.0,0,True,True
1437.819,-0.026565658553225888,-2.4999911399052763,-5.8709428756435026e-06,5.8856982044387074e-05,0,nan,nan,nan,3.0,-0.49999658654249596,-5.114685346052639e-05,2.9999411430179554,0.0,-1.0,SOLVER_EXCEPTION,0.0,0,True,True
1437.919,-0.026648572747974913,-2.4999911215312056,-5.8892556346298904e-06,5.842356738084653e-05,0,nan,nan,nan,3.0,-0.4999965650653654,-5.116462965215618e-05,2.999941576432619,0.0,-1.0,SOLVER_EXCEPTION,0.0,0,True,True
1438.017,-0.02672819348804085,-2.499991103876323,-5.906853407818415e-06,5.8011833094302796e-05,0,nan,nan,nan,3.0,-0.49999654337141375,-5.118258316105795e-05,2.999941988166906,0.0,-1.0,SOLVER_EXCEPTION,0.0,0,True,True
1438.122,-0.026809397257378697,-2.4999910858604046,-5.9248069700491195e-06,5.759622028848594e-05,0,nan,nan,nan,3.0,-0.499996521245373,-5.1200900598402654e-05,2.9999424037797113,0.0,-1.0,SOLVER_EXCEPTION,0.0,0,True,True
1438.218,-0.026889747766834195,-2.499991068022782,-5.9425831923097715e-06,5.718940630052826e-05,0,nan,nan,nan,3.0,-0.4999964999864549,-5.12184949030825e-05,2.9999428105936996,0.0,-1.0,SOLVER_EXCEPTION,0.0,0,True,True
1438.324,-0.026974923685426068,-2.499991049103764,-5.9614369103671274e-06,5.676285857052828e-05,0,nan,nan,nan,3.0,-0.4999964778615271,-5.1236811301258456e-05,2.9999432371414296,0.0,-1.0,SOLVER_EXCEPTION,0.0,0,True,True
1438.417,-0.027051948733958876,-2.4999910319846252,-5.978493996425589e-06,5.638127827173864e-05,0,nan,nan,nan,3.0,-0.49999645682138927,-5.125422846719019e-05,2.999943618721728,0.0,-1.0,SOLVER_EXCEPTION,0.0,0,True,True
1438.518,-0.02713379846796208,-2.499991013783332,-5.996629670043619e-06,5.5980136023309284e-05,0,nan,nan,nan,3.0,-0.4999964344803247,-5.127272210803113e-05,2.999944019863977,0.0,-1.0,SOLVER_EXCEPTION,0.0,0,True,True
1438.614,-0.027212368191903147,-2.4999909963018965,-6.014046784631164e-06,5.559920836966722e-05,0,nan,nan,nan,3.0,-0.4999964130077963,-5.1290498389811034e-05,2.9999444007916303,0.0,-1.0,SOLVER_EXCEPTION,0.0,0,True,True
1438.716,-0.027294947735736298,-2.4999909779178062,-6.032363041599393e-06,5.520324782434464e-05,0,nan,nan,nan,3.0,-0.499996391535255,-5.130827482080491e-05,2.9999447967521755,0.0,-1.0,SOLVER_EXCEPTION,0.0,0,True,True
1438.817,-0.027376677561958766,-2.499990959713169,-6.050498639655494e-06,5.4815701000359786e-05,0,nan,nan,nan,3.0,-0.49999637028027694,-5.132586969747166e-05,2.9999451842989995,0.0,-1.0,SOLVER_EXCEPTION,0.0,0,True,True
1438.92,-0.027459176549052253,-2.4999909413264096,-6.068811575612931e-06,5.442884886583903e-05,0,nan,nan,nan,3.0,-0.4999963479418678,-5.134436424958366e-05,2.9999455711511342,0.0,-1.0,SOLVER_EXCEPTION,0.0,0,True,True
1439.017,-0.027536786309440012,-2.4999909240203557,-6.0860507318096485e-06,5.406901589160022e-05,0,nan,nan,nan,3.0,-0.4999963262544374,-5.1362321651371445e-05,2.9999459309841083,0.0,-1.0,SOLVER_EXCEPTION,0.0,0,True,True
1439.115,-0.027617592757308008,-2.499990905991949,-6.104004335947197e-06,5.36983540100724e-05,0,nan,nan,nan,3.0,-0.49999630435072095,-5.138045711916561e-05,2.99994630164599,0.0,-1.0,SOLVER_EXCEPTION,0.0,0,True,True
1439.216,-0.02769674680561842,-2.4999908883228454,-6.121602602351988e-06,5.3339401336748474e-05,0,nan,nan,nan,3.0,-0.499996282880765,-5.139823266198107e-05,2.9999466605986633,0.0,-1.0,SOLVER_EXCEPTION,0.0,0,True,True
1439.316,-0.027777479653989096,-2.499990870292112,-6.139557875175285e-06,5.2977306546254185e-05,0,nan,nan,nan,3.0,-0.4999962611947204,-5.141618793480518e-05,2.999947022693454,0.0,-1.0,SOLVER_EXCEPTION,0.0,0,True,True
1439.418,-0.027854948810648403,-2.499990852981329,-6.156796657056056e-06,5.263374021145099e-05,0,nan,nan,nan,3.0,-0.4999962412437133,-5.143270846330594e-05,2.9999473662597884,0.0,-1.0,SOLVER_EXCEPTION,0.0,0,True,True
1439.523,-0.027943674639566922,-2.499990833144603,-6.176546458343921e-06,5.224476534729473e-05,0,nan,nan,nan,3.0,-0.4999962178234583,-5.145209908663517e-05,2.9999477552346527,0.0,-1.0,SOLVER_EXCEPTION,0.0,0,True,True
1439.615,-0.028020266738209874,-2.4999908160119864,-6.1936047713446525e-06,5.191293807747686e-05,0,nan,nan,nan,3.0,-0.4999961959220137,-5.147023483065283e-05,2.9999480870619224,0.0,-1.0,SOLVER_EXCEPTION,0.0,0,True,True
1439.718,-0.02810166132495726,-2.499990797795591,-6.211739549158541e-06,5.156423571853582e-05,0,nan,nan,nan,3.0,-0.4999961744540211,-5.1488010486266944e-05,2.9999484357642814,0.0,-1.0,SOLVER_EXCEPTION,0.0,0,True,True
1439.817,-0.028181409623289886,-2.499990779939001,-6.229516575757099e-06,5.122653143326489e-05,0,nan,nan,nan,3.0,-0.49999615255302143,-5.150614663529396e-05,2.999948773468567,0.0,-1.0,SOLVER_EXCEPTION,0.0,0,True,True
1439.925,-0.028270784241331993,-2.4999907599159,-6.249448776891828e-06,5.0852651995839846e-05,0,nan,nan,nan,3.0,-0.49999613108600155,-5.152392309870635e-05,2.999949147348004,0.0,-1.0,SOLVER_EXCEPTION,0.0,0,True,True
1440.019,-0.028344828719957246,-2.49999074332013,-6.265968951597049e-06,5.0546497787162476e-05,0,nan,nan,nan,3.0,-0.4999961094023908,-5.154188074074639e-05,2.9999494535022126,0.0,-1.0,SOLVER_EXCEPTION,0.0,0,True,True
1440.12,-0.028425279563503863,-2.49999072527938,-6.283922867894384e-06,5.021747793737723e-05,0,nan,nan,nan,3.0,-0.4999960879362064,-5.1559657522570745e-05,2.9999497825220627,0.0,-1.0,SOLVER_EXCEPTION,0.0,0,True,True
1440.215,-0.028504089133206335,-2.4999907075976986,-6.301518293164805e-06,4.9898901641847415e-05,0,nan,nan,nan,3.0,-0.49999606625276083,-5.157761170959674e-05,2.9999501010983582,0.0,-1.0,SOLVER_EXCEPTION,0.0,0,True,True
1440.317,-0.02858527822142621,-2.499990689373977,-6.319654839549438e-06,4.95745701861203e-05,0,nan,nan,nan,3.0,-0.49999604413594373,-5.159592552228531e-05,2.9999504254298137,0.0,-1.0,SOLVER_EXCEPTION,0.0,0,True,True
1440.421,-0.0286680409060798,-2.499990670787986,-6.33815038871068e-06,4.924787806008286e-05,0,nan,nan,nan,3.0,-0.4999960226703088,-5.1613702191311006e-05,2.99995075212194,0.0,-1.0,SOLVER_EXCEPTION,0.0,0,True,True
1440.518,-0.028747557432192535,-2.4999906529225546,-6.355926365821065e-06,4.8937669293569604e-05,0,nan,nan,nan,3.0,-0.4999960005539698,-5.163201966462694e-05,2.9999510623307066,0.0,-1.0,SOLVER_EXCEPTION,0.0,0,True,True
1440.623,-0.02882945106366673,-2.499990634514889,-6.374244089368795e-06,4.862202623289628e-05,0,nan,nan,nan,3.0,-0.4999959806069846,-5.1648540275728294e-05,2.999951377973767,0.0,-1.0,SOLVER_EXCEPTION,0.0,0,True,True
1440.717,-0.0289073000765304,-2.4999906170078505,-6.391660807535085e-06,4.832540299604723e-05,0,nan,nan,nan,3.0,-0.4999959569727487,-5.166811010104411e-05,2.999951674597004,0.0,-1.0,SOLVER_EXCEPTION,0.0,0,True,True
1440.815,-0.028985922087018317,-2.4999905993192932,-6.4092564270239314e-06,4.802925536615311e-05,0,nan,nan,nan,3.0,-0.49999593594131186,-5.1685527127975917e-05,2.999951970744634,0.0,-1.0,SOLVER_EXCEPTION,0.0,0,True,True
1440.917,-0.029066920160394902,-2.4999905810881105,-6.427392287253244e-06,4.772777585085429e-05,0,nan,nan,nan,3.0,-0.49999591534467513,-5.170258822362328e-05,2.999952272224149,0.0,-1.0,SOLVER_EXCEPTION,0.0,0,True,True
1441.018,-0.029146284395168632,-2.4999905632166906,-6.445169795886334e-06,4.743590532944416e-05,0,nan,nan,nan,3.0,-0.4999958925780095,-5.172144057752348e-05,2.9999525640946705,0.0,-1.0,SOLVER_EXCEPTION,0.0,0,True,True
1441.115,-0.029226420581726736,-2.4999905451638407,-6.463127554064262e-06,4.714467996732484e-05,0,nan,nan,nan,3.0,-0.4999958708968341,-5.173939844604902e-05,2.9999528553200325,0.0,-1.0,SOLVER_EXCEPTION,0.0,0,True,True
1441.217,-0.029308129104291,-2.4999905267480407,-6.4814412902959025e-06,4.6851219868082693e-05,0,nan,nan,nan,3.0,-0.4999958489985234,-5.175753484021328e-05,2.999953148780132,0.0,-1.0,SOLVER_EXCEPTION,0.0,0,True,True
1441.315,-0.029385804179257544,-2.4999905092338754,-6.4988594907338735e-06,4.657561676738351e-05,0,nan,nan,nan,3.0,-0.4999958277505175,-5.177513031773273e-05,2.9999534243832326,0.0,-1.0,SOLVER_EXCEPTION,0.0,0,True,True
1441.417,-0.02946745390355947,-2.4999904908160673,-6.517176304411347e-06,4.6289358294181925e-05,0,nan,nan,nan,3.0,-0.4999958058526126,-5.179326651516547e-05,2.999953710641706,0.0,-1.0,SOLVER_EXCEPTION,0.0,0,True,True
1441.519,-0.029549874087568935,-2.499990472216046,-6.535672014624879e-06,4.6003928809829436e-05,0,nan,nan,nan,3.0,-0.49999578395431565,-5.1811401889256814e-05,2.99995399607119,0.0,-1.0,SOLVER_EXCEPTION,0.0,0,True,True
1441.616,-0.02962746584221736,-2.499990454698486,-6.553090101494315e-06,4.573842445074016e-05,0,nan,nan,nan,3.0,-0.499995765091739,-5.182702341688383e-05,2.9999542615755495,0.0,-1.0,SOLVER_EXCEPTION,0.0,0,True,True
1441.717,-0.029708229503904726,-2.4999904364569256,-6.571225410068972e-06,4.546532011894153e-05,0,nan,nan,nan,3.0,-0.49999574059196095,-5.18473156425614e-05,2.999954534679881,0.0,-1.0,SOLVER_EXCEPTION,0.0,0,True,True
1441.819,-0.0297897644180926,-2.4999904180335317,-6.589539429881299e-06,4.519294386605485e-05,0,nan,nan,nan,3.0,-0.4999957189107219,-5.186527384903883e-05,2.999954807056134,0.0,-1.0,SOLVER_EXCEPTION,0.0,0,True,True
1441.922,-0.02986328153545302,-2.499990401415455,-6.606061856731842e-06,4.495033457918016e-05,0,nan,nan,nan,3.0,-0.49999569787998366,-5.188269191602757e-05,2.999955049665421,0.0,-1.0,SOLVER_EXCEPTION,0.0,0,True,True
1442.022,-0.029951152706328803,-2.4999903815443805,-6.625812402382975e-06,4.4663744948787175e-05,0,nan,nan,nan,3.0,-0.49999567554801955,-5.190118652542708e-05,2.9999553362550513,0.0,-1.0,SOLVER_EXCEPTION,0.0,0,True,True
1442.114,-0.030027814132639368,-2.4999903642013583,-6.6430523163053395e-06,4.441692110346588e-05,0,nan,nan,nan,3.0,-0.49999565386645334,-5.191914150648458e-05,2.9999555830788966,0.0,-1.0,SOLVER_EXCEPTION,0.0,0,True,True
1442.218,-0.030106047850561393,-2.4999903464953825,-6.660647798172791e-06,4.4167875505625e-05,0,nan,nan,nan,3.0,-0.49999563218524606,-5.193710056206058e-05,2.9999558321244946,0.0,-1.0,SOLVER_EXCEPTION,0.0,0,True,True
1442.317,-0.03018744846777244,-2.499990328065763,-6.678965330285727e-06,4.391200557762398e-05,0,nan,nan,nan,3.0,-0.4999956105034331,-5.1955055578645215e-05,2.9999560879944225,0.0,-1.0,SOLVER_EXCEPTION,0.0,0,True,True
1442.412,-0.03026323891715734,-2.4999903108996073,-6.696024365401218e-06,4.367657994379092e-05,0,nan,nan,nan,3.0,-0.49999558925541365,-5.197265442502541e-05,2.999956323420056,0.0,-1.0,SOLVER_EXCEPTION,0.0,0,True,True
1442.518,-0.030347778284222738,-2.499990291744334,-6.7150567134123715e-06,4.341710565845829e-05,0,nan,nan,nan,3.0,-0.4999955667061053,-5.199132762623293e-05,2.9999565828943418,0.0,-1.0,SOLVER_EXCEPTION,0.0,0,True,True
1442.625,-0.030433086864160828,-2.4999902724067637,-6.734271474391276e-06,4.315875900128999e-05,0,nan,nan,nan,3.0,-0.49999554610814123,-5.200838713381728e-05,2.9999568412409987,0.0,-1.0,SOLVER_EXCEPTION,0.0,0,True,True
1442.719,-0.030501632259321787,-2.49999025686412,-6.749715180291501e-06,4.295360794956133e-05,0,nan,nan,nan,3.0,-0.49999552420938154,-5.202652370117633e-05,2.9999570463920504,0.0,-1.0,SOLVER_EXCEPTION,0.0,0,True,True
1442.822,-0.030589280457105163,-2.499990236981241,-6.769466333898336e-06,4.269435756545776e-05,0,nan,nan,nan,3.0,-0.4999955020932829,-5.2044841234000216e-05,2.9999573056424347,0.0,-1.0,SOLVER_EXCEPTION,0.0,0,True,True
1442.921,-0.030666546173678574,-2.499990219448075,-6.786884300114536e-06,4.2468714072677663e-05,0,nan,nan,nan,3.0,-0.49999547997713045,-5.2063155308701425e-05,2.9999575312859275,0.0,-1.0,SOLVER_EXCEPTION,0.0,0,True,True
1443.018,-0.030745382039218148,-2.4999902015514133,-6.804662051107376e-06,4.224127785124959e-05,0,nan,nan,nan,3.0,-0.4999954587280146,-5.20807545223434e-05,2.999957758722149,0.0,-1.0,SOLVER_EXCEPTION,0.0,0,True,True
1443.115,-0.030823399014709183,-2.4999901838344725,-6.822261483943571e-06,4.201895981959266e-05,0,nan,nan,nan,3.0,-0.49999543704477484,-5.209870969791197e-05,2.9999579810401804,0.0,-1.0,SOLVER_EXCEPTION,0.0,0,True,True
1443.223,-0.030908555491802225,-2.499990164488396,-6.84147333648864e-06,4.177922365046197e-05,0,nan,nan,nan,3.0,-0.4999954164458867,-5.211576926278383e-05,2.9999582207763495,0.0,-1.0,SOLVER_EXCEPTION,0.0,0,True,True
1443.32,-0.030986526369403484,-2.4999901467688193,-6.859072855648915e-06,4.1562586116113834e-05,0,nan,nan,nan,3.0,-0.49999539367782714,-5.2134624766164706e-05,2.9999584374138837,0.0,-1.0,SOLVER_EXCEPTION,0.0,0,True,True
1443.417,-0.03106288503264484,-2.499990129409536,-6.8763096298252166e-06,4.13528295917408e-05,0,nan,nan,nan,3.0,-0.49999537199381605,-5.2152580247710745e-05,2.9999586471704083,0.0,-1.0,SOLVER_EXCEPTION,0.0,0,True,True
1443.518,-0.031143198575032994,-2.499990111145147,-6.894446564822151e-06,4.113495281322313e-05,0,nan,nan,nan,3.0,-0.4999953511779376,-5.216981963584999e-05,2.9999588650471867,0.0,-1.0,SOLVER_EXCEPTION,0.0,0,True,True
1443.618,-0.031221899990963614,-2.499990093240847,-6.912223407627076e-06,4.092405344041319e-05,0,nan,nan,nan,3.0,-0.49999532862539886,-5.218849411825488e-05,2.9999590759465598,0.0,-1.0,SOLVER_EXCEPTION,0.0,0,True,True
1443.722,-0.03130216940979106,-2.4999900749740487,-6.9303605047126576e-06,4.07116226609347e-05,0,nan,nan,nan,3.0,-0.4999953071578484,-5.2206272123100916e-05,2.999959288377339,0.0,-1.0,SOLVER_EXCEPTION,0.0,0,True,True
1443.819,-0.03138241695832025,-2.4999900567055175,-6.9484976903961534e-06,4.050190417217102e-05,0,nan,nan,nan,3.0,-0.49999528525604414,-5.222440925223282e-05,2.9999594980958277,0.0,-1.0,SOLVER_EXCEPTION,0.0,0,True,True
1443.916,-0.03145946605079409,-2.4999900391591754,-6.965915412122365e-06,4.03029654334902e-05,0,nan,nan,nan,3.0,-0.4999952635708465,-5.224236810974503e-05,2.9999596970345666,0.0,-1.0,SOLVER_EXCEPTION,0.0,0,True,True
1444.018,-0.031540465519451506,-2.499990020707871,-6.984234394591805e-06,4.009649147046254e-05,0,nan,nan,nan,3.0,-0.4999952418854757,-5.22603234047736e-05,2.9999599035085294,0.0,-1.0,SOLVER_EXCEPTION,0.0,0,True,True
1444.12,-0.03161271160398486,-2.4999900042443257,-7.000574377725116e-06,3.991442528939135e-05,0,nan,nan,nan,3.0,-0.49999522150055675,-5.2277204437345404e-05,2.9999600855747106,0.0,-1.0,SOLVER_EXCEPTION,0.0,0,True,True
1444.215,-0.031697638676149206,-2.4999899848854668,-7.0197896613752e-06,3.970310071838822e-05,0,nan,nan,nan,3.0,-0.4999951987301194,-5.229606050694002e-05,2.999960296899282,0.0,-1.0,SOLVER_EXCEPTION,0.0,0,True,True
1444.323,-0.031773815280726786,-2.499989967515124,-7.0370263492954336e-06,3.951581047632431e-05,0,nan,nan,nan,3.0,-0.4999951774771233,-5.231365640856467e-05,2.9999604841895238,0.0,-1.0,SOLVER_EXCEPTION,0.0,0,True,True
1444.416,-0.03185711243457181,-2.499989948515227,-7.055882163442594e-06,3.93136756938188e-05,0,nan,nan,nan,3.0,-0.4999951555731566,-5.23317938614376e-05,2.999960686324306,0.0,-1.0,SOLVER_EXCEPTION,0.0,0,True,True
1444.519,-0.031938008915731696,-2.4999899300571524,-7.0741999838470325e-06,3.911989576068885e-05,0,nan,nan,nan,3.0,-0.49999513345237423,-5.235011182680438e-05,2.9999608801042394,0.0,-1.0,SOLVER_EXCEPTION,0.0,0,True,True
1444.616,-0.032015713962279,-2.499989912320902,-7.091796385227551e-06,3.893597740497059e-05,0,nan,nan,nan,3.0,-0.49999511241499006,-5.2367530790409234e-05,2.999961064022595,0.0,-1.0,SOLVER_EXCEPTION,0.0,0,True,True
1444.717,-0.03209498584617864,-2.499989894221981,-7.1097555501021784e-06,3.8750773664451785e-05,0,nan,nan,nan,3.0,-0.49999509007617277,-5.23860264345366e-05,2.9999612492263354,0.0,-1.0,SOLVER_EXCEPTION,0.0,0,True,True
1444.821,-0.03217661609250404,-2.4999898755786703,-7.128251768635172e-06,3.856239574612834e-05,0,nan,nan,nan,3.0,-0.49999506838753693,-5.24039828726508e-05,2.999961437604254,0.0,-1.0,SOLVER_EXCEPTION,0.0,0,True,True
1444.919,-0.032255057536492895,-2.499989857657818,-7.1460301794695935e-06,3.838368000097611e-05,0,nan,nan,nan,3.0,-0.4999950471320583,-5.2421582748873874e-05,2.999961616319999,0.0,-1.0,SOLVER_EXCEPTION,0.0,0,True,True
1445.016,-0.03233268881751008,-2.499989839916703,-7.163626850970919e-06,3.8208895909827205e-05,0,nan,nan,nan,3.0,-0.4999950250085418,-5.243989772907298e-05,2.99996179110409,0.0,-1.0,SOLVER_EXCEPTION,0.0,0,True,True
1445.117,-0.03241188635341565,-2.499989821812576,-7.181585538745734e-06,3.80328715788302e-05,0,nan,nan,nan,3.0,-0.4999950037524633,-5.2457497289992716e-05,2.9999619671284212,0.0,-1.0,SOLVER_EXCEPTION,0.0,0,True,True
1445.22,-0.03249185757955941,-2.499989803525815,-7.199723198537618e-06,3.7857342594864465e-05,0,nan,nan,nan,3.0,-0.49999498162779915,-5.247581223777331e-05,2.999962142657405,0.0,-1.0,SOLVER_EXCEPTION,0.0,0,True,True
1445.315,-0.03256626993699422,-2.4999897865051492,-7.216601610974538e-06,3.769592009165966e-05,0,nan,nan,nan,3.0,-0.49999496058747267,-5.249323167033637e-05,2.9999623040799084,0.0,-1.0,SOLVER_EXCEPTION,0.0,0,True,True
1445.418,-0.03265016311709743,-2.4999897673106513,-7.235637867542508e-06,3.7516292643736614e-05,0,nan,nan,nan,3.0,-0.4999949384622834,-5.2511549637923594e-05,2.9999624837073564,0.0,-1.0,SOLVER_EXCEPTION,0.0,0,True,True
1445.517,-0.03272296025386901,-2.499989750649679,-7.252157143556859e-06,3.736226768828058e-05,0,nan,nan,nan,3.0,-0.4999949172037692,-5.2529146368218704e-05,2.999962637732312,0.0,-1.0,SOLVER_EXCEPTION,0.0,0,True,True
1445.617,-0.03280839925020353,-2.4999897310899724,-7.271550731654835e-06,3.718377383269127e-05,0,nan,nan,nan,3.0,-0.4999948948606141,-5.25476429702465e-05,2.999962816226167,0.0,-1.0,SOLVER_EXCEPTION,0.0,0,True,True
1445.715,-0.03288591013984367,-2.499989713340257,-7.2891506417736126e-06,3.702401263630755e-05,0,nan,nan,nan,3.0,-0.4999948744690314,-5.256452478441531e-05,2.999962975987364,0.0,-1.0,SOLVER_EXCEPTION,0.0,0,True,True
1445.821,-0.0329689397113786,-2.4999896943207203,-7.308007628337789e-06,3.685506270693975e-05,0,nan,nan,nan,3.0,-0.49999485190731385,-5.258319904788422e-05,2.999963144937293,0.0,-1.0,SOLVER_EXCEPTION,0.0,0,True,True
1445.918,-0.03304562705152478,-2.4999896767493226,-7.325425831526901e-06,3.670088595608913e-05,0,nan,nan,nan,3.0,-0.4999948297788472,-5.260151567432203e-05,2.999963299114044,0.0,-1.0,SOLVER_EXCEPTION,0.0,0,True,True
1446.018,-0.0331262508085336,-2.499989658270666,-7.3437412214192856e-06,3.6540800280047735e-05,0,nan,nan,nan,3.0,-0.4999948083007077,-5.261929318711722e-05,2.9999634591997197,0.0,-1.0,SOLVER_EXCEPTION,0.0,0,True,True
1446.118,-0.0332044872650648,-2.4999896403346984,-7.361519815790252e-06,3.638746032117642e-05,0,nan,nan,nan,3.0,-0.49999478638827916,-5.263743147443378e-05,2.9999636125396787,0.0,-1.0,SOLVER_EXCEPTION,0.0,0,True,True
1446.218,-0.033281918110599565,-2.499989622578442,-7.379120019388539e-06,3.623761783061363e-05,0,nan,nan,nan,3.0,-0.4999947649093903,-5.265521006903029e-05,2.9999637623821696,0.0,-1.0,SOLVER_EXCEPTION,0.0,0,True,True
1446.315,-0.03336012375668959,-2.499989604639551,-7.396898790437468e-06,3.6088114164869626e-05,0,nan,nan,nan,3.0,-0.49999474321272763,-5.2673169577577283e-05,2.999963911885835,0.0,-1.0,SOLVER_EXCEPTION,0.0,0,True,True
1446.421,-0.03344384225087426,-2.4999895854312753,-7.415932233805115e-06,3.593000917965384e-05,0,nan,nan,nan,3.0,-0.4999947212988541,-5.269130748297712e-05,2.9999640699908205,0.0,-1.0,SOLVER_EXCEPTION,0.0,0,True,True
1446.518,-0.03351806878754661,-2.4999895683957645,-7.43281417050425e-06,3.579173126363889e-05,0,nan,nan,nan,3.0,-0.499994699600712,-5.270926352629601e-05,2.9999642082687363,0.0,-1.0,SOLVER_EXCEPTION,0.0,0,True,True
1446.621,-0.033597807943243886,-2.499989550090684,-7.450952320918971e-06,3.5644955071686274e-05,0,nan,nan,nan,3.0,-0.49999467811910564,-5.272704127268213e-05,2.9999643550449284,0.0,-1.0,SOLVER_EXCEPTION,0.0,0,True,True
1446.718,-0.033678321135101615,-2.499989531603197,-7.469267466337303e-06,3.549851904537024e-05,0,nan,nan,nan,3.0,-0.4999946562034647,-5.274517920472732e-05,2.999964501480955,0.0,-1.0,SOLVER_EXCEPTION,0.0,0,True,True
1446.816,-0.033754084240373974,-2.4999895142015256,-7.4865086703798745e-06,3.536259070499206e-05,0,nan,nan,nan,3.0,-0.4999946347205083,-5.276295804401698e-05,2.999964637409295,0.0,-1.0,SOLVER_EXCEPTION,0.0,0,True,True
1446.919,-0.03383693476967641,-2.4999894951676245,-7.505365150210658e-06,3.521575990882652e-05,0,nan,nan,nan,3.0,-0.4999946128030854,-5.278109509676554e-05,2.9999647842400914,0.0,-1.0,SOLVER_EXCEPTION,0.0,0,True,True
1447.015,-0.03391188110801341,-2.499989477944801,-7.522425511852232e-06,3.508460004075282e-05,0,nan,nan,nan,3.0,-0.49999459110238537,-5.2799055571206566e-05,2.9999649153999592,0.0,-1.0,SOLVER_EXCEPTION,0.0,0,True,True
1447.115,-0.033991546840408,-2.499989459632822,-7.540562491068597e-06,3.49468697402693e-05,0,nan,nan,nan,3.0,-0.49999456940031745,-5.2817011862327234e-05,2.9999650531302597,0.0,-1.0,SOLVER_EXCEPTION,0.0,0,True,True
1447.217,-0.034071986819252914,-2.499989441138703,-7.5588792264960746e-06,3.480955710843019e-05,0,nan,nan,nan,3.0,-0.499994547915002,-5.2834789942668436e-05,2.9999651904428917,0.0,-1.0,SOLVER_EXCEPTION,0.0,0,True,True
1447.317,-0.034147681868026414,-2.499989423730893,-7.576120412957817e-06,3.4682038853677e-05,0,nan,nan,nan,3.0,-0.49999452621221363,-5.2852750472176524e-05,2.9999653179611463,0.0,-1.0,SOLVER_EXCEPTION,0.0,0,True,True
1447.415,-0.03422809404217771,-2.499989405233546,-7.594436015272444e-06,3.454814015619553e-05,0,nan,nan,nan,3.0,-0.499994504725228,-5.28705283970865e-05,2.9999654518598438,0.0,-1.0,SOLVER_EXCEPTION,0.0,0,True,True
1447.52,-0.034310856599496536,-2.499989386191225,-7.613292316443132e-06,3.441217788593619e-05,0,nan,nan,nan,3.0,-0.4999944838886399,-5.288776652045968e-05,2.999965587822114,0.0,-1.0,SOLVER_EXCEPTION,0.0,0,True,True
1447.617,-0.03438572433612552,-2.4999893689608315,-7.630352038684036e-06,3.429071623197686e-05,0,nan,nan,nan,3.0,-0.4999944608816279,-5.290680479319576e-05,2.999965709283768,0.0,-1.0,SOLVER_EXCEPTION,0.0,0,True,True
1447.717,-0.03446530752328402,-2.49998935064098,-7.648490409092145e-06,3.416324674851534e-05,0,nan,nan,nan,3.0,-0.49999443939254024,-5.292458280337087e-05,2.9999658367532516,0.0,-1.0,SOLVER_EXCEPTION,0.0,0,True,True
1447.819,-0.034546452948146227,-2.4999893319568898,-7.666988073339474e-06,3.4034936075197986e-05,0,nan,nan,nan,3.0,-0.49999441768604475,-5.294254027887746e-05,2.9999659650639248,0.0,-1.0,SOLVER_EXCEPTION,0.0,0,True,True
1447.918,-0.03462443425077013,-2.4999893139968363,-7.684766480824846e-06,3.3913182314397254e-05,0,nan,nan,nan,3.0,-0.4999943964126811,-5.2960140950908396e-05,2.9999660868176856,0.0,-1.0,SOLVER_EXCEPTION,0.0,0,True,True
1448.016,-0.034700828115007055,-2.4999892963989083,-7.70218634359401e-06,3.379537564247105e-05,0,nan,nan,nan,3.0,-0.499994374052684,-5.297863432618399e-05,2.9999662046243576,0.0,-1.0,SOLVER_EXCEPTION,0.0,0,True,True
1448.117,-0.034781147092644724,-2.4999892778921615,-7.720502238874037e-06,3.367300238231798e-05,0,nan,nan,nan,3.0,-0.4999943525610547,-5.299641330402949e-05,2.9999663269976176,0.0,-1.0,SOLVER_EXCEPTION,0.0,0,True,True
1448.215,-0.0348575169229735,-2.4999892602914016,-7.737922442723597e-06,3.3558192783008625e-05,0,nan,nan,nan,3.0,-0.49999433106807084,-5.301419303682664e-05,2.999966441807217,0.0,-1.0,SOLVER_EXCEPTION,0.0,0,True,True
1448.315,-0.034937023806534705,-2.499989241963704,-7.756061183368113e-06,3.344016311322675e-05,0,nan,nan,nan,3.0,-0.4999943095746173,-5.303197128680992e-05,2.9999665598368868,0.0,-1.0,SOLVER_EXCEPTION,0.0,0,True,True
1448.415,-0.03501494434867715,-2.4999892239975177,-7.77383909082141e-06,3.332586348714277e-05,0,nan,nan,nan,3.0,-0.4999942872121162,-5.305046915005107e-05,2.999966674136513,0.0,-1.0,SOLVER_EXCEPTION,0.0,0,True,True
1448.521,-0.03509678769346762,-2.4999892051226684,-7.792517808928173e-06,3.320748192421638e-05,0,nan,nan,nan,3.0,-0.4999942646316762,-5.3069147868178845e-05,2.9999667925180757,0.0,-1.0,SOLVER_EXCEPTION,0.0,0,True,True
1448.618,-0.03517547121645451,-2.499989186972582,-7.810475538273616e-06,3.30950083773048e-05,0,nan,nan,nan,3.0,-0.49999424530714326,-5.3085130938157477e-05,2.9999669049916227,0.0,-1.0,SOLVER_EXCEPTION,0.0,0,True,True
1448.716,-0.03524942313329131,-2.499989169909882,-7.827358043284682e-06,3.299069691519698e-05,0,nan,nan,nan,3.0,-0.49999422207384026,-5.31043473404047e-05,2.999967009303085,0.0,-1.0,SOLVER_EXCEPTION,0.0,0,True,True
1448.82,-0.035334376649995364,-2.4999891503047276,-7.84675179426757e-06,3.287225796400843e-05,0,nan,nan,nan,3.0,-0.49999420035915726,-5.3122304212838145e-05,2.999967127742036,0.0,-1.0,SOLVER_EXCEPTION,0.0,0,True,True
1448.918,-0.0354106662280308,-2.499989132695264,-7.864171872324196e-06,3.276732546282274e-05,0,nan,nan,nan,3.0,-0.4999941786443724,-5.314026429825702e-05,2.9999672326745372,0.0,-1.0,SOLVER_EXCEPTION,0.0,0,True,True
1449.023,-0.03549402218746774,-2.4999891134502445,-7.883209634211487e-06,3.265421157874712e-05,0,nan,nan,nan,3.0,-0.49999415779652645,-5.315750267964603e-05,2.9999673457884213,0.0,-1.0,SOLVER_EXCEPTION,0.0,0,True,True
1449.118,-0.035567931240059095,-2.4999890963823974,-7.900089079720209e-06,3.255506307990146e-05,0,nan,nan,nan,3.0,-0.49999413542816495,-5.31760007231874e-05,2.99996744493692,0.0,-1.0,SOLVER_EXCEPTION,0.0,0,True,True
1449.218,-0.03564733341713795,-2.4999890780427423,-7.918227559657957e-06,3.244991526806895e-05,0,nan,nan,nan,3.0,-0.4999941137107843,-5.319396081970851e-05,2.999967550084732,0.0,-1.0,SOLVER_EXCEPTION,0.0,0,True,True
1449.317,-0.03572279460425014,-2.499989060609418,-7.935469544461353e-06,3.235130941597701e-05,0,nan,nan,nan,3.0,-0.4999940917749427,-5.3212099603960894e-05,2.999967648690584,0.0,-1.0,SOLVER_EXCEPTION,0.0,0,True,True
1449.419,-0.03580374726446488,-2.4999890419035924,-7.953966504164733e-06,3.224675439350712e-05,0,nan,nan,nan,3.0,-0.4999940702725623,-5.322987816125391e-05,2.9999677532456066,0.0,-1.0,SOLVER_EXCEPTION,0.0,0,True,True
1449.522,-0.03588626034841144,-2.4999890228327963,-7.972820244253357e-06,3.214146740980186e-05,0,nan,nan,nan,3.0,-0.4999940485524296,-5.324783607907335e-05,2.99996785853259,0.0,-1.0,SOLVER_EXCEPTION,0.0,0,True,True
1449.615,-0.035958548125118346,-2.4999890061224366,-7.989343758453261e-06,3.205056240745447e-05,0,nan,nan,nan,3.0,-0.49999402661383624,-5.326597381793974e-05,2.9999679494375924,0.0,-1.0,SOLVER_EXCEPTION,0.0,0,True,True
1449.718,-0.036040254300859435,-2.4999889872311485,-8.008023773368257e-06,3.194912922307458e-05,0,nan,nan,nan,3.0,-0.4999940051090055,-5.328375366397964e-05,2.999968050870777,0.0,-1.0,SOLVER_EXCEPTION,0.0,0,True,True
1449.82,-0.03612037857447927,-2.499988968700813,-8.026340547156922e-06,3.1850796342241425e-05,0,nan,nan,nan,3.0,-0.4999939829518844,-5.330207297093992e-05,2.999968149203658,0.0,-1.0,SOLVER_EXCEPTION,0.0,0,True,True
1449.915,-0.036194994774635815,-2.4999889514418596,-8.043400063531786e-06,3.1760326100197377e-05,0,nan,nan,nan,3.0,-0.49999396144517716,-5.331985281564755e-05,2.9999682396739,0.0,-1.0,SOLVER_EXCEPTION,0.0,0,True,True
1450.015,-0.0362735285228031,-2.499988933272706,-8.061358693040523e-06,3.1666348689974394e-05,0,nan,nan,nan,3.0,-0.4999939403721468,-5.333727240453001e-05,2.99996833365131,0.0,-1.0,SOLVER_EXCEPTION,0.0,0,True,True
1450.119,-0.03635519328424476,-2.499988914375369,-8.080038293967366e-06,3.1570009396145094e-05,0,nan,nan,nan,3.0,-0.4999939179942565,-5.3355767563267875e-05,2.999968429990604,0.0,-1.0,SOLVER_EXCEPTION,0.0,0,True,True
1450.219,-0.036432922187359475,-2.499988896385189,-8.097817026902072e-06,3.1479360288649604e-05,0,nan,nan,nan,3.0,-0.4999938962676212,-5.3373728310379676e-05,2.9999685206397113,0.0,-1.0,SOLVER_EXCEPTION,0.0,0,True,True
1450.319,-0.036505931763995234,-2.499988879484503,-8.114518771346807e-06,3.139524342952194e-05,0,nan,nan,nan,3.0,-0.4999938773652921,-5.33893524305995e-05,2.9999686047565706,0.0,-1.0,SOLVER_EXCEPTION,0.0,0,True,True
1450.415,-0.03658678235878143,-2.499988860764977,-8.133017520367071e-06,3.13033203172097e-05,0,nan,nan,nan,3.0,-0.499993852812048,-5.3409647579716335e-05,2.999968696679683,0.0,-1.0,SOLVER_EXCEPTION,0.0,0,True,True
1450.519,-0.03666919274733084,-2.499988841680498,-8.151874121051448e-06,3.121079573327844e-05,0,nan,nan,nan,3.0,-0.49999383129987235,-5.3427426391472466e-05,2.999968789204267,0.0,-1.0,SOLVER_EXCEPTION,0.0,0,True,True
1450.622,-0.03675002361489628,-2.499988822958458,-8.170372253734465e-06,3.112124204606402e-05,0,nan,nan,nan,3.0,-0.4999938093526864,-5.3445565573628784e-05,2.999968878757954,0.0,-1.0,SOLVER_EXCEPTION,0.0,0,True,True
1450.719,-0.03682142931972779,-2.4999888064158218,-8.186715497183976e-06,3.104313569596346e-05,0,nan,nan,nan,3.0,-0.49999378783886905,-5.346334555644816e-05,2.999968956864304,0.0,-1.0,SOLVER_EXCEPTION,0.0,0,True,True
1450.82,-0.03690538042411326,-2.4999887869636717,-8.205931353659437e-06,3.0952400580915136e-05,0,nan,nan,nan,3.0,-0.49999376719314276,-5.34804059451055e-05,2.999969047599419,0.0,-1.0,SOLVER_EXCEPTION,0.0,0,True,True
1450.915,-0.03697990799653174,-2.4999887696917464,-8.222992802909153e-06,3.0872903493098105e-05,0,nan,nan,nan,3.0,-0.49999374502567223,-5.3498723946443505e-05,2.9999691270965068,0.0,-1.0,SOLVER_EXCEPTION,0.0,0,True,True
1451.015,-0.03705834958947855,-2.4999887515091315,-8.240950222472876e-06,3.07901778278197e-05,0,nan,nan,nan,3.0,-0.4999937228573564,-5.351704374634281e-05,2.999969209822172,0.0,-1.0,SOLVER_EXCEPTION,0.0,0,True,True
1451.121,-0.03713991973134278,-2.49998873259821,-8.259629576664143e-06,3.0705419017703915e-05,0,nan,nan,nan,3.0,-0.49999370090503237,-5.353518199191498e-05,2.9999692945809824,0.0,-1.0,SOLVER_EXCEPTION,0.0,0,True,True
1451.22,-0.03721912810614812,-2.4999887142314194,-8.277768619689104e-06,3.062410220958851e-05,0,nan,nan,nan,3.0,-0.49999367851744353,-5.35536803134562e-05,2.9999693758977903,0.0,-1.0,SOLVER_EXCEPTION,0.0,0,True,True
1451.321,-0.03729989616560818,-2.499988695499207,-8.29626725204539e-06,3.054228852647902e-05,0,nan,nan,nan,3.0,-0.49999365808448726,-5.3570560298865644e-05,2.9999694577114737,0.0,-1.0,SOLVER_EXCEPTION,0.0,0,True,True
1451.415,-0.03737203109095272,-2.499988678766211,-8.312788152086405e-06,3.047003086504069e-05,0,nan,nan,nan,3.0,-0.4999936354773124,-5.3589239698226265e-05,2.999969529969135,0.0,-1.0,SOLVER_EXCEPTION,0.0,0,True,True
1451.519,-0.037450430776057406,-2.499988660577434,-8.330748826612156e-06,3.0392564980686363e-05,0,nan,nan,nan,3.0,-0.49999361352141536,-5.360737888615574e-05,2.9999696074350193,0.0,-1.0,SOLVER_EXCEPTION,0.0,0,True,True
1451.615,-0.037528038514856865,-2.4999886425687445,-8.348529152629051e-06,3.0316833761291886e-05,0,nan,nan,nan,3.0,-0.49999359221613926,-5.362497734484606e-05,2.999969683166239,0.0,-1.0,SOLVER_EXCEPTION,0.0,0,True,True
1451.716,-0.03760642224054832,-2.4999886243767557,-8.366486887185359e-06,3.02412088368653e-05,0,nan,nan,nan,3.0,-0.4999935702579691,-5.364311694666668e-05,2.9999697587911633,0.0,-1.0,SOLVER_EXCEPTION,0.0,0,True,True
1451.815,-0.037684798096071614,-2.499988606183932,-8.384447644702976e-06,3.0166661032139266e-05,0,nan,nan,nan,3.0,-0.499993548733902,-5.366089703606747e-05,2.9999698333389677,0.0,-1.0,SOLVER_EXCEPTION,0.0,0,True,True
1451.92,-0.0377678680198751,-2.499988586896818,-8.403483952325931e-06,3.00886353359464e-05,0,nan,nan,nan,3.0,-0.4999935267734727,-5.367903541175778e-05,2.999969911364664,0.0,-1.0,SOLVER_EXCEPTION,0.0,0,True,True
1452.017,-0.03784309371968538,-2.4999885694286346,-8.420723336325121e-06,3.0018797969683555e-05,0,nan,nan,nan,3.0,-0.4999935050291202,-5.369699390067595e-05,2.9999699812020304,0.0,-1.0,SOLVER_EXCEPTION,0.0,0,True,True
1452.118,-0.037923013376780244,-2.4999885508677866,-8.439044759116998e-06,2.9945731674525192e-05,0,nan,nan,nan,3.0,-0.49999348328469034,-5.371495604755694e-05,2.9999700542683256,0.0,-1.0,SOLVER_EXCEPTION,0.0,0,True,True
1452.215,-0.03799900818281261,-2.499988533215008,-8.456464947601285e-06,2.987699840600945e-05,0,nan,nan,nan,3.0,-0.4999934615386173,-5.373291424337623e-05,2.999970123001594,0.0,-1.0,SOLVER_EXCEPTION,0.0,0,True,True
1452.317,-0.03807734606622574,-2.499988515014951,-8.474422933009104e-06,2.9806982245953362e-05,0,nan,nan,nan,3.0,-0.4999934397919334,-5.3750875600222514e-05,2.999970193017754,0.0,-1.0,SOLVER_EXCEPTION,0.0,0,True,True
1452.416,-0.03815724319080204,-2.4999884964500687,-8.492744284792692e-06,2.973665671090598e-05,0,nan,nan,nan,3.0,-0.4999934180441744,-5.376883317609327e-05,2.999970263343289,0.0,-1.0,SOLVER_EXCEPTION,0.0,0,True,True
1452.522,-0.03823713282066577,-2.499988477883277,-8.51106151973545e-06,2.9667072112335962e-05,0,nan,nan,nan,3.0,-0.4999933962954094,-5.378679458978297e-05,2.9999703329278877,0.0,-1.0,SOLVER_EXCEPTION,0.0,0,True,True
1452.622,-0.038317798174248824,-2.499988459133496,-8.529560318277063e-06,2.9597791765115607e-05,0,nan,nan,nan,3.0,-0.4999933736758557,-5.3805472099099916e-05,2.999970402208235,0.0,-1.0,SOLVER_EXCEPTION,0.0,0,True,True
1452.716,-0.03839062553925363,-2.4999884422022047,-8.546262101677412e-06,2.953599448407698e-05,0,nan,nan,nan,3.0,-0.49999335279499973,-5.3822714829010465e-05,2.999970464005516,0.0,-1.0,SOLVER_EXCEPTION,0.0,0,True,True
1452.815,-0.03846892784025666,-2.4999884239955437,-8.56422351209325e-06,2.9470473366400047e-05,0,nan,nan,nan,3.0,-0.4999933310428203,-5.384067287117489e-05,2.9999705295266335,0.0,-1.0,SOLVER_EXCEPTION,0.0,0,True,True
1452.92,-0.03855035496629531,-2.4999884050595,-8.582901123617513e-06,2.9403089549740967e-05,0,nan,nan,nan,3.0,-0.49999330950742193,-5.3858452550681335e-05,2.99997059691045,0.0,-1.0,SOLVER_EXCEPTION,0.0,0,True,True
1453.02,-0.038628643380866176,-2.4999883868500388,-8.600862305383552e-06,2.933924147134861e-05,0,nan,nan,nan,3.0,-0.49999328775375784,-5.387641475795846e-05,2.9999706607585286,0.0,-1.0,SOLVER_EXCEPTION,0.0,0,True,True
1453.115,-0.038703793975225054,-2.4999883693674225,-8.618102013622687e-06,2.9278584627120057e-05,0,nan,nan,nan,3.0,-0.49999326599841476,-5.389437286051901e-05,2.999970721415373,0.0,-1.0,SOLVER_EXCEPTION,0.0,0,True,True
1453.219,-0.03878520025982641,-2.4999883504272273,-8.636781797251698e-06,2.9213838857118157e-05,0,nan,nan,nan,3.0,-0.49999324402476775,-5.391251182285117e-05,2.999970786161143,0.0,-1.0,SOLVER_EXCEPTION,0.0,0,True,True
1453.316,-0.03885877295458668,-2.499988333306333,-8.653662204238078e-06,2.9155922491541707e-05,0,nan,nan,nan,3.0,-0.49999322270307334,-5.393011493959321e-05,2.9999708440775086,0.0,-1.0,SOLVER_EXCEPTION,0.0,0,True,True
1453.423,-0.038944861445722616,-2.499988313269178,-8.67341731747891e-06,2.908911880032395e-05,0,nan,nan,nan,3.0,-0.4999932007270278,-5.394825379445578e-05,2.9999709108811996,0.0,-1.0,SOLVER_EXCEPTION,0.0,0,True,True
1453.522,-0.039019204413135326,-2.499988295964313,-8.690478957942983e-06,2.9032135741052912e-05,0,nan,nan,nan,3.0,-0.4999931787501864,-5.396639401045178e-05,2.9999709678642588,0.0,-1.0,SOLVER_EXCEPTION,0.0,0,True,True
1453.615,-0.039095106656346454,-2.499988278293247,-8.707900532150858e-06,2.897472768306269e-05,0,nan,nan,nan,3.0,-0.4999931574250241,-5.398399268097265e-05,2.999971025272317,0.0,-1.0,SOLVER_EXCEPTION,0.0,0,True,True
1453.722,-0.03917804471289963,-2.4999882589808506,-8.726940747877228e-06,2.891295069091781e-05,0,nan,nan,nan,3.0,-0.4999931354457748,-5.40021327877227e-05,2.999971087049309,0.0,-1.0,SOLVER_EXCEPTION,0.0,0,True,True
1453.819,-0.03925158780638996,-2.4999882418537664,-8.743821108141254e-06,2.8858615884884115e-05,0,nan,nan,nan,3.0,-0.4999931134652067,-5.40202737773221e-05,2.999971141384115,0.0,-1.0,SOLVER_EXCEPTION,0.0,0,True,True
1453.917,-0.03932981928153149,-2.4999882236322892,-8.761782695453288e-06,2.880170377966419e-05,0,nan,nan,nan,3.0,-0.4999930923546915,-5.403769379475065e-05,2.9999711982962203,0.0,-1.0,SOLVER_EXCEPTION,0.0,0,True,True
1454.021,-0.039411173688557365,-2.499988204680253,-8.780459809402768e-06,2.8743163471111043e-05,0,nan,nan,nan,3.0,-0.49999307015414357,-5.4056011980829766e-05,2.999971256836529,0.0,-1.0,SOLVER_EXCEPTION,0.0,0,True,True
1454.115,-0.039486264410023175,-2.499988187185092,-8.797704290375657e-06,2.868999393323323e-05,0,nan,nan,nan,3.0,-0.4999930481707659,-5.407415250191505e-05,2.999971310006067,0.0,-1.0,SOLVER_EXCEPTION,0.0,0,True,True
1454.216,-0.039564478211733624,-2.4999881689594594,-8.815662532702827e-06,2.8635058211776077e-05,0,nan,nan,nan,3.0,-0.49999302640422866,-5.409211405815739e-05,2.9999713649417883,0.0,-1.0,SOLVER_EXCEPTION,0.0,0,True,True
1454.315,-0.03964268626911678,-2.49998815073239,-8.833624327278996e-06,2.8581011535671374e-05,0,nan,nan,nan,3.0,-0.4999930046359065,-5.411007249156441e-05,2.9999714189884643,0.0,-1.0,SOLVER_EXCEPTION,0.0,0,True,True
1454.417,-0.03972167064949969,-2.4999881323220383,-8.851764842247088e-06,2.852706294673073e-05,0,nan,nan,nan,3.0,-0.4999929833023781,-5.4127675297444e-05,2.9999714729370535,0.0,-1.0,SOLVER_EXCEPTION,0.0,0,True,True
1454.52,-0.0398006493165501,-2.49998811390989,-8.869903655467335e-06,2.8473722690307568e-05,0,nan,nan,nan,3.0,-0.4999929610968823,-5.4145993797050096e-05,2.9999715262773097,0.0,-1.0,SOLVER_EXCEPTION,0.0,0,True,True
1454.618,-0.039877276689644844,-2.4999880960431033,-8.887503001255468e-06,2.8422606068437044e-05,0,nan,nan,nan,3.0,-0.4999929391076805,-5.416413306047474e-05,2.9999715773939317,0.0,-1.0,SOLVER_EXCEPTION,0.0,0,True,True
1454.718,-0.03995780796963748,-2.4999880772640215,-8.90600257468152e-06,2.8369647030687362e-05,0,nan,nan,nan,3.0,-0.4999929175530602,-5.4181914444395574e-05,2.9999716303529693,0.0,-1.0,SOLVER_EXCEPTION,0.0,0,True,True
1454.818,-0.040035988205046884,-2.4999880590301635,-8.923964399004656e-06,2.831895545946721e-05,0,nan,nan,nan,3.0,-0.49999289599745406,-5.4199695358025934e-05,2.9999716810445407,0.0,-1.0,SOLVER_EXCEPTION,0.0,0,True,True
1454.915,-0.04011181794567268,-2.4999880413418705,-8.941386469211142e-06,2.8270375079201742e-05,0,nan,nan,nan,3.0,-0.4999928748757308,-5.421711620945402e-05,2.999971729624921,0.0,-1.0,SOLVER_EXCEPTION,0.0,0,True,True
1455.02,-0.04019233276965834,-2.499988022558433,-8.95988613033118e-06,2.8219419578337062e-05,0,nan,nan,nan,3.0,-0.4999928524467564,-5.423561606932026e-05,2.9999717805804216,0.0,-1.0,SOLVER_EXCEPTION,0.0,0,True,True
1455.115,-0.04026815237235809,-2.499988004867516,-8.977306913920653e-06,2.8171985035296266e-05,0,nan,nan,nan,3.0,-0.4999928306701299,-5.42535777778852e-05,2.9999718280149645,0.0,-1.0,SOLVER_EXCEPTION,0.0,0,True,True
1455.216,-0.040346311859979944,-2.4999879866279078,-8.995265617530427e-06,2.8123664412504067e-05,0,nan,nan,nan,3.0,-0.4999928086741237,-5.4271718354481635e-05,2.9999718763355876,0.0,-1.0,SOLVER_EXCEPTION,0.0,0,True,True
1455.315,-0.040424466282973776,-2.4999879683868858,-9.013224686852564e-06,2.8075972630174363e-05,0,nan,nan,nan,3.0,-0.4999927884193562,-5.428842098531561e-05,2.9999719240273697,0.0,-1.0,SOLVER_EXCEPTION,0.0,0,True,True
1455.42,-0.04050261570472275,-2.499987950144871,-9.03118815292221e-06,2.8029100147326588e-05,0,nan,nan,nan,3.0,-0.49999276511391194,-5.43076361831929e-05,2.9999719708998525,0.0,-1.0,SOLVER_EXCEPTION,0.0,0,True,True
1455.518,-0.04058232302753176,-2.4999879315362894,-9.049506528258044e-06,2.798170208865281e-05,0,nan,nan,nan,3.0,-0.49999274333231924,-5.432559851969998e-05,2.9999720182979113,0.0,-1.0,SOLVER_EXCEPTION,0.0,0,True,True
1455.615,-0.04065889979406813,-2.4999879136565464,-9.067109679939033e-06,2.7936877067614423e-05,0,nan,nan,nan,3.0,-0.4999927215495001,-5.4343557780001106e-05,2.9999720631229323,0.0,-1.0,SOLVER_EXCEPTION,0.0,0,True,True
1455.719,-0.0407393785544483,-2.499987894863299,-9.08560943300852e-06,2.7890277931357252e-05,0,nan,nan,nan,3.0,-0.49999270020177755,-5.4361161547333836e-05,2.999972109722069,0.0,-1.0,SOLVER_EXCEPTION,0.0,0,True,True
1455.822,-0.040819852271579006,-2.499987876068318,-9.104108330508848e-06,2.7844260703990527e-05,0,nan,nan,nan,3.0,-0.49999267885224347,-5.437876128189245e-05,2.999972155739296,0.0,-1.0,SOLVER_EXCEPTION,0.0,0,True,True
1455.919,-0.04089485241756953,-2.499987858549309,-9.121350007546188e-06,2.7801911871065422e-05,0,nan,nan,nan,3.0,-0.49999265619496,-5.439744233104449e-05,2.999972198088129,0.0,-1.0,SOLVER_EXCEPTION,0.0,0,True,True
1456.016,-0.04097219184371249,-2.4999878404815927,-9.139130122124432e-06,2.7758743904247712e-05,0,nan,nan,nan,3.0,-0.4999926350615304,-5.4414864366414406e-05,2.9999722412560956,0.0,-1.0,SOLVER_EXCEPTION,0.0,0,True,True
1456.116,-0.041050307920631725,-2.4999878222300285,-9.157092534262862e-06,2.7715837272326772e-05,0,nan,nan,nan,3.0,-0.49999261218370483,-5.4433722593838496e-05,2.9999722841627277,0.0,-1.0,SOLVER_EXCEPTION,0.0,0,True,True
1456.217,-0.04112920056913793,-2.4999878037946437,-9.175233546802226e-06,2.7672998410929485e-05,0,nan,nan,nan,3.0,-0.4999925912654901,-5.4450963210772585e-05,2.999972327001589,0.0,-1.0,SOLVER_EXCEPTION,0.0,0,True,True
1456.319,-0.04120886971140469,-2.4999877851752905,-9.193551496772029e-06,2.7630139164253134e-05,0,nan,nan,nan,3.0,-0.4999925692572837,-5.4469103949461584e-05,2.999972369860836,0.0,-1.0,SOLVER_EXCEPTION,0.0,0,True,True
1456.421,-0.041288534268423424,-2.49998776655432,-9.211873093857424e-06,2.758804565798806e-05,0,nan,nan,nan,3.0,-0.4999925472472483,-5.4487244776968424e-05,2.999972411954342,0.0,-1.0,SOLVER_EXCEPTION,0.0,0,True,True
1456.513,-0.04136038469034953,-2.4999877497576364,-9.228395423110012e-06,2.755039157052093e-05,0,nan,nan,nan,3.0,-0.4999925256720816,-5.4505025482320946e-05,2.9999724496084297,0.0,-1.0,SOLVER_EXCEPTION,0.0,0,True,True
1456.618,-0.0414423834435996,-2.499987730586479,-9.247254496460428e-06,2.7508030334968778e-05,0,nan,nan,nan,3.0,-0.4999925027882969,-5.452388455573498e-05,2.999972491969665,0.0,-1.0,SOLVER_EXCEPTION,0.0,0,True,True
1456.715,-0.041516568757990514,-2.49998771323957,-9.264317917229473e-06,2.7470231479233154e-05,0,nan,nan,nan,3.0,-0.49999248208252706,-5.454094797663345e-05,2.9999725297685207,0.0,-1.0,SOLVER_EXCEPTION,0.0,0,True,True
1456.823,-0.0416024628175077,-2.4999876931516254,-9.284074235442366e-06,2.74269945330804e-05,0,nan,nan,nan,3.0,-0.4999924602859306,-5.455891053118833e-05,2.9999725730054667,0.0,-1.0,SOLVER_EXCEPTION,0.0,0,True,True
1456.919,-0.04167664002063643,-2.499987675802188,-9.301137248813022e-06,2.7390132203782688e-05,0,nan,nan,nan,3.0,-0.49999243826994083,-5.457704823896847e-05,2.9999726098677963,0.0,-1.0,SOLVER_EXCEPTION,0.0,0,True,True
1457.018,-0.0417547173031718,-2.4999876575382096,-9.319100156899111e-06,2.73519252133566e-05,0,nan,nan,nan,3.0,-0.49999241581641235,-5.459554825915092e-05,2.999972648074787,0.0,-1.0,SOLVER_EXCEPTION,0.0,0,True,True
1457.119,-0.04182966769691366,-2.499987640003279,-9.336340726739195e-06,2.7315502424900063e-05,0,nan,nan,nan,3.0,-0.49999239488828806,-5.461279212903847e-05,2.999972684497575,0.0,-1.0,SOLVER_EXCEPTION,0.0,0,True,True
1457.218,-0.041903053063193155,-2.4999876228329807,-9.35322536261845e-06,2.728041154614804e-05,0,nan,nan,nan,3.0,-0.4999923741772309,-5.462985542203924e-05,2.999972719588454,0.0,-1.0,SOLVER_EXCEPTION,0.0,0,True,True
1457.315,-0.041985802599448,-2.4999876034686728,-9.372262734277639e-06,2.7241234366865317e-05,0,nan,nan,nan,3.0,-0.49999235106630285,-5.464889279371832e-05,2.999972758765633,0.0,-1.0,SOLVER_EXCEPTION,0.0,0,True,True
1457.417,-0.04206464479042852,-2.499987585016691,-9.390404188695615e-06,2.7204488326332407e-05,0,nan,nan,nan,3.0,-0.49999232926269793,-5.466685569688323e-05,2.9999727955116735,0.0,-1.0,SOLVER_EXCEPTION,0.0,0,True,True
1457.516,-0.042143483065313916,-2.4999875665635383,-9.408545318828403e-06,2.716817810925254e-05,0,nan,nan,nan,3.0,-0.4999923074579235,-5.4684816206407305e-05,2.9999728318218906,0.0,-1.0,SOLVER_EXCEPTION,0.0,0,True,True
1457.622,-0.042222317473607614,-2.4999875481085496,-9.42668535945716e-06,2.713228613850295e-05,0,nan,nan,nan,3.0,-0.4999922856518907,-5.470277882713148e-05,2.9999728677138613,0.0,-1.0,SOLVER_EXCEPTION,0.0,0,True,True
1457.72,-0.04230192854615947,-2.4999875294696823,-9.4450075032098e-06,2.7096630461600897e-05,0,nan,nan,nan,3.0,-0.4999922638443914,-5.472073836276792e-05,2.9999729033695384,0.0,-1.0,SOLVER_EXCEPTION,0.0,0,True,True
1457.82,-0.042379974885313164,-2.499987511194882,-9.462967873843607e-06,2.7061985306864423e-05,0,nan,nan,nan,3.0,-0.49999224203607545,-5.473870113181789e-05,2.999972938014693,0.0,-1.0,SOLVER_EXCEPTION,0.0,0,True,True
1457.919,-0.04245489593784674,-2.4999874936496256,-9.4802122519772e-06,2.70292722722453e-05,0,nan,nan,nan,3.0,-0.49999222066240334,-5.475630119411434e-05,2.9999729707277276,0.0,-1.0,SOLVER_EXCEPTION,0.0,0,True,True
1458.016,-0.042533715543234395,-2.4999874751890143,-9.498352512380403e-06,2.699517607795268e-05,0,nan,nan,nan,3.0,-0.49999219841519615,-5.477462333081107e-05,2.999973004823922,0.0,-1.0,SOLVER_EXCEPTION,0.0,0,True,True
1458.116,-0.04261097084060158,-2.4999874570928577,-9.51613487489192e-06,2.6962233416460023e-05,0,nan,nan,nan,3.0,-0.49999217660291834,-5.479258303875412e-05,2.9999730377665834,0.0,-1.0,SOLVER_EXCEPTION,0.0,0,True,True
1458.215,-0.042689002997285744,-2.499987438812441,-9.534094071481455e-06,2.6929222331381234e-05,0,nan,nan,nan,3.0,-0.49999215522616,-5.481018759301293e-05,2.999973070777669,0.0,-1.0,SOLVER_EXCEPTION,0.0,0,True,True
1458.315,-0.042766251413202505,-2.4999874207133512,-9.551876340312158e-06,2.6897111012223787e-05,0,nan,nan,nan,3.0,-0.49999213297488926,-5.4828506399928756e-05,2.9999731028889878,0.0,-1.0,SOLVER_EXCEPTION,0.0,0,True,True
1458.419,-0.04284817788090148,-2.4999874015156185,-9.570737426046162e-06,2.6863568345027498e-05,0,nan,nan,nan,3.0,-0.49999211115866654,-5.48464663756576e-05,2.999973136431655,0.0,-1.0,SOLVER_EXCEPTION,0.0,0,True,True
1458.516,-0.04292151841031125,-2.499987384328209,-9.587618758302909e-06,2.6833672360743784e-05,0,nan,nan,nan,3.0,-0.4999920895597809,-5.486424881784302e-05,2.9999731663276394,0.0,-1.0,SOLVER_EXCEPTION,0.0,0,True,True
1458.619,-0.043003437851032104,-2.49998736512767,-9.606478198160133e-06,2.6800879885576194e-05,0,nan,nan,nan,3.0,-0.4999920679594201,-5.488202995618252e-05,2.9999731991201144,0.0,-1.0,SOLVER_EXCEPTION,0.0,0,True,True
1458.716,-0.04307989271307172,-2.499987347206239,-9.624082195038309e-06,2.6770740807451274e-05,0,nan,nan,nan,3.0,-0.4999920461398639,-5.489999349794772e-05,2.9999732292591927,0.0,-1.0,SOLVER_EXCEPTION,0.0,0,True,True
1458.817,-0.04315712454920011,-2.4999873291006973,-9.641864299819475e-06,2.6740578040907516e-05,0,nan,nan,nan,3.0,-0.49999202431931666,-5.491795428991253e-05,2.9999732594219592,0.0,-1.0,SOLVER_EXCEPTION,0.0,0,True,True
1458.92,-0.04323825358659399,-2.4999873100789833,-9.660542733417042e-06,2.670922300305009e-05,0,nan,nan,nan,3.0,-0.49999200271542577,-5.493573566361931e-05,2.999973290776997,0.0,-1.0,SOLVER_EXCEPTION,0.0,0,True,True
1459.017,-0.043313918918268884,-2.4999872923362565,-9.677966017557932e-06,2.6680458905252288e-05,0,nan,nan,nan,3.0,-0.4999919802376525,-5.4954236807347456e-05,2.9999733195410947,0.0,-1.0,SOLVER_EXCEPTION,0.0,0,True,True
1459.118,-0.04339036130683649,-2.499987274409646,-9.695569774216279e-06,2.6651781734014015e-05,0,nan,nan,nan,3.0,-0.4999919590680987,-5.497165996404263e-05,2.999973348218266,0.0,-1.0,SOLVER_EXCEPTION,0.0,0,True,True
1459.219,-0.04346914065423647,-2.4999872559325773,-9.713711540705772e-06,2.662255888600697e-05,0,nan,nan,nan,3.0,-0.49999193636965944,-5.49903416002806e-05,2.999973377441114,0.0,-1.0,SOLVER_EXCEPTION,0.0,0,True,True
1459.315,-0.043547136932510354,-2.4999872376368786,-9.73167152473403e-06,2.6593890669969338e-05,0,nan,nan,nan,3.0,-0.49999191497906004,-5.500794233403994e-05,2.99997340610933,0.0,-1.0,SOLVER_EXCEPTION,0.0,0,True,True
1459.424,-0.04362435027120116,-2.4999872195231254,-9.749453994116106e-06,2.6565964001116726e-05,0,nan,nan,nan,3.0,-0.49999189293283913,-5.5026084053722e-05,2.999973434035999,0.0,-1.0,SOLVER_EXCEPTION,0.0,0,True,True
1459.517,-0.04370390034910774,-2.4999872008589787,-9.767776423721843e-06,2.653760224063176e-05,0,nan,nan,nan,3.0,-0.4999918711035448,-5.504404725220624e-05,2.9999734623977594,0.0,-1.0,SOLVER_EXCEPTION,0.0,0,True,True
1459.618,-0.043782667503758775,-2.499987182376093,-9.785917135874272e-06,2.65097915567513e-05,0,nan,nan,nan,3.0,-0.4999918503642355,-5.506111027120397e-05,2.9999734902084434,0.0,-1.0,SOLVER_EXCEPTION,0.0,0,True,True
1459.718,-0.043861431690880096,-2.4999871638917552,-9.804055776537788e-06,2.64822160677445e-05,0,nan,nan,nan,3.0,-0.49999182744080234,-5.5079970750604446e-05,2.9999735177839324,0.0,-1.0,SOLVER_EXCEPTION,0.0,0,True,True
1459.817,-0.04393863334733007,-2.499987145771994,-9.821838742372349e-06,2.645572577707139e-05,0,nan,nan,nan,3.0,-0.49999180560761075,-5.509793041058586e-05,2.999973544274223,0.0,-1.0,SOLVER_EXCEPTION,0.0,0,True,True
1459.919,-0.04401739176839206,-2.499987127284848,-9.839980064404608e-06,2.6429001357844288e-05,0,nan,nan,nan,3.0,-0.4999917842094286,-5.51155315435814e-05,2.9999735709986424,0.0,-1.0,SOLVER_EXCEPTION,0.0,0,True,True
1460.016,-0.04409302835398292,-2.4999871095288233,-9.857403492054088e-06,2.6403663353446566e-05,0,nan,nan,nan,3.0,-0.49999176193684003,-5.513385487931899e-05,2.9999735963366465,0.0,-1.0,SOLVER_EXCEPTION,0.0,0,True,True
1460.118,-0.04417022177266988,-2.499987091405553,-9.87518618172508e-06,2.6378114592674953e-05,0,nan,nan,nan,3.0,-0.49999174053680323,-5.515145683565592e-05,2.9999736218854074,0.0,-1.0,SOLVER_EXCEPTION,0.0,0,True,True
1460.218,-0.044249751585107654,-2.4999870727314963,-9.893509175405508e-06,2.63522160351861e-05,0,nan,nan,nan,3.0,-0.4999917191353788,-5.5169061196735925e-05,2.999973647783965,0.0,-1.0,SOLVER_EXCEPTION,0.0,0,True,True
1460.318,-0.04432849892790237,-2.499987054239059,-9.91165023710836e-06,2.6326777753165028e-05,0,nan,nan,nan,3.0,-0.49999169729575627,-5.518702152373933e-05,2.9999736732222466,0.0,-1.0,SOLVER_EXCEPTION,0.0,0,True,True
1460.417,-0.044406463917071815,-2.4999870359285907,-9.929611404473397e-06,2.6301872508610416e-05,0,nan,nan,nan,3.0,-0.4999916745820509,-5.520570370842748e-05,2.9999736981274916,0.0,-1.0,SOLVER_EXCEPTION,0.0,0,True,True
1460.517,-0.044482867054431004,-2.49998701798268,-9.947215757649585e-06,2.6277916648766117e-05,0,nan,nan,nan,3.0,-0.49999165273987656,-5.5223663917303156e-05,2.999973722083351,0.0,-1.0,SOLVER_EXCEPTION,0.0,0,True,True
1460.632,-0.04457330019898855,-2.4999869967386963,-9.968050655710009e-06,2.624978523723169e-05,0,nan,nan,nan,3.0,-0.4999916308967336,-5.524162763981266e-05,2.999973750214763,0.0,-1.0,SOLVER_EXCEPTION,0.0,0,True,True
1460.718,-0.044641122793832345,-2.499986980805129,-9.983677411036122e-06,2.622897087867869e-05,0,nan,nan,nan,3.0,-0.4999916088341713,-5.525976977693858e-05,2.999973771029121,0.0,-1.0,SOLVER_EXCEPTION,0.0,0,True,True
1460.816,-0.04471751836479208,-2.499986962855166,-1.000128183342999e-05,2.6205914078212614e-05,0,nan,nan,nan,3.0,-0.4999915872068389,-5.527755264678191e-05,2.9999737940859217,0.0,-1.0,SOLVER_EXCEPTION,0.0,0,True,True
1460.916,-0.04479547055299296,-2.499986944537313,-1.0019242276722735e-05,2.6182514210093174e-05,0,nan,nan,nan,3.0,-0.49999156535959655,-5.52955130941335e-05,2.99997381748579,0.0,-1.0,SOLVER_EXCEPTION,0.0,0,True,True
1461.019,-0.04487497924062269,-2.499986925852207,-1.0037565121987752e-05,2.6159101893407714e-05,0,nan,nan,nan,3.0,-0.4999915435114136,-5.53134769525343e-05,2.9999738408981065,0.0,-1.0,SOLVER_EXCEPTION,0.0,0,True,True
1461.116,-0.04495136755044659,-2.4999869078979806,-1.00551661845281e-05,2.6136728101571637e-05,0,nan,nan,nan,3.0,-0.4999915214435156,-5.5331618901810486e-05,2.9999738632718986,0.0,-1.0,SOLVER_EXCEPTION,0.0,0,True,True
1461.222,-0.04503243016630728,-2.499986888842469,-1.0073846292295025e-05,2.611340415952644e-05,0,nan,nan,nan,3.0,-0.4999914989361066,-5.5350116906716096e-05,2.9999738865958405,0.0,-1.0,SOLVER_EXCEPTION,0.0,0,True,True
1461.318,-0.045108034326506716,-2.4999868710690416,-1.0091270341691162e-05,2.6091952344233464e-05,0,nan,nan,nan,3.0,-0.49999147795820903,-5.536736225231209e-05,2.999973908047656,0.0,-1.0,SOLVER_EXCEPTION,0.0,0,True,True
1461.415,-0.045184415667342714,-2.4999868531112464,-1.010887452472051e-05,2.6070554184770217e-05,0,nan,nan,nan,3.0,-0.4999914561049317,-5.538532377658001e-05,2.999973929445815,0.0,-1.0,SOLVER_EXCEPTION,0.0,0,True,True
1461.519,-0.045264691614859055,-2.49998683423554,-1.0127376573173267e-05,2.604835999593957e-05,0,nan,nan,nan,3.0,-0.49999143425023207,-5.540328796138638e-05,2.999973951640004,0.0,-1.0,SOLVER_EXCEPTION,0.0,0,True,True
1461.616,-0.045341068416239215,-2.499986816274653,-1.0144978044320525e-05,2.6027376896875444e-05,0,nan,nan,nan,3.0,-0.4999914128312578,-5.5420889439883325e-05,2.999973972623103,0.0,-1.0,SOLVER_EXCEPTION,0.0,0,True,True
1461.714,-0.04541744304568679,-2.499986798312777,-1.0162582545338801e-05,2.6006800373187622e-05,0,nan,nan,nan,3.0,-0.499991390537293,-5.543921260464657e-05,2.9999739931996268,0.0,-1.0,SOLVER_EXCEPTION,0.0,0,True,True
1461.814,-0.0454953741298229,-2.4999867799825934,-1.018054313222431e-05,2.5985899610540862e-05,0,nan,nan,nan,3.0,-0.49999136867865257,-5.5457173191442166e-05,2.9999740141003897,0.0,-1.0,SOLVER_EXCEPTION,0.0,0,True,True
1461.914,-0.04557408228591596,-2.499986761467875,-1.0198685764850728e-05,2.596519107411101e-05,0,nan,nan,nan,3.0,-0.49999134660029393,-5.5475315824171645e-05,2.999974034808926,0.0,-1.0,SOLVER_EXCEPTION,0.0,0,True,True
1462.019,-0.04565278822033741,-2.4999867429520806,-1.0216828374761828e-05,2.594472472020423e-05,0,nan,nan,nan,3.0,-0.4999913249580592,-5.549309929753221e-05,2.99997405527528,0.0,-1.0,SOLVER_EXCEPTION,0.0,0,True,True
1462.115,-0.04572993349236693,-2.499986724801048,-1.0234610350773575e-05,2.5924857096650866e-05,0,nan,nan,nan,3.0,-0.49999130287704957,-5.5511240410144325e-05,2.9999740751429034,0.0,-1.0,SOLVER_EXCEPTION,0.0,0,True,True
1462.221,-0.04581253117386413,-2.499986705365299,-1.0253652279928443e-05,2.59039973763026e-05,0,nan,nan,nan,3.0,-0.4999912816692404,-5.552866462643635e-05,2.9999740960026235,0.0,-1.0,SOLVER_EXCEPTION,0.0,0,True,True
1462.317,-0.045885776203633905,-2.499986688128329,-1.0270535400964108e-05,2.5885576840365825e-05,0,nan,nan,nan,3.0,-0.4999912593671151,-5.554698809540071e-05,2.9999741144231598,0.0,-1.0,SOLVER_EXCEPTION,0.0,0,True,True
1462.418,-0.04596525278360701,-2.49998666942313,-1.0288856595745242e-05,2.586587136682326e-05,0,nan,nan,nan,3.0,-0.49999123771983156,-5.556477133605853e-05,2.999974134128633,0.0,-1.0,SOLVER_EXCEPTION,0.0,0,True,True
1462.517,-0.046041610631067494,-2.49998665144995,-1.0306461761350718e-05,2.5847338076654675e-05,0,nan,nan,nan,3.0,-0.49999121563292026,-5.558290971308111e-05,2.9999741526619235,0.0,-1.0,SOLVER_EXCEPTION,0.0,0,True,True
1462.619,-0.04612186219717521,-2.499986632558251,-1.0324963257444093e-05,2.5828015722877038e-05,0,nan,nan,nan,3.0,-0.49999119376399387,-5.560087420741766e-05,2.999974171984277,0.0,-1.0,SOLVER_EXCEPTION,0.0,0,True,True
1462.715,-0.04619743698076066,-2.499986614766219,-1.0342387418379546e-05,2.581003505728572e-05,0,nan,nan,nan,3.0,-0.49999117167523843,-5.5619017477859245e-05,2.999974189964943,0.0,-1.0,SOLVER_EXCEPTION,0.0,0,True,True
1462.817,-0.04627690537371195,-2.499986596055265,-1.0360707802328994e-05,2.5791272889790013e-05,0,nan,nan,nan,3.0,-0.499991150022495,-5.563680110487468e-05,2.99997420872711,0.0,-1.0,SOLVER_EXCEPTION,0.0,0,True,True
1462.917,-0.04635481359929778,-2.4999865777100783,-1.0378672251041707e-05,2.577328674607287e-05,0,nan,nan,nan,3.0,-0.49999112814962043,-5.565476225966037e-05,2.999974226713254,0.0,-1.0,SOLVER_EXCEPTION,0.0,0,True,True
1463.015,-0.04642960368955846,-2.499986560096974,-1.0395914727244587e-05,2.5756057706454953e-05,0,nan,nan,nan,3.0,-0.49999110693167964,-5.567218542612551e-05,2.9999742439422934,0.0,-1.0,SOLVER_EXCEPTION,0.0,0,True,True
1463.117,-0.04650828721061644,-2.499986541565767,-1.0414057376431037e-05,2.5738240164182568e-05,0,nan,nan,nan,3.0,-0.4999910848379993,-5.569032815966324e-05,2.999974261759836,0.0,-1.0,SOLVER_EXCEPTION,0.0,0,True,True
1463.215,-0.04658696882144367,-2.499986523032835,-1.043220040784708e-05,2.5720686652245918e-05,0,nan,nan,nan,3.0,-0.4999910625239961,-5.570865191817376e-05,2.999974279313348,0.0,-1.0,SOLVER_EXCEPTION,0.0,0,True,True
1463.314,-0.046664090549989615,-2.49998650486552,-1.0449983104888898e-05,2.5703638720347108e-05,0,nan,nan,nan,3.0,-0.4999910406460383,-5.572661316444183e-05,2.9999742963612794,0.0,-1.0,SOLVER_EXCEPTION,0.0,0,True,True
1463.418,-0.046744326408699584,-2.499986485962987,-1.046848505608934e-05,2.568614768588743e-05,0,nan,nan,nan,3.0,-0.49999101942335433,-5.574403745045586e-05,2.9999743138523143,0.0,-1.0,SOLVER_EXCEPTION,0.0,0,True,True
1463.52,-0.04682378139393357,-2.4999864672422363,-1.048680884454508e-05,2.5669145395099024e-05,0,nan,nan,nan,3.0,-0.4999909968864853,-5.5762539681314394e-05,2.999974330854605,0.0,-1.0,SOLVER_EXCEPTION,0.0,0,True,True
1463.618,-0.04690011875323761,-2.4999864492540746,-1.050441079642355e-05,2.5652851098203223e-05,0,nan,nan,nan,3.0,-0.4999909750046632,-5.578050422450076e-05,2.999974347148902,0.0,-1.0,SOLVER_EXCEPTION,0.0,0,True,True
1463.715,-0.04697645442452381,-2.4999864312652127,-1.0522017221273597e-05,2.5636973123439346e-05,0,nan,nan,nan,3.0,-0.49999095312158104,-5.5798465447232104e-05,2.9999743630268765,0.0,-1.0,SOLVER_EXCEPTION,0.0,0,True,True
1463.815,-0.047054346248102404,-2.49998641290686,-1.0539978710746783e-05,2.5620765591594293e-05,0,nan,nan,nan,3.0,-0.4999909314560061,-5.581624907824434e-05,2.9999743792344082,0.0,-1.0,SOLVER_EXCEPTION,0.0,0,True,True
1463.919,-0.04713535192637344,-2.499986393812812,-1.0558659178877597e-05,2.560418102943932e-05,0,nan,nan,nan,3.0,-0.49999090935078816,-5.583439148981739e-05,2.9999743958189704,0.0,-1.0,SOLVER_EXCEPTION,0.0,0,True,True
1464.016,-0.047210903649433714,-2.499986376003003,-1.0576082795365782e-05,2.558890061572501e-05,0,nan,nan,nan,3.0,-0.49999088746340653,-5.5852353371577124e-05,2.9999744110993842,0.0,-1.0,SOLVER_EXCEPTION,0.0,0,True,True
1464.115,-0.04728956923645118,-2.4999863574577166,-1.059422588656175e-05,2.557322369017681e-05,0,nan,nan,nan,3.0,-0.4999908662319311,-5.586977782323643e-05,2.9999744267763098,0.0,-1.0,SOLVER_EXCEPTION,0.0,0,True,True
1464.221,-0.04736901198214957,-2.4999863387271932,-1.0612549964352771e-05,2.5557680663778897e-05,0,nan,nan,nan,3.0,-0.4999908439044972,-5.588810211154538e-05,2.999974442319336,0.0,-1.0,SOLVER_EXCEPTION,0.0,0,True,True
1464.317,-0.047445337729110824,-2.499986320729646,-1.063015223552301e-05,2.554276259253366e-05,0,nan,nan,nan,3.0,-0.49999082179472276,-5.5906245604919746e-05,2.9999744572374074,0.0,-1.0,SOLVER_EXCEPTION,0.0,0,True,True
1464.422,-0.047527113600561596,-2.499986301445565,-1.0649013810303264e-05,2.5527056087709416e-05,0,nan,nan,nan,3.0,-0.4999907996838755,-5.5924388804751146e-05,2.9999744729439124,0.0,-1.0,SOLVER_EXCEPTION,0.0,0,True,True
1464.517,-0.04760032098989397,-2.499986284179937,-1.066590077509938e-05,2.551328411450187e-05,0,nan,nan,nan,3.0,-0.49999077822778437,-5.594199082814555e-05,2.9999744867158853,0.0,-1.0,SOLVER_EXCEPTION,0.0,0,True,True
1464.619,-0.047680536005687904,-2.499986265260005,-1.0684403514040417e-05,2.5498305098143522e-05,0,nan,nan,nan,3.0,-0.49999075611382443,-5.5960133107824106e-05,2.999974501694902,0.0,-1.0,SOLVER_EXCEPTION,0.0,0,True,True
1464.718,-0.04775763432593033,-2.499986247073522,-1.0702187694221551e-05,2.548409075063391e-05,0,nan,nan,nan,3.0,-0.49999073421769963,-5.5978098064901616e-05,2.9999745159092495,0.0,-1.0,SOLVER_EXCEPTION,0.0,0,True,True
1464.815,-0.04783239490117759,-2.499986229436669,-1.0719430436677373e-05,2.5470326380250383e-05,0,nan,nan,nan,3.0,-0.49999071232030384,-5.59960604959997e-05,2.9999745296736195,0.0,-1.0,SOLVER_EXCEPTION,0.0,0,True,True
1464.922,-0.047914941418695185,-2.4999862099603942,-1.0738470386061382e-05,2.545541931867901e-05,0,nan,nan,nan,3.0,-0.49999069042133343,-5.6014025406003753e-05,2.9999745445806814,0.0,-1.0,SOLVER_EXCEPTION,0.0,0,True,True
1465.02,-0.047985805487441247,-2.499986193240254,-1.0754819149465824e-05,2.5442912201588295e-05,0,nan,nan,nan,3.0,-0.49999066917797436,-5.603144920884873e-05,2.9999745570877985,0.0,-1.0,SOLVER_EXCEPTION,0.0,0,True,True
1465.118,-0.04806912761171851,-2.4999861735776343,-1.0774038022033849e-05,2.5428183191513765e-05,0,nan,nan,nan,3.0,-0.499990646838217,-5.604977166262515e-05,2.9999745718168085,0.0,-1.0,SOLVER_EXCEPTION,0.0,0,True,True
1465.219,-0.04814699724972201,-2.4999861552002844,-1.0792003031148953e-05,2.541477217550592e-05,0,nan,nan,nan,3.0,-0.49999062493500346,-5.60677332841486e-05,2.9999745852278243,0.0,-1.0,SOLVER_EXCEPTION,0.0,0,True,True
1465.32,-0.048226422800617536,-2.499986136454024,-1.081032426293153e-05,2.5401099872715356e-05,0,nan,nan,nan,3.0,-0.4999906030307079,-5.608569874926417e-05,2.999974598900127,0.0,-1.0,SOLVER_EXCEPTION,0.0,0,True,True
1465.417,-0.04830039625088026,-2.499986118992935,-1.0827390098558226e-05,2.538862301971205e-05,0,nan,nan,nan,3.0,-0.49999058156316256,-5.610330136862629e-05,2.99997461137698,0.0,-1.0,SOLVER_EXCEPTION,0.0,0,True,True
1465.52,-0.04837748302720104,-2.49998610079562,-1.0845174156361723e-05,2.5375742347457628e-05,0,nan,nan,nan,3.0,-0.4999905589995017,-5.6121804215880644e-05,2.9999746242576526,0.0,-1.0,SOLVER_EXCEPTION,0.0,0,True,True
1465.618,-0.048456125714385276,-2.4999860822290025,-1.0863316790978816e-05,2.5362741316189992e-05,0,nan,nan,nan,3.0,-0.4999905370914403,-5.613976947271837e-05,2.999974637258684,0.0,-1.0,SOLVER_EXCEPTION,0.0,0,True,True
1465.716,-0.048527759423702965,-2.4999860653154853,-1.0879844810564007e-05,2.535116360303784e-05,0,nan,nan,nan,3.0,-0.4999905167153581,-5.6156474869784034e-05,2.999974648836397,0.0,-1.0,SOLVER_EXCEPTION,0.0,0,True,True
1465.823,-0.048618078559680096,-2.4999860439887525,-1.0900681825892249e-05,2.533656315419172e-05,0,nan,nan,nan,3.0,-0.4999904932712979,-5.6175696377280815e-05,2.999974663436846,0.0,-1.0,SOLVER_EXCEPTION,0.0,0,True,True
1465.916,-0.048690488296142774,-2.499986026888653,-1.0917387354497486e-05,2.5325046551165607e-05,0,nan,nan,nan,3.0,-0.49999047135896074,-5.61936581373601e-05,2.999974674953449,0.0,-1.0,SOLVER_EXCEPTION,0.0,0,True,True
1466.015,-0.04876756837839605,-2.499986008684111,-1.0935171894655261e-05,2.531299811261058e-05,0,nan,nan,nan,3.0,-0.4999904505410109,-5.621072410244565e-05,2.9999746870018873,0.0,-1.0,SOLVER_EXCEPTION,0.0,0,True,True
1466.117,-0.04884698288889242,-2.499985989926713,-1.0953496564614026e-05,2.530079522500361e-05,0,nan,nan,nan,3.0,-0.49999042753049217,-5.6229585419842465e-05,2.999974699204775,0.0,-1.0,SOLVER_EXCEPTION,0.0,0,True,True
1466.217,-0.048924060402019735,-2.4999859717191715,-1.0971277639137834e-05,2.528883938563491e-05,0,nan,nan,nan,3.0,-0.4999904056147105,-5.624755157018768e-05,2.9999747111606143,0.0,-1.0,SOLVER_EXCEPTION,0.0,0,True,True
1466.315,-0.04900113667346712,-2.4999859535101145,-1.098906146656265e-05,2.527721784293667e-05,0,nan,nan,nan,3.0,-0.4999903836965175,-5.626551397774904e-05,2.999974722782157,0.0,-1.0,SOLVER_EXCEPTION,0.0,0,True,True
1466.415,-0.04907899024822931,-2.499985935116181,-1.1007027293216559e-05,2.526574363571745e-05,0,nan,nan,nan,3.0,-0.49999036199660396,-5.628329782858543e-05,2.999974734256364,0.0,-1.0,SOLVER_EXCEPTION,0.0,0,True,True
1466.515,-0.049156842587464195,-2.49998591672114,-1.1024990593932069e-05,2.5254250217099863e-05,0,nan,nan,nan,3.0,-0.49999034007657744,-5.630126132682989e-05,2.9999747457497827,0.0,-1.0,SOLVER_EXCEPTION,0.0,0,True,True
1466.615,-0.04922924416768796,-2.4999858996121076,-1.1041695869586027e-05,2.524365829663345e-05,0,nan,nan,nan,3.0,-0.4999903192511153,-5.631832592900565e-05,2.9999747563417034,0.0,-1.0,SOLVER_EXCEPTION,0.0,0,True,True
1466.716,-0.04931254362102319,-2.4999858799261916,-1.1060918137396478e-05,2.5231765252945843e-05,0,nan,nan,nan,3.0,-0.49999029601296335,-5.6337369620074185e-05,2.999974768234747,0.0,-1.0,SOLVER_EXCEPTION,0.0,0,True,True
1466.817,-0.049391949308162535,-2.499985861159036,-1.1079243105739463e-05,2.5220607634931292e-05,0,nan,nan,nan,3.0,-0.4999902740887463,-5.635533191039599e-05,2.9999747793923652,0.0,-1.0,SOLVER_EXCEPTION,0.0,0,True,True
1466.915,-0.04946746142583377,-2.4999858433104016,-1.1096668277409303e-05,2.5210038074636025e-05,0,nan,nan,nan,3.0,-0.49999025238279554,-5.637311643358345e-05,2.9999747899619256,0.0,-1.0,SOLVER_EXCEPTION,0.0,0,True,True
1467.021,-0.04955075703213368,-2.4999858236198746,-1.1115889069057991e-05,2.519849273183769e-05,0,nan,nan,nan,3.0,-0.4999902311136685,-5.639054195061277e-05,2.999974801507268,0.0,-1.0,SOLVER_EXCEPTION,0.0,0,True,True
1467.117,-0.049625488422789535,-2.4999858059521074,-1.1133132756286372e-05,2.518821762705896e-05,0,nan,nan,nan,3.0,-0.49999020830850477,-5.6409226138143254e-05,2.999974811782373,0.0,-1.0,SOLVER_EXCEPTION,0.0,0,True,True
1467.219,-0.04970488938360544,-2.4999857871793725,-1.1151458575844209e-05,2.5177643535295344e-05,0,nan,nan,nan,3.0,-0.49999018637900855,-5.642718837295391e-05,2.9999748223564646,0.0,-1.0,SOLVER_EXCEPTION,0.0,0,True,True
1467.32,-0.04978351075897875,-2.4999857685878855,-1.1169598812071175e-05,2.516702725028683e-05,0,nan,nan,nan,3.0,-0.4999901648869188,-5.6444794536147924e-05,2.99997483297275,0.0,-1.0,SOLVER_EXCEPTION,0.0,0,True,True
1467.415,-0.04985512529013436,-2.499985751653181,-1.1186126772203786e-05,2.5157663101395248e-05,0,nan,nan,nan,3.0,-0.499990142954401,-5.64627568317988e-05,2.999974842336899,0.0,-1.0,SOLVER_EXCEPTION,0.0,0,True,True
1467.518,-0.04993763654186391,-2.4999857321386836,-1.1205168137954376e-05,2.5146972019742747e-05,0,nan,nan,nan,3.0,-0.4999901210204289,-5.648071943475941e-05,2.99997485302798,0.0,-1.0,SOLVER_EXCEPTION,0.0,0,True,True
1467.617,-0.050012362670241124,-2.499985714464875,-1.1222416093477999e-05,2.5137517640637213e-05,0,nan,nan,nan,3.0,-0.4999900988661075,-5.649886416092542e-05,2.9999748624823592,0.0,-1.0,SOLVER_EXCEPTION,0.0,0,True,True
1467.72,-0.05009409325255877,-2.4999856951322714,-1.1241278170790889e-05,2.5127173085808115e-05,0,nan,nan,nan,3.0,-0.4999900767104461,-5.651700877207233e-05,2.999974872826914,0.0,-1.0,SOLVER_EXCEPTION,0.0,0,True,True
1467.815,-0.050168038973527396,-2.499985677639419,-1.125834465085386e-05,2.51179764465799e-05,0,nan,nan,nan,3.0,-0.49999005543083463,-5.653443339159736e-05,2.9999748820235532,0.0,-1.0,SOLVER_EXCEPTION,0.0,0,True,True
1467.92,-0.050250545727578776,-2.499985658120104,-1.1277384872135618e-05,2.5107680219473432e-05,0,nan,nan,nan,3.0,-0.4999900317375575,-5.65538375840724e-05,2.9999748923197807,0.0,-1.0,SOLVER_EXCEPTION,0.0,0,True,True
1468.018,-0.05032526783408929,-2.499985640440411,-1.1294632002286668e-05,2.5098673821258236e-05,0,nan,nan,nan,3.0,-0.4999900108939361,-5.6570902762675956e-05,2.999974901326179,0.0,-1.0,SOLVER_EXCEPTION,0.0,0,True,True
1468.118,-0.050404659052749004,-2.4999856216543224,-1.1312953895744152e-05,2.5089039460830992e-05,0,nan,nan,nan,3.0,-0.49998998895212804,-5.6588865359863405e-05,2.9999749109605394,0.0,-1.0,SOLVER_EXCEPTION,0.0,0,True,True
1468.219,-0.05048249257381643,-2.4999856032354373,-1.1330919881295043e-05,2.5079895673736877e-05,0,nan,nan,nan,3.0,-0.49998996722857053,-5.660665057671821e-05,2.9999749201043264,0.0,-1.0,SOLVER_EXCEPTION,0.0,0,True,True
1468.321,-0.05056188175116306,-2.499985584446793,-1.1349242631285886e-05,2.5070525759664855e-05,0,nan,nan,nan,3.0,-0.499989946162139,-5.6623898030405684e-05,2.99997492947424,0.0,-1.0,SOLVER_EXCEPTION,0.0,0,True,True
1468.415,-0.05063504343072551,-2.499985567130315,-1.1366130723344687e-05,2.5062151560186234e-05,0,nan,nan,nan,3.0,-0.4999899235584083,-5.6642401502493556e-05,2.9999749378484397,0.0,-1.0,SOLVER_EXCEPTION,0.0,0,True,True
1468.516,-0.05071443067642983,-2.499985548338373,-1.1384452608065374e-05,2.5052989589633647e-05,0,nan,nan,nan,3.0,-0.4999899029279184,-5.665928623965755e-05,2.9999749470104105,0.0,-1.0,SOLVER_EXCEPTION,0.0,0,True,True
1468.621,-0.050794595227418866,-2.4999855293606474,-1.140295755395165e-05,2.5044065836744127e-05,0,nan,nan,nan,3.0,-0.49998988097967867,-5.667725229274723e-05,2.9999749559341633,0.0,-1.0,SOLVER_EXCEPTION,0.0,0,True,True
1468.716,-0.0508700890905903,-2.499985511487481,-1.1420382117954924e-05,2.5035590399015386e-05,0,nan,nan,nan,3.0,-0.49998985727361817,-5.669665267227231e-05,2.999974964409601,0.0,-1.0,SOLVER_EXCEPTION,0.0,0,True,True
1468.821,-0.05095180827151163,-2.499985492138821,-1.1439245732398285e-05,2.5026658088244754e-05,0,nan,nan,nan,3.0,-0.49998983598100943,-5.671407873064638e-05,2.999974973341912,0.0,-1.0,SOLVER_EXCEPTION,0.0,0,True,True
1468.916,-0.05102574380607489,-2.4999854746312815,-1.1456311328542312e-05,2.5018599833502015e-05,0,nan,nan,nan,3.0,-0.4999898138088283,-5.673222261481925e-05,2.9999749814001664,0.0,-1.0,SOLVER_EXCEPTION,0.0,0,True,True
1469.018,-0.05110356980566034,-2.4999854562013253,-1.1474275416987047e-05,2.501022144154446e-05,0,nan,nan,nan,3.0,-0.49998979141601724,-5.675054502773946e-05,2.9999749897785586,0.0,-1.0,SOLVER_EXCEPTION,0.0,0,True,True
1469.117,-0.05118217316153843,-2.4999854375855555,-1.149241865725803e-05,2.5001823873715584e-05,0,nan,nan,nan,3.0,-0.49998976990036925,-5.67681527376962e-05,2.999974998176126,0.0,-1.0,SOLVER_EXCEPTION,0.0,0,True,True
1469.216,-0.051259219144952135,-2.4999854193368845,-1.1510204143118794e-05,2.4993799669048393e-05,0,nan,nan,nan,3.0,-0.4999897477241975,-5.678629632388521e-05,2.999975006200331,0.0,-1.0,SOLVER_EXCEPTION,0.0,0,True,True
1469.316,-0.051336264277452755,-2.499985401086853,-1.1527988521675958e-05,2.4985810775673343e-05,0,nan,nan,nan,3.0,-0.4999897257662113,-5.680425926302135e-05,2.9999750141892245,0.0,-1.0,SOLVER_EXCEPTION,0.0,0,True,True
1469.418,-0.05141564323209681,-2.4999853822829374,-1.1546315114354443e-05,2.4977837633307e-05,0,nan,nan,nan,3.0,-0.499989703807381,-5.682222678160542e-05,2.9999750221623667,0.0,-1.0,SOLVER_EXCEPTION,0.0,0,True,True
1469.514,-0.0514903520317673,-2.49998536458309,-1.1563559352953327e-05,2.4970211156214207e-05,0,nan,nan,nan,3.0,-0.4999896818467541,-5.684018941254365e-05,2.999975029788844,0.0,-1.0,SOLVER_EXCEPTION,0.0,0,True,True
1469.619,-0.0515697292871253,-2.499985345775787,-1.1581884943826373e-05,2.4962406581897e-05,0,nan,nan,nan,3.0,-0.4999896594455162,-5.685851500336625e-05,2.999975037593418,0.0,-1.0,SOLVER_EXCEPTION,0.0,0,True,True
1469.718,-0.05164677109576022,-2.4999853275197466,-1.1599666313557721e-05,2.495464348655364e-05,0,nan,nan,nan,3.0,-0.4999896377012825,-5.687629637307623e-05,2.9999750453565133,0.0,-1.0,SOLVER_EXCEPTION,0.0,0,True,True
1469.815,-0.0517253684810851,-2.4999853088939874,-1.1617811648438557e-05,2.494708363426587e-05,0,nan,nan,nan,3.0,-0.4999896168355238,-5.689336648062593e-05,2.9999750529163656,0.0,-1.0,SOLVER_EXCEPTION,0.0,0,True,True
1469.916,-0.05180085232541618,-2.4999852910045486,-1.16352380179506e-05,2.4939881059069448e-05,0,nan,nan,nan,3.0,-0.4999895944295986,-5.691168938826152e-05,2.999975060118941,0.0,-1.0,SOLVER_EXCEPTION,0.0,0,True,True
1470.024,-0.05188645165628495,-2.4999852707163805,-1.1655001520707345e-05,2.4931917155569968e-05,0,nan,nan,nan,3.0,-0.49998957158330565,-5.693037161025316e-05,2.9999750680828443,0.0,-1.0,SOLVER_EXCEPTION,0.0,0,True,True
1470.117,-0.05196037758686555,-2.499985253193141,-1.167206861040986e-05,2.4925048942891575e-05,0,nan,nan,nan,3.0,-0.4999895498343344,-5.6948157462155535e-05,2.999975074951057,0.0,-1.0,SOLVER_EXCEPTION,0.0,0,True,True
1470.217,-0.052037415444064365,-2.4999852349308327,-1.1689852939771813e-05,2.491787909450581e-05,0,nan,nan,nan,3.0,-0.49998952786467415,-5.696612369199272e-05,2.9999750821209057,0.0,-1.0,SOLVER_EXCEPTION,0.0,0,True,True
1470.321,-0.05210511475955601,-2.499985218880584,-1.1705482724060468e-05,2.4911738747199853e-05,0,nan,nan,nan,3.0,-0.49998950721119667,-5.6983008916766664e-05,2.9999750882612526,0.0,-1.0,SOLVER_EXCEPTION,0.0,0,True,True
1470.415,-0.05219226705852342,-2.4999851982171934,-1.1725602010981507e-05,2.490381170564343e-05,0,nan,nan,nan,3.0,-0.4999894839203071,-5.700205349556953e-05,2.9999750961882943,0.0,-1.0,SOLVER_EXCEPTION,0.0,0,True,True
1470.519,-0.05227319335454555,-2.4999851790284575,-1.1744287057968251e-05,2.489669185354551e-05,0,nan,nan,nan,3.0,-0.49998946194602883,-5.7020016823283726e-05,2.9999751033081465,0.0,-1.0,SOLVER_EXCEPTION,0.0,0,True,True
1470.615,-0.05234789384333983,-2.499985161313894,-1.1761531594994966e-05,2.4890039441549365e-05,0,nan,nan,nan,3.0,-0.49998944019048946,-5.7037802369208634e-05,2.9999751099605585,0.0,-1.0,SOLVER_EXCEPTION,0.0,0,True,True
1470.718,-0.05242804049699501,-2.4999851423059,-1.1780036522739764e-05,2.4883172017288023e-05,0,nan,nan,nan,3.0,-0.49998941909268657,-5.705505041309067e-05,2.999975116827983,0.0,-1.0,SOLVER_EXCEPTION,0.0,0,True,True
1470.817,-0.05250351771639701,-2.499985124404062,-1.1797462372527937e-05,2.4876728445103717e-05,0,nan,nan,nan,3.0,-0.49998939601475295,-5.707391153020325e-05,2.999975123271555,0.0,-1.0,SOLVER_EXCEPTION,0.0,0,True,True
1470.917,-0.05258055047853611,-2.4999851061321814,-1.1815248294359443e-05,2.48702462622979e-05,0,nan,nan,nan,3.0,-0.4999893740353339,-5.7091878353787706e-05,2.9999751297537376,0.0,-1.0,SOLVER_EXCEPTION,0.0,0,True,True
1471.023,-0.05266536353343468,-2.499985086013171,-1.1834831254623476e-05,2.486322757881312e-05,0,nan,nan,nan,3.0,-0.49998935271382333,-5.710930507962786e-05,2.999975136772421,0.0,-1.0,SOLVER_EXCEPTION,0.0,0,True,True
1471.115,-0.05273772631568541,-2.4999850688455676,-1.1851538145351578e-05,2.4857249790439783e-05,0,nan,nan,nan,3.0,-0.4999893300719185,-5.712780885636093e-05,2.9999751427502095,0.0,-1.0,SOLVER_EXCEPTION,0.0,0,True,True
1471.218,-0.052817091268456136,-2.4999850500154293,-1.186986097914315e-05,2.4850713008557575e-05,0,nan,nan,nan,3.0,-0.49998930896723387,-5.7145053561580283e-05,2.9999751492869913,0.0,-1.0,SOLVER_EXCEPTION,0.0,0,True,True
1471.319,-0.05289567744179075,-2.4999850313689533,-1.1888006119520792e-05,2.484439556177402e-05,0,nan,nan,nan,3.0,-0.4999892854439087,-5.716427689161918e-05,2.9999751556044383,0.0,-1.0,SOLVER_EXCEPTION,0.0,0,True,True
1471.418,-0.05297270679374592,-2.4999850130898085,-1.190579220709587e-05,2.4838325385380703e-05,0,nan,nan,nan,3.0,-0.4999892643368448,-5.718152507450114e-05,2.9999751616746146,0.0,-1.0,SOLVER_EXCEPTION,0.0,0,True,True
1471.518,-0.053050513565398895,-2.499984994624811,-1.1923759117940773e-05,2.4832332203026063e-05,0,nan,nan,nan,3.0,-0.4999892421291365,-5.7199670562724236e-05,2.999975167667797,0.0,-1.0,SOLVER_EXCEPTION,0.0,0,True,True
1471.624,-0.053132988034245945,-2.4999849750498835,-1.1942801112998826e-05,2.482590978740815e-05,0,nan,nan,nan,3.0,-0.49998922013979696,-5.721763418087278e-05,2.9999751740902125,0.0,-1.0,SOLVER_EXCEPTION,0.0,0,True,True
1471.717,-0.05320379101274191,-2.4999849582446654,-1.1959149358438862e-05,2.482047400935767e-05,0,nan,nan,nan,3.0,-0.49998920056803353,-5.7233622666519324e-05,2.9999751795259906,0.0,-1.0,SOLVER_EXCEPTION,0.0,0,True,True
1471.818,-0.05328315196954947,-2.4999849394052664,-1.1977472810644647e-05,2.481445347641669e-05,0,nan,nan,nan,3.0,-0.49998917681735017,-5.7253027722747873e-05,2.9999751855465235,0.0,-1.0,SOLVER_EXCEPTION,0.0,0,True,True
1471.923,-0.05336562443115978,-2.499984919826458,-1.1996518516731765e-05,2.4808478461157467e-05,0,nan,nan,nan,3.0,-0.4999891546034475,-5.7271168953931806e-05,2.9999751915215387,0.0,-1.0,SOLVER_EXCEPTION,0.0,0,True,True
1472.016,-0.053437981774030155,-2.4999849026472516,-1.2013225595077932e-05,2.4803126548118436e-05,0,nan,nan,nan,3.0,-0.4999891321686707,-5.728949616035095e-05,2.999975196873452,0.0,-1.0,SOLVER_EXCEPTION,0.0,0,True,True
1472.12,-0.05351811886072888,-2.499984883619993,-1.2031730374306904e-05,2.4797317440292422e-05,0,nan,nan,nan,3.0,-0.49998911061272844,-5.7307101538395244e-05,2.9999752026825597,0.0,-1.0,SOLVER_EXCEPTION,0.0,0,True,True
1472.219,-0.053595143225236494,-2.4999848653298877,-1.2049516775213231e-05,2.4791837156270748e-05,0,nan,nan,nan,3.0,-0.49998908861541896,-5.7325068771429954e-05,2.999975208162844,0.0,-1.0,SOLVER_EXCEPTION,0.0,0,True,True
1472.317,-0.0536713889916628,-2.4999848472230117,-1.206712125771132e-05,2.478635777436276e-05,0,nan,nan,nan,3.0,-0.4999890666165017,-5.734303262494578e-05,2.9999752136422257,0.0,-1.0,SOLVER_EXCEPTION,0.0,0,True,True
1472.417,-0.05374996822181362,-2.4999848285609025,-1.2085267068197927e-05,2.4780896365898864e-05,0,nan,nan,nan,3.0,-0.4999890446166154,-5.7360999915267996e-05,2.999975219103634,0.0,-1.0,SOLVER_EXCEPTION,0.0,0,True,True
1472.521,-0.05382932486360371,-2.499984809712505,-1.210359323287626e-05,2.47754757548478e-05,0,nan,nan,nan,3.0,-0.49998902217527175,-5.737932274874069e-05,2.999975224524245,0.0,-1.0,SOLVER_EXCEPTION,0.0,0,True,True
1472.615,-0.053902456927325426,-2.499984792340712,-1.2120479199579085e-05,2.4770407495713816e-05,0,nan,nan,nan,3.0,-0.49998900061251034,-5.739693068518292e-05,2.999975229592504,0.0,-1.0,SOLVER_EXCEPTION,0.0,0,True,True
1472.716,-0.053977144476308477,-2.4999847745982744,-1.2137727815412145e-05,2.4765478335757337e-05,0,nan,nan,nan,3.0,-0.4999889792683575,-5.741435787465221e-05,2.9999752345216644,0.0,-1.0,SOLVER_EXCEPTION,0.0,0,True,True
1472.816,-0.054060389366640725,-2.4999847548209977,-1.2156948493737855e-05,2.475980368334889e-05,0,nan,nan,nan,3.0,-0.4999889563824344,-5.7433040504761834e-05,2.9999752401963167,0.0,-1.0,SOLVER_EXCEPTION,0.0,0,True,True
1472.916,-0.05413818775843916,-2.4999847363362564,-1.2174915988476035e-05,2.4754814453046997e-05,0,nan,nan,nan,3.0,-0.4999889341551731,-5.745118641176106e-05,2.999975245185547,0.0,-1.0,SOLVER_EXCEPTION,0.0,0,True,True
1473.017,-0.05421287370198234,-2.4999847185895567,-1.2192161202511906e-05,2.474987459334225e-05,0,nan,nan,nan,3.0,-0.49998891258661493,-5.746879126178328e-05,2.9999752501254067,0.0,-1.0,SOLVER_EXCEPTION,0.0,0,True,True
1473.119,-0.054289893061830546,-2.499984700286859,-1.2209946923245186e-05,2.4744946713409295e-05,0,nan,nan,nan,3.0,-0.4999888910170464,-5.748639945890588e-05,2.9999752550532865,0.0,-1.0,SOLVER_EXCEPTION,0.0,0,True,True
1473.218,-0.05437313562273178,-2.499984680504425,-1.2229171231340304e-05,2.4739733345580213e-05,0,nan,nan,nan,3.0,-0.4999888681254804,-5.750508280977229e-05,2.9999752602666545,0.0,-1.0,SOLVER_EXCEPTION,0.0,0,True,True
1473.314,-0.05444782002596156,-2.4999846627538527,-1.2246419827502469e-05,2.473515510827413e-05,0,nan,nan,nan,3.0,-0.4999888467735584,-5.75225097803056e-05,2.999975264844892,0.0,-1.0,SOLVER_EXCEPTION,0.0,0,True,True
1473.418,-0.05452794963609944,-2.499984643707703,-1.2264925301098348e-05,2.4730249698286704e-05,0,nan,nan,nan,3.0,-0.49998882453964316,-5.754065477248105e-05,2.9999752697503017,0.0,-1.0,SOLVER_EXCEPTION,0.0,0,True,True
1473.517,-0.05460418895552469,-2.49998462558439,-1.2282530117340428e-05,2.4725526801931286e-05,0,nan,nan,nan,3.0,-0.4999888023042869,-5.755880084201692e-05,2.999975274473198,0.0,-1.0,SOLVER_EXCEPTION,0.0,0,True,True
1473.617,-0.05468276162407559,-2.499984606905348,-1.2300676099641795e-05,2.472082127692407e-05,0,nan,nan,nan,3.0,-0.49998878028786264,-5.7576768460965155e-05,2.999975279178723,0.0,-1.0,SOLVER_EXCEPTION,0.0,0,True,True
1473.718,-0.05476211172348631,-2.49998458803969,-1.2319002723101486e-05,2.4716186710158895e-05,0,nan,nan,nan,3.0,-0.4999887582699098,-5.7594732254084846e-05,2.99997528381329,0.0,-1.0,SOLVER_EXCEPTION,0.0,0,True,True
1473.818,-0.054839127506468154,-2.4999845697268013,-1.2336785233101437e-05,2.4711482160133706e-05,0,nan,nan,nan,3.0,-0.4999887364706286,-5.761251905145315e-05,2.99997528851784,0.0,-1.0,SOLVER_EXCEPTION,0.0,0,True,True
1473.916,-0.054915364882804636,-2.499984551598131,-1.2354393751968894e-05,2.4707193882933277e-05,0,nan,nan,nan,3.0,-0.49998871400903067,-5.76308428539285e-05,2.999975292806117,0.0,-1.0,SOLVER_EXCEPTION,0.0,0,True,True
1474.022,-0.054994713498931605,-2.499984532728223,-1.2372719285669847e-05,2.4702692831583962e-05,0,nan,nan,nan,3.0,-0.49998869330857576,-5.764773233440934e-05,2.9999752973071683,0.0,-1.0,SOLVER_EXCEPTION,0.0,0,True,True
1474.117,-0.05507017201924365,-2.4999845147818225,-1.2390145498667214e-05,2.4698386305289596e-05,0,nan,nan,nan,3.0,-0.49998866996330216,-5.7666775558296024e-05,2.9999753016136945,0.0,-1.0,SOLVER_EXCEPTION,0.0,0,True,True
1474.217,-0.055147185930892774,-2.499984496464071,-1.240793250867852e-05,2.4694138998332973e-05,0,nan,nan,nan,3.0,-0.4999886488194069,-5.768402452677179e-05,2.9999753058610015,0.0,-1.0,SOLVER_EXCEPTION,0.0,0,True,True
1474.317,-0.05522731103454183,-2.499984477404834,-1.2426437011557603e-05,2.4689708454356855e-05,0,nan,nan,nan,3.0,-0.4999886259120505,-5.7702707714657464e-05,2.999975310291546,0.0,-1.0,SOLVER_EXCEPTION,0.0,0,True,True
1474.418,-0.055304324026978186,-2.499984459084606,-1.2444224000150503e-05,2.46855497533136e-05,0,nan,nan,nan,3.0,-0.4999886038848389,-5.77206767204963e-05,2.999975314450247,0.0,-1.0,SOLVER_EXCEPTION,0.0,0,True,True
1474.52,-0.055385226088499606,-2.4999844398375735,-1.2462910196571271e-05,2.468127159243087e-05,0,nan,nan,nan,3.0,-0.49998858119505885,-5.773918092932817e-05,2.9999753187284077,0.0,-1.0,SOLVER_EXCEPTION,0.0,0,True,True
1474.618,-0.05546223818043858,-2.4999844215141955,-1.2480697268708057e-05,2.467723313709111e-05,0,nan,nan,nan,3.0,-0.49998855982547,-5.7756608677905774e-05,2.999975322766863,0.0,-1.0,SOLVER_EXCEPTION,0.0,0,True,True
1474.724,-0.05554469509429626,-2.4999844018931228,-1.2499740854796361e-05,2.4672928125586602e-05,0,nan,nan,nan,3.0,-0.4999885382341457,-5.77742138530013e-05,2.9999753270718745,0.0,-1.0,SOLVER_EXCEPTION,0.0,0,True,True
1474.819,-0.055617816855218404,-2.4999843844926786,-1.2516626759644864e-05,2.466900514463901e-05,0,nan,nan,nan,3.0,-0.4999885159806848,-5.7792359224873024e-05,2.9999753309948556,0.0,-1.0,SOLVER_EXCEPTION,0.0,0,True,True
1474.918,-0.05569560554686125,-2.4999843659799867,-1.2534594849878006e-05,2.4665156079160713e-05,0,nan,nan,nan,3.0,-0.49998849372559606,-5.7810505701638704e-05,2.9999753348439206,0.0,-1.0,SOLVER_EXCEPTION,0.0,0,True,True
1475.013,-0.055769504411739744,-2.499984348391734,-1.2551663158656687e-05,2.4661452521448576e-05,0,nan,nan,nan,3.0,-0.49998847190979995,-5.7828293217987436e-05,2.9999753385474786,0.0,-1.0,SOLVER_EXCEPTION,0.0,0,True,True
1475.118,-0.05585118166548592,-2.499984328950615,-1.2570527779237235e-05,2.465741268685691e-05,0,nan,nan,nan,3.0,-0.4999884496519875,-5.7846438986430826e-05,2.9999753425873132,0.0,-1.0,SOLVER_EXCEPTION,0.0,0,True,True
1475.216,-0.055927413358261076,-2.499984310804395,-1.2588134395631228e-05,2.4653644166708824e-05,0,nan,nan,nan,3.0,-0.4999884282746168,-5.786386710981972e-05,2.9999753463558334,0.0,-1.0,SOLVER_EXCEPTION,0.0,0,True,True
1475.314,-0.05600364465945858,-2.4999842926568454,-1.2605742768119087e-05,2.465000732756853e-05,0,nan,nan,nan,3.0,-0.4999884055738299,-5.788237282766673e-05,2.9999753499926722,0.0,-1.0,SOLVER_EXCEPTION,0.0,0,True,True
1475.424,-0.05608920994521936,-2.4999842722851855,-1.2625504121467266e-05,2.464581448930627e-05,0,nan,nan,nan,3.0,-0.4999883855158422,-5.7898721479432425e-05,2.9999753541855108,0.0,-1.0,SOLVER_EXCEPTION,0.0,0,True,True
1475.516,-0.056160773269426395,-2.499984255245869,-1.264203485733724e-05,2.4642537667260468e-05,0,nan,nan,nan,3.0,-0.49998836148942544,-5.7918305564452766e-05,2.9999753574623327,0.0,-1.0,SOLVER_EXCEPTION,0.0,0,True,True
1475.619,-0.05624011482755218,-2.499984236353141,-1.2660358922276271e-05,2.4638729847742975e-05,0,nan,nan,nan,3.0,-0.4999883396656675,-5.793609183069037e-05,2.999975361270152,0.0,-1.0,SOLVER_EXCEPTION,0.0,0,True,True
1475.72,-0.05631712242475697,-2.499984218014645,-1.2678146039039678e-05,2.463518676604697e-05,0,nan,nan,nan,3.0,-0.49998831784084014,-5.795387891049941e-05,2.999975364813234,0.0,-1.0,SOLVER_EXCEPTION,0.0,0,True,True
1475.824,-0.05639957458780617,-2.4999841983771085,-1.2697190054417308e-05,2.463145684128697e-05,0,nan,nan,nan,3.0,-0.49998829557334223,-5.797202561685921e-05,2.9999753685431587,0.0,-1.0,SOLVER_EXCEPTION,0.0,0,True,True
1475.917,-0.056472692188491685,-2.4999841809621346,-1.2714080051893846e-05,2.462825445184393e-05,0,nan,nan,nan,3.0,-0.49998827330361784,-5.7990168444543855e-05,2.999975371745548,0.0,-1.0,SOLVER_EXCEPTION,0.0,0,True,True
1476.016,-0.05654969866673423,-2.499984162619444,-1.2731866589052798e-05,2.4624822511141018e-05,0,nan,nan,nan,3.0,-0.49998825235666283,-5.800723690274623e-05,2.9999753751774887,0.0,-1.0,SOLVER_EXCEPTION,0.0,0,True,True
1476.117,-0.05662826045911339,-2.4999841439051598,-1.275001325137605e-05,2.4621386710544158e-05,0,nan,nan,nan,3.0,-0.4999882298645867,-5.802556511014245e-05,2.9999753786132897,0.0,-1.0,SOLVER_EXCEPTION,0.0,0,True,True
1476.22,-0.056706044046151954,-2.499984125374317,-1.276797827685593e-05,2.4617930736776148e-05,0,nan,nan,nan,3.0,-0.49998820715071296,-5.8044071566509814e-05,2.9999753820692634,0.0,-1.0,SOLVER_EXCEPTION,0.0,0,True,True
1476.318,-0.056782271612710364,-2.499984107212877,-1.278558725183938e-05,2.4614771046323603e-05,0,nan,nan,nan,3.0,-0.49998818597874106,-5.806131782692958e-05,2.9999753852289537,0.0,-1.0,SOLVER_EXCEPTION,0.0,0,True,True
1476.418,-0.05686238797341564,-2.49998408812347,-1.2804093597403797e-05,2.461142397583369e-05,0,nan,nan,nan,3.0,-0.49998816282087083,-5.808018233466328e-05,2.9999753885760243,0.0,-1.0,SOLVER_EXCEPTION,0.0,0,True,True
1476.519,-0.05693861484518212,-2.499984069959288,-1.2821698951788692e-05,2.460812076446475e-05,0,nan,nan,nan,3.0,-0.4999881416468611,-5.8097433067949567e-05,2.9999753918792353,0.0,-1.0,SOLVER_EXCEPTION,0.0,0,True,True
1476.619,-0.05701795266483846,-2.4999840510521785,-1.2840026632794036e-05,2.4604944803253886e-05,0,nan,nan,nan,3.0,-0.4999881191475887,-5.8115757277210633e-05,2.9999753950551966,0.0,-1.0,SOLVER_EXCEPTION,0.0,0,True,True
1476.717,-0.0570941788625119,-2.4999840328849663,-1.2857632379451973e-05,2.4601758627062964e-05,0,nan,nan,nan,3.0,-0.4999880970882414,-5.813372572793796e-05,2.999975398241373,0.0,-1.0,SOLVER_EXCEPTION,0.0,0,True,True
1476.818,-0.057172738176064664,-2.499984014159932,-1.2875780249965431e-05,2.459871644098751e-05,0,nan,nan,nan,3.0,-0.4999880748062571,-5.815186847257792e-05,2.999975401283559,0.0,-1.0,SOLVER_EXCEPTION,0.0,0,True,True
1476.919,-0.05725129714966286,-2.4999839954342047,-1.2893927407461504e-05,2.4595636569608306e-05,0,nan,nan,nan,3.0,-0.4999880527442136,-5.8169838477173386e-05,2.9999754043634304,0.0,-1.0,SOLVER_EXCEPTION,0.0,0,True,True
1477.017,-0.057328300174241606,-2.499983977077637,-1.291171417423502e-05,2.4592602943816593e-05,0,nan,nan,nan,3.0,-0.49998803068045705,-5.818780402888635e-05,2.999975407397056,0.0,-1.0,SOLVER_EXCEPTION,0.0,0,True,True
1477.116,-0.05740296946962782,-2.4999839592757693,-1.2928960655413935e-05,2.4589629732850394e-05,0,nan,nan,nan,3.0,-0.49998800861558984,-5.8205772679009726e-05,2.999975410370267,0.0,-1.0,SOLVER_EXCEPTION,0.0,0,True,True
1477.214,-0.0574815274714771,-2.4999839405456954,-1.2947107875830901e-05,2.4586673353421518e-05,0,nan,nan,nan,3.0,-0.49998798676983786,-5.82235593253877e-05,2.9999754133266467,0.0,-1.0,SOLVER_EXCEPTION,0.0,0,True,True
1477.316,-0.05756086294714856,-2.4999839216291475,-1.296543571264539e-05,2.458375167991119e-05,0,nan,nan,nan,3.0,-0.49998796470229184,-5.824152582123432e-05,2.99997541624832,0.0,-1.0,SOLVER_EXCEPTION,0.0,0,True,True
1477.419,-0.05763864250914901,-2.4999839030814512,-1.2983400865161263e-05,2.458074914596961e-05,0,nan,nan,nan,3.0,-0.49998794395750096,-5.8258416137046964e-05,2.999975419250854,0.0,-1.0,SOLVER_EXCEPTION,0.0,0,True,True
1477.519,-0.05771797734404777,-2.4999838841615856,-1.3001728900536386e-05,2.4577926110250705e-05,0,nan,nan,nan,3.0,-0.4999879203422235,-5.827764029531224e-05,2.9999754220738897,0.0,-1.0,SOLVER_EXCEPTION,0.0,0,True,True
1477.62,-0.05779031176971088,-2.4999838669097127,-1.3018438776830136e-05,2.4575344492325814e-05,0,nan,nan,nan,3.0,-0.49998789893243195,-5.829506883614499e-05,2.9999754246555077,0.0,-1.0,SOLVER_EXCEPTION,0.0,0,True,True
1477.716,-0.05786809043113988,-2.499983848357936,-1.3036404237424159e-05,2.4572467513647286e-05,0,nan,nan,nan,3.0,-0.4999878768590997,-5.8313034296819666e-05,2.9999754275324864,0.0,-1.0,SOLVER_EXCEPTION,0.0,0,True,True
1477.824,-0.05795597996040779,-2.499983827392696,-1.3056708686080797e-05,2.4569465664507993e-05,0,nan,nan,nan,3.0,-0.4999878536803916,-5.833190098503138e-05,2.9999754305343354,0.0,-1.0,SOLVER_EXCEPTION,0.0,0,True,True
1477.919,-0.058029091318397404,-2.499983809950993,-1.3073595964263894e-05,2.4566823222607102e-05,0,nan,nan,nan,3.0,-0.4999878320455806,-5.834950713712317e-05,2.999975433176777,0.0,-1.0,SOLVER_EXCEPTION,0.0,0,True,True
1478.019,-0.05810453574890139,-2.4999837919516033,-1.3091023498064538e-05,2.4564195028211873e-05,0,nan,nan,nan,3.0,-0.4999878099682395,-5.836747611098758e-05,2.9999754358049717,0.0,-1.0,SOLVER_EXCEPTION,0.0,0,True,True
1478.118,-0.058183868776791874,-2.4999837730237453,-1.310935308539167e-05,2.4561650182153628e-05,0,nan,nan,nan,3.0,-0.4999877878895396,-5.838544187941608e-05,2.999975438349818,0.0,-1.0,SOLVER_EXCEPTION,0.0,0,True,True
1478.216,-0.05826086819881003,-2.4999837546506534,-1.3127139701939476e-05,2.4558993827119203e-05,0,nan,nan,nan,3.0,-0.49998776580973786,-5.840341042784303e-05,2.999975441006173,0.0,-1.0,SOLVER_EXCEPTION,0.0,0,True,True
1478.318,-0.05833397850762463,-2.4999837372038103,-1.3144027133577486e-05,2.4556477692467156e-05,0,nan,nan,nan,3.0,-0.4999877446111318,-5.842065719319223e-05,2.9999754435223074,0.0,-1.0,SOLVER_EXCEPTION,0.0,0,True,True
1478.418,-0.05841719951982988,-2.4999837173430857,-1.3163252749394321e-05,2.4553777680231637e-05,0,nan,nan,nan,3.0,-0.4999877216450003,-5.843934485438851e-05,2.9999754462223196,0.0,-1.0,SOLVER_EXCEPTION,0.0,0,True,True
1478.517,-0.05849497588470866,-2.499983698780278,-1.3181221797953559e-05,2.4551353955227503e-05,0,nan,nan,nan,3.0,-0.49998769978154206,-5.8457133132794326e-05,2.999975448646045,0.0,-1.0,SOLVER_EXCEPTION,0.0,0,True,True
1478.617,-0.058572751980573955,-2.4999836802156317,-1.3199187553606918e-05,2.454877373189411e-05,0,nan,nan,nan,3.0,-0.49998767769591285,-5.847509862144662e-05,2.999975451226268,0.0,-1.0,SOLVER_EXCEPTION,0.0,0,True,True
1478.722,-0.05864430575407249,-2.4999836631355863,-1.3215718699283303e-05,2.4546573921885682e-05,0,nan,nan,nan,3.0,-0.499987656492336,-5.849234875876519e-05,2.999975453426078,0.0,-1.0,SOLVER_EXCEPTION,0.0,0,True,True
1478.82,-0.0587298588873957,-2.4999836427110713,-1.3235482512850216e-05,2.454393018948513e-05,0,nan,nan,nan,3.0,-0.49998763329850304,-5.8511212857048633e-05,2.9999754560698104,0.0,-1.0,SOLVER_EXCEPTION,0.0,0,True,True
1478.914,-0.058803745432023706,-2.499983625070821,-1.3252552029020231e-05,2.4541688286810777e-05,0,nan,nan,nan,3.0,-0.49998761165043504,-5.852882262935566e-05,2.999975458311713,0.0,-1.0,SOLVER_EXCEPTION,0.0,0,True,True
1479.019,-0.05888540923909232,-2.4999836055729316,-1.3271418395894698e-05,2.4539214909405318e-05,0,nan,nan,nan,3.0,-0.49998758911735786,-5.854714802744354e-05,2.9999754607850906,0.0,-1.0,SOLVER_EXCEPTION,0.0,0,True,True
1479.116,-0.058960850794327155,-2.4999835875585705,-1.3288846127929114e-05,2.453690835100006e-05,0,nan,nan,nan,3.0,-0.4999875672458731,-5.856493605760349e-05,2.999975463091649,0.0,-1.0,SOLVER_EXCEPTION,0.0,0,True,True
1479.216,-0.05903706985920343,-2.4999835693571573,-1.3306452663954723e-05,2.453455665917009e-05,0,nan,nan,nan,3.0,-0.499987544930872,-5.858308272355117e-05,2.999975465443341,0.0,-1.0,SOLVER_EXCEPTION,0.0,0,True,True
1479.316,-0.059116399655032216,-2.499983550411607,-1.3324781178663273e-05,2.453232776477856e-05,0,nan,nan,nan,3.0,-0.4999875239400479,-5.860015237191263e-05,2.999975467672235,0.0,-1.0,SOLVER_EXCEPTION,0.0,0,True,True
1479.418,-0.059195729197777894,-2.499983531464645,-1.3343107648862212e-05,2.4530001992739602e-05,0,nan,nan,nan,3.0,-0.4999874998547996,-5.861973770837636e-05,2.9999754699980072,0.0,-1.0,SOLVER_EXCEPTION,0.0,0,True,True
1479.515,-0.05927116980561847,-2.4999835134450428,-1.3360535323985175e-05,2.4527783485617768e-05,0,nan,nan,nan,3.0,-0.49998747886149697,-5.863680609774491e-05,2.9999754722165144,0.0,-1.0,SOLVER_EXCEPTION,0.0,0,True,True
1479.617,-0.059350498863867125,-2.499983494494258,-1.3378861436622103e-05,2.4525536695188064e-05,0,nan,nan,nan,3.0,-0.499987456540365,-5.865495427537226e-05,2.9999754744633047,0.0,-1.0,SOLVER_EXCEPTION,0.0,0,True,True
1479.715,-0.05942671674909577,-2.4999834762861837,-1.3396471710410687e-05,2.4523537005787174e-05,0,nan,nan,nan,3.0,-0.4999874351020845,-5.867238264434249e-05,2.999975476462994,0.0,-1.0,SOLVER_EXCEPTION,0.0,0,True,True
1479.818,-0.05950137895184565,-2.499983458448091,-1.3413718910241332e-05,2.4521388438859692e-05,0,nan,nan,nan,3.0,-0.4999874132206523,-5.86901714663135e-05,2.999975478611561,0.0,-1.0,SOLVER_EXCEPTION,0.0,0,True,True
1479.923,-0.05958848458901645,-2.499983437636464,-1.3433845617059963e-05,2.451915466973795e-05,0,nan,nan,nan,3.0,-0.49998739001212406,-5.870903828819607e-05,2.9999754808453303,0.0,-1.0,SOLVER_EXCEPTION,0.0,0,True,True
1480.02,-0.059663924064068764,-2.49998341960993,-1.3451273835013928e-05,2.4517099981040912e-05,0,nan,nan,nan,3.0,-0.49998736812809286,-5.8726825814758854e-05,2.999975482900019,0.0,-1.0,SOLVER_EXCEPTION,0.0,0,True,True
1480.115,-0.059737807882988284,-2.4999834019536817,-1.3468343729398144e-05,2.451518549265105e-05,0,nan,nan,nan,3.0,-0.4999873473475399,-5.8743713739595194e-05,2.9999754848145073,0.0,-1.0,SOLVER_EXCEPTION,0.0,0,True,True
1480.222,-0.059821024157229126,-2.499983382065344,-1.3487565628694305e-05,2.4512807412691365e-05,0,nan,nan,nan,3.0,-0.4999873239133128,-5.876276129068714e-05,2.999975487192587,0.0,-1.0,SOLVER_EXCEPTION,0.0,0,True,True
1480.315,-0.05989335211887508,-2.4999833647788217,-1.3504279459018187e-05,2.4511149552313377e-05,0,nan,nan,nan,3.0,-0.4999873033515801,-5.877947197552302e-05,2.9999754888504477,0.0,-1.0,SOLVER_EXCEPTION,0.0,0,True,True
1480.418,-0.059973457064281976,-2.4999833456310263,-1.3522783786420356e-05,2.450896580020739e-05,0,nan,nan,nan,3.0,-0.49998727969351214,-5.879869790881287e-05,2.9999754910341996,0.0,-1.0,SOLVER_EXCEPTION,0.0,0,True,True
1480.516,-0.06004500692260038,-2.4999833285278568,-1.3539315261061894e-05,2.450720800087235e-05,0,nan,nan,nan,3.0,-0.499987257580531,-5.8816664829208776e-05,2.9999754927919993,0.0,-1.0,SOLVER_EXCEPTION,0.0,0,True,True
1480.615,-0.060125889157936874,-2.4999833091910806,-1.3558001353181406e-05,2.4505208059399513e-05,0,nan,nan,nan,3.0,-0.49998723546672696,-5.883463141254097e-05,2.999975494791941,0.0,-1.0,SOLVER_EXCEPTION,0.0,0,True,True
1480.719,-0.060205993459256646,-2.4999832900395758,-1.3576508008996132e-05,2.450322941989621e-05,0,nan,nan,nan,3.0,-0.49998721335189017,-5.885260118221325e-05,2.9999754967705803,0.0,-1.0,SOLVER_EXCEPTION,0.0,0,True,True
1480.822,-0.06028765296126287,-2.4999832705152056,-1.3595374806232957e-05,2.450123645575142e-05,0,nan,nan,nan,3.0,-0.49998719145715553,-5.887039012097972e-05,2.9999754987635443,0.0,-1.0,SOLVER_EXCEPTION,0.0,0,True,True
1480.92,-0.06036309058972348,-2.499983252476368,-1.3612804311481723e-05,2.4499467598220883e-05,0,nan,nan,nan,3.0,-0.49998716911828,-5.888853703428509e-05,2.999975500532402,0.0,-1.0,SOLVER_EXCEPTION,0.0,0,True,True
1481.021,-0.06044163884950027,-2.499983233692224,-1.3630951387203556e-05,2.4497581820474164e-05,0,nan,nan,nan,3.0,-0.49998714699892177,-5.890650334228198e-05,2.9999755024181796,0.0,-1.0,SOLVER_EXCEPTION,0.0,0,True,True
1481.116,-0.06051629839593914,-2.4999832158369006,-1.364820243644248e-05,2.449593882080523e-05,0,nan,nan,nan,3.0,-0.4999871250996349,-5.892429234455321e-05,2.999975504061179,0.0,-1.0,SOLVER_EXCEPTION,0.0,0,True,True
1481.219,-0.06059329086606146,-2.4999831974222455,-1.3665991542664988e-05,2.4494196190196755e-05,0,nan,nan,nan,3.0,-0.4999871027565648,-5.894243965087753e-05,2.99997550580381,0.0,-1.0,SOLVER_EXCEPTION,0.0,0,True,True
1481.315,-0.060671060847366315,-2.4999831788197158,-1.368395798388034e-05,2.4492333310631525e-05,0,nan,nan,nan,3.0,-0.4999870808546645,-5.896022825302438e-05,2.999975507666689,0.0,-1.0,SOLVER_EXCEPTION,0.0,0,True,True
1481.415,-0.060748830639566695,-2.4999831602157494,-1.370192493629038e-05,2.449053571445382e-05,0,nan,nan,nan,3.0,-0.49998705983630665,-5.8977298644791176e-05,2.9999755094642855,0.0,-1.0,SOLVER_EXCEPTION,0.0,0,True,True
1481.519,-0.06082348946436722,-2.499983142355018,-1.371917586562144e-05,2.4488966868184894e-05,0,nan,nan,nan,3.0,-0.4999870372669191,-5.899562500744082e-05,2.999975511033132,0.0,-1.0,SOLVER_EXCEPTION,0.0,0,True,True
1481.616,-0.06090436966609349,-2.499983123004502,-1.3737861865652328e-05,2.4487151649897366e-05,0,nan,nan,nan,3.0,-0.49998701425458236,-5.9014314471195206e-05,2.99997551284835,0.0,-1.0,SOLVER_EXCEPTION,0.0,0,True,True
1481.72,-0.06098524967086948,-2.4999831036530185,-1.3756551429109885e-05,2.4485520974698206e-05,0,nan,nan,nan,3.0,-0.4999869921257805,-5.903228096615365e-05,2.999975514479025,0.0,-1.0,SOLVER_EXCEPTION,0.0,0,True,True
1481.817,-0.0610591302745173,-2.499983085974099,-1.3773620600627554e-05,2.4483908736450312e-05,0,nan,nan,nan,3.0,-0.4999869711020591,-5.904935116385346e-05,2.9999755160912636,0.0,-1.0,SOLVER_EXCEPTION,0.0,0,True,True
1481.919,-0.06113689915788145,-2.4999830673634387,-1.3791587291160528e-05,2.448217243219066e-05,0,nan,nan,nan,3.0,-0.49998694808544614,-5.906803992816734e-05,2.999975517827568,0.0,-1.0,SOLVER_EXCEPTION,0.0,0,True,True
1482.016,-0.061215445552086994,-2.4999830485652974,-1.3809735825102758e-05,2.4480570978646047e-05,0,nan,nan,nan,3.0,-0.49998692573091236,-5.908618727490378e-05,2.999975519429021,0.0,-1.0,SOLVER_EXCEPTION,0.0,0,True,True
1482.12,-0.0612963248229589,-2.4999830292069927,-1.3828421854129312e-05,2.4478854740869224e-05,0,nan,nan,nan,3.0,-0.49998690381792854,-5.9103976661312174e-05,2.999975521145259,0.0,-1.0,SOLVER_EXCEPTION,0.0,0,True,True
1482.216,-0.06137020476456451,-2.499983011523249,-1.3845491798581484e-05,2.4477326270001288e-05,0,nan,nan,nan,3.0,-0.4999868816821386,-5.912194304746876e-05,2.99997552267373,0.0,-1.0,SOLVER_EXCEPTION,0.0,0,True,True
1482.318,-0.06144797295954809,-2.499982992906765,-1.3863462613366267e-05,2.4475933150616845e-05,0,nan,nan,nan,3.0,-0.49998685998699416,-5.913955095371293e-05,2.9999755240668495,0.0,-1.0,SOLVER_EXCEPTION,0.0,0,True,True
1482.417,-0.06152651866723614,-2.4999829741028914,-1.3881610362555836e-05,2.4474367240355404e-05,0,nan,nan,nan,3.0,-0.4999868371840399,-5.915805961320686e-05,2.9999755256327596,0.0,-1.0,SOLVER_EXCEPTION,0.0,0,True,True
1482.512,-0.06160195349570179,-2.499982956042511,-1.3899040396090465e-05,2.447293000008809e-05,0,nan,nan,nan,3.0,-0.4999868154869389,-5.917567045532479e-05,2.9999755270699997,0.0,-1.0,SOLVER_EXCEPTION,0.0,0,True,True
1482.617,-0.06168360958090195,-2.4999829364917905,-1.3917908080016856e-05,2.447136597801603e-05,0,nan,nan,nan,3.0,-0.49998679312438826,-5.919381836028137e-05,2.999975528634022,0.0,-1.0,SOLVER_EXCEPTION,0.0,0,True,True
1482.717,-0.06176059944197808,-2.49998291805608,-1.3935696031565127e-05,2.4469843061201436e-05,0,nan,nan,nan,3.0,-0.4999867707603982,-5.9211966721761655e-05,2.999975530156939,0.0,-1.0,SOLVER_EXCEPTION,0.0,0,True,True
1482.822,-0.061842255185519356,-2.4999828985016714,-1.3954563644090444e-05,2.4468332245097194e-05,0,nan,nan,nan,3.0,-0.4999867492805701,-5.9229396876858686e-05,2.9999755316677548,0.0,-1.0,SOLVER_EXCEPTION,0.0,0,True,True
1482.923,-0.061920800071310324,-2.499982879689866,-1.3972708917227582e-05,2.4466743560175114e-05,0,nan,nan,nan,3.0,-0.49998672802052735,-5.924664495005061e-05,2.99997553325644,0.0,-1.0,SOLVER_EXCEPTION,0.0,0,True,True
1483.019,-0.06199545645034047,-2.4999828618090194,-1.3989960403074272e-05,2.4465456491048026e-05,0,nan,nan,nan,3.0,-0.4999867043233311,-5.9265870882896365e-05,2.999975534543509,0.0,-1.0,SOLVER_EXCEPTION,0.0,0,True,True
1483.118,-0.06207322336231471,-2.499982843181646,-1.4007928467182386e-05,2.4464008531620887e-05,0,nan,nan,nan,3.0,-0.49998668306117466,-5.9283123600817333e-05,2.9999755359914686,0.0,-1.0,SOLVER_EXCEPTION,0.0,0,True,True
1483.221,-0.06215254545730799,-2.4999828241804947,-1.4026258528523382e-05,2.446269809414502e-05,0,nan,nan,nan,3.0,-0.49998666091090666,-5.930109109941739e-05,2.9999755373019057,0.0,-1.0,SOLVER_EXCEPTION,0.0,0,True,True
1483.319,-0.06222797907070676,-2.499982806108949,-1.4043687494517288e-05,2.4461335015099902e-05,0,nan,nan,nan,3.0,-0.4999866383164283,-5.931941789771855e-05,2.999975538664985,0.0,-1.0,SOLVER_EXCEPTION,0.0,0,True,True
1483.415,-0.06230419020981623,-2.499982787849963,-1.4061295308514866e-05,2.44599150049053e-05,0,nan,nan,nan,3.0,-0.4999866157211464,-5.9337747926768714e-05,2.999975540084995,0.0,-1.0,SOLVER_EXCEPTION,0.0,0,True,True
1483.52,-0.06238584484707155,-2.4999827682856752,-1.4080163114943912e-05,2.4458520045751886e-05,0,nan,nan,nan,3.0,-0.49998659356713404,-5.93557151113977e-05,2.9999755414799543,0.0,-1.0,SOLVER_EXCEPTION,0.0,0,True,True
1483.619,-0.06246205569931819,-2.499982750024017,-1.4097773895449166e-05,2.4457290053024994e-05,0,nan,nan,nan,3.0,-0.4999865716335576,-5.937350451157286e-05,2.999975542709947,0.0,-1.0,SOLVER_EXCEPTION,0.0,0,True,True
1483.718,-0.06253982173502222,-2.499982731387953,-1.4115741058452143e-05,2.4455885036794437e-05,0,nan,nan,nan,3.0,-0.4999865492552147,-5.9391652391216354e-05,2.9999755441149634,0.0,-1.0,SOLVER_EXCEPTION,0.0,0,True,True
1483.826,-0.0626230312385448,-2.499982711445541,-1.4134969632237458e-05,2.4454655791570844e-05,0,nan,nan,nan,3.0,-0.4999865282048537,-5.940872330834068e-05,2.9999755453442085,0.0,-1.0,SOLVER_EXCEPTION,0.0,0,True,True
1483.917,-0.0626945757321353,-2.499982694297685,-1.4151498936298188e-05,2.4453362524083464e-05,0,nan,nan,nan,3.0,-0.4999865047151453,-5.942776932199578e-05,2.999975546637476,0.0,-1.0,SOLVER_EXCEPTION,0.0,0,True,True
1484.017,-0.06277156369971461,-2.4999826758442603,-1.4169289114518983e-05,2.4452174029847132e-05,0,nan,nan,nan,3.0,-0.499986482997453,-5.9445381001665965e-05,2.99997554782597,0.0,-1.0,SOLVER_EXCEPTION,0.0,0,True,True
1484.128,-0.0628571057313014,-2.4999826553391267,-1.418905650402798e-05,2.4450862600392694e-05,0,nan,nan,nan,3.0,-0.49998646216497217,-5.946226962105783e-05,2.9999755491373996,0.0,-1.0,SOLVER_EXCEPTION,0.0,0,True,True
1484.22,-0.0629294275053688,-2.4999826380009402,-1.4205766957322699e-05,2.4449697534783137e-05,0,nan,nan,nan,3.0,-0.4999864384498284,-5.9481497430624586e-05,2.9999755503024654,0.0,-1.0,SOLVER_EXCEPTION,0.0,0,True,True
1484.316,-0.06300485977252311,-2.4999826199161395,-1.4223197590295348e-05,2.4448555766864174e-05,0,nan,nan,nan,3.0,-0.49998641650641895,-5.9499286287234554e-05,2.999975551444233,0.0,-1.0,SOLVER_EXCEPTION,0.0,0,True,True
1484.419,-0.06308106956811191,-2.499982601643228,-1.4240805521679198e-05,2.444729268093086e-05,0,nan,nan,nan,3.0,-0.4999863943399894,-5.95172569552993e-05,2.999975552707319,0.0,-1.0,SOLVER_EXCEPTION,0.0,0,True,True
1484.518,-0.06316038983707845,-2.499982582623729,-1.4259135693626146e-05,2.444615997487795e-05,0,nan,nan,nan,3.0,-0.49998637195063467,-5.953540651226774e-05,2.999975553840025,0.0,-1.0,SOLVER_EXCEPTION,0.0,0,True,True
1484.616,-0.06323737703122821,-2.499982564161784,-1.427692534664419e-05,2.4445009883575712e-05,0,nan,nan,nan,3.0,-0.4999863497812822,-5.9553373462861714e-05,2.9999755549901166,0.0,-1.0,SOLVER_EXCEPTION,0.0,0,True,True
1484.717,-0.06331669704275318,-2.4999825451381565,-1.429525293169888e-05,2.4443810614070767e-05,0,nan,nan,nan,3.0,-0.49998632761007733,-5.957134112355433e-05,2.9999755561893857,0.0,-1.0,SOLVER_EXCEPTION,0.0,0,True,True
1484.819,-0.0633960169261082,-2.499982526113776,-1.4313580385353008e-05,2.4442607010956616e-05,0,nan,nan,nan,3.0,-0.49998630565929686,-5.958913183556902e-05,2.999975557392989,0.0,-1.0,SOLVER_EXCEPTION,0.0,0,True,True
1484.915,-0.06347067081835485,-2.4999825082073057,-1.4330832467904413e-05,2.4441620690738585e-05,0,nan,nan,nan,3.0,-0.49998628326404365,-5.960728051590536e-05,2.999975558379309,0.0,-1.0,SOLVER_EXCEPTION,0.0,0,True,True
1485.019,-0.06355076810047004,-2.4999824889940916,-1.434934116386287e-05,2.4440479202375074e-05,0,nan,nan,nan,3.0,-0.4999862619762047,-5.9624532577018385e-05,2.9999755595207978,0.0,-1.0,SOLVER_EXCEPTION,0.0,0,True,True
1485.118,-0.06362775468990511,-2.4999824705252163,-1.436713015339764e-05,2.443935130460299e-05,0,nan,nan,nan,3.0,-0.4999862389133688,-5.9643220048144485e-05,2.9999755606486955,0.0,-1.0,SOLVER_EXCEPTION,0.0,0,True,True
1485.219,-0.06370629644567444,-2.4999824516817,-1.4385279643323592e-05,2.4438291446699696e-05,0,nan,nan,nan,3.0,-0.4999862167356546,-5.966119091338484e-05,2.9999755617085535,0.0,-1.0,SOLVER_EXCEPTION,0.0,0,True,True
1485.317,-0.0637832828046401,-2.499982433209978,-1.4403068708590693e-05,2.4437199941570645e-05,0,nan,nan,nan,3.0,-0.49998619455645665,-5.967915860205508e-05,2.9999755628000586,0.0,-1.0,SOLVER_EXCEPTION,0.0,0,True,True
1485.414,-0.06386026905165366,-2.499982414736926,-1.4420858946177958e-05,2.443618792394012e-05,0,nan,nan,nan,3.0,-0.4999861725976903,-5.96969476540643e-05,2.999975563812076,0.0,-1.0,SOLVER_EXCEPTION,0.0,0,True,True
1485.514,-0.06394114337390447,-2.499982395328917,-1.4439546064960656e-05,2.443506317510049e-05,0,nan,nan,nan,3.0,-0.4999861504161995,-5.9714919725895044e-05,2.999975564936825,0.0,-1.0,SOLVER_EXCEPTION,0.0,0,True,True
1485.618,-0.06401735175963835,-2.4999823770395215,-1.4457154635563242e-05,2.4433980490280727e-05,0,nan,nan,nan,3.0,-0.49998612823225613,-5.973288802252341e-05,2.9999755660195095,0.0,-1.0,SOLVER_EXCEPTION,0.0,0,True,True
1485.717,-0.06409433767472374,-2.499982358562217,-1.4474944963341189e-05,2.443301454464556e-05,0,nan,nan,nan,3.0,-0.499986107156838,-5.974995801283356e-05,2.9999755669854555,0.0,-1.0,SOLVER_EXCEPTION,0.0,0,True,True
1485.817,-0.06417132348335862,-2.4999823400837027,-1.4492734282065269e-05,2.443199435581984e-05,0,nan,nan,nan,3.0,-0.499986083639375,-5.976900490933801e-05,2.9999755680056444,0.0,-1.0,SOLVER_EXCEPTION,0.0,0,True,True
1485.917,-0.06424753155401448,-2.4999823217904775,-1.4510346027793377e-05,2.4431118075044558e-05,0,nan,nan,nan,3.0,-0.49998606145204705,-5.978697608721717e-05,2.9999755688819247,0.0,-1.0,SOLVER_EXCEPTION,0.0,0,True,True
1486.02,-0.06432373952291635,-2.4999823034960387,-1.4527955762858463e-05,2.4430125783176174e-05,0,nan,nan,nan,3.0,-0.499986040150713,-5.9804225287951596e-05,2.9999755698742168,0.0,-1.0,SOLVER_EXCEPTION,0.0,0,True,True
1486.12,-0.06440694606810832,-2.499982283519736,-1.4547182170074229e-05,2.442901225191207e-05,0,nan,nan,nan,3.0,-0.4999860172950234,-5.982273405802374e-05,2.9999755709877483,0.0,-1.0,SOLVER_EXCEPTION,0.0,0,True,True
1486.218,-0.06448315382817595,-2.49998226522233,-1.4564794046612332e-05,2.442816918991352e-05,0,nan,nan,nan,3.0,-0.4999859951034623,-5.984070535980379e-05,2.99997557183081,0.0,-1.0,SOLVER_EXCEPTION,0.0,0,True,True
1486.318,-0.06456091674769947,-2.499982246549323,-1.458276273170358e-05,2.442721188606585e-05,0,nan,nan,nan,3.0,-0.49998597313221277,-5.98584957622883e-05,2.999975572788114,0.0,-1.0,SOLVER_EXCEPTION,0.0,0,True,True
1486.418,-0.0646386795665174,-2.4999822278754795,-1.4600731080388804e-05,2.442621747554159e-05,0,nan,nan,nan,3.0,-0.4999859509372741,-5.9876464218344694e-05,2.9999755737825247,0.0,-1.0,SOLVER_EXCEPTION,0.0,0,True,True
1486.518,-0.06471644228589025,-2.499982209200988,-1.4618703560229849e-05,2.44254395414561e-05,0,nan,nan,nan,3.0,-0.49998592829745137,-5.989479223833527e-05,2.9999755745604584,0.0,-1.0,SOLVER_EXCEPTION,0.0,0,True,True
1486.621,-0.06479653778419414,-2.499982189964147,-1.4637211699234557e-05,2.4424463844483793e-05,0,nan,nan,nan,3.0,-0.49998590610031196,-5.991276351346997e-05,2.9999755755361557,0.0,-1.0,SOLVER_EXCEPTION,0.0,0,True,True
1486.717,-0.06487196743126533,-2.4999821718466224,-1.4654642977438245e-05,2.442362995659059e-05,0,nan,nan,nan,3.0,-0.4999858841237174,-5.993055421349425e-05,2.9999755763700433,0.0,-1.0,SOLVER_EXCEPTION,0.0,0,True,True
1486.816,-0.06494895223589611,-2.4999821533540056,-1.4672432379367429e-05,2.442272272123281e-05,0,nan,nan,nan,3.0,-0.4999858617015784,-5.99487030248369e-05,2.999975577277279,0.0,-1.0,SOLVER_EXCEPTION,0.0,0,True,True
1486.917,-0.06502749219359734,-2.4999821344866886,-1.4690582595367675e-05,2.4421869075536138e-05,0,nan,nan,nan,3.0,-0.49998583927828727,-5.996685324038964e-05,2.9999755781309245,0.0,-1.0,SOLVER_EXCEPTION,0.0,0,True,True
1487.016,-0.0651052544341097,-2.4999821158046096,-1.4708550370015855e-05,2.4420878089782367e-05,0,nan,nan,nan,3.0,-0.49998581729762476,-5.998464373702106e-05,2.99997557912191,0.0,-1.0,SOLVER_EXCEPTION,0.0,0,True,True
1487.117,-0.06518301658241611,-2.4999820971204465,-1.4726519083003006e-05,2.4419980201433205e-05,0,nan,nan,nan,3.0,-0.49998579509322244,-6.000261171035248e-05,2.9999755800197985,0.0,-1.0,SOLVER_EXCEPTION,0.0,0,True,True
1487.215,-0.06525922339941051,-2.499982078809124,-1.4744131560254488e-05,2.4419288445105435e-05,0,nan,nan,nan,3.0,-0.4999857726646962,-6.0020761619483665e-05,2.999975580711555,0.0,-1.0,SOLVER_EXCEPTION,0.0,0,True,True
1487.332,-0.06535020489443012,-2.4999820569467626,-1.476515738978495e-05,2.4418354942564617e-05,0,nan,nan,nan,3.0,-0.4999857513457294,-6.0038010925467233e-05,2.9999755816450575,0.0,-1.0,SOLVER_EXCEPTION,0.0,0,True,True
1487.418,-0.06541630248557058,-2.4999820410616147,-1.4780431248305821e-05,2.4417651393917596e-05,0,nan,nan,nan,3.0,-0.4999857286933631,-6.005634239736324e-05,2.9999755823486063,0.0,-1.0,SOLVER_EXCEPTION,0.0,0,True,True
1487.523,-0.06549795236371483,-2.499982021438501,-1.4799300030277065e-05,2.441678241245861e-05,0,nan,nan,nan,3.0,-0.4999857053736119,-6.0075211349541746e-05,2.9999755832175876,0.0,-1.0,SOLVER_EXCEPTION,0.0,0,True,True
1487.619,-0.06557027074751222,-2.499982004056211,-1.481601265627952e-05,2.4416077441473252e-05,0,nan,nan,nan,3.0,-0.4999856840505423,-6.0092460755889476e-05,2.9999755839225584,0.0,-1.0,SOLVER_EXCEPTION,0.0,0,True,True
1487.716,-0.06564880998379923,-2.4999819851772664,-1.4834161768827314e-05,2.441524132296331e-05,0,nan,nan,nan,3.0,-0.4999856618379456,-6.011043243203673e-05,2.999975584758677,0.0,-1.0,SOLVER_EXCEPTION,0.0,0,True,True
1487.815,-0.06572579390408782,-2.4999819666708425,-1.4851952661461723e-05,2.4414504737913154e-05,0,nan,nan,nan,3.0,-0.49998563962365095,-6.0128400759751344e-05,2.999975585495262,0.0,-1.0,SOLVER_EXCEPTION,0.0,0,True,True
1487.918,-0.06580200012852264,-2.499981948349912,-1.486956169951364e-05,2.441365673369696e-05,0,nan,nan,nan,3.0,-0.4999856176303833,-6.014619175909175e-05,2.9999755863432664,0.0,-1.0,SOLVER_EXCEPTION,0.0,0,True,True
1488.017,-0.06588287195367362,-2.4999819289055774,-1.4888250025589092e-05,2.4412859529528806e-05,0,nan,nan,nan,3.0,-0.4999855956351634,-6.016398240538123e-05,2.9999755871404705,0.0,-1.0,SOLVER_EXCEPTION,0.0,0,True,True
1488.118,-0.06596063324107866,-2.4999819102081853,-1.4906221739823371e-05,2.4412189535640857e-05,0,nan,nan,nan,3.0,-0.4999855723062839,-6.0182851799428505e-05,2.9999755878104644,0.0,-1.0,SOLVER_EXCEPTION,0.0,0,True,True
1488.217,-0.06603761683653157,-2.499981891696368,-1.4924012899847245e-05,2.441149013434668e-05,0,nan,nan,nan,3.0,-0.49998555075326356,-6.0200283529265874e-05,2.999975588509866,0.0,-1.0,SOLVER_EXCEPTION,0.0,0,True,True
1488.319,-0.06611693318695071,-2.4999818726219347,-1.4942340817335729e-05,2.441064712242219e-05,0,nan,nan,nan,3.0,-0.4999855285320889,-6.0218252044386134e-05,2.9999755893528777,0.0,-1.0,SOLVER_EXCEPTION,0.0,0,True,True
1488.415,-0.06619158379529338,-2.4999818546683614,-1.4959593915167213e-05,2.4410049290567533e-05,0,nan,nan,nan,3.0,-0.49998550630979727,-6.0236223974552416e-05,2.9999755899507092,0.0,-1.0,SOLVER_EXCEPTION,0.0,0,True,True
1488.515,-0.0662701223792412,-2.499981835778287,-1.497774339153428e-05,2.440929062968774e-05,0,nan,nan,nan,3.0,-0.4999854840859114,-6.025419266109111e-05,2.9999755907093704,0.0,-1.0,SOLVER_EXCEPTION,0.0,0,True,True
1488.618,-0.06634788327671245,-2.4999818170738553,-1.4995712734408244e-05,2.4408518384426528e-05,0,nan,nan,nan,3.0,-0.4999854618609258,-6.027216418669212e-05,2.9999755914816157,0.0,-1.0,SOLVER_EXCEPTION,0.0,0,True,True
1488.718,-0.06642719931446882,-2.4999817979929966,-1.501404164572042e-05,2.440779326221775e-05,0,nan,nan,nan,3.0,-0.4999854403010803,-6.028959595605343e-05,2.999975592206738,0.0,-1.0,SOLVER_EXCEPTION,0.0,0,True,True
1488.815,-0.06650340484641697,-2.4999817796598784,-1.5031654527194607e-05,2.4407239018466866e-05,0,nan,nan,nan,3.0,-0.49998541740520996,-6.0308102546535736e-05,2.9999755927609817,0.0,-1.0,SOLVER_EXCEPTION,0.0,0,True,True
1488.917,-0.06658038791414597,-2.499981761138153,-1.5049444655744528e-05,2.4406542963315533e-05,0,nan,nan,nan,3.0,-0.49998539517584867,-6.0326074715177924e-05,2.999975593457037,0.0,-1.0,SOLVER_EXCEPTION,0.0,0,True,True
1489.02,-0.06666203654460091,-2.4999817414930616,-1.5068314308245917e-05,2.440586062368273e-05,0,nan,nan,nan,3.0,-0.499985372945058,-6.0344043634419364e-05,2.9999755941393764,0.0,-1.0,SOLVER_EXCEPTION,0.0,0,True,True
1489.117,-0.06673824186173144,-2.4999817231557495,-1.508592350528387e-05,2.4405090778584293e-05,0,nan,nan,nan,3.0,-0.49998535071343936,-6.03620167725083e-05,2.9999755949092215,0.0,-1.0,SOLVER_EXCEPTION,0.0,0,True,True
1489.215,-0.06681366950664781,-2.4999817050040964,-1.5103355324381611e-05,2.4404486435343152e-05,0,nan,nan,nan,3.0,-0.4999853287020054,-6.03798067553285e-05,2.9999755955135647,0.0,-1.0,SOLVER_EXCEPTION,0.0,0,True,True
1489.316,-0.06689298510355679,-2.4999816859155493,-1.51216869163786e-05,2.440391474789843e-05,0,nan,nan,nan,3.0,-0.49998530646682476,-6.039777561994697e-05,2.999975596085252,0.0,-1.0,SOLVER_EXCEPTION,0.0,0,True,True
1489.42,-0.06697385583431847,-2.499981666450377,-1.5140375583391169e-05,2.4403256396609446e-05,0,nan,nan,nan,3.0,-0.499985284007902,-6.04159263337678e-05,2.9999755967436035,0.0,-1.0,SOLVER_EXCEPTION,0.0,0,True,True
1489.517,-0.06704928327638776,-2.499981648294688,-1.515780664359333e-05,2.440262533916424e-05,0,nan,nan,nan,3.0,-0.49998526199191295,-6.043371744368642e-05,2.999975597374661,0.0,-1.0,SOLVER_EXCEPTION,0.0,0,True,True
1489.62,-0.06712782106116125,-2.499981629389237,-1.5175957334913201e-05,2.4402008250053758e-05,0,nan,nan,nan,3.0,-0.49998523953039575,-6.0451868576283374e-05,2.99997559799175,0.0,-1.0,SOLVER_EXCEPTION,0.0,0,True,True
1489.719,-0.06720558117732493,-2.4999816106692854,-1.5193926346157915e-05,2.440129201908752e-05,0,nan,nan,nan,3.0,-0.49998521751244057,-6.046966008232957e-05,2.999975598707981,0.0,-1.0,SOLVER_EXCEPTION,0.0,0,True,True
1489.818,-0.06728334122787481,-2.4999815919478943,-1.5211898558799415e-05,2.4400777812597984e-05,0,nan,nan,nan,3.0,-0.4999851950478647,-6.048780976852797e-05,2.9999755992221875,0.0,-1.0,SOLVER_EXCEPTION,0.0,0,True,True
1489.919,-0.067360323614093,-2.4999815734124358,-1.5229690184545789e-05,2.4400217360872103e-05,0,nan,nan,nan,3.0,-0.49998517302696394,-6.050560139181371e-05,2.999975599782639,0.0,-1.0,SOLVER_EXCEPTION,0.0,0,True,True
1490.02,-0.06743808353650549,-2.4999815546881368,-1.5247659241770004e-05,2.4399530318802017e-05,0,nan,nan,nan,3.0,-0.4999851507820509,-6.05235704531637e-05,2.999975600469681,0.0,-1.0,SOLVER_EXCEPTION,0.0,0,True,True
1490.118,-0.06751662099400546,-2.499981535775112,-1.5265810512818906e-05,2.4398992120057707e-05,0,nan,nan,nan,3.0,-0.4999851283132743,-6.054172029212879e-05,2.99997560100788,0.0,-1.0,SOLVER_EXCEPTION,0.0,0,True,True
1490.224,-0.06759749118077399,-2.4999815162986603,-1.5284498994726586e-05,2.4398346487199845e-05,0,nan,nan,nan,3.0,-0.49998510606559715,-6.05596904841299e-05,2.999975601653513,0.0,-1.0,SOLVER_EXCEPTION,0.0,0,True,True
1490.319,-0.06767214052481066,-2.4999814983194213,-1.5301752642147978e-05,2.439789859369882e-05,0,nan,nan,nan,3.0,-0.49998508381619666,-6.057766360934025e-05,2.999975602101406,0.0,-1.0,SOLVER_EXCEPTION,0.0,0,True,True
1490.422,-0.0677522329878528,-2.4999814790278854,-1.5320262198141307e-05,2.4397291648836792e-05,0,nan,nan,nan,3.0,-0.4999850615656602,-6.0595633098348145e-05,2.9999756027083513,0.0,-1.0,SOLVER_EXCEPTION,0.0,0,True,True
1490.517,-0.06782688221641547,-2.4999814610456275,-1.5337512443279256e-05,2.4396669372702152e-05,0,nan,nan,nan,3.0,-0.4999850397588853,-6.0613246133378595e-05,2.9999756033306273,0.0,-1.0,SOLVER_EXCEPTION,0.0,0,True,True
1490.617,-0.06790464177136667,-2.499981442313374,-1.5355485173736267e-05,2.4396211102827942e-05,0,nan,nan,nan,3.0,-0.4999850172833383,-6.0631396324506426e-05,2.999975603788897,0.0,-1.0,SOLVER_EXCEPTION,0.0,0,True,True
1490.718,-0.06798317886239977,-2.499981423392308,-1.537363606685027e-05,2.439565740833289e-05,0,nan,nan,nan,3.0,-0.49998499480645414,-6.064954746287654e-05,2.9999756043425916,0.0,-1.0,SOLVER_EXCEPTION,0.0,0,True,True
1490.82,-0.06806249348850632,-2.4999814042815,-1.5391965030185796e-05,2.4395047032151112e-05,0,nan,nan,nan,3.0,-0.499984972773004,-6.0667338957376415e-05,2.999975604952968,0.0,-1.0,SOLVER_EXCEPTION,0.0,0,True,True
1490.915,-0.06813636490054188,-2.499981386481862,-1.5409037594174624e-05,2.4394540852565476e-05,0,nan,nan,nan,3.0,-0.49998495029284556,-6.068548903304105e-05,2.9999756054591473,0.0,-1.0,SOLVER_EXCEPTION,0.0,0,True,True
1491.017,-0.06821567941257524,-2.499981367368109,-1.542736739639081e-05,2.4394020086319663e-05,0,nan,nan,nan,3.0,-0.4999849280332233,-6.07034590713873e-05,2.999975605979914,0.0,-1.0,SOLVER_EXCEPTION,0.0,0,True,True
1491.108,-0.06829965942098119,-2.4999813471300367,-1.5446778152482203e-05,2.439355749709863e-05,0,nan,nan,nan,3.0,-0.4999849071085272,-6.0720350022247516e-05,2.999975606442503,0.0,-1.0,SOLVER_EXCEPTION,0.0,0,True,True
1491.217,-0.06837042030419375,-2.4999813300753244,-1.5463132299863723e-05,2.439314249819831e-05,0,nan,nan,nan,3.0,-0.49998488373387795,-6.073922094884665e-05,2.9999756068575016,0.0,-1.0,SOLVER_EXCEPTION,0.0,0,True,True
1491.317,-0.0684489570559821,-2.49998131114579,-1.5481282321929503e-05,2.4392563146604022e-05,0,nan,nan,nan,3.0,-0.49998486147140814,-6.07571935677953e-05,2.9999756074368533,0.0,-1.0,SOLVER_EXCEPTION,0.0,0,True,True
1491.418,-0.0685274937530485,-2.4999812922145135,-1.5499433711007126e-05,2.4392087079146824e-05,0,nan,nan,nan,3.0,-0.4999848405426684,-6.077408467897172e-05,2.999975607912921,0.0,-1.0,SOLVER_EXCEPTION,0.0,0,True,True
1491.517,-0.0686044752155548,-2.4999812736565454,-1.5517224467781873e-05,2.4391572452065023e-05,0,nan,nan,nan,3.0,-0.4999848164957156,-6.079349510157428e-05,2.999975608427548,0.0,-1.0,SOLVER_EXCEPTION,0.0,0,True,True
1491.616,-0.06867990144727129,-2.4999812554723437,-1.553465710823218e-05,2.439113713467236e-05,0,nan,nan,nan,3.0,-0.4999847944511424,-6.081128716761697e-05,2.9999756088628655,0.0,-1.0,SOLVER_EXCEPTION,0.0,0,True,True
1491.721,-0.06876077075511818,-2.4999812359737126,-1.555334654099656e-05,2.439063882468897e-05,0,nan,nan,nan,3.0,-0.49998477240463096,-6.082907496463008e-05,2.9999756093611754,0.0,-1.0,SOLVER_EXCEPTION,0.0,0,True,True
1491.816,-0.06883697447548028,-2.4999812175993905,-1.5570956703116798e-05,2.439007862330697e-05,0,nan,nan,nan,3.0,-0.49998474991175273,-6.0847227300264706e-05,2.9999756099213766,0.0,-1.0,SOLVER_EXCEPTION,0.0,0,True,True
1491.92,-0.06891784367684095,-2.4999811980988347,-1.5589648501268442e-05,2.4389672448510594e-05,0,nan,nan,nan,3.0,-0.4999847276406027,-6.0865200227411265e-05,2.9999756103275517,0.0,-1.0,SOLVER_EXCEPTION,0.0,0,True,True
1492.018,-0.06899326971039572,-2.4999811799090357,-1.5607081169597487e-05,2.4389262853002283e-05,0,nan,nan,nan,3.0,-0.49998470536753786,-6.088316979990793e-05,2.999975610737147,0.0,-1.0,SOLVER_EXCEPTION,0.0,0,True,True
1492.118,-0.06906869569773738,-2.49998116171802,-1.5624512834420785e-05,2.4388789745784456e-05,0,nan,nan,nan,3.0,-0.49998468309352523,-6.0901142894032034e-05,2.999975611210254,0.0,-1.0,SOLVER_EXCEPTION,0.0,0,True,True
1492.219,-0.06915034233362831,-2.4999811420253355,-1.5643383374780343e-05,2.4388344161318548e-05,0,nan,nan,nan,3.0,-0.49998466104068945,-6.091893512882862e-05,2.9999756116558385,0.0,-1.0,SOLVER_EXCEPTION,0.0,0,True,True
1492.318,-0.069224990640229,-2.4999811240189413,-1.5660634200811075e-05,2.438783088604309e-05,0,nan,nan,nan,3.0,-0.49998463854078556,-6.0937085610834885e-05,2.999975612169114,0.0,-1.0,SOLVER_EXCEPTION,0.0,0,True,True
1492.417,-0.06930430441823421,-2.4999811048855474,-1.5678964048647994e-05,2.4387338976318554e-05,0,nan,nan,nan,3.0,-0.4999846162621507,-6.095505686509739e-05,2.9999756126610237,0.0,-1.0,SOLVER_EXCEPTION,0.0,0,True,True
1492.516,-0.06938050780622759,-2.499981086501434,-1.5696577648517723e-05,2.438700731058146e-05,0,nan,nan,nan,3.0,-0.49998459398188594,-6.097302681684624e-05,2.9999756129926896,0.0,-1.0,SOLVER_EXCEPTION,0.0,0,True,True
1492.621,-0.06946293182909692,-2.49998106661522,-1.571562618971131e-05,2.4386488958213362e-05,0,nan,nan,nan,3.0,-0.49998457170074495,-6.099100035372729e-05,2.9999756135110416,0.0,-1.0,SOLVER_EXCEPTION,0.0,0,True,True
1492.715,-0.06953446961878446,-2.499981049354084,-1.5732161576426763e-05,2.438619721718445e-05,0,nan,nan,nan,3.0,-0.49998454964091593,-6.100879163595252e-05,2.999975613802783,0.0,-1.0,SOLVER_EXCEPTION,0.0,0,True,True
1492.817,-0.0696145607946843,-2.4999810300278758,-1.5750672844868058e-05,2.4385801704482814e-05,0,nan,nan,nan,3.0,-0.4999845275796962,-6.102658397733052e-05,2.9999756141982954,0.0,-1.0,SOLVER_EXCEPTION,0.0,0,True,True
1492.924,-0.06969776225762254,-2.499981009949392,-1.5769899680587202e-05,2.4385178275934994e-05,0,nan,nan,nan,3.0,-0.4999845050715359,-6.104473477863692e-05,2.9999756148217243,0.0,-1.0,SOLVER_EXCEPTION,0.0,0,True,True
1493.019,-0.06977007750706436,-2.4999809924971124,-1.5786615758097527e-05,2.4384937755311238e-05,0,nan,nan,nan,3.0,-0.4999844834535493,-6.106216775014772e-05,2.9999756150622447,0.0,-1.0,SOLVER_EXCEPTION,0.0,0,True,True
1493.121,-0.06985094612876243,-2.499980972977816,-1.580530545030269e-05,2.438451594243834e-05,0,nan,nan,nan,3.0,-0.49998446049669665,-6.108067876953172e-05,2.9999756154840576,0.0,-1.0,SOLVER_EXCEPTION,0.0,0,True,True
1493.218,-0.06992637162847214,-2.499980954771811,-1.5822738726899475e-05,2.4384182309073886e-05,0,nan,nan,nan,3.0,-0.4999844379831741,-6.109882709637304e-05,2.999975615817691,0.0,-1.0,SOLVER_EXCEPTION,0.0,0,True,True
1493.318,-0.07000412983400882,-2.4999809360012937,-1.5840708919851124e-05,2.4383711029425245e-05,0,nan,nan,nan,3.0,-0.4999844156922237,-6.111680080778115e-05,2.9999756162889706,0.0,-1.0,SOLVER_EXCEPTION,0.0,0,True,True
1493.415,-0.07008033283497676,-2.4999809176049426,-1.5858322838243815e-05,2.4383428806577123e-05,0,nan,nan,nan,3.0,-0.4999843945142984,-6.113387435036088e-05,2.9999756165711933,0.0,-1.0,SOLVER_EXCEPTION,0.0,0,True,True
1493.521,-0.07016042370153344,-2.499980898268961,-1.5876834293660278e-05,2.4383043975892013e-05,0,nan,nan,nan,3.0,-0.49998437222051745,-6.11518446533843e-05,2.999975616956024,0.0,-1.0,SOLVER_EXCEPTION,0.0,0,True,True
1493.616,-0.07023662662189767,-2.4999808798697,-1.589444480374986e-05,2.438255936910802e-05,0,nan,nan,nan,3.0,-0.4999843492569998,-6.117035606978405e-05,2.9999756174406307,0.0,-1.0,SOLVER_EXCEPTION,0.0,0,True,True
1493.717,-0.07031516224437255,-2.499980860905621,-1.5912595596740048e-05,2.4382147072861263e-05,0,nan,nan,nan,3.0,-0.49998432651443064,-6.118868876336947e-05,2.999975617852927,0.0,-1.0,SOLVER_EXCEPTION,0.0,0,True,True
1493.817,-0.07039136508692027,-2.4999808425032666,-1.593020654653896e-05,2.4381710838066136e-05,0,nan,nan,nan,3.0,-0.49998430421613266,-6.120665891096166e-05,2.999975618289162,0.0,-1.0,SOLVER_EXCEPTION,0.0,0,True,True
1493.919,-0.0704699006301952,-2.4999808235362577,-1.5948359589669026e-05,2.4381463362428724e-05,0,nan,nan,nan,3.0,-0.4999842825852008,-6.122409145836727e-05,2.9999756185366375,0.0,-1.0,SOLVER_EXCEPTION,0.0,0,True,True
1494.018,-0.07054921371307686,-2.499980804380545,-1.5966692804268543e-05,2.4381209188048915e-05,0,nan,nan,nan,3.0,-0.4999842598379297,-6.124242173299876e-05,2.999975618790812,0.0,-1.0,SOLVER_EXCEPTION,0.0,0,True,True
1494.116,-0.07062541644156718,-2.4999807859745826,-1.5984303566244253e-05,2.4380759559960603e-05,0,nan,nan,nan,3.0,-0.4999842373128627,-6.126057428934573e-05,2.99997561924044,0.0,-1.0,SOLVER_EXCEPTION,0.0,0,True,True
1494.215,-0.07070161913384589,-2.499980767567484,-1.60019176013997e-05,2.4380483849945475e-05,0,nan,nan,nan,3.0,-0.49998421500971957,-6.127854766102558e-05,2.99997561951615,0.0,-1.0,SOLVER_EXCEPTION,0.0,0,True,True
1494.317,-0.07078015452418093,-2.4999807485951995,-1.6020069831985073e-05,2.438015682561617e-05,0,nan,nan,nan,3.0,-0.49998419270450073,-6.129651791253465e-05,2.999975619843174,0.0,-1.0,SOLVER_EXCEPTION,0.0,0,True,True
1494.415,-0.0708516916787592,-2.4999807313119,-1.6036602309614422e-05,2.4379759040971273e-05,0,nan,nan,nan,3.0,-0.4999841719593562,-6.13132323690202e-05,2.999975620240959,0.0,-1.0,SOLVER_EXCEPTION,0.0,0,True,True
1494.517,-0.07093800276999487,-2.4999807104575167,-1.605655149396443e-05,2.4379415340394173e-05,0,nan,nan,nan,3.0,-0.4999841480899445,-6.133246188344543e-05,2.9999756205846597,0.0,-1.0,SOLVER_EXCEPTION,0.0,0,True,True
1494.617,-0.07101498289517093,-2.4999806918566114,-1.60743446456266e-05,2.437914296441851e-05,0,nan,nan,nan,3.0,-0.49998412578000234,-6.135043287125441e-05,2.9999756208570356,0.0,-1.0,SOLVER_EXCEPTION,0.0,0,True,True
1494.715,-0.0710904078326504,-2.4999806736301777,-1.609177718726624e-05,2.437880719605341e-05,0,nan,nan,nan,3.0,-0.4999841034693712,-6.136840724657588e-05,2.999975621192804,0.0,-1.0,SOLVER_EXCEPTION,0.0,0,True,True
1494.822,-0.07117360849873154,-2.4999806535238536,-1.6111007876526063e-05,2.437845636319018e-05,0,nan,nan,nan,3.0,-0.49998408115764387,-6.138637879882225e-05,2.9999756215436366,0.0,-1.0,SOLVER_EXCEPTION,0.0,0,True,True
1494.914,-0.07124592306424897,-2.4999806360463217,-1.6127722514050206e-05,2.437819624967773e-05,0,nan,nan,nan,3.0,-0.49998405884430963,-6.140435257329102e-05,2.9999756218037503,0.0,-1.0,SOLVER_EXCEPTION,0.0,0,True,True
1495.017,-0.07132601335509482,-2.4999806166881027,-1.6146233233753092e-05,2.437783276902135e-05,0,nan,nan,nan,3.0,-0.4999840367524668,-6.142214439952554e-05,2.999975622167231,0.0,-1.0,SOLVER_EXCEPTION,0.0,0,True,True
1495.117,-0.07140377088485436,-2.4999805978921636,-1.6164203741784318e-05,2.4377429447499108e-05,0,nan,nan,nan,3.0,-0.49998401577491325,-6.143903653654803e-05,2.9999756225705525,0.0,-1.0,SOLVER_EXCEPTION,0.0,0,True,True
1495.219,-0.071481528381376,-2.499980579094453,-1.6182174995566898e-05,2.4377083935254337e-05,0,nan,nan,nan,3.0,-0.49998399211844685,-6.14580888527172e-05,2.9999756229160646,0.0,-1.0,SOLVER_EXCEPTION,0.0,0,True,True
1495.318,-0.07156006341954829,-2.499980560107974,-1.6200327938091634e-05,2.4376840399468378e-05,0,nan,nan,nan,3.0,-0.4999839695754784,-6.147623874941388e-05,2.9999756231596004,0.0,-1.0,SOLVER_EXCEPTION,0.0,0,True,True
1495.421,-0.07163937599880664,-2.499980540932328,-1.6218661348388837e-05,2.4376615734308665e-05,0,nan,nan,nan,3.0,-0.499983947924696,-6.149367254870697e-05,2.9999756233842656,0.0,-1.0,SOLVER_EXCEPTION,0.0,0,True,True
1495.515,-0.07171324552797331,-2.4999805230709757,-1.623573560826e-05,2.4376368296972538e-05,0,nan,nan,nan,3.0,-0.4999839247101775,-6.151236566775964e-05,2.9999756236317032,0.0,-1.0,SOLVER_EXCEPTION,0.0,0,True,True
1495.619,-0.07179411319036087,-2.499980503516141,-1.625442530369734e-05,2.437596611922376e-05,0,nan,nan,nan,3.0,-0.49998390261012066,-6.153015779153392e-05,2.9999756240338806,0.0,-1.0,SOLVER_EXCEPTION,0.0,0,True,True
1495.715,-0.0718679826601531,-2.4999804856520575,-1.627149842676467e-05,2.437565965444855e-05,0,nan,nan,nan,3.0,-0.4999838805086957,-6.15479510188699e-05,2.9999756243403457,0.0,-1.0,SOLVER_EXCEPTION,0.0,0,True,True
1495.818,-0.07195040540414586,-2.4999804657178344,-1.6290547779981495e-05,2.4375277167021976e-05,0,nan,nan,nan,3.0,-0.4999838577359114,-6.156628119624585e-05,2.999975624722833,0.0,-1.0,SOLVER_EXCEPTION,0.0,0,True,True
1495.922,-0.07202971782363596,-2.4999804465348325,-1.630888328246636e-05,2.4375207416248175e-05,0,nan,nan,nan,3.0,-0.49998383540808955,-6.158425229685349e-05,2.999975624792584,0.0,-1.0,SOLVER_EXCEPTION,0.0,0,True,True
1496.018,-0.0721043647781356,-2.4999804284785663,-1.6326135103760945e-05,2.4374841823064755e-05,0,nan,nan,nan,3.0,-0.4999838133023539,-6.16020460291189e-05,2.999975625158177,0.0,-1.0,SOLVER_EXCEPTION,0.0,0,True,True
1496.12,-0.07218367713733627,-2.499980409292689,-1.6344468783115202e-05,2.437465889661441e-05,0,nan,nan,nan,3.0,-0.4999837911952087,-6.161983826391548e-05,2.9999756253411034,0.0,-1.0,SOLVER_EXCEPTION,0.0,0,True,True
1496.217,-0.0722575464640748,-2.499980391421929,-1.636154207550967e-05,2.4374370502718614e-05,0,nan,nan,nan,3.0,-0.499983769980073,-6.163691271776628e-05,2.999975625629497,0.0,-1.0,SOLVER_EXCEPTION,0.0,0,True,True
1496.32,-0.07233685876476428,-2.4999803722330975,-1.6379872473480364e-05,2.4374003069726538e-05,0,nan,nan,nan,3.0,-0.4999837463073013,-6.165596558593833e-05,2.9999756259969304,0.0,-1.0,SOLVER_EXCEPTION,0.0,0,True,True
1496.419,-0.07241383832229319,-2.4999803536073713,-1.639766600422579e-05,2.4373770209739786e-05,0,nan,nan,nan,3.0,-0.49998372397276614,-6.167393659861631e-05,2.9999756262297903,0.0,-1.0,SOLVER_EXCEPTION,0.0,0,True,True
1496.517,-0.0724923729938978,-2.499980334603765,-1.641581775794047e-05,2.437347062777498e-05,0,nan,nan,nan,3.0,-0.4999837016369497,-6.169191087801451e-05,2.9999756265293724,0.0,-1.0,SOLVER_EXCEPTION,0.0,0,True,True
1496.618,-0.07257090763707814,-2.4999803155985303,-1.6433971204561397e-05,2.437327935644682e-05,0,nan,nan,nan,3.0,-0.49998368019300493,-6.170916299330642e-05,2.9999756267206434,0.0,-1.0,SOLVER_EXCEPTION,0.0,0,True,True
1496.715,-0.07264477683029118,-2.4999802977212444,-1.6451045761212825e-05,2.437306716966872e-05,0,nan,nan,nan,3.0,-0.49998365718384824,-6.172767582057759e-05,2.99997562693283,0.0,-1.0,SOLVER_EXCEPTION,0.0,0,True,True
1496.815,-0.07272097870916365,-2.499980279277888,-1.646865767508723e-05,2.4372752993296242e-05,0,nan,nan,nan,3.0,-0.4999836352903273,-6.174528773472687e-05,2.999975627247007,0.0,-1.0,SOLVER_EXCEPTION,0.0,0,True,True
1496.923,-0.07280806653917371,-2.49998025819875,-1.6488789098082723e-05,2.4372577469357603e-05,0,nan,nan,nan,3.0,-0.49998361317216056,-6.17630803092517e-05,2.9999756274225304,0.0,-1.0,SOLVER_EXCEPTION,0.0,0,True,True
1497.015,-0.07287727023753188,-2.4999802414465715,-1.6504784218946285e-05,2.4372334163807885e-05,0,nan,nan,nan,3.0,-0.4999835903826574,-6.178141427826134e-05,2.9999756276658363,0.0,-1.0,SOLVER_EXCEPTION,0.0,0,True,True
1497.115,-0.07295658231578057,-2.499980222246261,-1.652311481711736e-05,2.4371991768473374e-05,0,nan,nan,nan,3.0,-0.49998356781496034,-6.179956739371661e-05,2.9999756280082317,0.0,-1.0,SOLVER_EXCEPTION,0.0,0,True,True
1497.216,-0.07303589436713916,-2.4999802030449696,-1.6541449994283795e-05,2.4371895528525255e-05,0,nan,nan,nan,3.0,-0.49998354524583144,-6.181771947488812e-05,2.9999756281044716,0.0,-1.0,SOLVER_EXCEPTION,0.0,0,True,True
1497.313,-0.0731105409794562,-2.499980184971405,-1.655870203590987e-05,2.4371549928963442e-05,0,nan,nan,nan,3.0,-0.499983523345778,-6.183533209513925e-05,2.999975628450071,0.0,-1.0,SOLVER_EXCEPTION,0.0,0,True,True
1497.415,-0.07319063054809324,-2.4999801655778726,-1.6577214357939013e-05,2.437135430437047e-05,0,nan,nan,nan,3.0,-0.49998350054949436,-6.185366351374455e-05,2.9999756286456956,0.0,-1.0,SOLVER_EXCEPTION,0.0,0,True,True
1497.514,-0.0732676098173344,-2.499980146936743,-1.6595008350726336e-05,2.437118216915526e-05,0,nan,nan,nan,3.0,-0.49998347842288177,-6.187145637648328e-05,2.9999756288178308,0.0,-1.0,SOLVER_EXCEPTION,0.0,0,True,True
1497.618,-0.07334925447051908,-2.4999801271645863,-1.661387952460441e-05,2.4370912950242923e-05,0,nan,nan,nan,3.0,-0.4999834558481858,-6.188960980590963e-05,2.9999756290870496,0.0,-1.0,SOLVER_EXCEPTION,0.0,0,True,True
1497.718,-0.07342390098716567,-2.4999801090855356,-1.6631131968163408e-05,2.4370604870345372e-05,0,nan,nan,nan,3.0,-0.49998343349570223,-6.190758454449607e-05,2.99997562939513,0.0,-1.0,SOLVER_EXCEPTION,0.0,0,True,True
1497.818,-0.07350243531938806,-2.4999800900637164,-1.6649285376646426e-05,2.437040839264747e-05,0,nan,nan,nan,3.0,-0.49998341114150024,-6.192555595374571e-05,2.9999756295916074,0.0,-1.0,SOLVER_EXCEPTION,0.0,0,True,True
1497.921,-0.07357863692560106,-2.499980071605629,-1.6666900469915164e-05,2.4370270964196243e-05,0,nan,nan,nan,3.0,-0.49998338900962014,-6.194334979658933e-05,2.9999756297290356,0.0,-1.0,SOLVER_EXCEPTION,0.0,0,True,True
1498.016,-0.07365561607643815,-2.499980052957146,-1.6684690975473685e-05,2.4369891861638418e-05,0,nan,nan,nan,3.0,-0.4999833668762316,-6.196114216061588e-05,2.999975630108138,0.0,-1.0,SOLVER_EXCEPTION,0.0,0,True,True
1498.116,-0.07373570547199114,-2.4999800335537263,-1.670320362576347e-05,2.436972991826694e-05,0,nan,nan,nan,3.0,-0.4999833445171331,-6.197911444605353e-05,2.9999756302700815,0.0,-1.0,SOLVER_EXCEPTION,0.0,0,True,True
1498.215,-0.07381268457697322,-2.4999800149029934,-1.672099776001967e-05,2.436956425091493e-05,0,nan,nan,nan,3.0,-0.49998332193381634,-6.19972683026937e-05,2.999975630435749,0.0,-1.0,SOLVER_EXCEPTION,0.0,0,True,True
1498.318,-0.07389277392542205,-2.499979995497272,-1.6739509604550853e-05,2.4369312736415794e-05,0,nan,nan,nan,3.0,-0.4999832989019586,-6.20157801818344e-05,2.999975630687264,0.0,-1.0,SOLVER_EXCEPTION,0.0,0,True,True
1498.415,-0.07396819785338424,-2.4999799772205313,-1.675694420635968e-05,2.436914578334411e-05,0,nan,nan,nan,3.0,-0.49998327743399285,-6.203303610652355e-05,2.9999756308542165,0.0,-1.0,SOLVER_EXCEPTION,0.0,0,True,True
1498.518,-0.07404750959042347,-2.4999799580003628,-1.6775278579075113e-05,2.4369025693827894e-05,0,nan,nan,nan,3.0,-0.4999832552937508,-6.205083018162583e-05,2.999975630974306,0.0,-1.0,SOLVER_EXCEPTION,0.0,0,True,True
1498.617,-0.07412448860776254,-2.4999799393436937,-1.679306920841932e-05,2.4368651563009575e-05,0,nan,nan,nan,3.0,-0.49998323225772173,-6.206934296937305e-05,2.999975631348437,0.0,-1.0,SOLVER_EXCEPTION,0.0,0,True,True
1498.719,-0.07420457786617937,-2.49997991993159,-1.6811582028360758e-05,2.436850298633724e-05,0,nan,nan,nan,3.0,-0.4999832098902399,-6.208731522550082e-05,2.999975631497014,0.0,-1.0,SOLVER_EXCEPTION,0.0,0,True,True
1498.818,-0.0742776690144974,-2.49997990221481,-1.6828478512752983e-05,2.4368408695671857e-05,0,nan,nan,nan,3.0,-0.499983187745559,-6.210510857229679e-05,2.999975631591304,0.0,-1.0,SOLVER_EXCEPTION,0.0,0,True,True
1498.917,-0.0743546479699234,-2.4999798835543556,-1.6846272854633948e-05,2.4368262274396213e-05,0,nan,nan,nan,3.0,-0.49998316559975686,-6.212290291385258e-05,2.9999756317377257,0.0,-1.0,SOLVER_EXCEPTION,0.0,0,True,True
1499.018,-0.07443629229452234,-2.49997986376154,-1.6865144361944696e-05,2.4368025682675768e-05,0,nan,nan,nan,3.0,-0.4999831427813526,-6.214123411707462e-05,2.9999756319743174,0.0,-1.0,SOLVER_EXCEPTION,0.0,0,True,True
1499.119,-0.07450860582043348,-2.4999798462292797,-1.6881860183022565e-05,2.4367886683554524e-05,0,nan,nan,nan,3.0,-0.4999831217513884,-6.215813075183263e-05,2.9999756321133164,0.0,-1.0,SOLVER_EXCEPTION,0.0,0,True,True
1499.219,-0.07459336036094759,-2.4999798256791594,-1.6901448511723065e-05,2.4367504975438837e-05,0,nan,nan,nan,3.0,-0.49998309758793197,-6.217754036930145e-05,2.9999756324950244,0.0,-1.0,SOLVER_EXCEPTION,0.0,0,True,True
1499.315,-0.07466800654224764,-2.4999798075785846,-1.6918704818078822e-05,2.436743807306424e-05,0,nan,nan,nan,3.0,-0.4999830761078654,-6.219479641300651e-05,2.999975632561927,0.0,-1.0,SOLVER_EXCEPTION,0.0,0,True,True
1499.417,-0.07474731809010446,-2.4999797883449832,-1.6937036819596502e-05,2.4367227147860043e-05,0,nan,nan,nan,3.0,-0.49998305395433523,-6.221258785155115e-05,2.999975632772852,0.0,-1.0,SOLVER_EXCEPTION,0.0,0,True,True
1499.517,-0.07482351936222846,-2.4999797698647965,-1.6954652635296036e-05,2.4367150865604364e-05,0,nan,nan,nan,3.0,-0.499983030904869,-6.223110067260507e-05,2.9999756328491345,0.0,-1.0,SOLVER_EXCEPTION,0.0,0,True,True
1499.618,-0.0749028308708788,-2.4999797506287376,-1.6972984047748295e-05,2.4366876970431746e-05,0,nan,nan,nan,3.0,-0.4999830085256666,-6.224907594765128e-05,2.9999756331230296,0.0,-1.0,SOLVER_EXCEPTION,0.0,0,True,True
1499.717,-0.07498058723286168,-2.499979731768615,-1.6990959313320016e-05,2.4366791684729085e-05,0,nan,nan,nan,3.0,-0.4999829861448054,-6.226704787826165e-05,2.999975633208315,0.0,-1.0,SOLVER_EXCEPTION,0.0,0,True,True
1499.816,-0.07505678844953798,-2.4999797132839867,-1.700857175249096e-05,2.4366528133112825e-05,0,nan,nan,nan,3.0,-0.49998296376273055,-6.2285023139097e-05,2.999975633471867,0.0,-1.0,SOLVER_EXCEPTION,0.0,0,True,True
1499.915,-0.07513376721171532,-2.4999796946096473,-1.7026366180598867e-05,2.4366384722909634e-05,0,nan,nan,nan,3.0,-0.49998294137915505,-6.230299623988245e-05,2.999975633615277,0.0,-1.0,SOLVER_EXCEPTION,0.0,0,True,True
1500.017,-0.07521307864503812,-2.4999796753672867,-1.7044698228642847e-05,2.436616724929144e-05,0,nan,nan,nan,3.0,-0.499982918993649,-6.23209685666204e-05,2.999975633832751,0.0,-1.0,SOLVER_EXCEPTION,0.0,0,True,True
1500.118,-0.07529083493410409,-2.499979656501496,-1.706267394535973e-05,2.43661209894356e-05,0,nan,nan,nan,3.0,-0.49998289683090413,-6.233876236017011e-05,2.9999756338790107,0.0,-1.0,SOLVER_EXCEPTION,0.0,0,True,True
1500.219,-0.07537014633071074,-2.499979637256734,-1.7081005512578124e-05,2.4365864965253002e-05,0,nan,nan,nan,3.0,-0.49998287466694447,-6.23565570561091e-05,2.9999756341350348,0.0,-1.0,SOLVER_EXCEPTION,0.0,0,True,True
1500.319,-0.0754447923344273,-2.499979619142919,-1.7098262028741127e-05,2.436580286690806e-05,0,nan,nan,nan,3.0,-0.4999828518302573,-6.23748920882683e-05,2.999975634197133,0.0,-1.0,SOLVER_EXCEPTION,0.0,0,True,True
1500.425,-0.07552954663186151,-2.499979598574073,-1.711784981403604e-05,2.4365413680893016e-05,0,nan,nan,nan,3.0,-0.4999828303351169,-6.239214523517944e-05,2.999975634586319,0.0,-1.0,SOLVER_EXCEPTION,0.0,0,True,True
1500.519,-0.0756034150397127,-2.499979580646062,-1.713492551634225e-05,2.4365297604200308e-05,0,nan,nan,nan,3.0,-0.4999828070476505,-6.241083969893424e-05,2.9999756347023956,0.0,-1.0,SOLVER_EXCEPTION,0.0,0,True,True
1500.617,-0.07567961611821025,-2.4999795621505263,-1.7152541963545058e-05,2.4365280300240526e-05,0,nan,nan,nan,3.0,-0.49998278465372625,-6.242881234763686e-05,2.9999756347197,0.0,-1.0,SOLVER_EXCEPTION,0.0,0,True,True
1500.718,-0.0757565947425203,-2.499979543464952,-1.7170336664070364e-05,2.436515846829902e-05,0,nan,nan,nan,3.0,-0.49998276225872085,-6.244678464684128e-05,2.999975634841532,0.0,-1.0,SOLVER_EXCEPTION,0.0,0,True,True
1500.817,-0.07583357335073629,-2.4999795247778844,-1.7188130369131613e-05,2.4364989249203417e-05,0,nan,nan,nan,3.0,-0.4999827400863978,-6.246457957415075e-05,2.9999756350107507,0.0,-1.0,SOLVER_EXCEPTION,0.0,0,True,True
1500.917,-0.07591288462742754,-2.499979505523215,-1.7206462238075996e-05,2.436474705205825e-05,0,nan,nan,nan,3.0,-0.4999827174648274,-6.248273279840788e-05,2.999975635252948,0.0,-1.0,SOLVER_EXCEPTION,0.0,0,True,True
1501.018,-0.07599064076487438,-2.4999794866448446,-1.722443786747243e-05,2.436468842576244e-05,0,nan,nan,nan,3.0,-0.4999826952898542,-6.250052761602731e-05,2.999975635311574,0.0,-1.0,SOLVER_EXCEPTION,0.0,0,True,True
1501.12,-0.07607072956991823,-2.499979467198558,-1.7242951692769857e-05,2.4364565075518904e-05,0,nan,nan,nan,3.0,-0.499982672889579,-6.251850327787523e-05,2.9999756354349243,0.0,-1.0,SOLVER_EXCEPTION,0.0,0,True,True
1501.215,-0.07614537543155277,-2.4999794490722897,-1.7260205088470116e-05,2.436433426861338e-05,0,nan,nan,nan,3.0,-0.499982650263688,-6.253665647371065e-05,2.999975635665731,0.0,-1.0,SOLVER_EXCEPTION,0.0,0,True,True
1501.315,-0.07622313152231425,-2.4999794301888967,-1.727817843350024e-05,2.436418119233574e-05,0,nan,nan,nan,3.0,-0.4999826278597967,-6.255462967796888e-05,2.999975635818808,0.0,-1.0,SOLVER_EXCEPTION,0.0,0,True,True
1501.415,-0.07630088759785006,-2.499979411305133,-1.7296154230149673e-05,2.4364127640301654e-05,0,nan,nan,nan,3.0,-0.499982605455295,-6.257260345909899e-05,2.9999756358723597,0.0,-1.0,SOLVER_EXCEPTION,0.0,0,True,True
1501.518,-0.07638097633993567,-2.4999793918532025,-1.73146681916221e-05,2.436400756909916e-05,0,nan,nan,nan,3.0,-0.49998258304946447,-6.259057925772638e-05,2.999975635992431,0.0,-1.0,SOLVER_EXCEPTION,0.0,0,True,True
1501.616,-0.07645717726438724,-2.4999793733437743,-1.7332281140459145e-05,2.4363778730276325e-05,0,nan,nan,nan,3.0,-0.4999825617622444,-6.260765402510415e-05,2.9999756362212695,0.0,-1.0,SOLVER_EXCEPTION,0.0,0,True,True
1501.717,-0.07653571085546973,-2.4999793542664244,-1.735043440623905e-05,2.43636041642159e-05,0,nan,nan,nan,3.0,-0.4999825382330948,-6.262652749944309e-05,2.9999756363958356,0.0,-1.0,SOLVER_EXCEPTION,0.0,0,True,True
1501.817,-0.07661268931160634,-2.4999793355655484,-1.736822944332285e-05,2.4363502406279618e-05,0,nan,nan,nan,3.0,-0.4999825158226739,-6.264450002735344e-05,2.999975636497594,0.0,-1.0,SOLVER_EXCEPTION,0.0,0,True,True
1501.919,-0.07669200043358051,-2.499979316295838,-1.7386562608351436e-05,2.436337542241215e-05,0,nan,nan,nan,3.0,-0.49998249363464164,-6.266229431384218e-05,2.9999756366245776,0.0,-1.0,SOLVER_EXCEPTION,0.0,0,True,True
1502.018,-0.07676975642126156,-2.499979297403391,-1.740453871309388e-05,2.4363349486528324e-05,0,nan,nan,nan,3.0,-0.4999824712212359,-6.268026737998866e-05,2.9999756366505133,0.0,-1.0,SOLVER_EXCEPTION,0.0,0,True,True
1502.117,-0.07684595727566808,-2.4999792788875164,-1.742215175532033e-05,2.436310883356245e-05,0,nan,nan,nan,3.0,-0.49998244880721804,-6.269824494919973e-05,2.9999756368911665,0.0,-1.0,SOLVER_EXCEPTION,0.0,0,True,True
1502.225,-0.07692526835499237,-2.4999792596143418,-1.744048700450582e-05,2.4363049313771816e-05,0,nan,nan,nan,3.0,-0.49998242616730443,-6.271639808330676e-05,2.999975636950686,0.0,-1.0,SOLVER_EXCEPTION,0.0,0,True,True
1502.316,-0.07700224674199113,-2.499979240906575,-1.7458282240879632e-05,2.4362951266827792e-05,0,nan,nan,nan,3.0,-0.4999824035259878,-6.273455281435858e-05,2.9999756370487334,0.0,-1.0,SOLVER_EXCEPTION,0.0,0,True,True
1502.419,-0.07708155779362849,-2.4999792216301127,-1.7476614341492517e-05,2.4362731377805996e-05,0,nan,nan,nan,3.0,-0.49998238155540337,-6.275216594797683e-05,2.9999756372686224,0.0,-1.0,SOLVER_EXCEPTION,0.0,0,True,True
1502.518,-0.0771585361540927,-2.4999792029188654,-1.749440917202837e-05,2.4362646458151517e-05,0,nan,nan,nan,3.0,-0.4999823589110108,-6.27703194835405e-05,2.999975637353542,0.0,-1.0,SOLVER_EXCEPTION,0.0,0,True,True
1502.619,-0.07723706961973546,-2.4999791838288963,-1.751256449110005e-05,2.436260126673949e-05,0,nan,nan,nan,3.0,-0.49998233671320796,-6.278811551885255e-05,2.9999756373987334,0.0,-1.0,SOLVER_EXCEPTION,0.0,0,True,True
1502.722,-0.07731715818993792,-2.4999791643597273,-1.7531078879268882e-05,2.436250639099554e-05,0,nan,nan,nan,3.0,-0.49998231496287854,-6.280555036619617e-05,2.999975637493609,0.0,-1.0,SOLVER_EXCEPTION,0.0,0,True,True
1502.818,-0.0773918038354174,-2.4999791462119565,-1.754833258986808e-05,2.4362285224507798e-05,0,nan,nan,nan,3.0,-0.4999822916417608,-6.28242426188308e-05,2.9999756377147757,0.0,-1.0,SOLVER_EXCEPTION,0.0,0,True,True
1502.917,-0.07746878214515783,-2.4999791274957808,-1.7566126561316966e-05,2.436211134182114e-05,0,nan,nan,nan,3.0,-0.4999822696650514,-6.284186021510152e-05,2.9999756378886584,0.0,-1.0,SOLVER_EXCEPTION,0.0,0,True,True
1503.017,-0.07754653800120152,-2.499979108589241,-1.7584102776280795e-05,2.436208059394839e-05,0,nan,nan,nan,3.0,-0.4999822467893884,-6.286019253831654e-05,2.9999756379194062,0.0,-1.0,SOLVER_EXCEPTION,0.0,0,True,True
1503.117,-0.07762429384495773,-2.4999790896806062,-1.760207607564534e-05,2.4361909611416963e-05,0,nan,nan,nan,3.0,-0.4999822243608964,-6.28781687210811e-05,2.9999756380903886,0.0,-1.0,SOLVER_EXCEPTION,0.0,0,True,True
1503.223,-0.07770671502609476,-2.4999790696363227,-1.7621128411804555e-05,2.43617793719384e-05,0,nan,nan,nan,3.0,-0.4999822019302072,-6.289614238630392e-05,2.999975638220628,0.0,-1.0,SOLVER_EXCEPTION,0.0,0,True,True
1503.318,-0.07777980549622009,-2.499979051860132,-1.7638026200210027e-05,2.436176793861858e-05,0,nan,nan,nan,3.0,-0.49998217972308856,-6.291393708002246e-05,2.9999756382320615,0.0,-1.0,SOLVER_EXCEPTION,0.0,0,True,True
1503.418,-0.07785056328180612,-2.4999790346498845,-1.7654383514310466e-05,2.4361691339835507e-05,0,nan,nan,nan,3.0,-0.49998215908483357,-6.29304717962853e-05,2.99997563830866,0.0,-1.0,SOLVER_EXCEPTION,0.0,0,True,True
1503.517,-0.07793453954224866,-2.4999790142235354,-1.767379490240626e-05,2.436148712576105e-05,0,nan,nan,nan,3.0,-0.49998213463214086,-6.295006543322046e-05,2.999975638512874,0.0,-1.0,SOLVER_EXCEPTION,0.0,0,True,True
1503.619,-0.07801307288473901,-2.499978995119591,-1.769194964594382e-05,2.4361376396678402e-05,0,nan,nan,nan,3.0,-0.49998211242110163,-6.296786090720374e-05,2.9999756386236034,0.0,-1.0,SOLVER_EXCEPTION,0.0,0,True,True
1503.72,-0.07809082865793217,-2.4999789762027764,-1.770992288688492e-05,2.4361179314542347e-05,0,nan,nan,nan,3.0,-0.4999820904331649,-6.298547773386787e-05,2.9999756388206853,0.0,-1.0,SOLVER_EXCEPTION,0.0,0,True,True
1503.816,-0.0781678068623102,-2.4999789574735813,-1.772771791750453e-05,2.436110696588271e-05,0,nan,nan,nan,3.0,-0.4999820673208849,-6.300398819725217e-05,2.999975638893034,0.0,-1.0,SOLVER_EXCEPTION,0.0,0,True,True
1503.918,-0.07824556261325288,-2.4999789385544076,-1.774569474225848e-05,2.4361126959633598e-05,0,nan,nan,nan,3.0,-0.49998204510539074,-6.302178430850347e-05,2.9999756388730403,0.0,-1.0,SOLVER_EXCEPTION,0.0,0,True,True
1504.015,-0.07832254079587764,-2.499978919823068,-1.7763490514482885e-05,2.4361064910724215e-05,0,nan,nan,nan,3.0,-0.4999820224398664,-6.303993854883672e-05,2.9999756389350893,0.0,-1.0,SOLVER_EXCEPTION,0.0,0,True,True
1504.115,-0.07839640873891414,-2.499978901847042,-1.7780566018922903e-05,2.4360936849431444e-05,0,nan,nan,nan,3.0,-0.49998200089513717,-6.305719607846427e-05,2.9999756390631505,0.0,-1.0,SOLVER_EXCEPTION,0.0,0,True,True
1504.222,-0.07847727468653111,-2.499978882166785,-1.7799258344672857e-05,2.4360734489704108e-05,0,nan,nan,nan,3.0,-0.49998197755354257,-6.307588840392953e-05,2.9999756392655104,0.0,-1.0,SOLVER_EXCEPTION,0.0,0,True,True
1504.316,-0.07855658550866672,-2.499978862863544,-1.781759442228621e-05,2.436072205963916e-05,0,nan,nan,nan,3.0,-0.49998195533264,-6.309368413193184e-05,2.9999756392779404,0.0,-1.0,SOLVER_EXCEPTION,0.0,0,True,True
1504.42,-0.07863667387686801,-2.4999788433689285,-1.7836106666444185e-05,2.43605291620998e-05,0,nan,nan,nan,3.0,-0.4999819326612859,-6.311183971163814e-05,2.999975639470838,0.0,-1.0,SOLVER_EXCEPTION,0.0,0,True,True
1504.522,-0.0787159846773286,-2.4999788240628553,-1.7854443043570515e-05,2.436053488468303e-05,0,nan,nan,nan,3.0,-0.4999819111108385,-6.312909411043677e-05,2.999975639465115,0.0,-1.0,SOLVER_EXCEPTION,0.0,0,True,True
1504.618,-0.07879140768363803,-2.499978805701623,-1.7871879404970877e-05,2.4360476345948472e-05,0,nan,nan,nan,3.0,-0.49998188843666536,-6.314724877620748e-05,2.999975639523654,0.0,-1.0,SOLVER_EXCEPTION,0.0,0,True,True
1504.719,-0.078869163350354,-2.499978786770988,-1.7889852757405394e-05,2.4360286538645737e-05,0,nan,nan,nan,3.0,-0.4999818653123394,-6.3165763790618e-05,2.9999756397134614,0.0,-1.0,SOLVER_EXCEPTION,0.0,0,True,True
1504.819,-0.07894691900715173,-2.4999787678391825,-1.79078294855658e-05,2.4360285044477927e-05,0,nan,nan,nan,3.0,-0.49998184308443405,-6.318355850165602e-05,2.9999756397149557,0.0,-1.0,SOLVER_EXCEPTION,0.0,0,True,True
1504.916,-0.07902234198488699,-2.4999787494737946,-1.7925264739283107e-05,2.4360162118377686e-05,0,nan,nan,nan,3.0,-0.4999818208552715,-6.320135446458153e-05,2.9999756398378814,0.0,-1.0,SOLVER_EXCEPTION,0.0,0,True,True
1505.017,-0.07910165273516255,-2.4999787301597527,-1.7943598512915797e-05,2.4360047332753687e-05,0,nan,nan,nan,3.0,-0.4999817984002079,-6.321933124864287e-05,2.9999756399526674,0.0,-1.0,SOLVER_EXCEPTION,0.0,0,True,True
1505.115,-0.07917785325057518,-2.499978711602156,-1.7961212827454414e-05,2.435989508921261e-05,0,nan,nan,nan,3.0,-0.4999817759429802,-6.323730553425833e-05,2.999975640104911,0.0,-1.0,SOLVER_EXCEPTION,0.0,0,True,True
1505.218,-0.07925716398148519,-2.4999786922865117,-1.7979550386186542e-05,2.435995127283222e-05,0,nan,nan,nan,3.0,-0.4999817530359072,-6.325563900055897e-05,2.999975640048727,0.0,-1.0,SOLVER_EXCEPTION,0.0,0,True,True
1505.325,-0.0793403624829102,-2.4999786720219146,-1.7998783222234918e-05,2.435980097042464e-05,0,nan,nan,nan,3.0,-0.4999817308013382,-6.327343493239823e-05,2.9999756401990294,0.0,-1.0,SOLVER_EXCEPTION,0.0,0,True,True
1505.418,-0.07941345274650427,-2.4999786542177924,-1.801567830137812e-05,2.4359627133262308e-05,0,nan,nan,nan,3.0,-0.4999817083408042,-6.329141185235088e-05,2.999975640372867,0.0,-1.0,SOLVER_EXCEPTION,0.0,0,True,True
1505.518,-0.07948965322553901,-2.499978635654941,-1.803329570667867e-05,2.4359634885466917e-05,0,nan,nan,nan,3.0,-0.4999816856538905,-6.330956627254025e-05,2.9999756403651143,0.0,-1.0,SOLVER_EXCEPTION,0.0,0,True,True
1505.617,-0.07956818636328662,-2.4999786165215827,-1.805144858707842e-05,2.4359454724613983e-05,0,nan,nan,nan,3.0,-0.49998166319001736,-6.332753984494843e-05,2.9999756405452755,0.0,-1.0,SOLVER_EXCEPTION,0.0,0,True,True
1505.715,-0.07964360926925085,-2.499978598145227,-1.80688845670941e-05,2.435938715080425e-05,0,nan,nan,nan,3.0,-0.49998164072428564,-6.334551462661153e-05,2.999975640612849,0.0,-1.0,SOLVER_EXCEPTION,0.0,0,True,True
1505.818,-0.07972369750059574,-2.4999785786311848,-1.80874001122474e-05,2.435935356462319e-05,0,nan,nan,nan,3.0,-0.4999816182580903,-6.336349190316781e-05,2.9999756406464355,0.0,-1.0,SOLVER_EXCEPTION,0.0,0,True,True
1505.917,-0.07980145305624163,-2.499978559684099,-1.810537725503545e-05,2.435936245396807e-05,0,nan,nan,nan,3.0,-0.49998159579029433,-6.33814657389209e-05,2.999975640637546,0.0,-1.0,SOLVER_EXCEPTION,0.0,0,True,True
1506.018,-0.07987998615878823,-2.499978540546162,-1.812353289584502e-05,2.4359288131202154e-05,0,nan,nan,nan,3.0,-0.4999815735459213,-6.33992620802104e-05,2.999975640711869,0.0,-1.0,SOLVER_EXCEPTION,0.0,0,True,True
1506.118,-0.07995540903136467,-2.4999785221644664,-1.814096835385117e-05,2.4359163883639256e-05,0,nan,nan,nan,3.0,-0.499981550850904,-6.34174176230573e-05,2.9999756408361162,0.0,-1.0,SOLVER_EXCEPTION,0.0,0,True,True
1506.219,-0.08003627478296144,-2.499978502454018,-1.815966206153902e-05,2.4359069480560335e-05,0,nan,nan,nan,3.0,-0.4999815281536533,-6.343557254417931e-05,2.9999756409305194,0.0,-1.0,SOLVER_EXCEPTION,0.0,0,True,True
1506.315,-0.0801109200842439,-2.499978484258966,-1.8176916958763406e-05,2.435891292456317e-05,0,nan,nan,nan,3.0,-0.499981505904682,-6.345336942903401e-05,2.9999756410870755,0.0,-1.0,SOLVER_EXCEPTION,0.0,0,True,True
1506.421,-0.08018945315356726,-2.49997846511521,-1.819507311790362e-05,2.435888623815503e-05,0,nan,nan,nan,3.0,-0.4999814836545644,-6.347116489591187e-05,2.9999756411137617,0.0,-1.0,SOLVER_EXCEPTION,0.0,0,True,True
1506.517,-0.08026643110467818,-2.499978446348962,-1.821286830506437e-05,2.4358780079936153e-05,0,nan,nan,nan,3.0,-0.4999814609536577,-6.348932085442627e-05,2.99997564121992,0.0,-1.0,SOLVER_EXCEPTION,0.0,0,True,True
1506.615,-0.08034418660298127,-2.499978427392018,-1.823084560699868e-05,2.4358796097792123e-05,0,nan,nan,nan,3.0,-0.49998143847597276,-6.350729482917927e-05,2.999975641203902,0.0,-1.0,SOLVER_EXCEPTION,0.0,0,True,True
1506.717,-0.08041805431913354,-2.4999784093814803,-1.8247923082968515e-05,2.4358757557176176e-05,0,nan,nan,nan,3.0,-0.49998141689627695,-6.35245531421802e-05,2.9999756412424428,0.0,-1.0,SOLVER_EXCEPTION,0.0,0,True,True
1506.819,-0.08049814246667418,-2.4999783898527097,-1.8266437417927618e-05,2.4358644582054673e-05,0,nan,nan,nan,3.0,-0.49998139374138495,-6.354306747713423e-05,2.999975641355418,0.0,-1.0,SOLVER_EXCEPTION,0.0,0,True,True
1506.917,-0.0805751203872746,-2.4999783710803185,-1.8284231273927475e-05,2.4358478148502098e-05,0,nan,nan,nan,3.0,-0.499981371483693,-6.356086133330052e-05,2.9999756415218517,0.0,-1.0,SOLVER_EXCEPTION,0.0,0,True,True
1507.016,-0.08065209830050106,-2.499978352307421,-1.8302028179511088e-05,2.435846495293172e-05,0,nan,nan,nan,3.0,-0.49998134922549503,-6.357865823902742e-05,2.999975641535047,0.0,-1.0,SOLVER_EXCEPTION,0.0,0,True,True
1507.117,-0.08073374153384634,-2.4999783323952056,-1.8320902160700475e-05,2.4358348302211345e-05,0,nan,nan,nan,3.0,-0.4999813260664198,-6.359717269344145e-05,2.9999756416516976,0.0,-1.0,SOLVER_EXCEPTION,0.0,0,True,True
1507.217,-0.08081227454114899,-2.4999783132400433,-1.8339058340330473e-05,2.435830623307763e-05,0,nan,nan,nan,3.0,-0.4999813035805497,-6.361515019381869e-05,2.999975641693767,0.0,-1.0,SOLVER_EXCEPTION,0.0,0,True,True
1507.316,-0.08088847487780765,-2.4999782946524296,-1.8356676250969036e-05,2.435833115868214e-05,0,nan,nan,nan,3.0,-0.49998128154264887,-6.363276479159907e-05,2.9999756416688412,0.0,-1.0,SOLVER_EXCEPTION,0.0,0,True,True
1507.423,-0.08097011808803743,-2.499978274734671,-1.837554803843487e-05,2.435814246795805e-05,0,nan,nan,nan,3.0,-0.4999812590538293,-6.365074222536293e-05,2.999975641857532,0.0,-1.0,SOLVER_EXCEPTION,0.0,0,True,True
1507.518,-0.08104320819344892,-2.4999782569030793,-1.8392446882276727e-05,2.4358165224154738e-05,0,nan,nan,nan,3.0,-0.4999812363378519,-6.366889600339931e-05,2.999975641834776,0.0,-1.0,SOLVER_EXCEPTION,0.0,0,True,True
1507.618,-0.08112329628060344,-2.499978237362989,-1.841096306206406e-05,2.4358157229825713e-05,0,nan,nan,nan,3.0,-0.4999812136212717,-6.368705148407372e-05,2.99997564184277,0.0,-1.0,SOLVER_EXCEPTION,0.0,0,True,True
1507.719,-0.08120182925217694,-2.4999782182010475,-1.842911945674452e-05,2.4358112153547113e-05,0,nan,nan,nan,3.0,-0.4999811911286059,-6.370502930108657e-05,2.9999756418878465,0.0,-1.0,SOLVER_EXCEPTION,0.0,0,True,True
1507.817,-0.08127802955459976,-2.499978199606455,-1.8446733968307988e-05,2.435792951690376e-05,0,nan,nan,nan,3.0,-0.4999811686343076,-6.372300458945546e-05,2.999975642070483,0.0,-1.0,SOLVER_EXCEPTION,0.0,0,True,True
1507.918,-0.08135656251259533,-2.4999781804411976,-1.846488900701768e-05,2.435781669669397e-05,0,nan,nan,nan,3.0,-0.4999811461385964,-6.374098210404355e-05,2.9999756421833035,0.0,-1.0,SOLVER_EXCEPTION,0.0,0,True,True
1508.015,-0.08142731992440165,-2.4999781631723423,-1.8481247827752465e-05,2.4357802567669153e-05,0,nan,nan,nan,3.0,-0.4999811249909938,-6.375787788703846e-05,2.999975642197432,0.0,-1.0,SOLVER_EXCEPTION,0.0,0,True,True
1508.116,-0.08151051819288482,-2.4999781428649395,-1.850048263620874e-05,2.435779772750022e-05,0,nan,nan,nan,3.0,-0.4999811011415608,-6.377693179615562e-05,2.9999756422022723,0.0,-1.0,SOLVER_EXCEPTION,0.0,0,True,True
1508.218,-0.08159060623873002,-2.4999781233161436,-1.8518998831202238e-05,2.4357781238181674e-05,0,nan,nan,nan,3.0,-0.4999810790916061,-6.379455018779012e-05,2.999975642218762,0.0,-1.0,SOLVER_EXCEPTION,0.0,0,True,True
1508.319,-0.08166680650907227,-2.4999781047145535,-1.8536613692627986e-05,2.4357629082342663e-05,0,nan,nan,nan,3.0,-0.499981056140045,-6.381288421009046e-05,2.999975642370918,0.0,-1.0,SOLVER_EXCEPTION,0.0,0,True,True
1508.416,-0.0817445618807318,-2.4999780857323564,-1.8554591565262608e-05,2.435765531150639e-05,0,nan,nan,nan,3.0,-0.49998103363740803,-6.383086209016398e-05,2.9999756423446886,0.0,-1.0,SOLVER_EXCEPTION,0.0,0,True,True
1508.519,-0.08182309479978955,-2.4999780665581346,-1.85727438122551e-05,2.435739058366158e-05,0,nan,nan,nan,3.0,-0.49998101113294735,-6.384883658938634e-05,2.9999756426094164,0.0,-1.0,SOLVER_EXCEPTION,0.0,0,True,True
1508.615,-0.08189696239119906,-2.4999780485221796,-1.8589821797810877e-05,2.4357369269806916e-05,0,nan,nan,nan,3.0,-0.49998098907700306,-6.386645185729733e-05,2.99997564263073,0.0,-1.0,SOLVER_EXCEPTION,0.0,0,True,True
1508.715,-0.08197705040516763,-2.4999780289658795,-1.860833873373283e-05,2.4357416313177465e-05,0,nan,nan,nan,3.0,-0.4999809661196842,-6.388479009755699e-05,2.9999756425836868,0.0,-1.0,SOLVER_EXCEPTION,0.0,0,True,True
1508.822,-0.0820540281990062,-2.4999780101678177,-1.862613460024417e-05,2.4357317322673398e-05,0,nan,nan,nan,3.0,-0.4999809429362147,-6.390330621730556e-05,2.9999756426826774,0.0,-1.0,SOLVER_EXCEPTION,0.0,0,True,True
1508.915,-0.08213178354042674,-2.4999779911785436,-1.8644112496717457e-05,2.4357347570749675e-05,0,nan,nan,nan,3.0,-0.49998092110145675,-6.392074255634483e-05,2.999975642652429,0.0,-1.0,SOLVER_EXCEPTION,0.0,0,True,True
1509.017,-0.0822087613226735,-2.4999779723776934,-1.8661909655607187e-05,2.4357321505887597e-05,0,nan,nan,nan,3.0,-0.4999809003908424,-6.3937279111137e-05,2.999975642678494,0.0,-1.0,SOLVER_EXCEPTION,0.0,0,True,True
1509.118,-0.08229040441887402,-2.4999779524352093,-1.868078108039385e-05,2.4357053432783288e-05,0,nan,nan,nan,3.0,-0.49998087630241833,-6.395651438850791e-05,2.999975642946567,0.0,-1.0,SOLVER_EXCEPTION,0.0,0,True,True
1509.219,-0.08236815974274611,-2.499977933441267,-1.8698760053952596e-05,2.4357185194861556e-05,0,nan,nan,nan,3.0,-0.4999808549138967,-6.397359130305702e-05,2.999975642814805,0.0,-1.0,SOLVER_EXCEPTION,0.0,0,True,True
1509.316,-0.08244358240152509,-2.499977915016089,-1.87161978617676e-05,2.435717399973331e-05,0,nan,nan,nan,3.0,-0.4999808314970461,-6.39922861913611e-05,2.9999756428260005,0.0,-1.0,SOLVER_EXCEPTION,0.0,0,True,True
1509.415,-0.08252211526748011,-2.4999778958298,-1.873435363385726e-05,2.4357093683501072e-05,0,nan,nan,nan,3.0,-0.49998080875512546,-6.401044325654581e-05,2.9999756429063167,0.0,-1.0,SOLVER_EXCEPTION,0.0,0,True,True
1509.515,-0.08259909302174433,-2.499977877021984,-1.8752150918863313e-05,2.4357072504623484e-05,0,nan,nan,nan,3.0,-0.499980786011682,-6.402859894016899e-05,2.9999756429274953,0.0,-1.0,SOLVER_EXCEPTION,0.0,0,True,True
1509.622,-0.08268229119462382,-2.499977856692627,-1.8771382992610903e-05,2.4356831163542013e-05,0,nan,nan,nan,3.0,-0.49998076349218823,-6.404657719327744e-05,2.9999756431688365,0.0,-1.0,SOLVER_EXCEPTION,0.0,0,True,True
1509.716,-0.08275460362028061,-2.4999778390218452,-1.878810057106888e-05,2.4356756421789014e-05,0,nan,nan,nan,3.0,-0.4999807411964431,-6.40643742655378e-05,2.999975643243578,0.0,-1.0,SOLVER_EXCEPTION,0.0,0,True,True
1509.82,-0.08283313646447286,-2.4999778198293874,-1.8806258267498814e-05,2.4356813858727402e-05,0,nan,nan,nan,3.0,-0.49998071912385067,-6.40819899855316e-05,2.9999756431861413,0.0,-1.0,SOLVER_EXCEPTION,0.0,0,True,True
1509.919,-0.0829124468561751,-2.499977800446013,-1.882459628516885e-05,2.435687096738101e-05,0,nan,nan,nan,3.0,-0.499980695924022,-6.410050719196647e-05,2.9999756431290328,0.0,-1.0,SOLVER_EXCEPTION,0.0,0,True,True
1510.022,-0.08299331234807851,-2.499977780680797,-1.884329029000141e-05,2.435672435392693e-05,0,nan,nan,nan,3.0,-0.49998067272288393,-6.411902255720747e-05,2.999975643275646,0.0,-1.0,SOLVER_EXCEPTION,0.0,0,True,True
1510.115,-0.08306562475444693,-2.499977763004773,-1.8860007953282878e-05,2.435664868853432e-05,0,nan,nan,nan,3.0,-0.4999806508719325,-6.413646049630017e-05,2.9999756433513114,0.0,-1.0,SOLVER_EXCEPTION,0.0,0,True,True
1510.218,-0.08314493513062843,-2.4999777436170616,-1.8878345835008744e-05,2.4356685887071838e-05,0,nan,nan,nan,3.0,-0.49998062834366985,-6.415443553153821e-05,2.999975643314113,0.0,-1.0,SOLVER_EXCEPTION,0.0,0,True,True
1510.319,-0.08322346794901549,-2.499977724417042,-1.889650047237659e-05,2.4356568639551823e-05,0,nan,nan,nan,3.0,-0.4999806058136875,-6.417241077283364e-05,2.9999756434313603,0.0,-1.0,SOLVER_EXCEPTION,0.0,0,True,True
1510.417,-0.08330044565723725,-2.499977705596566,-1.891429718614486e-05,2.435651741011866e-05,0,nan,nan,nan,3.0,-0.49998058373311255,-6.41900301623366e-05,2.99997564348259,0.0,-1.0,SOLVER_EXCEPTION,0.0,0,True,True
1510.517,-0.08337742336071684,-2.4999776867748653,-1.8932094885151434e-05,2.4356512753477554e-05,0,nan,nan,nan,3.0,-0.4999805607499775,-6.420836533349572e-05,2.9999756434872467,0.0,-1.0,SOLVER_EXCEPTION,0.0,0,True,True
1510.621,-0.08345828882195522,-2.499977667001641,-1.895079225161472e-05,2.4356515139124278e-05,0,nan,nan,nan,3.0,-0.4999805395683657,-6.422526520166727e-05,2.999975643484861,0.0,-1.0,SOLVER_EXCEPTION,0.0,0,True,True
1510.724,-0.08352982364879624,-2.49997764950776,-1.8967329408271527e-05,2.4356406184062193e-05,0,nan,nan,nan,3.0,-0.4999805161321286,-6.424395946780237e-05,2.999975643593816,0.0,-1.0,SOLVER_EXCEPTION,0.0,0,True,True
1510.819,-0.0836122442052672,-2.4999776293503593,-1.898638311558808e-05,2.4356241921864406e-05,0,nan,nan,nan,3.0,-0.49998049382104087,-6.42617569033277e-05,2.999975643758078,0.0,-1.0,SOLVER_EXCEPTION,0.0,0,True,True
1510.919,-0.0836907769948303,-2.499977610142231,-1.9004541218209073e-05,2.43563161239081e-05,0,nan,nan,nan,3.0,-0.4999804703808466,-6.428045171569252e-05,2.999975643683876,0.0,-1.0,SOLVER_EXCEPTION,0.0,0,True,True
1511.017,-0.0837615342567049,-2.4999775928349903,-1.902089907332927e-05,2.4356199628993514e-05,0,nan,nan,nan,3.0,-0.49998044896828364,-6.429752913295061e-05,2.999975643800371,0.0,-1.0,SOLVER_EXCEPTION,0.0,0,True,True
1511.118,-0.08384473235107844,-2.499977572483403,-1.9040135784304523e-05,2.435624871472011e-05,0,nan,nan,nan,3.0,-0.4999804255260029,-6.431622756686295e-05,2.9999756437512852,0.0,-1.0,SOLVER_EXCEPTION,0.0,0,True,True
1511.216,-0.08392171002266217,-2.499977553651844,-1.9057932383379116e-05,2.4356170821973376e-05,0,nan,nan,nan,3.0,-0.4999804036601137,-6.433366581592992e-05,2.999975643829178,0.0,-1.0,SOLVER_EXCEPTION,0.0,0,True,True
1511.324,-0.08400490810733098,-2.4999775332967684,-1.9077168849172315e-05,2.435618844605066e-05,0,nan,nan,nan,3.0,-0.499980381341989,-6.435146247296686e-05,2.999975643811554,0.0,-1.0,SOLVER_EXCEPTION,0.0,0,True,True
1511.417,-0.08407799800940857,-2.49997751541356,-1.9094065336934614e-05,2.435603811594582e-05,0,nan,nan,nan,3.0,-0.499980357895082,-6.437015689630954e-05,2.999975643961884,0.0,-1.0,SOLVER_EXCEPTION,0.0,0,True,True
1511.524,-0.08416041853276325,-2.4999774952462173,-1.911312367343884e-05,2.4356160073626295e-05,0,nan,nan,nan,3.0,-0.49998033557364974,-6.438795558239008e-05,2.9999756438399263,0.0,-1.0,SOLVER_EXCEPTION,0.0,0,True,True
1511.617,-0.08423350842687395,-2.499977477360129,-1.913002051977552e-05,2.435604338779401e-05,0,nan,nan,nan,3.0,-0.4999803128003049,-6.440611237001903e-05,2.999975643956612,0.0,-1.0,SOLVER_EXCEPTION,0.0,0,True,True
1511.722,-0.08431437383735321,-2.4999774575706155,-1.9148718251615583e-05,2.4356059515165696e-05,0,nan,nan,nan,3.0,-0.4999802900260202,-6.442426978203741e-05,2.999975643940485,0.0,-1.0,SOLVER_EXCEPTION,0.0,0,True,True
1511.82,-0.08438435351591239,-2.499977440443066,-1.91648960443614e-05,2.4355955034703352e-05,0,nan,nan,nan,3.0,-0.4999802683772022,-6.444152610374232e-05,2.9999756440449654,0.0,-1.0,SOLVER_EXCEPTION,0.0,0,True,True
1511.917,-0.08446677402200103,-2.499977420269841,-1.9183953369349722e-05,2.435597491754339e-05,0,nan,nan,nan,3.0,-0.4999802451487909,-6.446004306637221e-05,2.9999756440250827,0.0,-1.0,SOLVER_EXCEPTION,0.0,0,True,True
1512.019,-0.08454375166041432,-2.499977401426412,-1.9201748647650723e-05,2.4355841375773052e-05,0,nan,nan,nan,3.0,-0.4999802232718324,-6.447748031179756e-05,2.9999756441586243,0.0,-1.0,SOLVER_EXCEPTION,0.0,0,True,True
1512.115,-0.0846191741912602,-2.4999773829628826,-1.9219186244960484e-05,2.4355799599584512e-05,0,nan,nan,nan,3.0,-0.4999802002651301,-6.449581630452172e-05,2.9999756442004006,0.0,-1.0,SOLVER_EXCEPTION,0.0,0,True,True
1512.216,-0.0846992620292681,-2.4999773633560944,-1.9237703796949033e-05,2.4355828290678968e-05,0,nan,nan,nan,3.0,-0.49998017770894004,-6.451379552574465e-05,2.9999756441717094,0.0,-1.0,SOLVER_EXCEPTION,0.0,0,True,True
1512.319,-0.08477779475965094,-2.4999773441286948,-1.9255860385726357e-05,2.435575513559519e-05,0,nan,nan,nan,3.0,-0.49998015605355706,-6.45310521587561e-05,2.9999756442448646,0.0,-1.0,SOLVER_EXCEPTION,0.0,0,True,True
1512.415,-0.08485399483096119,-2.4999773254709763,-1.9273479810069084e-05,2.4355809416454092e-05,0,nan,nan,nan,3.0,-0.4999801330436423,-6.454939074362898e-05,2.9999756441905836,0.0,-1.0,SOLVER_EXCEPTION,0.0,0,True,True
1512.514,-0.08493097245035093,-2.499977306621407,-1.9291277968556463e-05,2.43558051950951e-05,0,nan,nan,nan,3.0,-0.49998010980647994,-6.456790802777945e-05,2.999975644194805,0.0,-1.0,SOLVER_EXCEPTION,0.0,0,True,True
1512.619,-0.08501261537602839,-2.4999772866272445,-1.9310152555410463e-05,2.4355705567028996e-05,0,nan,nan,nan,3.0,-0.49998008769567737,-6.458552418076025e-05,2.999975644294433,0.0,-1.0,SOLVER_EXCEPTION,0.0,0,True,True
1512.718,-0.08508726033310855,-2.4999772683462917,-1.93274127194783e-05,2.4355778518404518e-05,0,nan,nan,nan,3.0,-0.49998006490621544,-6.460368199512345e-05,2.9999756442214816,0.0,-1.0,SOLVER_EXCEPTION,0.0,0,True,True
1512.815,-0.08516501549318434,-2.499977249302258,-1.9345388440142646e-05,2.435563024103371e-05,0,nan,nan,nan,3.0,-0.4999800423418409,-6.462165899989714e-05,2.999975644369759,0.0,-1.0,SOLVER_EXCEPTION,0.0,0,True,True
1512.918,-0.08524510330432271,-2.499977229685282,-1.9363904492207878e-05,2.4355541417498338e-05,0,nan,nan,nan,3.0,-0.49998001977599665,-6.463963796399241e-05,2.9999756444585826,0.0,-1.0,SOLVER_EXCEPTION,0.0,0,True,True
1513.018,-0.08532208090567163,-2.4999772108287304,-1.9381702817830426e-05,2.435553403836057e-05,0,nan,nan,nan,3.0,-0.49997999743425076,-6.46574351046425e-05,2.9999756444659615,0.0,-1.0,SOLVER_EXCEPTION,0.0,0,True,True
1513.12,-0.0854013911580322,-2.499977191398472,-1.940003906541567e-05,2.435549008330083e-05,0,nan,nan,nan,3.0,-0.4999799755424299,-6.46748738422076e-05,2.9999756445099166,0.0,-1.0,SOLVER_EXCEPTION,0.0,0,True,True
1513.216,-0.08547681364960037,-2.499977172919992,-1.9417476878415057e-05,2.435544402826456e-05,0,nan,nan,nan,3.0,-0.4999799522941639,-6.469338734804708e-05,2.9999756445559718,0.0,-1.0,SOLVER_EXCEPTION,0.0,0,True,True
1513.32,-0.08555690144642289,-2.499977153297473,-1.9435994694555282e-05,2.435545894001703e-05,0,nan,nan,nan,3.0,-0.49997992881974673,-6.471208645431048e-05,2.99997564454106,0.0,-1.0,SOLVER_EXCEPTION,0.0,0,True,True
1513.418,-0.08562921372592948,-2.4999771355783333,-1.945271322225083e-05,2.4355397524647135e-05,0,nan,nan,nan,3.0,-0.49997990760080685,-6.472898369880298e-05,2.9999756446024755,0.0,-1.0,SOLVER_EXCEPTION,0.0,0,True,True
1513.515,-0.08570930151601343,-2.4999771159529085,-1.947123085684452e-05,2.4355392085244466e-05,0,nan,nan,nan,3.0,-0.499979884349327,-6.474750134666252e-05,2.9999756446079147,0.0,-1.0,SOLVER_EXCEPTION,0.0,0,True,True
1513.616,-0.085787056648692,-2.499977096897578,-1.9489210175544563e-05,2.435544756118068e-05,0,nan,nan,nan,3.0,-0.4999798615476341,-6.476565820134894e-05,2.999975644552439,0.0,-1.0,SOLVER_EXCEPTION,0.0,0,True,True
1513.716,-0.08586403422685764,-2.4999770780305117,-1.9507004805132906e-05,2.4355254903377336e-05,0,nan,nan,nan,3.0,-0.49997983919572714,-6.478345714810985e-05,2.9999756447450965,0.0,-1.0,SOLVER_EXCEPTION,0.0,0,True,True
1513.815,-0.08594256690438594,-2.499977058781689,-1.952516358382206e-05,2.435531066359505e-05,0,nan,nan,nan,3.0,-0.49997981661669655,-6.480143392595394e-05,2.999975644689336,0.0,-1.0,SOLVER_EXCEPTION,0.0,0,True,True
1513.918,-0.08602265468112624,-2.499977039150669,-1.9543681058429703e-05,2.435528040002214e-05,0,nan,nan,nan,3.0,-0.4999797938110894,-6.481959209114763e-05,2.9999756447196,0.0,-1.0,SOLVER_EXCEPTION,0.0,0,True,True
1514.021,-0.08610196490338055,-2.499977019708578,-1.956202007560621e-05,2.4355325386670394e-05,0,nan,nan,nan,3.0,-0.49997977145556227,-6.483738949514262e-05,2.9999756446746133,0.0,-1.0,SOLVER_EXCEPTION,0.0,0,True,True
1514.117,-0.08617660981552157,-2.499977001408408,-1.9579277123512563e-05,2.435520352255975e-05,0,nan,nan,nan,3.0,-0.4999797486469032,-6.485554764212864e-05,2.9999756447964776,0.0,-1.0,SOLVER_EXCEPTION,0.0,0,True,True
1514.216,-0.08625358737823587,-2.4999769825349802,-1.959707450377076e-05,2.43551379200754e-05,0,nan,nan,nan,3.0,-0.49997972606254937,-6.487352705120131e-05,2.99997564486208,0.0,-1.0,SOLVER_EXCEPTION,0.0,0,True,True
1514.315,-0.08633134248910457,-2.499976963468959,-1.961505182044758e-05,2.435511729857568e-05,0,nan,nan,nan,3.0,-0.49997970370174954,-6.489132212905702e-05,2.9999756448827015,0.0,-1.0,SOLVER_EXCEPTION,0.0,0,True,True
1514.418,-0.08641143025020336,-2.499976943830433,-1.9633569917317786e-05,2.4355138770531222e-05,0,nan,nan,nan,3.0,-0.49997968088876676,-6.490948078674563e-05,2.9999756448612294,0.0,-1.0,SOLVER_EXCEPTION,0.0,0,True,True
1514.519,-0.0864891853550985,-2.4999769247625685,-1.965154956262554e-05,2.4355198127283605e-05,0,nan,nan,nan,3.0,-0.4999796583004952,-6.49274604795913e-05,2.999975644801873,0.0,-1.0,SOLVER_EXCEPTION,0.0,0,True,True
1514.616,-0.08656460780408815,-2.4999769062650574,-1.966898757081763e-05,2.435513681415211e-05,0,nan,nan,nan,3.0,-0.4999796357104385,-6.494543677915132e-05,2.999975644863186,0.0,-1.0,SOLVER_EXCEPTION,0.0,0,True,True
1514.719,-0.08664158535235192,-2.499976887384934,-1.9686786408231403e-05,2.4355139883574948e-05,0,nan,nan,nan,3.0,-0.49997961311922023,-6.49634164675561e-05,2.9999756448601165,0.0,-1.0,SOLVER_EXCEPTION,0.0,0,True,True
1514.815,-0.08672011799975649,-2.4999768681210868,-1.9704940869198642e-05,2.435494791154783e-05,0,nan,nan,nan,3.0,-0.49997959052587443,-6.498139321475804e-05,2.9999756450520882,0.0,-1.0,SOLVER_EXCEPTION,0.0,0,True,True
1514.915,-0.08679787309340131,-2.4999768490475045,-1.972292130820691e-05,2.435507090710293e-05,0,nan,nan,nan,3.0,-0.4999795706434897,-6.499721509811707e-05,2.999975644929093,0.0,-1.0,SOLVER_EXCEPTION,0.0,0,True,True
1515.022,-0.08688107104056109,-2.4999768286377484,-1.9742158385289813e-05,2.4355037632555783e-05,0,nan,nan,nan,3.0,-0.49997954556188523,-6.501716833540172e-05,2.9999756449623676,0.0,-1.0,SOLVER_EXCEPTION,0.0,0,True,True
1515.115,-0.08695105061988061,-2.4999768114684837,-1.9758337127469742e-05,2.4354946629674178e-05,0,nan,nan,nan,3.0,-0.4999795231912254,-6.503496718668345e-05,2.9999756450533703,0.0,-1.0,SOLVER_EXCEPTION,0.0,0,True,True
1515.215,-0.08703113835799606,-2.499976791818462,-1.97768550227094e-05,2.4354921487491734e-05,0,nan,nan,nan,3.0,-0.4999795003670571,-6.505312557436582e-05,2.9999756450785124,0.0,-1.0,SOLVER_EXCEPTION,0.0,0,True,True
1515.317,-0.08710967099167584,-2.4999767725478397,-1.979501271589298e-05,2.4354888030624852e-05,0,nan,nan,nan,3.0,-0.4999794775411773,-6.507128279453767e-05,2.9999756451119692,0.0,-1.0,SOLVER_EXCEPTION,0.0,0,True,True
1515.416,-0.08718664852111334,-2.4999767536577138,-1.9812812446867065e-05,2.435496424257456e-05,0,nan,nan,nan,3.0,-0.49997945516541564,-6.508908278757275e-05,2.9999756450357573,0.0,-1.0,SOLVER_EXCEPTION,0.0,0,True,True
1515.515,-0.08726440359878787,-2.4999767345755086,-1.983078917858494e-05,2.4354857821593622e-05,0,nan,nan,nan,3.0,-0.49997943233677394,-6.510724050245997e-05,2.9999756451421784,0.0,-1.0,SOLVER_EXCEPTION,0.0,0,True,True
1515.618,-0.08734449132613074,-2.499976714919497,-1.9849306201452326e-05,2.4354797164205015e-05,0,nan,nan,nan,3.0,-0.49997940973267413,-6.512521710710928e-05,2.9999756452028357,0.0,-1.0,SOLVER_EXCEPTION,0.0,0,True,True
1515.718,-0.08741680354367255,-2.4999766971705624,-1.986602664308413e-05,2.4354807218219938e-05,0,nan,nan,nan,3.0,-0.4999793878055813,-6.514265670265473e-05,2.999975645192782,0.0,-1.0,SOLVER_EXCEPTION,0.0,0,True,True
1515.822,-0.08749689126597035,-2.4999766775115915,-1.9884543675318444e-05,2.435474413908923e-05,0,nan,nan,nan,3.0,-0.49997936452050834,-6.516117373456254e-05,2.999975645255861,0.0,-1.0,SOLVER_EXCEPTION,0.0,0,True,True
1515.917,-0.08757620143500208,-2.499976658041402,-1.9902881055073503e-05,2.4354724598569705e-05,0,nan,nan,nan,3.0,-0.4999793432689145,-6.517807504424766e-05,2.9999756452754016,0.0,-1.0,SOLVER_EXCEPTION,0.0,0,True,True
1516.017,-0.08765473405087501,-2.4999766387615168,-1.9921040084207334e-05,2.4354750878243542e-05,0,nan,nan,nan,3.0,-0.4999793190759665,-6.519731050635968e-05,2.9999756452491217,0.0,-1.0,SOLVER_EXCEPTION,0.0,0,True,True
1516.117,-0.08773248911369311,-2.4999766196711692,-1.9939020201159735e-05,2.4354819271894274e-05,0,nan,nan,nan,3.0,-0.49997929691730675,-6.521493103006648e-05,2.999975645180728,0.0,-1.0,SOLVER_EXCEPTION,0.0,0,True,True
1516.217,-0.08781024417415081,-2.499976600579204,-1.995699707552205e-05,2.4354695810407224e-05,0,nan,nan,nan,3.0,-0.49997927520936025,-6.523218872445113e-05,2.9999756453041897,0.0,-1.0,SOLVER_EXCEPTION,0.0,0,True,True
1516.318,-0.08788877678284696,-2.499976581295076,-1.997515572062731e-05,2.4354680041168825e-05,0,nan,nan,nan,3.0,-0.4999792514650411,-6.525106565380412e-05,2.999975645319959,0.0,-1.0,SOLVER_EXCEPTION,0.0,0,True,True
1516.418,-0.08796575428810201,-2.4999765623906276,-1.9992954440818193e-05,2.4354681040316536e-05,0,nan,nan,nan,3.0,-0.4999792288496556,-6.526904366221942e-05,2.9999756453189597,0.0,-1.0,SOLVER_EXCEPTION,0.0,0,True,True
1516.518,-0.08804428689217762,-2.4999765431035557,-2.0011113846565783e-05,2.435472785609086e-05,0,nan,nan,nan,3.0,-0.49997920623283765,-6.528702464603242e-05,2.9999756452721438,0.0,-1.0,SOLVER_EXCEPTION,0.0,0,True,True
1516.617,-0.08812126439296047,-2.499976524196884,-2.0028912012004903e-05,2.4354672114133525e-05,0,nan,nan,nan,3.0,-0.49997918361470045,-6.53050016219403e-05,2.999975645327886,0.0,-1.0,SOLVER_EXCEPTION,0.0,0,True,True
1516.715,-0.08819746434109076,-2.499976505479833,-2.0046529418822747e-05,2.435455419400543e-05,0,nan,nan,nan,3.0,-0.4999791609955232,-6.532298194139585e-05,2.999975645445806,0.0,-1.0,SOLVER_EXCEPTION,0.0,0,True,True
1516.821,-0.08827677448895241,-2.4999764859974887,-2.00648692179236e-05,2.4354619793153135e-05,0,nan,nan,nan,3.0,-0.49997913973172764,-6.533988011536707e-05,2.9999756453802067,0.0,-1.0,SOLVER_EXCEPTION,0.0,0,True,True
1516.915,-0.08835297443281871,-2.499976467277211,-2.0082487078382295e-05,2.43545398763071e-05,0,nan,nan,nan,3.0,-0.4999791159783985,-6.535875712954109e-05,2.9999756454601236,0.0,-1.0,SOLVER_EXCEPTION,0.0,0,True,True
1517.025,-0.0884385049796152,-2.4999764462635143,-2.010226291010798e-05,2.4354504151068028e-05,0,nan,nan,nan,3.0,-0.49997909335398266,-6.537673500606189e-05,2.999975645495849,0.0,-1.0,SOLVER_EXCEPTION,0.0,0,True,True
1517.115,-0.08850848451600635,-2.499976429069156,-2.0118445245177295e-05,2.435457906942669e-05,0,nan,nan,nan,3.0,-0.4999790707289914,-6.539471566524568e-05,2.9999756454209305,0.0,-1.0,SOLVER_EXCEPTION,0.0,0,True,True
1517.218,-0.08858779465521235,-2.4999764095811847,-2.013678206589234e-05,2.435446246011558e-05,0,nan,nan,nan,3.0,-0.4999790481026382,-6.541269292714702e-05,2.99997564553754,0.0,-1.0,SOLVER_EXCEPTION,0.0,0,True,True
1517.314,-0.08866321704051229,-2.499976391046974,-2.015422200455836e-05,2.4354474404344473e-05,0,nan,nan,nan,3.0,-0.4999790252485906,-6.54308520640079e-05,2.9999756455255957,0.0,-1.0,SOLVER_EXCEPTION,0.0,0,True,True
1517.418,-0.08874097207490424,-2.4999763719383368,-2.0172202493666057e-05,2.435454063511486e-05,0,nan,nan,nan,3.0,-0.49997900284559105,-6.544865050939208e-05,2.9999756454593647,0.0,-1.0,SOLVER_EXCEPTION,0.0,0,True,True
1517.52,-0.0888202822079187,-2.4999763524452407,-2.019054028931049e-05,2.4354520190173886e-05,0,nan,nan,nan,3.0,-0.499978979988118,-6.546681050423331e-05,2.9999756454798097,0.0,-1.0,SOLVER_EXCEPTION,0.0,0,True,True
1517.615,-0.08889648213769834,-2.4999763337157983,-2.0208158215887213e-05,2.435442953569422e-05,0,nan,nan,nan,3.0,-0.4999789573559574,-6.548478827550497e-05,2.9999756455704643,0.0,-1.0,SOLVER_EXCEPTION,0.0,0,True,True
1517.719,-0.08897656981697401,-2.4999763140298383,-2.0226676868389445e-05,2.435441071282059e-05,0,nan,nan,nan,3.0,-0.4999789356278955,-6.550204963229334e-05,2.999975645589287,0.0,-1.0,SOLVER_EXCEPTION,0.0,0,True,True
1517.815,-0.08905276974292724,-2.499976295297888,-2.0244297908531578e-05,2.4354479225108406e-05,0,nan,nan,nan,3.0,-0.4999789120880246,-6.552074596122281e-05,2.9999756455207747,0.0,-1.0,SOLVER_EXCEPTION,0.0,0,True,True
1517.919,-0.08913130231775958,-2.499976275990791,-2.0262455892717894e-05,2.4354410245427057e-05,0,nan,nan,nan,3.0,-0.4999788903572659,-6.553800736908144e-05,2.9999756455897546,0.0,-1.0,SOLVER_EXCEPTION,0.0,0,True,True
1518.021,-0.08920983489067183,-2.49997625668147,-2.0280612745685116e-05,2.4354318499232008e-05,0,nan,nan,nan,3.0,-0.49997886703998573,-6.555652300122006e-05,2.9999756456815008,0.0,-1.0,SOLVER_EXCEPTION,0.0,0,True,True
1518.117,-0.08928758991148925,-2.4999762375630232,-2.029859387282688e-05,2.435442528690182e-05,0,nan,nan,nan,3.0,-0.4999788441741004,-6.557468220336204e-05,2.9999756455747133,0.0,-1.0,SOLVER_EXCEPTION,0.0,0,True,True
1518.215,-0.08936378983010988,-2.4999762188252155,-2.0316211640680936e-05,2.4354316365560327e-05,0,nan,nan,nan,3.0,-0.4999788213072572,-6.559284169993518e-05,2.9999756456836346,0.0,-1.0,SOLVER_EXCEPTION,0.0,0,True,True
1518.318,-0.08944309994764174,-2.4999761993216065,-2.0334552015902778e-05,2.435438374254633e-05,0,nan,nan,nan,3.0,-0.49997879889182834,-6.561064044330323e-05,2.9999756456162574,0.0,-1.0,SOLVER_EXCEPTION,0.0,0,True,True
1518.417,-0.08952085496302241,-2.4999761801985354,-2.035252940019935e-05,2.435427023113609e-05,0,nan,nan,nan,3.0,-0.49997877624860165,-6.562862115755408e-05,2.999975645729769,0.0,-1.0,SOLVER_EXCEPTION,0.0,0,True,True
1518.519,-0.08959860997663578,-2.4999761610735405,-2.0370507762801897e-05,2.435424138145054e-05,0,nan,nan,nan,3.0,-0.4999787536033416,-6.564659904428893e-05,2.9999756457586186,0.0,-1.0,SOLVER_EXCEPTION,0.0,0,True,True
1518.617,-0.089675587438394,-2.499976142139047,-2.0388306840388413e-05,2.4354219109938324e-05,0,nan,nan,nan,3.0,-0.49997873095683154,-6.566457717394059e-05,2.99997564578089,0.0,-1.0,SOLVER_EXCEPTION,0.0,0,True,True
1518.718,-0.08975334244855607,-2.4999761230122743,-2.040628784610075e-05,2.43542995997948e-05,0,nan,nan,nan,3.0,-0.49997870853593845,-6.568237740722793e-05,2.9999756457004003,0.0,-1.0,SOLVER_EXCEPTION,0.0,0,True,True
1518.817,-0.08983187500709243,-2.4999761036926884,-2.0424447519080217e-05,2.435431083827836e-05,0,nan,nan,nan,3.0,-0.49997868566063897,-6.570053590682079e-05,2.9999756456891618,0.0,-1.0,SOLVER_EXCEPTION,0.0,0,True,True
1518.918,-0.089908852463796,-2.499976084754029,-2.0442246346121503e-05,2.435425520442042e-05,0,nan,nan,nan,3.0,-0.49997866346345793,-6.571815720102236e-05,2.9999756457447955,0.0,-1.0,SOLVER_EXCEPTION,0.0,0,True,True
1519.018,-0.08998816256900156,-2.4999760652394616,-2.0460584357282276e-05,2.4354214200823366e-05,0,nan,nan,nan,3.0,-0.49997864058526265,-6.573631687611936e-05,2.999975645785799,0.0,-1.0,SOLVER_EXCEPTION,0.0,0,True,True
1519.117,-0.09006436247239702,-2.499976046489389,-2.0478203953673943e-05,2.435420458569806e-05,0,nan,nan,nan,3.0,-0.4999786174783743,-6.575465529889968e-05,2.999975645795414,0.0,-1.0,SOLVER_EXCEPTION,0.0,0,True,True
1519.216,-0.09014211747425968,-2.4999760273556535,-2.0496184993126532e-05,2.4354273334079702e-05,0,nan,nan,nan,3.0,-0.4999785952768321,-6.577227353554704e-05,2.999975645726666,0.0,-1.0,SOLVER_EXCEPTION,0.0,0,True,True
1519.319,-0.09022220512450782,-2.4999760076462363,-2.0514702984580365e-05,2.4354191898644915e-05,0,nan,nan,nan,3.0,-0.4999785723947877,-6.579043309606902e-05,2.9999756458081013,0.0,-1.0,SOLVER_EXCEPTION,0.0,0,True,True
1519.419,-0.09029840502318977,-2.499975988891886,-2.053232112341086e-05,2.435408161786863e-05,0,nan,nan,nan,3.0,-0.49997855041709777,-6.58078725508382e-05,2.999975645918382,0.0,-1.0,SOLVER_EXCEPTION,0.0,0,True,True
1519.515,-0.09037460492037522,-2.499975970135896,-2.0549939449532482e-05,2.435398436304989e-05,0,nan,nan,nan,3.0,-0.4999785268516372,-6.582656950904209e-05,2.999975646015637,0.0,-1.0,SOLVER_EXCEPTION,0.0,0,True,True
1519.617,-0.09045158236603094,-2.4999759511872086,-2.056774031862162e-05,2.4354069252245087e-05,0,nan,nan,nan,3.0,-0.4999785046444015,-6.584419152178e-05,2.9999756459307476,0.0,-1.0,SOLVER_EXCEPTION,0.0,0,True,True
1519.722,-0.0905355577595933,-2.499975930515138,-2.058716032229023e-05,2.4354174519898395e-05,0,nan,nan,nan,3.0,-0.49997848243591414,-6.586181020429294e-05,2.9999756458254803,0.0,-1.0,SOLVER_EXCEPTION,0.0,0,True,True
1519.814,-0.09060709235272904,-2.4999759129037806,-2.0603699803517342e-05,2.435407086950531e-05,0,nan,nan,nan,3.0,-0.4999784593199704,-6.588015112463097e-05,2.9999756459291307,0.0,-1.0,SOLVER_EXCEPTION,0.0,0,True,True
1519.915,-0.09068562489374901,-2.4999758935684184,-2.0621858514357388e-05,2.4354015298540976e-05,0,nan,nan,nan,3.0,-0.4999784364290424,-6.589831103198662e-05,2.9999756459847013,0.0,-1.0,SOLVER_EXCEPTION,0.0,0,True,True
1520.016,-0.09076415743327594,-2.499975874231626,-2.0640018439353975e-05,2.435402926704421e-05,0,nan,nan,nan,3.0,-0.499978414216434,-6.591592934768187e-05,2.999975645970733,0.0,-1.0,SOLVER_EXCEPTION,0.0,0,True,True
1520.115,-0.09084113487157953,-2.4999758552756837,-2.0657818614184017e-05,2.4354074518664586e-05,0,nan,nan,nan,3.0,-0.49997839109512904,-6.593426770429289e-05,2.999975645925481,0.0,-1.0,SOLVER_EXCEPTION,0.0,0,True,True
1520.215,-0.09091888985834513,-2.499975836127489,-2.0675796887773926e-05,2.4353990714494534e-05,0,nan,nan,nan,3.0,-0.4999783693333674,-6.595152990085396e-05,2.9999756460092857,0.0,-1.0,SOLVER_EXCEPTION,0.0,0,True,True
1520.315,-0.09099664484370133,-2.4999758169782518,-2.0693778290258928e-05,2.4354068539440468e-05,0,nan,nan,nan,3.0,-0.4999783457567133,-6.597022747500958e-05,2.9999756459314604,0.0,-1.0,SOLVER_EXCEPTION,0.0,0,True,True
1520.42,-0.09107673247716333,-2.4999757972528984,-2.0712297984447905e-05,2.4354080328441355e-05,0,nan,nan,nan,3.0,-0.49997832308546997,-6.598820880432399e-05,2.9999756459196716,0.0,-1.0,SOLVER_EXCEPTION,0.0,0,True,True
1520.519,-0.09115448745971264,-2.4999757781000334,-2.073027651365225e-05,2.43540062537018e-05,0,nan,nan,nan,3.0,-0.49997830109283936,-6.600564856018565e-05,2.999975645993746,0.0,-1.0,SOLVER_EXCEPTION,0.0,0,True,True
1520.623,-0.09123613018992939,-2.499975757988639,-2.0749156538467868e-05,2.4354080895877234e-05,0,nan,nan,nan,3.0,-0.49997827864539734,-6.602344906125879e-05,2.999975645919104,0.0,-1.0,SOLVER_EXCEPTION,0.0,0,True,True
1520.715,-0.09130766477138187,-2.4999757403653535,-2.0765695230701725e-05,2.4353930650032473e-05,0,nan,nan,nan,3.0,-0.4999782550621793,-6.604214769279082e-05,2.99997564606935,0.0,-1.0,SOLVER_EXCEPTION,0.0,0,True,True
1520.816,-0.09138619729973042,-2.499975721017548,-2.078385536401717e-05,2.4353937197765414e-05,0,nan,nan,nan,3.0,-0.49997823419902987,-6.605868716169638e-05,2.9999756460628024,0.0,-1.0,SOLVER_EXCEPTION,0.0,0,True,True
1520.916,-0.09146395227698002,-2.49997570185991,-2.0801836723946883e-05,2.435398795550709e-05,0,nan,nan,nan,3.0,-0.4999782097071993,-6.607810724856833e-05,2.9999756460120444,0.0,-1.0,SOLVER_EXCEPTION,0.0,0,True,True
1521.015,-0.09154092970318602,-2.499975682892156,-2.0819637343770566e-05,2.4353999555751237e-05,0,nan,nan,nan,3.0,-0.4999781870272749,-6.609608538310496e-05,2.9999756460004443,0.0,-1.0,SOLVER_EXCEPTION,0.0,0,True,True
1521.117,-0.09161946222762446,-2.4999756635388604,-2.0837793954463562e-05,2.435384438333097e-05,0,nan,nan,nan,3.0,-0.49997816479927154,-6.611370422149321e-05,2.9999756461556166,0.0,-1.0,SOLVER_EXCEPTION,0.0,0,True,True
1521.215,-0.09169643965132307,-2.4999756445683277,-2.0855595013392902e-05,2.4353894515882046e-05,0,nan,nan,nan,3.0,-0.4999781416627389,-6.613204630490088e-05,2.9999756461054843,0.0,-1.0,SOLVER_EXCEPTION,0.0,0,True,True
1521.317,-0.09177574972295097,-2.4999756250217477,-2.0873936335841664e-05,2.4353972768291092e-05,0,nan,nan,nan,3.0,-0.49997811897868416,-6.615002472321052e-05,2.9999756460272318,0.0,-1.0,SOLVER_EXCEPTION,0.0,0,True,True
1521.417,-0.09185350469389618,-2.4999756058566427,-2.0891914642237657e-05,2.4353860289194556e-05,0,nan,nan,nan,3.0,-0.49997809652022035,-6.616782550405986e-05,2.9999756461397107,0.0,-1.0,SOLVER_EXCEPTION,0.0,0,True,True
1521.518,-0.091932037213321,-2.499975586498386,-2.0910073773935743e-05,2.4353809911997456e-05,0,nan,nan,nan,3.0,-0.4999780736064045,-6.618598467778014e-05,2.999975646190088,0.0,-1.0,SOLVER_EXCEPTION,0.0,0,True,True
1521.615,-0.09200745953280767,-2.499975567905103,-2.092751577623534e-05,2.4353903050805547e-05,0,nan,nan,nan,3.0,-0.49997805091747205,-6.620396363121728e-05,2.9999756460969493,0.0,-1.0,SOLVER_EXCEPTION,0.0,0,True,True
1521.717,-0.0920867695995226,-2.4999755483524515,-2.0945854369648478e-05,2.4353843261131328e-05,0,nan,nan,nan,3.0,-0.49997802868162017,-6.622158630564812e-05,2.999975646156739,0.0,-1.0,SOLVER_EXCEPTION,0.0,0,True,True
1521.818,-0.0921653021153678,-2.4999755289901593,-2.0964013692113996e-05,2.435379637635597e-05,0,nan,nan,nan,3.0,-0.4999780055367204,-6.623992450949245e-05,2.9999756462036236,0.0,-1.0,SOLVER_EXCEPTION,0.0,0,True,True
1521.918,-0.0922422795307487,-2.4999755100099486,-2.0981814640289194e-05,2.4353811555156504e-05,0,nan,nan,nan,3.0,-0.49997798284451117,-6.625790634506856e-05,2.999975646188445,0.0,-1.0,SOLVER_EXCEPTION,0.0,0,True,True
1522.015,-0.09231770184574757,-2.499975491411648,-2.0999254787145497e-05,2.4353765068281526e-05,0,nan,nan,nan,3.0,-0.49997796105826,-6.62751656368421e-05,2.999975646234932,0.0,-1.0,SOLVER_EXCEPTION,0.0,0,True,True
1522.116,-0.09239623435817938,-2.4999754720445666,-2.101741610971425e-05,2.4353854985916103e-05,0,nan,nan,nan,3.0,-0.49997793745457914,-6.629386395440307e-05,2.999975646145014,0.0,-1.0,SOLVER_EXCEPTION,0.0,0,True,True
1522.218,-0.09247632196870163,-2.499975452293152,-2.1035935786637996e-05,2.435385459746692e-05,0,nan,nan,nan,3.0,-0.49997791475795583,-6.63118464925283e-05,2.9999756461454026,0.0,-1.0,SOLVER_EXCEPTION,0.0,0,True,True
1522.318,-0.09255407692926193,-2.49997543311545,-2.1053914401957713e-05,2.4353747830565077e-05,0,nan,nan,nan,3.0,-0.49997789228695666,-6.632964759933913e-05,2.9999756462521696,0.0,-1.0,SOLVER_EXCEPTION,0.0,0,True,True
1522.415,-0.09262949923997157,-2.4999754145118414,-2.1071355865686266e-05,2.4353765964224877e-05,0,nan,nan,nan,3.0,-0.4999778693606242,-6.634780717051925e-05,2.9999756462340357,0.0,-1.0,SOLVER_EXCEPTION,0.0,0,True,True
1522.515,-0.09270725419841364,-2.4999753953315524,-2.1089337856757335e-05,2.4353842531609867e-05,0,nan,nan,nan,3.0,-0.49997784665962774,-6.63657858517297e-05,2.9999756461574685,0.0,-1.0,SOLVER_EXCEPTION,0.0,0,True,True
1522.621,-0.09278967445321051,-2.4999753749983467,-2.110839630748314e-05,2.4353811952128073e-05,0,nan,nan,nan,3.0,-0.4999778241839782,-6.638358738397798e-05,2.999975646188048,0.0,-1.0,SOLVER_EXCEPTION,0.0,0,True,True
1522.716,-0.09286354166170359,-2.4999753567741063,-2.1125478296835032e-05,2.435384906655376e-05,0,nan,nan,nan,3.0,-0.499977801253117,-6.64017487661539e-05,2.9999756461509333,0.0,-1.0,SOLVER_EXCEPTION,0.0,0,True,True
1522.82,-0.09294362926565278,-2.499975337014199,-2.1143997543218324e-05,2.4353785514319767e-05,0,nan,nan,nan,3.0,-0.4999777787752414,-6.641954893060742e-05,2.9999756462144855,0.0,-1.0,SOLVER_EXCEPTION,0.0,0,True,True
1522.915,-0.09301749647222306,-2.4999753187874494,-2.116107953902759e-05,2.4353808635042565e-05,0,nan,nan,nan,3.0,-0.4999777558419681,-6.64377095982438e-05,2.999975646191365,0.0,-1.0,SOLVER_EXCEPTION,0.0,0,True,True
1523.019,-0.09309913917316862,-2.4999752986399923,-2.1179955201408793e-05,2.4353580398450524e-05,0,nan,nan,nan,3.0,-0.4999777342692741,-6.645479043809743e-05,2.9999756464196015,0.0,-1.0,SOLVER_EXCEPTION,0.0,0,True,True
1523.118,-0.09317456147688072,-2.4999752800264665,-2.1197397552939306e-05,2.4353669349702843e-05,0,nan,nan,nan,3.0,-0.49997771087837173,-6.647330775377824e-05,2.9999756463306504,0.0,-1.0,SOLVER_EXCEPTION,0.0,0,True,True
1523.217,-0.0932523164281976,-2.4999752608363526,-2.1215380124517423e-05,2.4353782897446818e-05,0,nan,nan,nan,3.0,-0.4999776877132004,-6.649165051531014e-05,2.9999756462171026,0.0,-1.0,SOLVER_EXCEPTION,0.0,0,True,True
1523.316,-0.09333007137854861,-2.499975241644616,-2.1233359046018758e-05,2.4353679681720847e-05,0,nan,nan,nan,3.0,-0.4999776652282,-6.650945072816938e-05,2.999975646320318,0.0,-1.0,SOLVER_EXCEPTION,0.0,0,True,True
1523.422,-0.09341093652590159,-2.4999752216839695,-2.125206050597052e-05,2.435375142961382e-05,0,nan,nan,nan,3.0,-0.4999776420603993,-6.652778929883141e-05,2.9999756462485703,0.0,-1.0,SOLVER_EXCEPTION,0.0,0,True,True
1523.518,-0.09348558127640015,-2.4999752032570037,-2.1269320160020307e-05,2.4353650560422714e-05,0,nan,nan,nan,3.0,-0.499977620935464,-6.654451177379173e-05,2.9999756463494394,0.0,-1.0,SOLVER_EXCEPTION,0.0,0,True,True
1523.617,-0.093564113773395,-2.499975183868498,-2.1287481011578246e-05,2.4353697369190937e-05,0,nan,nan,nan,3.0,-0.49997759685556864,-6.656357019974024e-05,2.999975646302631,0.0,-1.0,SOLVER_EXCEPTION,0.0,0,True,True
1523.725,-0.09364731156621904,-2.4999751633276857,-2.130672132670016e-05,2.4353740120544213e-05,0,nan,nan,nan,3.0,-0.49997757459216857,-6.65811934328353e-05,2.9999756462598794,0.0,-1.0,SOLVER_EXCEPTION,0.0,0,True,True
1523.818,-0.09372040121513306,-2.4999751452805703,-2.132362143305761e-05,2.435364038562216e-05,0,nan,nan,nan,3.0,-0.49997755164585544,-6.659935346720047e-05,2.9999756463596143,0.0,-1.0,SOLVER_EXCEPTION,0.0,0,True,True
1523.915,-0.09379193576436742,-2.4999751276165862,-2.134016537087698e-05,2.4353723541529654e-05,0,nan,nan,nan,3.0,-0.4999775296071038,-6.66167954301855e-05,2.9999756462764586,0.0,-1.0,SOLVER_EXCEPTION,0.0,0,True,True
1524.018,-0.09387591110381754,-2.499975106878571,-2.1359583360020846e-05,2.4353646642760743e-05,0,nan,nan,nan,3.0,-0.49997750597622964,-6.663549374952282e-05,2.999975646353357,0.0,-1.0,SOLVER_EXCEPTION,0.0,0,True,True
