timestamp,x,y,yaw,speed,nearest_path_index,reference_x,reference_y,reference_yaw,reference_speed,cte,heading_error,speed_error,steering_command,acceleration_command,solver_status,solver_time_ms,iteration_count,state_valid,fallback_active
1859.222,-0.015160054741236353,-1.999993625774508,-3.382062002876368e-06,0.0001313109967122902,0,nan,nan,nan,2.0,4.094761005221659e-07,-4.865688693334036e-05,1.9998686890032877,0.0,-1.0,SOLVER_EXCEPTION,0.0,0,True,True
1859.318,-0.015220629829752972,-1.9999936087085908,-3.3994201859610477e-06,0.00011744274482049374,0,nan,nan,nan,2.0,4.298981813553027e-07,-4.867478363701494e-05,1.9998825572551795,0.0,-1.0,SOLVER_EXCEPTION,0.0,0,True,True
1859.419,-0.01528576213887217,-1.9999935907473625,-3.417678459191072e-06,0.00010363197099369463,0,nan,nan,nan,2.0,4.514252079864658e-07,-4.8693585400272354e-05,1.9998963680290063,0.0,-1.0,SOLVER_EXCEPTION,0.0,0,True,True
1859.515,-0.0153482688418729,-1.9999935738478558,-3.4348557375241234e-06,9.133945505105473e-05,0,nan,nan,nan,2.0,4.717764752152141e-07,-4.871130285355463e-05,1.999908660544949,0.0,-1.0,SOLVER_EXCEPTION,0.0,0,True,True
1859.62,-0.01541935892787956,-1.9999935549853785,-3.4540163962119955e-06,7.838725297268197e-05,0,nan,nan,nan,2.0,4.928134529105491e-07,-4.8729564513738666e-05,1.9999216127470274,0.0,-1.0,SOLVER_EXCEPTION,0.0,0,True,True
1859.715,-0.01548352517513851,-1.9999935382536584,-3.4710141017420963e-06,6.754894756482383e-05,0,nan,nan,nan,2.0,5.137024139543641e-07,-4.874764416129551e-05,1.9999324510524352,0.0,-1.0,SOLVER_EXCEPTION,0.0,0,True,True
1859.818,-0.015555680813341187,-1.9999935197361265,-3.489813853405949e-06,5.624236561226213e-05,0,nan,nan,nan,2.0,5.34438070759641e-07,-4.8765540610062885e-05,1.9999437576343877,0.0,-1.0,SOLVER_EXCEPTION,0.0,0,True,True
1859.915,-0.015624021711011946,-1.9999935024606459,-3.5073521719555585e-06,4.6331121396551585e-05,0,nan,nan,nan,2.0,5.558566361487277e-07,-4.8783982231181966e-05,1.9999536688786035,0.0,-1.0,SOLVER_EXCEPTION,0.0,0,True,True
1860.019,-0.015696190057715085,-1.9999934844674878,-3.5256136357064816e-06,3.666279541099304e-05,0,nan,nan,nan,2.0,5.766958872017833e-07,-4.8801882089222204e-05,1.999963337204589,0.0,-1.0,SOLVER_EXCEPTION,0.0,0,True,True
1860.124,-0.01577370545237043,-1.999993465399926,-3.544957677300413e-06,2.718884429038294e-05,0,nan,nan,nan,2.0,5.971596243201035e-07,-4.881941715506599e-05,1.9999728111557096,0.0,-1.0,SOLVER_EXCEPTION,0.0,0,True,True
1860.219,-0.015841914633401594,-1.9999934488238107,-3.5617720704887e-06,1.972672038832657e-05,0,nan,nan,nan,2.0,6.193589285255292e-07,-4.8838402129991465e-05,1.9999802732796117,0.0,-1.0,SOLVER_EXCEPTION,0.0,0,True,True
1860.314,-0.015914585150044368,-1.999993431351802,-3.5794904810083647e-06,1.308684309329377e-05,0,nan,nan,nan,2.0,6.40121213333461e-07,-4.8856120540285985e-05,1.9999869131569068,0.0,-1.0,SOLVER_EXCEPTION,0.0,0,True,True
1860.415,-0.01599028591040045,-1.999993413341118,-3.597749787231942e-06,9.214489492447376e-06,0,nan,nan,nan,2.0,6.615593726909579e-07,-4.887437984679721e-05,1.9999907855105075,0.0,-1.0,SOLVER_EXCEPTION,0.0,0,True,True
1860.518,-0.016067518533336125,-1.9999933951468358,-3.6161909745010923e-06,1.0841838613678563e-05,0,nan,nan,nan,2.0,6.826116199246573e-07,-4.889227914750549e-05,1.9999891581613862,0.0,-1.0,SOLVER_EXCEPTION,0.0,0,True,True
1860.616,-0.01614165251944676,-1.9999933778417813,-3.6337294773234045e-06,1.555184636340261e-05,0,nan,nan,nan,2.0,7.034857621169903e-07,-4.8909997926394055e-05,1.9999844481536366,0.0,-1.0,SOLVER_EXCEPTION,0.0,0,True,True
1860.715,-0.016219514186504337,-1.9999933598185013,-3.6519882655695717e-06,2.1239616525068852e-05,0,nan,nan,nan,2.0,7.241795927669489e-07,-4.892753361751545e-05,1.9999787603834749,0.0,-1.0,SOLVER_EXCEPTION,0.0,0,True,True
1860.817,-0.016297239683721983,-1.9999933419701463,-3.6700680369193707e-06,2.6904074849307947e-05,0,nan,nan,nan,2.0,7.464005481252896e-07,-4.894633649188407e-05,1.9999730959251507,0.0,-1.0,SOLVER_EXCEPTION,0.0,0,True,True
1860.924,-0.016381849374994376,-1.9999933226894744,-3.6895947826970972e-06,3.281262890326377e-05,0,nan,nan,nan,2.0,7.667272676571876e-07,-4.896351390026865e-05,1.9999671873710967,0.0,-1.0,SOLVER_EXCEPTION,0.0,0,True,True
1861.015,-0.016454437272312643,-1.999993306262565,-3.7062274497612973e-06,3.76118383586204e-05,0,nan,nan,nan,2.0,7.892243511072957e-07,-4.898249590645776e-05,1.9999623881616413,0.0,-1.0,SOLVER_EXCEPTION,0.0,0,True,True
1861.119,-0.01653622990913313,-1.999993287867733,-3.724847963845778e-06,4.2707999817612636e-05,0,nan,nan,nan,2.0,8.108921764026889e-07,-4.9000757668338224e-05,1.9999572920001825,0.0,-1.0,SOLVER_EXCEPTION,0.0,0,True,True
1861.221,-0.0166185442277184,-1.9999932694693818,-3.743472494868112e-06,4.7508651635446916e-05,0,nan,nan,nan,2.0,8.323715189488039e-07,-4.901883807972851e-05,1.9999524913483646,0.0,-1.0,SOLVER_EXCEPTION,0.0,0,True,True
1861.317,-0.0166948989660011,-1.999993252497786,-3.7606489935855338e-06,5.167858656896188e-05,0,nan,nan,nan,2.0,8.536598819779116e-07,-4.903673569600642e-05,1.999948321413431,0.0,-1.0,SOLVER_EXCEPTION,0.0,0,True,True
1861.423,-0.01678055493612251,-1.9999932335565869,-3.7798122138202374e-06,5.6048280873671024e-05,0,nan,nan,nan,2.0,8.754007708978854e-07,-4.90549982474775e-05,1.9999439517191264,0.0,-1.0,SOLVER_EXCEPTION,0.0,0,True,True
1861.518,-0.016857708654203264,-1.9999932165785677,-3.7969885334986665e-06,5.972027039727805e-05,0,nan,nan,nan,2.0,8.969487286238817e-07,-4.907307789148163e-05,1.9999402797296026,0.0,-1.0,SOLVER_EXCEPTION,0.0,0,True,True
1861.615,-0.016937657158561287,-1.9999931990622404,-3.814707411012279e-06,6.327629196676813e-05,0,nan,nan,nan,2.0,9.185161948137024e-07,-4.909115758877647e-05,1.9999367237080332,0.0,-1.0,SOLVER_EXCEPTION,0.0,0,True,True
1861.72,-0.017022051660075668,-1.9999931806480804,-3.833328263256949e-06,6.67709986157436e-05,0,nan,nan,nan,2.0,9.396711130854708e-07,-4.910887639697492e-05,1.9999332290013843,0.0,-1.0,SOLVER_EXCEPTION,0.0,0,True,True
1861.825,-0.01710020287683918,-1.9999931636623896,-3.850505191888255e-06,6.978385512482759e-05,0,nan,nan,nan,2.0,9.612751398898417e-07,-4.912695657699473e-05,1.999930216144875,0.0,-1.0,SOLVER_EXCEPTION,0.0,0,True,True
1861.916,-0.017184423089674113,-1.999993145422222,-3.868947622254997e-06,7.280455663178399e-05,0,nan,nan,nan,2.0,9.833284242583283e-07,-4.914539780420668e-05,1.9999271954433682,0.0,-1.0,SOLVER_EXCEPTION,0.0,0,True,True
1862.018,-0.01726894287323779,-1.9999931271789653,-3.887388591256721e-06,7.561419711786822e-05,0,nan,nan,nan,2.0,1.0049653667654483e-06,-4.916347835282053e-05,1.9999243858028821,0.0,-1.0,SOLVER_EXCEPTION,0.0,0,True,True
1862.114,-0.017349577976868605,-1.9999931098280026,-3.904928693331489e-06,7.810004480872233e-05,0,nan,nan,nan,2.0,1.0266166517023119e-06,-4.91815587526645e-05,1.9999218999551913,0.0,-1.0,SOLVER_EXCEPTION,0.0,0,True,True
1862.22,-0.01743378693823378,-1.999993091758608,-3.923188156931058e-06,8.050512210044399e-05,0,nan,nan,nan,2.0,1.0476319431789127e-06,-4.919909499712105e-05,1.9999194948778996,0.0,-1.0,SOLVER_EXCEPTION,0.0,0,True,True
1862.323,-0.0175232547635077,-1.9999930726128403,-3.942533552788173e-06,8.285961713591004e-05,0,nan,nan,nan,2.0,1.069960038434159e-06,-4.921771924593088e-05,1.9999171403828642,0.0,-1.0,SOLVER_EXCEPTION,0.0,0,True,True
1862.418,-0.017602054006757063,-1.9999930557919816,-3.959530598229297e-06,8.477219820334835e-05,0,nan,nan,nan,2.0,1.091650016198219e-06,-4.923579909998921e-05,1.9999152278017966,0.0,-1.0,SOLVER_EXCEPTION,0.0,0,True,True
1862.515,-0.01768523280004229,-1.9999930380731625,-3.977429055406275e-06,8.663690991776687e-05,0,nan,nan,nan,2.0,1.1131347258853905e-06,-4.925369748765007e-05,1.9999133630900823,0.0,-1.0,SOLVER_EXCEPTION,0.0,0,True,True
1862.616,-0.017770275604193413,-1.9999930199947211,-3.995691938121912e-06,8.83891666835598e-05,0,nan,nan,nan,2.0,1.1348464311411874e-06,-4.927177741542721e-05,1.9999116108333164,0.0,-1.0,SOLVER_EXCEPTION,0.0,0,True,True
1862.716,-0.01785126666721465,-1.9999930028085855,-4.013048278232944e-06,8.992124060988629e-05,0,nan,nan,nan,2.0,1.156350841928652e-06,-4.9289678337505194e-05,1.9999100787593902,0.0,-1.0,SOLVER_EXCEPTION,0.0,0,True,True
1862.817,-0.017940012601174386,-1.9999929840094537,-4.032031976521377e-06,9.145586528068114e-05,0,nan,nan,nan,2.0,1.1785160310770237e-06,-4.9308120514623965e-05,1.9999085441347193,0.0,-1.0,SOLVER_EXCEPTION,0.0,0,True,True
1862.917,-0.018024676380191174,-1.999992966103284,-4.050111946335062e-06,9.27875773328929e-05,0,nan,nan,nan,2.0,1.2002551319019547e-06,-4.9326201727151187e-05,1.9999072124226671,0.0,-1.0,SOLVER_EXCEPTION,0.0,0,True,True
1863.021,-0.018112013473036138,-1.9999929476576508,-4.0687361841593105e-06,9.403399877213645e-05,0,nan,nan,nan,2.0,1.2220026242248226e-06,-4.934428131475599e-05,1.999905966001228,0.0,-1.0,SOLVER_EXCEPTION,0.0,0,True,True
1863.115,-0.018191826554602636,-1.9999929308219881,-4.085732002678817e-06,9.506635869918402e-05,0,nan,nan,nan,2.0,1.2435393678445522e-06,-4.9362180319700855e-05,1.9999049336413008,0.0,-1.0,SOLVER_EXCEPTION,0.0,0,True,True
1863.219,-0.01828108895053343,-1.9999929120140585,-4.104715050693379e-06,9.610723413385502e-05,0,nan,nan,nan,2.0,1.2653005259753598e-06,-4.938026024836617e-05,1.999903892765866,0.0,-1.0,SOLVER_EXCEPTION,0.0,0,True,True
1863.318,-0.01836534591751631,-1.9999928942791156,-4.12261643373115e-06,9.698593744392187e-05,0,nan,nan,nan,2.0,1.2870678200378845e-06,-4.939834143202759e-05,1.999903014062556,0.0,-1.0,SOLVER_EXCEPTION,0.0,0,True,True
1863.422,-0.018451390131025314,-1.9999928761838266,-4.140876390469284e-06,9.77852127197922e-05,0,nan,nan,nan,2.0,1.3088406953451333e-06,-4.941642170930294e-05,1.9999022147872803,0.0,-1.0,SOLVER_EXCEPTION,0.0,0,True,True
1863.52,-0.018537510661696174,-1.9999928580866464,-4.159139920237083e-06,9.849177511796626e-05,0,nan,nan,nan,2.0,1.3306192947065673e-06,-4.9434502102929656e-05,1.999901508224882,0.0,-1.0,SOLVER_EXCEPTION,0.0,0,True,True
1863.615,-0.018618576578083492,-1.9999928410627204,-4.176315146588044e-06,9.907622324392299e-05,0,nan,nan,nan,2.0,1.3524022816373348e-06,-4.945258355171234e-05,1.999900923776756,0.0,-1.0,SOLVER_EXCEPTION,0.0,0,True,True
1863.716,-0.01870481954911581,-1.9999928229619488,-4.194578039519448e-06,9.961710160269566e-05,0,nan,nan,nan,2.0,1.3744077099723644e-06,-4.9470846482879693e-05,1.9999003828983972,0.0,-1.0,SOLVER_EXCEPTION,0.0,0,True,True
1863.819,-0.018791967969911814,-1.9999928046802569,-4.2130205335351605e-06,0.00010008371750877727,0,nan,nan,nan,2.0,1.395981609988564e-06,-4.948874433008399e-05,1.9998999162824913,0.0,-1.0,SOLVER_EXCEPTION,0.0,0,True,True
1863.918,-0.018876595234975823,-1.999992786934242,-4.230918977463817e-06,0.0001004643738139408,0,nan,nan,nan,2.0,1.4179947105023925e-06,-4.9507007509053125e-05,1.9998995356261862,0.0,-1.0,SOLVER_EXCEPTION,0.0,0,True,True
1864.02,-0.018963822938442763,-1.999992768648767,-4.249360666942336e-06,0.0001007863869211762,0,nan,nan,nan,2.0,1.4397934626065975e-06,-4.9525088738899825e-05,1.9998992136130789,0.0,-1.0,SOLVER_EXCEPTION,0.0,0,True,True
1864.116,-0.01904509109613207,-1.9999927516169123,-4.266539737110894e-06,0.00010102583529258598,0,nan,nan,nan,2.0,1.4611588855983182e-06,-4.954280812041745e-05,1.9998989741647075,0.0,-1.0,SOLVER_EXCEPTION,0.0,0,True,True
1864.216,-0.019132369753234266,-1.9999927333282552,-4.28498165554842e-06,0.00010122161030955239,0,nan,nan,nan,2.0,1.4833991544983721e-06,-4.95612500719389e-05,1.9998987783896904,0.0,-1.0,SOLVER_EXCEPTION,0.0,0,True,True
1864.317,-0.019218809456194263,-1.9999927152170067,-4.303241775053049e-06,0.00010135649568527447,0,nan,nan,nan,2.0,1.5049880317718608e-06,-4.9579148447609356e-05,1.9998986435043147,0.0,-1.0,SOLVER_EXCEPTION,0.0,0,True,True
1864.418,-0.019304404021713694,-1.999992697283932,-4.321323949760271e-06,0.00010143565316576329,0,nan,nan,nan,2.0,1.5267965903013394e-06,-4.959722953312706e-05,1.9998985643468343,0.0,-1.0,SOLVER_EXCEPTION,0.0,0,True,True
1864.521,-0.019392571968680605,-1.9999926788109403,-4.339947740078371e-06,0.00010146390825464345,0,nan,nan,nan,2.0,1.5488251178535768e-06,-4.9615492832444374e-05,1.9998985360917454,0.0,-1.0,SOLVER_EXCEPTION,0.0,0,True,True
1864.617,-0.01947560424799893,-1.999992661412408,-4.357484836803398e-06,0.0001014439843087144,0,nan,nan,nan,2.0,1.5706371469656808e-06,-4.96335745014953e-05,1.9998985560156912,0.0,-1.0,SOLVER_EXCEPTION,0.0,0,True,True
1864.718,-0.019562056193865217,-1.999992643295152,-4.37574817809787e-06,0.00010137819512411961,0,nan,nan,nan,2.0,1.592232515141412e-06,-4.965147317559371e-05,1.999898621804876,0.0,-1.0,SOLVER_EXCEPTION,0.0,0,True,True
1864.818,-0.01964678761545396,-1.999992625534798,-4.393647454550806e-06,0.00010127170555282566,0,nan,nan,nan,2.0,1.6136110749283335e-06,-4.966919233861944e-05,1.9998987282944471,0.0,-1.0,SOLVER_EXCEPTION,0.0,0,True,True
1864.917,-0.01973236215601403,-1.9999926075938579,-4.411728089935113e-06,0.00010112451870129001,0,nan,nan,nan,2.0,1.6360807185801736e-06,-4.968781773984077e-05,1.9998988754812987,0.0,-1.0,SOLVER_EXCEPTION,0.0,0,True,True
1865.018,-0.019818775498877214,-1.9999925894719104,-4.429991385152434e-06,0.00010093795043629439,0,nan,nan,nan,2.0,1.6578971046986359e-06,-4.9705898117480274e-05,1.9998990620495638,0.0,-1.0,SOLVER_EXCEPTION,0.0,0,True,True
1865.117,-0.019903457562880388,-1.9999925717072329,-4.447890794774171e-06,0.0001007203503169875,0,nan,nan,nan,2.0,1.6797140062150034e-06,-4.972397917946125e-05,1.999899279649683,0.0,-1.0,SOLVER_EXCEPTION,0.0,0,True,True
1865.215,-0.019987261362675552,-1.999992554120755,-4.4656098030739555e-06,0.00010047323703680823,0,nan,nan,nan,2.0,1.7013130191297161e-06,-4.9741878101361436e-05,1.9998995267629631,0.0,-1.0,SOLVER_EXCEPTION,0.0,0,True,True
1865.317,-0.020071894106740415,-1.9999925363532687,-4.483511433261982e-06,0.00010019361508008747,0,nan,nan,nan,2.0,1.722912359707618e-06,-4.9759779711777696e-05,1.9998998063849198,0.0,-1.0,SOLVER_EXCEPTION,0.0,0,True,True
1865.418,-0.020158206470340584,-1.99999251822568,-4.501772819647527e-06,9.9879225673314e-05,0,nan,nan,nan,2.0,1.744947918853274e-06,-4.9778041106840476e-05,1.9999001207743268,0.0,-1.0,SOLVER_EXCEPTION,0.0,0,True,True
1865.523,-0.020250463971849778,-1.999992498840183,-4.521300198033099e-06,9.951273906687945e-05,0,nan,nan,nan,2.0,1.7667653486484957e-06,-4.979612161459812e-05,1.9999004872609332,0.0,-1.0,SOLVER_EXCEPTION,0.0,0,True,True
1865.616,-0.02032816748792174,-1.9999924825043667,-4.537755129371265e-06,9.918127233126066e-05,0,nan,nan,nan,2.0,1.7888007823307115e-06,-4.9814385188806654e-05,1.9999008187276688,0.0,-1.0,SOLVER_EXCEPTION,0.0,0,True,True
1865.717,-0.020416079898007273,-1.9999924640135534,-4.5563784221802494e-06,9.878274156375652e-05,0,nan,nan,nan,2.0,1.8106174765533085e-06,-4.9832466727295355e-05,1.9999012172584363,0.0,-1.0,SOLVER_EXCEPTION,0.0,0,True,True
1865.818,-0.02050224408005078,-1.9999924458803122,-4.5746421542075676e-06,9.836956587160945e-05,0,nan,nan,nan,2.0,1.831997529441856e-06,-4.985018683711928e-05,1.9999016304341284,0.0,-1.0,SOLVER_EXCEPTION,0.0,0,True,True
1865.92,-0.020588365289356616,-1.9999924277453527,-4.5929027188234545e-06,9.793574617082633e-05,0,nan,nan,nan,2.0,1.854031800024941e-06,-4.986844721477368e-05,1.9999020642538292,0.0,-1.0,SOLVER_EXCEPTION,0.0,0,True,True
1866.019,-0.020667625277770135,-1.9999924110460474,-4.6097186868164046e-06,9.751937558340957e-05,0,nan,nan,nan,2.0,1.8756286062857782e-06,-4.988634874614206e-05,1.9999024806244166,0.0,-1.0,SOLVER_EXCEPTION,0.0,0,True,True
1866.117,-0.020757064688261957,-1.9999923921900629,-4.628703296198191e-06,9.703119987093186e-05,0,nan,nan,nan,2.0,1.8978795146791003e-06,-4.990479272759529e-05,1.999902968800129,0.0,-1.0,SOLVER_EXCEPTION,0.0,0,True,True
1866.222,-0.02084645166553,-1.9999923733332683,-4.647690774725326e-06,9.652534333091973e-05,0,nan,nan,nan,2.0,1.9196932336095333e-06,-4.992287362082237e-05,1.999903474656669,0.0,-1.0,SOLVER_EXCEPTION,0.0,0,True,True
1866.319,-0.02092898005713824,-1.9999923559114017,-4.665228116957478e-06,9.604348064874071e-05,0,nan,nan,nan,2.0,1.941069119802294e-06,-4.994059393936823e-05,1.9999039565193513,0.0,-1.0,SOLVER_EXCEPTION,0.0,0,True,True
1866.417,-0.021012310930929284,-1.9999923383085705,-4.682947662790194e-06,9.554365988536298e-05,0,nan,nan,nan,2.0,1.9628811375294265e-06,-4.9958674894767796e-05,1.9999044563401147,0.0,-1.0,SOLVER_EXCEPTION,0.0,0,True,True
1866.519,-0.021098990149430445,-1.999992319986382,-4.701391832925635e-06,9.501068217424423e-05,0,nan,nan,nan,2.0,1.9836013477609035e-06,-4.997585392318982e-05,1.9999049893178258,0.0,-1.0,SOLVER_EXCEPTION,0.0,0,True,True
1866.616,-0.021180520153230426,-1.9999923027406492,-4.7187490880666865e-06,9.449811410790906e-05,0,nan,nan,nan,2.0,2.0069378092678496e-06,-4.999520032322735e-05,1.999905501885892,0.0,-1.0,SOLVER_EXCEPTION,0.0,0,True,True
1866.715,-0.021265394156279704,-1.9999922847749818,-4.736830221262032e-06,9.395392888108575e-05,0,nan,nan,nan,2.0,2.028746207651573e-06,-5.0013281382099706e-05,1.9999060460711189,0.0,-1.0,SOLVER_EXCEPTION,0.0,0,True,True
1866.815,-0.021350212996750013,-1.9999922668082022,-4.754912638183267e-06,9.340021188624316e-05,0,nan,nan,nan,2.0,2.050553413407579e-06,-5.003136257197838e-05,1.9999065997881138,0.0,-1.0,SOLVER_EXCEPTION,0.0,0,True,True
1866.922,-0.021440907028911833,-1.9999922475819432,-4.774262356940991e-06,9.279820658567392e-05,0,nan,nan,nan,2.0,2.0723593283602436e-06,-5.0049444826782974e-05,1.9999072017934143,0.0,-1.0,SOLVER_EXCEPTION,0.0,0,True,True
1867.018,-0.021521375141297403,-1.999992230510779,-4.791437369614572e-06,9.225617828861177e-05,0,nan,nan,nan,2.0,2.09416414651498e-06,-5.00675265042716e-05,1.9999077438217114,0.0,-1.0,SOLVER_EXCEPTION,0.0,0,True,True
1867.116,-0.0216051759954799,-1.9999922127200396,-4.809339802821511e-06,9.16846933131818e-05,0,nan,nan,nan,2.0,2.1155313807577805e-06,-5.0085246147801854e-05,1.9999083153066868,0.0,-1.0,SOLVER_EXCEPTION,0.0,0,True,True
1867.217,-0.021690610879123905,-1.9999921945681296,-4.827600461263274e-06,9.10953291046617e-05,0,nan,nan,nan,2.0,2.137769454265114e-06,-5.0103690016900515e-05,1.9999089046708953,0.0,-1.0,SOLVER_EXCEPTION,0.0,0,True,True
1867.315,-0.021773450637358863,-1.999992176954809,-4.845323581314351e-06,9.051817131316209e-05,0,nan,nan,nan,2.0,2.159569979250433e-06,-5.012177189200884e-05,1.9999094818286869,0.0,-1.0,SOLVER_EXCEPTION,0.0,0,True,True
1867.415,-0.021857922153060063,-1.999992158980475,-4.8634061642722735e-06,8.99244137694446e-05,0,nan,nan,nan,2.0,2.1811508716136455e-06,-5.013967457889734e-05,1.9999100755862305,0.0,-1.0,SOLVER_EXCEPTION,0.0,0,True,True
1867.52,-0.021943177582640826,-1.9999921408246766,-4.881667105317746e-06,8.932042970355542e-05,0,nan,nan,nan,2.0,2.203166743800018e-06,-5.015793554141723e-05,1.9999106795702963,0.0,-1.0,SOLVER_EXCEPTION,0.0,0,True,True
1867.62,-0.022026685094306345,-1.9999921230275952,-4.899569229610985e-06,8.872489686670171e-05,0,nan,nan,nan,2.0,2.224744845378224e-06,-5.017583763144984e-05,1.9999112751031334,0.0,-1.0,SOLVER_EXCEPTION,0.0,0,True,True
1867.718,-0.022113503570253677,-1.9999921045100295,-4.918192196343865e-06,8.810213143339401e-05,0,nan,nan,nan,2.0,2.2467574167619704e-06,-5.0194098971445555e-05,1.9999118978685666,0.0,-1.0,SOLVER_EXCEPTION,0.0,0,True,True
1867.816,-0.022196047564511486,-1.99999208688996,-4.93591288956189e-06,8.750720167033348e-05,0,nan,nan,nan,2.0,2.2683326934750934e-06,-5.021200141541726e-05,1.9999124927983296,0.0,-1.0,SOLVER_EXCEPTION,0.0,0,True,True
1867.915,-0.022279374224650123,-1.9999920690892954,-4.953815146717101e-06,8.690429951443999e-05,0,nan,nan,nan,2.0,2.290342104182194e-06,-5.023026345396531e-05,1.9999130957004856,0.0,-1.0,SOLVER_EXCEPTION,0.0,0,True,True
1868.019,-0.02236684457652215,-1.9999920503881978,-4.972621090236518e-06,8.626938339993452e-05,0,nan,nan,nan,2.0,2.311914131764782e-06,-5.024816621013173e-05,1.9999137306166002,0.0,-1.0,SOLVER_EXCEPTION,0.0,0,True,True
1868.119,-0.02245004787807662,-1.9999920325845832,-4.990520619546982e-06,8.566393871961378e-05,0,nan,nan,nan,2.0,2.3339207329696342e-06,-5.026642736849496e-05,1.9999143360612803,0.0,-1.0,SOLVER_EXCEPTION,0.0,0,True,True
1868.216,-0.02253067227301421,-1.999992015319686,-5.007879559022247e-06,8.507631047867559e-05,0,nan,nan,nan,2.0,2.3557074568956705e-06,-5.0284509618414575e-05,1.9999149236895213,0.0,-1.0,SOLVER_EXCEPTION,0.0,0,True,True
1868.316,-0.0226154345960332,-1.999991997154492,-5.026144099794953e-06,8.445790379089333e-05,0,nan,nan,nan,2.0,2.3772747590106643e-06,-5.03024125060314e-05,1.9999155420962091,0.0,-1.0,SOLVER_EXCEPTION,0.0,0,True,True
1868.418,-0.022700972394472135,-1.9999919788077456,-5.044587037144589e-06,8.383352906501395e-05,0,nan,nan,nan,2.0,2.3990587799291034e-06,-5.032049378650427e-05,1.999916166470935,0.0,-1.0,SOLVER_EXCEPTION,0.0,0,True,True
1868.515,-0.02278225775798794,-1.999991961359331,-5.062125905877007e-06,8.32402767442108e-05,0,nan,nan,nan,2.0,2.421058754619002e-06,-5.033875596538451e-05,1.9999167597232559,0.0,-1.0,SOLVER_EXCEPTION,0.0,0,True,True
1868.615,-0.022866833616540783,-1.9999919431905206,-5.080390594625639e-06,8.262347049067799e-05,0,nan,nan,nan,2.0,2.4424037336514323e-06,-5.035647601436821e-05,1.9999173765295093,0.0,-1.0,SOLVER_EXCEPTION,0.0,0,True,True
1868.717,-0.02295218330648387,-1.9999919248400915,-5.098833637440835e-06,8.20017516534848e-05,0,nan,nan,nan,2.0,2.461787370269024e-06,-5.0372569933454514e-05,1.9999179982483466,0.0,-1.0,SOLVER_EXCEPTION,0.0,0,True,True
1868.819,-0.023035797604409602,-1.9999919068486511,-5.116916094172336e-06,8.139373330600385e-05,0,nan,nan,nan,2.0,2.486395727523391e-06,-5.039300272358105e-05,1.999918606266694,0.0,-1.0,SOLVER_EXCEPTION,0.0,0,True,True
1868.919,-0.02312102124717285,-1.9999918884959862,-5.135360621161426e-06,8.077538192462808e-05,0,nan,nan,nan,2.0,2.5083892634286864e-06,-5.04112673671564e-05,1.9999192246180755,0.0,-1.0,SOLVER_EXCEPTION,0.0,0,True,True
1869.015,-0.023199504568899205,-1.9999918715812206,-5.15235714486819e-06,8.020737315375875e-05,0,nan,nan,nan,2.0,2.529946167360109e-06,-5.042916712216794e-05,1.9999197926268462,0.0,-1.0,SOLVER_EXCEPTION,0.0,0,True,True
1869.123,-0.0232904446693887,-1.9999918519667697,-5.172066284086748e-06,7.955122371950814e-05,0,nan,nan,nan,2.0,2.55150102787924e-06,-5.044706973134083e-05,1.9999204487762805,0.0,-1.0,SOLVER_EXCEPTION,0.0,0,True,True
1869.217,-0.023369645796530527,-1.9999918348701564,-5.189246062679124e-06,7.898180815159197e-05,0,nan,nan,nan,2.0,2.573490014386747e-06,-5.046533148211907e-05,1.9999210181918483,0.0,-1.0,SOLVER_EXCEPTION,0.0,0,True,True
1869.319,-0.02345295670026331,-1.9999918168722637,-5.2073276334912925e-06,7.838502325392221e-05,0,nan,nan,nan,2.0,2.5952598973355437e-06,-5.048341426716618e-05,1.999921614976746,0.0,-1.0,SOLVER_EXCEPTION,0.0,0,True,True
1869.415,-0.02353454323285875,-1.9999917992334113,-5.225048503534089e-06,7.78029984048084e-05,0,nan,nan,nan,2.0,2.6170280611186754e-06,-5.050149679108884e-05,1.9999221970015952,0.0,-1.0,SOLVER_EXCEPTION,0.0,0,True,True
1869.522,-0.02361773574699783,-1.9999917812335317,-5.2431316715693044e-06,7.721215568272315e-05,0,nan,nan,nan,2.0,2.6381416987519993e-06,-5.051903829844662e-05,1.9999227878443173,0.0,-1.0,SOLVER_EXCEPTION,0.0,0,True,True
1869.617,-0.023702530986239798,-1.999991762872099,-5.2615750130142645e-06,7.66128262135916e-05,0,nan,nan,nan,2.0,2.6601248581202693e-06,-5.053729992932077e-05,1.9999233871737865,0.0,-1.0,SOLVER_EXCEPTION,0.0,0,True,True
1869.718,-0.023786434415262053,-1.9999917446897675,-5.279837640645223e-06,7.602286860334932e-05,0,nan,nan,nan,2.0,2.6816708526216928e-06,-5.055520263930191e-05,1.9999239771313966,0.0,-1.0,SOLVER_EXCEPTION,0.0,0,True,True
1869.818,-0.023866958609318208,-1.9999917272263235,-5.2973792659046184e-06,7.545973989336324e-05,0,nan,nan,nan,2.0,2.7038682013902508e-06,-5.057364762794947e-05,1.9999245402601067,0.0,-1.0,SOLVER_EXCEPTION,0.0,0,True,True
1869.924,-0.02394991581823119,-1.999991709221163,-5.3154609259506105e-06,7.488279810887884e-05,0,nan,nan,nan,2.0,2.724541448794215e-06,-5.059082390834746e-05,1.999925117201891,0.0,-1.0,SOLVER_EXCEPTION,0.0,0,True,True
1870.016,-0.02403281509728637,-1.9999916912154163,-5.333543795832906e-06,7.430969523042798e-05,0,nan,nan,nan,2.0,2.747388606510353e-06,-5.0609812136226395e-05,1.9999256903047695,0.0,-1.0,SOLVER_EXCEPTION,0.0,0,True,True
1870.119,-0.024117313081543416,-1.9999916728481415,-5.351988741140272e-06,7.372919924929546e-05,0,nan,nan,nan,2.0,2.769364299064162e-06,-5.0628074104164256e-05,1.9999262708007508,0.0,-1.0,SOLVER_EXCEPTION,0.0,0,True,True
1870.217,-0.024199268974308543,-1.9999916550194798,-5.3698888268997395e-06,7.316976792743538e-05,0,nan,nan,nan,2.0,2.790033207261702e-06,-5.064525371123452e-05,1.9999268302320725,0.0,-1.0,SOLVER_EXCEPTION,0.0,0,True,True
1870.317,-0.024282823238251868,-1.9999916368299777,-5.388153425684325e-06,7.260327523461952e-05,0,nan,nan,nan,2.0,2.812876215200928e-06,-5.066423998290048e-05,1.9999273967247653,0.0,-1.0,SOLVER_EXCEPTION,0.0,0,True,True
1870.415,-0.024363840771985182,-1.9999916191794425,-5.405875155528146e-06,7.205773593417637e-05,0,nan,nan,nan,2.0,2.834630060412928e-06,-5.0682322211947906e-05,1.999927942264066,0.0,-1.0,SOLVER_EXCEPTION,0.0,0,True,True
1870.519,-0.02444232692463638,-1.9999916020677273,-5.4230516235239265e-06,7.153280703477467e-05,0,nan,nan,nan,2.0,2.8557301636191225e-06,-5.0699863527015054e-05,1.9999284671929651,0.0,-1.0,SOLVER_EXCEPTION,0.0,0,True,True
1870.621,-0.024533968380799073,-1.9999915820734004,-5.443125010396225e-06,7.092457289725821e-05,0,nan,nan,nan,2.0,2.8779164773377742e-06,-5.0718308171049387e-05,1.9999290754271026,0.0,-1.0,SOLVER_EXCEPTION,0.0,0,True,True
1870.717,-0.02461317118303976,-1.9999915647795559,-5.460485171129968e-06,7.040295757396478e-05,0,nan,nan,nan,2.0,2.899883924048351e-06,-5.073657046317237e-05,1.999929597042426,0.0,-1.0,SOLVER_EXCEPTION,0.0,0,True,True
1870.818,-0.024696444845088844,-1.9999915465836149,-5.478747193710775e-06,6.985863455214883e-05,0,nan,nan,nan,2.0,2.9214150059622114e-06,-5.0754473892133944e-05,1.9999301413654478,0.0,-1.0,SOLVER_EXCEPTION,0.0,0,True,True
1870.919,-0.02477966330165937,-1.9999915283866934,-5.4970118747259925e-06,6.93190413965365e-05,0,nan,nan,nan,2.0,2.943380117583114e-06,-5.077273666787008e-05,1.9999306809586035,0.0,-1.0,SOLVER_EXCEPTION,0.0,0,True,True
1871.018,-0.024859534446555524,-1.9999915109090698,-5.514550777640701e-06,6.880521649888696e-05,0,nan,nan,nan,2.0,2.9638216037762367e-06,-5.078973341543502e-05,1.999931194783501,0.0,-1.0,SOLVER_EXCEPTION,0.0,0,True,True
1871.116,-0.02494100080076666,-1.9999914930701745,-5.532454279840735e-06,6.828538809028876e-05,0,nan,nan,nan,2.0,2.986871150167067e-06,-5.080890255459991e-05,1.9999317146119098,0.0,-1.0,SOLVER_EXCEPTION,0.0,0,True,True
1871.219,-0.02502652594766978,-1.999991474328859,-5.551260600765015e-06,6.774426230000493e-05,0,nan,nan,nan,2.0,3.008615217677954e-06,-5.082698530278762e-05,1.9999322557377,0.0,-1.0,SOLVER_EXCEPTION,0.0,0,True,True
1871.317,-0.025107065218759245,-1.9999914566677113,-5.568982561927937e-06,6.723905991798054e-05,0,nan,nan,nan,2.0,3.0303578393901792e-06,-5.084506776764641e-05,1.999932760940082,0.0,-1.0,SOLVER_EXCEPTION,0.0,0,True,True
1871.422,-0.025186733676121727,-1.9999914391854623,-5.586521847108137e-06,6.674349090251237e-05,0,nan,nan,nan,2.0,3.0520991894897476e-06,-5.0863151906721527e-05,1.9999332565090975,0.0,-1.0,SOLVER_EXCEPTION,0.0,0,True,True
1871.518,-0.025268815549880436,-1.9999914211612897,-5.604604315379319e-06,6.623733706521058e-05,0,nan,nan,nan,2.0,3.0736222977891916e-06,-5.088105437422996e-05,1.9999337626629348,0.0,-1.0,SOLVER_EXCEPTION,0.0,0,True,True
1871.621,-0.02535084657043205,-1.9999914031360344,-5.622686781669882e-06,6.573600025845752e-05,0,nan,nan,nan,2.0,3.0951443604864466e-06,-5.089895495169472e-05,1.9999342639997415,0.0,-1.0,SOLVER_EXCEPTION,0.0,0,True,True
1871.722,-0.025434466319986183,-1.999991384749204,-5.641131760354719e-06,6.522962862363177e-05,0,nan,nan,nan,2.0,3.11709973919862e-06,-5.0917221221080666e-05,1.9999347703713763,0.0,-1.0,SOLVER_EXCEPTION,0.0,0,True,True
1871.818,-0.02551803417167978,-1.9999913663609672,-5.65957708659226e-06,6.472830652617581e-05,0,nan,nan,nan,2.0,3.139054419823533e-06,-5.09354835194209e-05,1.9999352716934737,0.0,-1.0,SOLVER_EXCEPTION,0.0,0,True,True
1871.919,-0.025595002171495594,-1.9999913494137078,-5.676573933262595e-06,6.427073728913765e-05,0,nan,nan,nan,2.0,3.1603559654959294e-06,-5.09532039925098e-05,1.999935729262711,0.0,-1.0,SOLVER_EXCEPTION,0.0,0,True,True
1872.015,-0.025678471735106588,-1.999991331023202,-5.695019261096078e-06,6.377911862502892e-05,0,nan,nan,nan,2.0,3.1825256918135173e-06,-5.0971649320441514e-05,1.999936220881375,0.0,-1.0,SOLVER_EXCEPTION,0.0,0,True,True
1872.119,-0.025761073305899336,-1.9999913128117364,-5.713284932827824e-06,6.329732885997018e-05,0,nan,nan,nan,2.0,3.204259808831406e-06,-5.098973313444333e-05,1.99993670267114,0.0,-1.0,SOLVER_EXCEPTION,0.0,0,True,True
1872.22,-0.02584689436908042,-1.9999912938775082,-5.732271007037188e-06,6.280165188630908e-05,0,nan,nan,nan,2.0,3.2262103719480867e-06,-5.100799868218431e-05,1.9999371983481138,0.0,-1.0,SOLVER_EXCEPTION,0.0,0,True,True
1872.318,-0.02592613018692425,-1.9999912763850067,-5.749813935752122e-06,6.234856041252038e-05,0,nan,nan,nan,2.0,3.2479424337689195e-06,-5.102608215734605e-05,1.9999376514395875,0.0,-1.0,SOLVER_EXCEPTION,0.0,0,True,True
1872.418,-0.0260085864921998,-1.9999912581695847,-5.768076459685657e-06,6.188155000690741e-05,0,nan,nan,nan,2.0,3.2696737711521073e-06,-5.1044164634195255e-05,1.9999381184499931,0.0,-1.0,SOLVER_EXCEPTION,0.0,0,True,True
1872.52,-0.026091811063558495,-1.9999912397725645,-5.786520838635456e-06,6.141495124769832e-05,0,nan,nan,nan,2.0,3.2918389388447375e-06,-5.1062610313401535e-05,1.9999385850487523,0.0,-1.0,SOLVER_EXCEPTION,0.0,0,True,True
1872.62,-0.026172542077982752,-1.9999912219158649,-5.804425637873761e-06,6.09669322899461e-05,0,nan,nan,nan,2.0,3.312916579215723e-06,-5.1080148805837666e-05,1.99993903306771,0.0,-1.0,SOLVER_EXCEPTION,0.0,0,True,True
1872.718,-0.026253228470268793,-1.9999912040575636,-5.8223266314850965e-06,6.0523544609553326e-05,0,nan,nan,nan,2.0,3.3346451719861406e-06,-5.109823290405657e-05,1.9999394764553904,0.0,-1.0,SOLVER_EXCEPTION,0.0,0,True,True
1872.817,-0.02633305635560106,-1.9999911863784101,-5.840047415943757e-06,6.008928089398149e-05,0,nan,nan,nan,2.0,3.3563732256519544e-06,-5.111631554743923e-05,1.999939910719106,0.0,-1.0,SOLVER_EXCEPTION,0.0,0,True,True
1872.918,-0.0264128414188835,-1.999991168698318,-5.857768978537716e-06,5.9659620882000793e-05,0,nan,nan,nan,2.0,3.3778828604619882e-06,-5.113422016345126e-05,1.999940340379118,0.0,-1.0,SOLVER_EXCEPTION,0.0,0,True,True
1873.018,-0.026491770618573236,-1.9999911511979802,-5.87531097010106e-06,5.923886698913701e-05,0,nan,nan,nan,2.0,3.399174346115435e-06,-5.115194102955911e-05,1.999940761133011,0.0,-1.0,SOLVER_EXCEPTION,0.0,0,True,True
1873.111,-0.02657309792333845,-1.999991133154812,-5.893395408552538e-06,5.880976900213134e-05,0,nan,nan,nan,2.0,3.4208997406800582e-06,-5.117002546795035e-05,1.9999411902309978,0.0,-1.0,SOLVER_EXCEPTION,0.0,0,True,True
1873.219,-0.02665763250769954,-1.999991114387755,-5.912202629314928e-06,5.836851104916812e-05,0,nan,nan,nan,2.0,3.4428424383296634e-06,-5.118828750605431e-05,1.9999416314889509,0.0,-1.0,SOLVER_EXCEPTION,0.0,0,True,True
1873.315,-0.02673806000840967,-1.9999910965224725,-5.930103307577303e-06,5.795310584939891e-05,0,nan,nan,nan,2.0,3.4650010073236714e-06,-5.1206733366893076e-05,1.9999420468941507,0.0,-1.0,SOLVER_EXCEPTION,0.0,0,True,True
1873.416,-0.02682088140576502,-1.9999910781142842,-5.94854934314122e-06,5.752997455591418e-05,0,nan,nan,nan,2.0,3.4865071966356036e-06,-5.122463734208438e-05,1.999942470025444,0.0,-1.0,SOLVER_EXCEPTION,0.0,0,True,True
1873.521,-0.026900413962388858,-1.999991060427108,-5.966269978064235e-06,5.712791520222896e-05,0,nan,nan,nan,2.0,3.5080123350224295e-06,-5.124254122046423e-05,1.9999428720847978,0.0,-1.0,SOLVER_EXCEPTION,0.0,0,True,True
1873.619,-0.026985583389658323,-1.9999910414748352,-5.985260021609624e-06,5.6702164472318855e-05,0,nan,nan,nan,2.0,3.5293002404558683e-06,-5.126026359558722e-05,1.9999432978355276,0.0,-1.0,SOLVER_EXCEPTION,0.0,0,True,True
1873.719,-0.02706584474285431,-1.9999910236045861,-6.003161982848092e-06,5.630527382130759e-05,0,nan,nan,nan,2.0,3.551890788982716e-06,-5.127906803004123e-05,1.9999436947261786,0.0,-1.0,SOLVER_EXCEPTION,0.0,0,True,True
1873.816,-0.027145256385402872,-1.9999910059135921,-6.020883111240239e-06,5.591678460467713e-05,0,nan,nan,nan,2.0,3.5733941994735695e-06,-5.129697221395446e-05,1.9999440832153954,0.0,-1.0,SOLVER_EXCEPTION,0.0,0,True,True
1873.917,-0.027227058856150815,-1.9999909876797242,-6.039149206038731e-06,5.552101377570446e-05,0,nan,nan,nan,2.0,3.595114755770853e-06,-5.131505516420276e-05,1.9999444789862244,0.0,-1.0,SOLVER_EXCEPTION,0.0,0,True,True
1874.018,-0.027305583693226828,-1.9999909701672234,-6.056689203002128e-06,5.5145139177957084e-05,0,nan,nan,nan,2.0,3.617051816265414e-06,-5.133331926243656e-05,1.999944854860822,0.0,-1.0,SOLVER_EXCEPTION,0.0,0,True,True
1874.115,-0.02738730761586646,-1.9999909519310453,-6.074955656904538e-06,5.475830916677632e-05,0,nan,nan,nan,2.0,3.6383362469076847e-06,-5.135104369857757e-05,1.9999452416908332,0.0,-1.0,SOLVER_EXCEPTION,0.0,0,True,True
1874.215,-0.027465757859754594,-1.9999909344162032,-6.092497955847341e-06,5.439102129302095e-05,0,nan,nan,nan,2.0,3.6600549828535486e-06,-5.136912801528837e-05,1.9999456089787069,0.0,-1.0,SOLVER_EXCEPTION,0.0,0,True,True
1874.318,-0.027546596787709925,-1.9999909163580025,-6.110581817837667e-06,5.401667905474113e-05,0,nan,nan,nan,2.0,3.6819906272398743e-06,-5.1387390581414394e-05,1.9999459833209452,0.0,-1.0,SOLVER_EXCEPTION,0.0,0,True,True
1874.421,-0.02762820578460621,-1.999990898117945,-6.128845060191614e-06,5.364296896984809e-05,0,nan,nan,nan,2.0,3.7030568160224254e-06,-5.140493348365638e-05,1.99994635703103,0.0,-1.0,SOLVER_EXCEPTION,0.0,0,True,True
1874.517,-0.027712199035682537,-1.9999908793346104,-6.147652646363609e-06,5.326280957189137e-05,0,nan,nan,nan,2.0,3.724991384219677e-06,-5.142319730655487e-05,1.999946737190428,0.0,-1.0,SOLVER_EXCEPTION,0.0,0,True,True
1874.619,-0.027792924162553793,-1.9999908612726358,-6.165736089634212e-06,5.2901611121304536e-05,0,nan,nan,nan,2.0,3.747359563170631e-06,-5.144182535987696e-05,1.9999470983888787,0.0,-1.0,SOLVER_EXCEPTION,0.0,0,True,True
1874.721,-0.027876032944863353,-1.9999908426673016,-6.184361501947513e-06,5.253401148278575e-05,0,nan,nan,nan,2.0,3.768859145479513e-06,-5.145972682818467e-05,1.9999474659885172,0.0,-1.0,SOLVER_EXCEPTION,0.0,0,True,True
1874.821,-0.027956684526281358,-1.9999908246029596,-6.202445605076104e-06,5.218140174571529e-05,0,nan,nan,nan,2.0,3.790792136014656e-06,-5.147799278892862e-05,1.9999478185982542,0.0,-1.0,SOLVER_EXCEPTION,0.0,0,True,True
1874.923,-0.02803971844709013,-1.9999908059953324,-6.221073840682503e-06,5.1822623010028644e-05,0,nan,nan,nan,2.0,3.813159833312993e-06,-5.149661812087203e-05,1.99994817737699,0.0,-1.0,SOLVER_EXCEPTION,0.0,0,True,True
1875.018,-0.028115464403056872,-1.9999907890124937,-6.23807266730748e-06,5.1498963731328045e-05,0,nan,nan,nan,2.0,3.834223411633607e-06,-5.1514160685162125e-05,1.9999485010362688,0.0,-1.0,SOLVER_EXCEPTION,0.0,0,True,True
1875.118,-0.02819681677263595,-1.9999907707636362,-6.256335852891949e-06,5.115519637407827e-05,0,nan,nan,nan,2.0,3.855504000992983e-06,-5.153188328632652e-05,1.999948844803626,0.0,-1.0,SOLVER_EXCEPTION,0.0,0,True,True
1875.218,-0.028276524173508073,-1.9999907528751548,-6.274240509586023e-06,5.082233205803239e-05,0,nan,nan,nan,2.0,3.877652896803536e-06,-5.1550329771554715e-05,1.999949177667942,0.0,-1.0,SOLVER_EXCEPTION,0.0,0,True,True
1875.317,-0.028357002898045474,-1.9999907348044121,-6.2923250817068165e-06,5.049008791967129e-05,0,nan,nan,nan,2.0,3.899150438310065e-06,-5.156823138285915e-05,1.9999495099120803,0.0,-1.0,SOLVER_EXCEPTION,0.0,0,True,True
1875.417,-0.028436643762411427,-1.9999907169133182,-6.310226207484624e-06,5.01650090656695e-05,0,nan,nan,nan,2.0,3.920864581260462e-06,-5.158631563872973e-05,1.9999498349909344,0.0,-1.0,SOLVER_EXCEPTION,0.0,0,True,True
1875.515,-0.028515448141753247,-1.9999906992022056,-6.327952268754603e-06,4.984717783169509e-05,0,nan,nan,nan,2.0,3.942795418783744e-06,-5.160458232822407e-05,1.9999501528221684,0.0,-1.0,SOLVER_EXCEPTION,0.0,0,True,True
1875.615,-0.028596631943561667,-1.9999906809471386,-6.346216116586249e-06,4.9523407832698094e-05,0,nan,nan,nan,2.0,3.964292043923318e-06,-5.162248463896901e-05,1.9999504765921674,0.0,-1.0,SOLVER_EXCEPTION,0.0,0,True,True
1875.718,-0.02867858599660008,-1.9999906625094686,-6.364662088000027e-06,4.920048280654546e-05,0,nan,nan,nan,2.0,3.9862227301885785e-06,-5.164075010899438e-05,1.9999507995171935,0.0,-1.0,SOLVER_EXCEPTION,0.0,0,True,True
1875.817,-0.028756491789325704,-1.9999906449752773,-6.3822049298129755e-06,4.889710166983864e-05,0,nan,nan,nan,2.0,4.007935991064798e-06,-5.165883498925439e-05,1.9999511028983301,0.0,-1.0,SOLVER_EXCEPTION,0.0,0,True,True
1875.92,-0.028839986583078812,-1.999990626173522,-6.4010102835392605e-06,4.857569350558167e-05,0,nan,nan,nan,2.0,4.0294320389014975e-06,-5.1676736438910353e-05,1.9999514243064944,0.0,-1.0,SOLVER_EXCEPTION,0.0,0,True,True
1876.02,-0.028921040513870483,-1.9999906079133458,-6.419277128284656e-06,4.826754994511519e-05,0,nan,nan,nan,2.0,4.050059319809804e-06,-5.1693918085682355e-05,1.9999517324500549,0.0,-1.0,SOLVER_EXCEPTION,0.0,0,True,True
1876.117,-0.028999656790104612,-1.9999905901945185,-6.436998315986613e-06,4.797208251039117e-05,0,nan,nan,nan,2.0,4.073074915942951e-06,-5.1713087982463435e-05,1.9999520279174896,0.0,-1.0,SOLVER_EXCEPTION,0.0,0,True,True
1876.217,-0.02907984727197597,-1.9999905721124096,-6.455083307177736e-06,4.76742914928006e-05,0,nan,nan,nan,2.0,4.095004778249236e-06,-5.173135123381911e-05,1.9999523257085072,0.0,-1.0,SOLVER_EXCEPTION,0.0,0,True,True
1876.318,-0.02916080905555129,-1.9999905538482878,-6.473347342772087e-06,4.737715609452454e-05,0,nan,nan,nan,2.0,4.11650002891452e-06,-5.174925647155604e-05,1.9999526228439055,0.0,-1.0,SOLVER_EXCEPTION,0.0,0,True,True
1876.419,-0.029237734659137378,-1.9999905364880015,-6.490711539003534e-06,4.709824225329171e-05,0,nan,nan,nan,2.0,4.138212322160813e-06,-5.1767341598285554e-05,1.9999529017577466,0.0,-1.0,SOLVER_EXCEPTION,0.0,0,True,True
1876.518,-0.029318637519899687,-1.9999905182210644,-6.508974580350918e-06,4.680820647424216e-05,0,nan,nan,nan,2.0,4.159924990774054e-06,-5.178542593275992e-05,1.9999531917935258,0.0,-1.0,SOLVER_EXCEPTION,0.0,0,True,True
1876.615,-0.02939871013093226,-1.999990500134171,-6.527059765225601e-06,4.6524660843181254e-05,0,nan,nan,nan,2.0,4.1816374157342935e-06,-5.180350987865623e-05,1.9999534753391568,0.0,-1.0,SOLVER_EXCEPTION,0.0,0,True,True
1876.718,-0.029475552799760503,-1.99999048276944,-6.544420936145368e-06,4.6255714634456046e-05,0,nan,nan,nan,2.0,4.2029155162227705e-06,-5.182123276847861e-05,1.9999537442853657,0.0,-1.0,SOLVER_EXCEPTION,0.0,0,True,True
1876.818,-0.02955796948053191,-1.99999046413756,-6.563049677678794e-06,4.597073116548747e-05,0,nan,nan,nan,2.0,4.225061917037861e-06,-5.1839679736875866e-05,1.9999540292688345,0.0,-1.0,SOLVER_EXCEPTION,0.0,0,True,True
1876.922,-0.029633958477422083,-1.999990446950965,-6.580228285832009e-06,4.5711010564864206e-05,0,nan,nan,nan,2.0,4.245689037755875e-06,-5.1856858345189494e-05,1.999954288989435,0.0,-1.0,SOLVER_EXCEPTION,0.0,0,True,True
1877.015,-0.029718716676524055,-1.9999904277736773,-6.599398193394861e-06,4.542485503156202e-05,0,nan,nan,nan,2.0,4.26848671896843e-06,-5.187584831478631e-05,1.9999545751449683,0.0,-1.0,SOLVER_EXCEPTION,0.0,0,True,True
1877.119,-0.029801046594551024,-1.9999904091371592,-6.618024570984986e-06,4.515036704513832e-05,0,nan,nan,nan,2.0,4.289982008300578e-06,-5.1893750709464115e-05,1.999954849632955,0.0,-1.0,SOLVER_EXCEPTION,0.0,0,True,True
1877.218,-0.029877755449883723,-1.9999903917669462,-6.635387707615473e-06,4.4897745433356935e-05,0,nan,nan,nan,2.0,4.311260044121682e-06,-5.1911474334698227e-05,1.9999551022545667,0.0,-1.0,SOLVER_EXCEPTION,0.0,0,True,True
1877.315,-0.029958432986942615,-1.9999903734900293,-6.653652380369216e-06,4.46351422796938e-05,0,nan,nan,nan,2.0,4.333406864563778e-06,-5.192992073199676e-05,1.9999553648577204,0.0,-1.0,SOLVER_EXCEPTION,0.0,0,True,True
1877.415,-0.0300382852170909,-1.9999903553928715,-6.671736551825236e-06,4.4378384046935666e-05,0,nan,nan,nan,2.0,4.355336409774412e-06,-5.1948187895334286e-05,1.999955621615953,0.0,-1.0,SOLVER_EXCEPTION,0.0,0,True,True
1877.52,-0.030121303890660436,-1.9999903365702159,-6.690546568450268e-06,4.4114822515547166e-05,0,nan,nan,nan,2.0,4.37704910064035e-06,-5.19662726516934e-05,1.9999558851774843,0.0,-1.0,SOLVER_EXCEPTION,0.0,0,True,True
1877.617,-0.03019950754606444,-1.9999903188325239,-6.708268888208212e-06,4.3869489994406896e-05,0,nan,nan,nan,2.0,4.399196548313609e-06,-5.1984715760067246e-05,1.9999561305100055,0.0,-1.0,SOLVER_EXCEPTION,0.0,0,True,True
1877.716,-0.030278484402703806,-1.9999903009123643,-6.726170968259527e-06,4.362466937793735e-05,0,nan,nan,nan,2.0,4.419389624128975e-06,-5.200153569528965e-05,1.999956375330622,0.0,-1.0,SOLVER_EXCEPTION,0.0,0,True,True
1877.815,-0.03035743663819598,-1.999990282991618,-6.7440759259639914e-06,4.338293981717747e-05,0,nan,nan,nan,2.0,4.440885106336797e-06,-5.2019442123185655e-05,1.9999566170601828,0.0,-1.0,SOLVER_EXCEPTION,0.0,0,True,True
1877.916,-0.0304379588048327,-1.9999902647068366,-6.762340462973878e-06,4.3139341309881096e-05,0,nan,nan,nan,2.0,4.463900916000534e-06,-5.2038611665139456e-05,1.9999568606586902,0.0,-1.0,SOLVER_EXCEPTION,0.0,0,True,True
1878.017,-0.030518455967695774,-1.9999902464208281,-6.78060778628165e-06,4.2898910523787405e-05,0,nan,nan,nan,2.0,4.485180039826304e-06,-5.205633537341825e-05,1.999957101089476,0.0,-1.0,SOLVER_EXCEPTION,0.0,0,True,True
1878.115,-0.030595741873054298,-1.9999902288583729,-6.798151970774662e-06,4.2670860174251065e-05,0,nan,nan,nan,2.0,4.506893703540145e-06,-5.207442031451848e-05,1.9999573291398258,0.0,-1.0,SOLVER_EXCEPTION,0.0,0,True,True
1878.216,-0.03067459809618424,-1.999990210932024,-6.816054651924545e-06,4.244085770573564e-05,0,nan,nan,nan,2.0,4.528607450777882e-06,-5.209250476445604e-05,1.9999575591422942,0.0,-1.0,SOLVER_EXCEPTION,0.0,0,True,True
1878.326,-0.030763781269779706,-1.9999901906501198,-6.836310732698217e-06,4.2184170509818045e-05,0,nan,nan,nan,2.0,4.550538621763801e-06,-5.2110769719337924e-05,1.9999578158294902,0.0,-1.0,SOLVER_EXCEPTION,0.0,0,True,True
1878.419,-0.03083860885134113,-1.9999901736263492,-6.853309923937053e-06,4.197146970946385e-05,0,nan,nan,nan,2.0,4.572035608915357e-06,-5.2128675419815806e-05,1.9999580285302905,0.0,-1.0,SOLVER_EXCEPTION,0.0,0,True,True
1878.516,-0.03091580320909332,-1.9999901560584354,-6.870850289130891e-06,4.1754551820651226e-05,0,nan,nan,nan,2.0,4.593315984558644e-06,-5.214639803785559e-05,1.9999582454481792,0.0,-1.0,SOLVER_EXCEPTION,0.0,0,True,True
1878.616,-0.030995362602387555,-1.9999901379460745,-6.888935592012859e-06,4.153376517991398e-05,0,nan,nan,nan,2.0,4.614596273368791e-06,-5.2164121611131264e-05,1.99995846623482,0.0,-1.0,SOLVER_EXCEPTION,0.0,0,True,True
1878.719,-0.031077285275157848,-1.9999901192887461,-6.907565399994568e-06,4.13093310064565e-05,0,nan,nan,nan,2.0,4.638048603548984e-06,-5.218365146753001e-05,1.9999586906689935,0.0,-1.0,SOLVER_EXCEPTION,0.0,0,True,True
1878.817,-0.031154414215359503,-1.9999901017172277,-6.92510591334993e-06,4.1100470013765886e-05,0,nan,nan,nan,2.0,4.659112046423812e-06,-5.2201195394285804e-05,1.9999588995299862,0.0,-1.0,SOLVER_EXCEPTION,0.0,0,True,True
1878.917,-0.031233906984695647,-1.9999900836007245,-6.943191099428095e-06,4.088790517200244e-05,0,nan,nan,nan,2.0,4.681044829573255e-06,-5.221946228939345e-05,1.999959112094828,0.0,-1.0,SOLVER_EXCEPTION,0.0,0,True,True
1879.022,-0.03131814567363915,-1.999990064395831,-6.962363117310391e-06,4.066557409821036e-05,0,nan,nan,nan,2.0,4.702543771355003e-06,-5.223736505222121e-05,1.9999593344259017,0.0,-1.0,SOLVER_EXCEPTION,0.0,0,True,True
1879.12,-0.03139521096266287,-1.9999900468203031,-6.979906459669907e-06,4.046467366463936e-05,0,nan,nan,nan,2.0,4.724477303034075e-06,-5.2255630556885535e-05,1.9999595353263353,0.0,-1.0,INJECTED_FAILURE,0.0,0,True,True
1879.215,-0.0314706680088733,-1.999990029606586,-6.997088036396231e-06,4.027027545616568e-05,0,nan,nan,nan,2.0,4.745759103552507e-06,-5.227335640212161e-05,1.999959729724544,0.0,-1.0,INJECTED_FAILURE,0.0,0,True,True
1879.316,-0.03154928214839067,-1.9999900116660274,-7.014990871101514e-06,4.0070118933350975e-05,0,nan,nan,nan,2.0,4.767476047207882e-06,-5.229144221763349e-05,1.9999599298810666,0.0,-1.0,INJECTED_FAILURE,0.0,0,True,True
1879.417,-0.031631844934258455,-1.9999899928179914,-7.033800569443255e-06,3.986263575394016e-05,0,nan,nan,nan,2.0,4.789627895890759e-06,-5.230988661519831e-05,1.9999601373642462,0.0,-1.0,INJECTED_FAILURE,0.0,0,True,True
1879.517,-0.03170803718652665,-1.9999899754193065,-7.051162459677562e-06,3.9673477174076807e-05,0,nan,nan,nan,2.0,4.8111279902746365e-06,-5.232779251906905e-05,1.9999603265228258,0.0,-1.0,INJECTED_FAILURE,0.0,0,True,True
1879.615,-0.03178897114600962,-1.99998995693108,-7.069609553255757e-06,3.9475027947235215e-05,0,nan,nan,nan,2.0,4.832411794845465e-06,-5.234551607324889e-05,1.9999605249720527,0.0,-1.0,INJECTED_FAILURE,0.0,0,True,True
1879.715,-0.03186512540191133,-1.9999899395294338,-7.086970804455296e-06,3.92905623524252e-05,0,nan,nan,nan,2.0,4.854130287879455e-06,-5.236360086380287e-05,1.9999607094376475,0.0,-1.0,INJECTED_FAILURE,0.0,0,True,True
1879.816,-0.03194364053557137,-1.9999899215826957,-7.104876831771793e-06,3.910275503425441e-05,0,nan,nan,nan,2.0,4.875414830231435e-06,-5.2381325107209165e-05,1.9999608972449658,0.0,-1.0,INJECTED_FAILURE,0.0,0,True,True
1879.915,-0.032026893404060855,-1.9999899025467303,-7.123866309226895e-06,3.890606051517206e-05,0,nan,nan,nan,2.0,4.898002615705166e-06,-5.240013423124523e-05,1.9999610939394847,0.0,-1.0,INJECTED_FAILURE,0.0,0,True,True
1880.017,-0.03210536963841694,-1.9999898845973987,-7.14176928648868e-06,3.872294529146522e-05,0,nan,nan,nan,2.0,4.919939772382446e-06,-5.2418399345999234e-05,1.9999612770547086,0.0,-1.0,INJECTED_FAILURE,0.0,0,True,True
1880.115,-0.032185412163320534,-1.9999898662840838,-7.160037338837326e-06,3.853862342998475e-05,0,nan,nan,nan,2.0,4.941659962102233e-06,-5.243648421604519e-05,1.99996146137657,0.0,-1.0,INJECTED_FAILURE,0.0,0,True,True
1880.214,-0.03226226676110695,-1.9999898486950973,-7.177580845117023e-06,3.836378097282863e-05,0,nan,nan,nan,2.0,4.9629458466787275e-06,-5.245421090460667e-05,1.9999616362190271,0.0,-1.0,INJECTED_FAILURE,0.0,0,True,True
1880.314,-0.03234306422543678,-1.9999898301973853,-7.19602644040418e-06,3.818216871445003e-05,0,nan,nan,nan,2.0,4.985101795589494e-06,-5.247265649988009e-05,1.9999618178312855,0.0,-1.0,INJECTED_FAILURE,0.0,0,True,True
1880.413,-0.03242067531618424,-1.9999898124247717,-7.213752754279848e-06,3.80100140889197e-05,0,nan,nan,nan,2.0,5.006388377817386e-06,-5.2490382813630276e-05,1.9999619899859111,0.0,-1.0,INJECTED_FAILURE,0.0,0,True,True
1880.516,-0.03250222754262938,-1.9999897937429196,-7.232380217071727e-06,3.783129143327033e-05,0,nan,nan,nan,2.0,5.028545538317485e-06,-5.250882712948268e-05,1.9999621687085667,0.0,-1.0,INJECTED_FAILURE,0.0,0,True,True
1880.616,-0.03258059493532485,-1.9999897757855865,-7.250283241197164e-06,3.7661656138765476e-05,0,nan,nan,nan,2.0,5.050268184453758e-06,-5.252691330071002e-05,1.9999623383438612,0.0,-1.0,INJECTED_FAILURE,0.0,0,True,True
1880.718,-0.03266131912181538,-1.9999897572830445,-7.2687311388951356e-06,3.748919334311785e-05,0,nan,nan,nan,2.0,5.071991130776727e-06,-5.2544999192605246e-05,1.999962510806657,0.0,-1.0,INJECTED_FAILURE,0.0,0,True,True
1880.815,-0.03273886068166139,-1.9999897395047943,-7.286454366940587e-06,3.732554135953842e-05,0,nan,nan,nan,2.0,5.0937147162104255e-06,-5.256308442636026e-05,1.9999626744586405,0.0,-1.0,INJECTED_FAILURE,0.0,0,True,True
1880.915,-0.032818758775122615,-1.9999897211809645,-7.304723223056126e-06,3.715913224159715e-05,0,nan,nan,nan,2.0,5.114786671505582e-06,-5.2580629100074106e-05,1.9999628408677583,0.0,-1.0,INJECTED_FAILURE,0.0,0,True,True
1881.014,-0.032899430452725954,-1.9999897026742068,-7.323170353556467e-06,3.699314622697395e-05,0,nan,nan,nan,2.0,5.137815361762134e-06,-5.2599800413055675e-05,1.999963006853773,0.0,-1.0,INJECTED_FAILURE,0.0,0,True,True
1881.115,-0.03297296891395087,-1.9999896857992892,-7.339987770901754e-06,3.68435907397389e-05,0,nan,nan,nan,2.0,5.158237057036764e-06,-5.261680103352262e-05,1.9999631564092604,0.0,-1.0,INJECTED_FAILURE,0.0,0,True,True
1881.221,-0.033060721976722676,-1.9999896656570695,-7.360066564247103e-06,3.6667652005338195e-05,0,nan,nan,nan,2.0,5.180614788888047e-06,-5.2635427965519455e-05,1.9999633323479946,0.0,-1.0,INJECTED_FAILURE,0.0,0,True,True
1881.316,-0.03312632602829946,-1.9999896505947259,-7.375078014398145e-06,3.653761492258037e-05,0,nan,nan,nan,2.0,5.1990819512735164e-06,-5.265080151506396e-05,1.9999634623850775,0.0,-1.0,INJECTED_FAILURE,0.0,0,True,True
1881.416,-0.033214044264680956,-1.9999896304491143,-7.395152974875338e-06,3.636584090720304e-05,0,nan,nan,nan,2.0,5.224067981966622e-06,-5.2671599956699566e-05,1.9999636341590927,0.0,-1.0,INJECTED_FAILURE,0.0,0,True,True
1881.515,-0.03329068292392007,-1.9999896128429564,-7.412693682421217e-06,3.6217634185415475e-05,0,nan,nan,nan,2.0,5.245361205500361e-06,-5.2689323741805794e-05,1.9999637823658145,0.0,-1.0,INJECTED_FAILURE,0.0,0,True,True
1881.613,-0.033367306834229234,-1.9999895952362874,-7.430237931297411e-06,3.607137604754289e-05,0,nan,nan,nan,2.0,5.266437146933531e-06,-5.270686799052626e-05,1.9999639286239526,0.0,-1.0,INJECTED_FAILURE,0.0,0,True,True
1881.716,-0.03344944412365283,-1.9999895763569768,-7.449048324331504e-06,3.5916580395746024e-05,0,nan,nan,nan,2.0,5.288818096369642e-06,-5.2725496453298604e-05,1.9999640834196042,0.0,-1.0,INJECTED_FAILURE,0.0,0,True,True
1881.818,-0.03353235442300739,-1.999989557294886,-7.468037635395341e-06,3.57622959774425e-05,0,nan,nan,nan,2.0,5.310982207465793e-06,-5.274394393239845e-05,1.9999642377040225,0.0,-1.0,INJECTED_FAILURE,0.0,0,True,True
1881.915,-0.03360814356468757,-1.9999895398654783,-7.485400686910489e-06,3.56230882889492e-05,0,nan,nan,nan,2.0,5.332712231471671e-06,-5.2762030746222877e-05,1.999964376911711,0.0,-1.0,INJECTED_FAILURE,0.0,0,True,True
1882.015,-0.03368628673100914,-1.9999895218900932,-7.503306521463962e-06,3.5481319096873844e-05,0,nan,nan,nan,2.0,5.353790937000301e-06,-5.277957453087012e-05,1.9999645186809032,0.0,-1.0,INJECTED_FAILURE,0.0,0,True,True
1882.115,-0.03376599367908764,-1.9999895035501392,-7.521572344036971e-06,3.5338466803721626e-05,0,nan,nan,nan,2.0,5.376174491846784e-06,-5.27982024034479e-05,1.9999646615331963,0.0,-1.0,INJECTED_FAILURE,0.0,0,True,True
1882.22,-0.03384884161889549,-1.9999894844828912,-7.540565269498028e-06,3.519202956311081e-05,0,nan,nan,nan,2.0,5.398775690877938e-06,-5.2817012295314214e-05,1.9999648079704369,0.0,-1.0,INJECTED_FAILURE,0.0,0,True,True
1882.317,-0.033926152087685985,-1.999989466685019,-7.558289064680396e-06,3.505701561753149e-05,0,nan,nan,nan,2.0,5.419421805426794e-06,-5.283419541424195e-05,1.9999649429843824,0.0,-1.0,INJECTED_FAILURE,0.0,0,True,True
1882.415,-0.03400266027068725,-1.9999894490673418,-7.575830878800278e-06,3.492499482791785e-05,0,nan,nan,nan,2.0,5.4413727548872934e-06,-5.285246093800211e-05,1.999965075005172,0.0,-1.0,INJECTED_FAILURE,0.0,0,True,True
1882.515,-0.03408152089747905,-1.999989430903812,-7.593917221057457e-06,3.4790673020794156e-05,0,nan,nan,nan,2.0,5.4631068280843e-06,-5.2870547280647884e-05,1.9999652093269793,0.0,-1.0,INJECTED_FAILURE,0.0,0,True,True
1882.615,-0.03416115609709328,-1.9999894125574937,-7.612186132523678e-06,3.465681124899007e-05,0,nan,nan,nan,2.0,5.484841523401619e-06,-5.288863434804725e-05,1.999965343188751,0.0,-1.0,INJECTED_FAILURE,0.0,0,True,True
1882.715,-0.0342352595098088,-1.9999893954811758,-7.629186748387947e-06,3.453368327690591e-05,0,nan,nan,nan,2.0,5.505490230479551e-06,-5.290581680794659e-05,1.999965466316723,0.0,-1.0,INJECTED_FAILURE,0.0,0,True,True
1882.815,-0.03431644424707822,-1.9999893767685164,-7.647814482979159e-06,3.4400445350421996e-05,0,nan,nan,nan,2.0,5.527878661196926e-06,-5.292444454241263e-05,1.9999655995546495,0.0,-1.0,INJECTED_FAILURE,0.0,0,True,True
1882.916,-0.034396826857746865,-1.999989358236248,-7.66626320025726e-06,3.427029491991265e-05,0,nan,nan,nan,2.0,5.550050383289693e-06,-5.2942893259633195e-05,1.9999657297050801,0.0,-1.0,INJECTED_FAILURE,0.0,0,True,True
1883.02,-0.03447404432069694,-1.999989340429481,-7.683987853288054e-06,3.414681485119303e-05,0,nan,nan,nan,2.0,5.5713532967242095e-06,-5.296061791248974e-05,1.9999658531851487,0.0,-1.0,INJECTED_FAILURE,0.0,0,True,True
1883.116,-0.03455282479261737,-1.9999893222580087,-7.702073868911652e-06,3.402238830224795e-05,0,nan,nan,nan,2.0,5.593091683314269e-06,-5.297870392828585e-05,1.9999659776116978,0.0,-1.0,INJECTED_FAILURE,0.0,0,True,True
1883.217,-0.03463474287924032,-1.999989303358299,-7.720883884638799e-06,3.3894686468167044e-05,0,nan,nan,nan,2.0,5.615265652112834e-06,-5.2997152152123306e-05,1.9999661053135318,0.0,-1.0,INJECTED_FAILURE,0.0,0,True,True
1883.316,-0.03471192238815794,-1.9999892855475427,-7.738609219793649e-06,3.3775923595015654e-05,0,nan,nan,nan,2.0,5.637005552251213e-06,-5.3015239279030624e-05,1.999966224076405,0.0,-1.0,INJECTED_FAILURE,0.0,0,True,True
1883.414,-0.03479145196935419,-1.9999892671902681,-7.756878043307395e-06,3.365511525211798e-05,0,nan,nan,nan,2.0,5.6587464384998424e-06,-5.303332507100578e-05,1.9999663448847478,0.0,-1.0,INJECTED_FAILURE,0.0,0,True,True
1883.515,-0.0348693944819681,-1.9999892491950622,-7.774781695666444e-06,3.3538067322519483e-05,0,nan,nan,nan,2.0,5.679835531044397e-06,-5.305087112761342e-05,1.9999664619326776,0.0,-1.0,INJECTED_FAILURE,0.0,0,True,True
1883.615,-0.034948899274579934,-1.9999892308353382,-7.793050821501223e-06,3.342032395602111e-05,0,nan,nan,nan,2.0,5.702229957823638e-06,-5.306949906946912e-05,1.999966579676044,0.0,-1.0,INJECTED_FAILURE,0.0,0,True,True
1883.721,-0.03502996576968277,-1.9999892121103497,-7.811679114631123e-06,3.3301706278544775e-05,0,nan,nan,nan,2.0,5.724842677692521e-06,-5.308830917405416e-05,1.9999666982937214,0.0,-1.0,INJECTED_FAILURE,0.0,0,True,True
1883.817,-0.035107085288258795,-1.9999891942928907,-7.829403354503983e-06,3.319030919833981e-05,0,nan,nan,nan,2.0,5.745717030058344e-06,-5.310567164595881e-05,1.9999668096908017,0.0,-1.0,INJECTED_FAILURE,0.0,0,True,True
1883.918,-0.035187340568080976,-1.9999891757469594,-7.847852267422405e-06,3.307589175087415e-05,0,nan,nan,nan,2.0,5.767244292008072e-06,-5.312357883147101e-05,1.9999669241082492,0.0,-1.0,INJECTED_FAILURE,0.0,0,True,True
1884.02,-0.03526758378769052,-1.9999891571998698,-7.86630090363748e-06,3.296293895454986e-05,0,nan,nan,nan,2.0,5.78833748934553e-06,-5.314112200460741e-05,1.9999670370610454,0.0,-1.0,INJECTED_FAILURE,0.0,0,True,True
1884.118,-0.035343882468372084,-1.9999891395604608,-7.883846514019252e-06,3.285695407174602e-05,0,nan,nan,nan,2.0,5.810953550591214e-06,-5.3159931748592015e-05,1.9999671430459283,0.0,-1.0,FAULT_RECOVERY_HOLD,0.0,0,True,True
1884.216,-0.035420170511569045,-1.9999891219195947,-7.901388531025359e-06,3.275212484916535e-05,0,nan,nan,nan,2.0,5.832482986633323e-06,-5.317783984137847e-05,1.999967247875151,0.0,-1.0,FAULT_RECOVERY_HOLD,0.0,0,True,True
1884.314,-0.035498806979009354,-1.9999891037320177,-7.91947589496822e-06,3.264552707745702e-05,0,nan,nan,nan,2.0,5.854448559652017e-06,-5.3196105954445017e-05,1.9999673544729226,0.0,-1.0,FAULT_RECOVERY_HOLD,0.0,0,True,True
1884.418,-0.0355758600156665,-1.9999890859067078,-7.937200240569716e-06,3.254232926167755e-05,0,nan,nan,nan,2.0,5.8755449383811395e-06,-5.321365155097624e-05,1.9999674576707382,0.0,-1.0,FAULT_RECOVERY_HOLD,0.0,0,True,True
1884.515,-0.0356544747789235,-1.9999890677166121,-7.955287246789001e-06,3.243838923703214e-05,0,nan,nan,nan,2.0,5.897512078548333e-06,-5.323191730610688e-05,1.999967561610763,0.0,-1.0,FAULT_RECOVERY_HOLD,0.0,0,True,True
1884.615,-0.035733864770231424,-1.9999890493432189,-7.973556504785276e-06,3.233481513810243e-05,0,nan,nan,nan,2.0,5.919479983046424e-06,-5.325018656421321e-05,1.999967665184862,0.0,-1.0,SOLVER_EXCEPTION,0.0,0,True,True
1884.716,-0.03581481568160208,-1.9999890306045043,-7.992185158476256e-06,3.223045509409047e-05,0,nan,nan,nan,2.0,5.941448901726778e-06,-5.326845345976494e-05,1.9999677695449058,0.0,-1.0,SOLVER_EXCEPTION,0.0,0,True,True
1884.814,-0.035891826607495854,-1.999989012773972,-8.009909727967437e-06,3.213245084468785e-05,0,nan,nan,nan,2.0,5.963201209639759e-06,-5.328653978731168e-05,1.9999678675491552,0.0,-1.0,SOLVER_EXCEPTION,0.0,0,True,True
1884.916,-0.03597197027375367,-1.9999889942144131,-8.028358946507615e-06,3.203179435233438e-05,0,nan,nan,nan,2.0,5.984519319400298e-06,-5.330426551664047e-05,1.9999679682056477,0.0,-1.0,SOLVER_EXCEPTION,0.0,0,True,True
1885.018,-0.03604974659833493,-1.9999889761995102,-8.046266075444721e-06,3.1935374772787665e-05,0,nan,nan,nan,2.0,6.006708311154857e-06,-5.3322714335113375e-05,1.9999680646252271,0.0,-1.0,SOLVER_EXCEPTION,0.0,0,True,True
1885.107,-0.03612201471136232,-1.9999889594568012,-8.062906559644497e-06,3.1846857824748795e-05,0,nan,nan,nan,2.0,6.026940521882859e-06,-5.3339536619123606e-05,1.9999681531421754,0.0,-1.0,SOLVER_EXCEPTION,0.0,0,True,True
1885.215,-0.036206840417755404,-1.999988939801531,-8.082440799163326e-06,3.17442254267147e-05,0,nan,nan,nan,2.0,6.05021903858628e-06,-5.335888784285814e-05,1.9999682557745733,0.0,-1.0,SOLVER_EXCEPTION,0.0,0,True,True
1885.314,-0.03628458722064517,-1.9999889217823872,-8.100345508317464e-06,3.165133039097945e-05,0,nan,nan,nan,2.0,6.071758053671683e-06,-5.337679560746267e-05,1.999968348669609,0.0,-1.0,SOLVER_EXCEPTION,0.0,0,True,True
1885.414,-0.036363109667600445,-1.9999889035800131,-8.118431953217116e-06,3.155871964255617e-05,0,nan,nan,nan,2.0,6.093733277050027e-06,-5.339506201273991e-05,1.9999684412803573,0.0,-1.0,SOLVER_EXCEPTION,0.0,0,True,True
1885.519,-0.03644397774803644,-1.9999888848302863,-8.137063866509002e-06,3.146469624471061e-05,0,nan,nan,nan,2.0,6.115056761443839e-06,-5.341278738368871e-05,1.9999685353037553,0.0,-1.0,SOLVER_EXCEPTION,0.0,0,True,True
1885.621,-0.03652405078863864,-1.999988866260597,-8.155509341691381e-06,3.137256201727778e-05,0,nan,nan,nan,2.0,6.136381087194333e-06,-5.343051331285764e-05,1.9999686274379826,0.0,-1.0,SOLVER_EXCEPTION,0.0,0,True,True
1885.718,-0.036601759425739414,-1.9999888482362402,-8.173418051615457e-06,3.128453092248026e-05,0,nan,nan,nan,2.0,6.1590116200351155e-06,-5.344932418305248e-05,1.9999687154690775,0.0,-1.0,SOLVER_EXCEPTION,0.0,0,True,True
1885.82,-0.036681028598309635,-1.999988829846153,-8.191684816534953e-06,3.1195703260607384e-05,0,nan,nan,nan,2.0,6.1807728944261206e-06,-5.346741086009743e-05,1.9999688042967394,0.0,-1.0,SOLVER_EXCEPTION,0.0,0,True,True
1885.919,-0.03675871904719476,-1.999988811819328,-8.209592553925375e-06,3.1109849634993894e-05,0,nan,nan,nan,2.0,6.202534974092162e-06,-5.3485498799243913e-05,1.999968890150365,0.0,-1.0,SOLVER_EXCEPTION,0.0,0,True,True
1886.019,-0.036837969896071104,-1.9999887934262832,-8.2278586856486e-06,3.1023256401647084e-05,0,nan,nan,nan,2.0,6.22386315812242e-06,-5.3503224139106464e-05,1.9999689767435984,0.0,-1.0,SOLVER_EXCEPTION,0.0,0,True,True
1886.122,-0.0369187807182617,-1.9999887746680916,-8.246490704015853e-06,3.093627219657499e-05,0,nan,nan,nan,2.0,6.245409563673523e-06,-5.352113204670772e-05,1.9999690637278034,0.0,-1.0,SOLVER_EXCEPTION,0.0,0,True,True
1886.218,-0.03699330670552458,-1.9999887573654906,-8.263672270484138e-06,3.085688944480173e-05,0,nan,nan,nan,2.0,6.267827592474524e-06,-5.353976002098193e-05,1.9999691431105553,0.0,-1.0,SOLVER_EXCEPTION,0.0,0,True,True
1886.318,-0.03706939357710778,-1.9999887396979088,-8.281218019349587e-06,3.07769326120744e-05,0,nan,nan,nan,2.0,6.2895935364903e-06,-5.355784807870023e-05,1.999969223067388,0.0,-1.0,SOLVER_EXCEPTION,0.0,0,True,True
1886.414,-0.03714782520410731,-1.9999887214819159,-8.299305320920498e-06,3.069550962354332e-05,0,nan,nan,nan,2.0,6.311360649167309e-06,-5.357593538013461e-05,1.9999693044903764,0.0,-1.0,SOLVER_EXCEPTION,0.0,0,True,True
1886.515,-0.03722703255100384,-1.999988703081972,-8.31757267860847e-06,3.0614298151047534e-05,0,nan,nan,nan,2.0,6.33312900708149e-06,-5.35940226029652e-05,1.999969385701849,0.0,-1.0,SOLVER_EXCEPTION,0.0,0,True,True
1886.615,-0.037305447262264826,-1.9999886848631867,-8.335659408910326e-06,3.053492157485049e-05,0,nan,nan,nan,2.0,6.354680386587851e-06,-5.361192734643083e-05,1.9999694650784252,0.0,-1.0,SOLVER_EXCEPTION,0.0,0,True,True
1886.72,-0.0373862057828902,-1.9999886660968618,-8.354292236522123e-06,3.045437101986825e-05,0,nan,nan,nan,2.0,6.376667838386297e-06,-5.3630198216136904e-05,1.99996954562898,0.0,-1.0,SOLVER_EXCEPTION,0.0,0,True,True
1886.816,-0.037462252014828896,-1.9999886484220635,-8.371835545143958e-06,3.0379296088368282e-05,0,nan,nan,nan,2.0,6.398438900280667e-06,-5.3648285503804516e-05,1.9999696207039117,0.0,-1.0,SOLVER_EXCEPTION,0.0,0,True,True
1886.915,-0.03753985839844169,-1.9999886303816432,-8.38974294770316e-06,3.0303731351432778e-05,0,nan,nan,nan,2.0,6.4202108636376634e-06,-5.3666373007299484e-05,1.9999696962686486,0.0,-1.0,SOLVER_EXCEPTION,0.0,0,True,True
1887.016,-0.03761980833927062,-1.9999886117931234,-8.408193107446742e-06,3.0226886819590135e-05,0,nan,nan,nan,2.0,6.441983756776324e-06,-5.368446118447778e-05,1.9999697731131805,0.0,-1.0,SOLVER_EXCEPTION,0.0,0,True,True
1887.12,-0.037700533814331194,-1.9999885930209116,-8.426822090542095e-06,3.015020439078078e-05,0,nan,nan,nan,2.0,6.463757715872501e-06,-5.370254839665023e-05,1.9999698497956093,0.0,-1.0,SOLVER_EXCEPTION,0.0,0,True,True
1887.22,-0.03777890019449394,-1.9999885747941188,-8.444909791433348e-06,3.0076778177274997e-05,0,nan,nan,nan,2.0,6.4855327047392345e-06,-5.372063604358601e-05,1.9999699232218227,0.0,-1.0,SOLVER_EXCEPTION,0.0,0,True,True
1887.317,-0.0378556918212147,-1.9999885569303788,-8.46263498687835e-06,3.0005696188653762e-05,0,nan,nan,nan,2.0,6.506873123436183e-06,-5.3738362270294715e-05,1.9999699943038114,0.0,-1.0,SOLVER_EXCEPTION,0.0,0,True,True
1887.42,-0.0379363935645382,-1.999988538154268,-8.481267622905794e-06,2.993207006896029e-05,0,nan,nan,nan,2.0,6.529303461887549e-06,-5.3756990896047796e-05,1.999970067929931,0.0,-1.0,SOLVER_EXCEPTION,0.0,0,True,True
1887.52,-0.038013953796982594,-1.999988520105629,-8.499173018704105e-06,2.9862052654589246e-05,0,nan,nan,nan,2.0,6.550645791576936e-06,-5.377471753886809e-05,1.9999701379473453,0.0,-1.0,SOLVER_EXCEPTION,0.0,0,True,True
1887.621,-0.03809385678579838,-1.9999885015087853,-8.517621923359823e-06,2.979087417788581e-05,0,nan,nan,nan,2.0,6.5732957954348815e-06,-5.379352846102137e-05,1.999970209125822,0.0,-1.0,SOLVER_EXCEPTION,0.0,0,True,True
1887.715,-0.03816748616895083,-1.999988484368818,-8.534624174894154e-06,2.9726134086190603e-05,0,nan,nan,nan,2.0,6.5933337416037815e-06,-5.381016834338226e-05,1.9999702738659138,0.0,-1.0,SOLVER_EXCEPTION,0.0,0,True,True
1887.816,-0.0382465915129371,-1.9999884659516387,-8.552894401048277e-06,2.9657506820743845e-05,0,nan,nan,nan,2.0,6.615986104417832e-06,-5.38289807692216e-05,1.9999703424931792,0.0,-1.0,SOLVER_EXCEPTION,0.0,0,True,True
1887.92,-0.038325689614996106,-1.9999884475331118,-8.571162438140306e-06,2.958964575558132e-05,0,nan,nan,nan,2.0,6.637985753543506e-06,-5.3847250665484125e-05,1.9999704103542444,0.0,-1.0,SOLVER_EXCEPTION,0.0,0,True,True
1888.016,-0.0384032144779796,-1.9999884294779318,-8.589070980806326e-06,2.9524088692606655e-05,0,nan,nan,nan,2.0,6.659551205516034e-06,-5.3865156121268853e-05,1.9999704759113075,0.0,-1.0,SOLVER_EXCEPTION,0.0,0,True,True
1888.118,-0.03848229850845273,-1.999988411056359,-8.607337596905882e-06,2.9457887885238954e-05,0,nan,nan,nan,2.0,6.681553067229549e-06,-5.388342708423366e-05,1.9999705421121148,0.0,-1.0,SOLVER_EXCEPTION,0.0,0,True,True
1888.218,-0.03856137556628391,-1.9999883926336814,-8.62560794644691e-06,2.9392706321059372e-05,0,nan,nan,nan,2.0,6.703774029430365e-06,-5.3901876217121725e-05,1.999970607293679,0.0,-1.0,SOLVER_EXCEPTION,0.0,0,True,True
1888.315,-0.03863731437740564,-1.9999883749389096,-8.643151623267424e-06,2.9330757246867467e-05,0,nan,nan,nan,2.0,6.724907011115999e-06,-5.3919419880532615e-05,1.9999706692427532,0.0,-1.0,SOLVER_EXCEPTION,0.0,0,True,True
1888.419,-0.03871794356932592,-1.9999883561488732,-8.661784574350348e-06,2.92659928400558e-05,0,nan,nan,nan,2.0,6.746911991596785e-06,-5.393769103623214e-05,1.99997073400716,0.0,-1.0,SOLVER_EXCEPTION,0.0,0,True,True
1888.516,-0.038794652239745125,-1.9999883382690922,-8.679510141877557e-06,2.920504145328313e-05,0,nan,nan,nan,2.0,6.768482790873018e-06,-5.3955596552413e-05,1.9999707949585468,0.0,-1.0,SOLVER_EXCEPTION,0.0,0,True,True
1888.619,-0.03887057202065122,-1.9999883205705131,-8.697054645782733e-06,2.9145440442616853e-05,0,nan,nan,nan,2.0,6.790054290124976e-06,-5.397350471048057e-05,1.9999708545595574,0.0,-1.0,SOLVER_EXCEPTION,0.0,0,True,True
1888.715,-0.038950398676550854,-1.9999883019585267,-8.715504017121788e-06,2.9083575512287768e-05,0,nan,nan,nan,2.0,6.812280446618926e-06,-5.3991955320853435e-05,1.9999709164244877,0.0,-1.0,SOLVER_EXCEPTION,0.0,0,True,True
1888.82,-0.03903256628665648,-1.9999882827978206,-8.734498125509395e-06,2.9020824377164544e-05,0,nan,nan,nan,2.0,6.833854349226526e-06,-5.4009861415682536e-05,1.9999709791756228,0.0,-1.0,SOLVER_EXCEPTION,0.0,0,True,True
1888.916,-0.0391076849204313,-1.9999882652776064,-8.751862605010241e-06,2.8964136894081854e-05,0,nan,nan,nan,2.0,6.853903985065708e-06,-5.402650179142654e-05,1.999971035863106,0.0,-1.0,SOLVER_EXCEPTION,0.0,0,True,True
1889.019,-0.039182015460412625,-1.9999882479384818,-8.769044637553235e-06,2.8908646312551043e-05,0,nan,nan,nan,2.0,6.876787283699635e-06,-5.404549593901464e-05,1.9999710913536874,0.0,-1.0,SOLVER_EXCEPTION,0.0,0,True,True
1889.116,-0.0392625991884645,-1.9999882291386504,-8.787677811268332e-06,2.8849416135595083e-05,0,nan,nan,nan,2.0,6.899453753469164e-06,-5.4064307870582695e-05,1.9999711505838644,0.0,-1.0,SOLVER_EXCEPTION,0.0,0,True,True
1889.214,-0.03934004742204413,-1.999988211067076,-8.805583646861604e-06,2.8793050564125783e-05,0,nan,nan,nan,2.0,6.921031922929082e-06,-5.40822137060637e-05,1.999971206949436,0.0,-1.0,SOLVER_EXCEPTION,0.0,0,True,True
1889.317,-0.039420618684061014,-1.9999881922641238,-8.824215472690835e-06,2.8735271975520174e-05,0,nan,nan,nan,2.0,6.943046955871115e-06,-5.410048375464882e-05,1.9999712647280246,0.0,-1.0,SOLVER_EXCEPTION,0.0,0,True,True
1889.42,-0.03950118371065604,-1.9999881734595224,-8.842844896746126e-06,2.8678137263827734e-05,0,nan,nan,nan,2.0,6.9646273322890684e-06,-5.4118389656299115e-05,1.9999713218627362,0.0,-1.0,SOLVER_EXCEPTION,0.0,0,True,True
1889.519,-0.039577832098296135,-1.9999881555666033,-8.860572047748599e-06,2.8624566413256083e-05,0,nan,nan,nan,2.0,6.986644400379154e-06,-5.413666041276244e-05,1.9999713754335868,0.0,-1.0,SOLVER_EXCEPTION,0.0,0,True,True
1889.618,-0.03965291089636458,-1.9999881380372715,-8.877936798442594e-06,2.8572726460912243e-05,0,nan,nan,nan,2.0,7.008227131061327e-06,-5.4154566857977926e-05,1.9999714272735392,0.0,-1.0,SOLVER_EXCEPTION,0.0,0,True,True
1889.718,-0.03973502235947381,-1.99998811886285,-8.896928642249208e-06,2.851670475171899e-05,0,nan,nan,nan,2.0,7.030028785927796e-06,-5.417265456042486e-05,1.9999714832952482,0.0,-1.0,SOLVER_EXCEPTION,0.0,0,True,True
1889.816,-0.03980930837302343,-1.9999881015141894,-8.914113028906142e-06,2.846669492312928e-05,0,nan,nan,nan,2.0,7.051831363828597e-06,-5.4190743088433635e-05,1.999971533305077,0.0,-1.0,SOLVER_EXCEPTION,0.0,0,True,True
1889.917,-0.03988906254760773,-1.9999880828854097,-8.932563908308319e-06,2.8413698885231145e-05,0,nan,nan,nan,2.0,7.073416998241728e-06,-5.420865219996074e-05,1.9999715863011147,0.0,-1.0,SOLVER_EXCEPTION,0.0,0,True,True
1890.018,-0.039969592871791464,-1.9999880640717371,-8.95119366423985e-06,2.836081132354955e-05,0,nan,nan,nan,2.0,7.095658484413122e-06,-5.422709953117888e-05,1.9999716391886764,0.0,-1.0,SOLVER_EXCEPTION,0.0,0,True,True
1890.116,-0.04004620865685802,-1.9999880461707666,-8.968920736008457e-06,2.831118164359986e-05,0,nan,nan,nan,2.0,7.117464500654439e-06,-5.424518865648764e-05,1.9999716888183563,0.0,-1.0,SOLVER_EXCEPTION,0.0,0,True,True
1890.215,-0.040122819338154585,-1.9999880282684126,-8.98664690145943e-06,2.8262125882335895e-05,0,nan,nan,nan,2.0,7.139271860513628e-06,-5.4263276960675455e-05,1.9999717378741177,0.0,-1.0,SOLVER_EXCEPTION,0.0,0,True,True
1890.319,-0.04020411495712922,-1.999988009268338,-9.005459429787338e-06,2.8210814966993967e-05,0,nan,nan,nan,2.0,7.15977126014692e-06,-5.428028255938244e-05,1.999971789185033,0.0,-1.0,SOLVER_EXCEPTION,0.0,0,True,True
1890.415,-0.04027993370367355,-1.9999879915459444,-9.023006447375365e-06,2.816358479262785e-05,0,nan,nan,nan,2.0,7.182889874805092e-06,-5.429945454649143e-05,1.9999718364152075,0.0,-1.0,SOLVER_EXCEPTION,0.0,0,True,True
1890.522,-0.040362781675082504,-1.9999879721779892,-9.042181103682636e-06,2.8112608869489286e-05,0,nan,nan,nan,2.0,7.204264159299255e-06,-5.4317181516161384e-05,1.9999718873911305,0.0,-1.0,SOLVER_EXCEPTION,0.0,0,True,True
1890.618,-0.040437808901629416,-1.9999879546355903,-9.05954670193361e-06,2.8067032090698043e-05,0,nan,nan,nan,2.0,7.22651218544789e-06,-5.433563168377731e-05,1.9999719329679093,0.0,-1.0,SOLVER_EXCEPTION,0.0,0,True,True
1890.717,-0.040515957373947926,-1.9999879363609117,-9.077635393672443e-06,2.8020127527814876e-05,0,nan,nan,nan,2.0,7.248325163188237e-06,-5.435372047601916e-05,1.9999719798724722,0.0,-1.0,SOLVER_EXCEPTION,0.0,0,True,True
1890.819,-0.040593319508160634,-1.9999879182674642,-9.095541595808203e-06,2.7974199779421664e-05,0,nan,nan,nan,2.0,7.2701392242842186e-06,-5.437180974965372e-05,1.9999720258002205,0.0,-1.0,SOLVER_EXCEPTION,0.0,0,True,True
1890.915,-0.04066833278032742,-1.9999879007211536,-9.112905831183535e-06,2.793023295327996e-05,0,nan,nan,nan,2.0,7.291518129664944e-06,-5.438953589065321e-05,1.9999720697670467,0.0,-1.0,SOLVER_EXCEPTION,0.0,0,True,True
1891.021,-0.04075349873172307,-1.9999878807977154,-9.132625290926547e-06,2.7881157902968417e-05,0,nan,nan,nan,2.0,7.312679915528427e-06,-5.4407083961205416e-05,1.9999721188420971,0.0,-1.0,SOLVER_EXCEPTION,0.0,0,True,True
1891.115,-0.04082694007109018,-1.9999878636139496,-9.1496278367543e-06,2.783923986330505e-05,0,nan,nan,nan,2.0,7.335370252712099e-06,-5.4425895990917184e-05,1.9999721607601366,0.0,-1.0,SOLVER_EXCEPTION,0.0,0,True,True
1891.225,-0.04090193971891111,-1.9999878460637697,-9.16699310517317e-06,2.7796968563800858e-05,0,nan,nan,nan,2.0,7.356534351015274e-06,-5.4443441284579563e-05,1.9999722030314362,0.0,-1.0,SOLVER_EXCEPTION,0.0,0,True,True
1891.315,-0.04098240334775221,-1.9999878272324925,-9.18562333543004e-06,2.7752126863049103e-05,0,nan,nan,nan,2.0,7.379226847635023e-06,-5.446225339467148e-05,1.999972247873137,0.0,-1.0,SOLVER_EXCEPTION,0.0,0,True,True
1891.416,-0.04105661307484598,-1.9999878098624744,-9.202809666410634e-06,2.771144909135197e-05,0,nan,nan,nan,2.0,7.4001751781138805e-06,-5.447961854354588e-05,1.9999722885509086,0.0,-1.0,SOLVER_EXCEPTION,0.0,0,True,True
1891.519,-0.04113941069890814,-1.9999877904798835,-9.221983513753395e-06,2.7666505577475758e-05,0,nan,nan,nan,2.0,7.423088220306011e-06,-5.4498613573095156e-05,1.9999723334944226,0.0,-1.0,SOLVER_EXCEPTION,0.0,0,True,True
1891.615,-0.04121673603255032,-1.9999877723757544,-9.239890077436547e-06,2.7625019297370638e-05,0,nan,nan,nan,2.0,7.444693379896558e-06,-5.451652013688246e-05,1.9999723749807026,0.0,-1.0,SOLVER_EXCEPTION,0.0,0,True,True
1891.72,-0.04129796204185141,-1.9999877533558035,-9.25870260174838e-06,2.7582087602210477e-05,0,nan,nan,nan,2.0,7.466299723996235e-06,-5.453443026270932e-05,1.9999724179123979,0.0,-1.0,SOLVER_EXCEPTION,0.0,0,True,True
1891.816,-0.04137449763518798,-1.9999877354316724,-9.276430291223538e-06,2.7542181348436723e-05,0,nan,nan,nan,2.0,7.48856208204586e-06,-5.4552880352609634e-05,1.9999724578186515,0.0,-1.0,SOLVER_EXCEPTION,0.0,0,True,True
1891.92,-0.04145337184417896,-1.999987716957866,-9.294701294210039e-06,2.750157811101805e-05,0,nan,nan,nan,2.0,7.509734196010793e-06,-5.4570425914945986e-05,1.999972498421889,0.0,-1.0,SOLVER_EXCEPTION,0.0,0,True,True
1892.018,-0.04153146086329669,-1.9999876986654053,-9.312791027104652e-06,2.7461881290171543e-05,0,nan,nan,nan,2.0,7.5319988038090605e-06,-5.458887623621678e-05,1.99997253811871,0.0,-1.0,SOLVER_EXCEPTION,0.0,0,True,True
1892.116,-0.041608764871845394,-1.9999876805541645,-9.330696981415359e-06,2.7422940474808815e-05,0,nan,nan,nan,2.0,7.552955093524947e-06,-5.460624162578753e-05,1.9999725770595251,0.0,-1.0,SOLVER_EXCEPTION,0.0,0,True,True
1892.216,-0.041686845618887185,-1.9999876622589203,-9.348786728975268e-06,2.7384238571694966e-05,0,nan,nan,nan,2.0,7.574785470723403e-06,-5.4624331403907433e-05,1.9999726157614284,0.0,-1.0,SOLVER_EXCEPTION,0.0,0,True,True
1892.32,-0.0417680452693177,-1.9999876432300736,-9.367599216331524e-06,2.7344467627782086e-05,0,nan,nan,nan,2.0,7.597490185215976e-06,-5.464314361791622e-05,1.9999726555323722,0.0,-1.0,SOLVER_EXCEPTION,0.0,0,True,True
1892.417,-0.041841433512776895,-1.9999876260300082,-9.384602573183764e-06,2.7308968084899472e-05,0,nan,nan,nan,2.0,7.6188867028367765e-06,-5.4660870829614794e-05,1.999972691031915,0.0,-1.0,SOLVER_EXCEPTION,0.0,0,True,True
1892.518,-0.04192262492139949,-1.9999876069983078,-9.403416320129266e-06,2.7270256961562012e-05,0,nan,nan,nan,2.0,7.640720768588246e-06,-5.467896058952704e-05,1.9999727297430385,0.0,-1.0,SOLVER_EXCEPTION,0.0,0,True,True
1892.618,-0.042000689577372255,-1.999987588697558,-9.421505676563521e-06,2.7233464068195118e-05,0,nan,nan,nan,2.0,7.66299264665389e-06,-5.4697411727477885e-05,1.9999727665359317,0.0,-1.0,SOLVER_EXCEPTION,0.0,0,True,True
1892.715,-0.042075627998262304,-1.9999875711277018,-9.438870360034624e-06,2.7198524735515184e-05,0,nan,nan,nan,2.0,7.684829166136513e-06,-5.471550041935558e-05,1.9999728014752645,0.0,-1.0,SOLVER_EXCEPTION,0.0,0,True,True
1892.817,-0.042155246202696096,-1.999987552457695,-9.457321801632717e-06,2.7161953889570535e-05,0,nan,nan,nan,2.0,7.706666950338592e-06,-5.47335896534662e-05,1.9999728380461104,0.0,-1.0,SOLVER_EXCEPTION,0.0,0,True,True
1892.919,-0.042235640984779235,-1.9999875336033637,-9.475952993641388e-06,2.712544871107464e-05,0,nan,nan,nan,2.0,7.727850515030793e-06,-5.475113791719721e-05,1.999972874551289,0.0,-1.0,SOLVER_EXCEPTION,0.0,0,True,True
1893.017,-0.04231212942960949,-1.9999875156632343,-9.493681238338896e-06,2.709121850057312e-05,0,nan,nan,nan,2.0,7.750346355975601e-06,-5.476976931095834e-05,1.9999729087814995,0.0,-1.0,SOLVER_EXCEPTION,0.0,0,True,True
1893.119,-0.04239017521256509,-1.9999874973552707,-9.511770434466815e-06,2.7056697646751712e-05,0,nan,nan,nan,2.0,7.771969531751158e-06,-5.4787676425860354e-05,1.9999729433023532,0.0,-1.0,SOLVER_EXCEPTION,0.0,0,True,True
1893.219,-0.04246899775712836,-1.9999874788630736,-9.53004223411194e-06,2.7022349371763e-05,0,nan,nan,nan,2.0,7.794249121263825e-06,-5.480612722408296e-05,1.9999729776506283,0.0,-1.0,SOLVER_EXCEPTION,0.0,0,True,True
1893.317,-0.042545475531542525,-1.9999874609188601,-9.547770009044067e-06,2.6989375130594745e-05,0,nan,nan,nan,2.0,7.815437399457324e-06,-5.482367605580407e-05,1.9999730106248694,0.0,-1.0,SOLVER_EXCEPTION,0.0,0,True,True
1893.417,-0.042622730228383,-1.9999874427898565,-9.56567688745411e-06,2.6956394428205294e-05,0,nan,nan,nan,2.0,7.837719454178204e-06,-5.484212686290846e-05,1.9999730436055718,0.0,-1.0,SOLVER_EXCEPTION,0.0,0,True,True
1893.515,-0.04270076178596502,-1.9999874244767393,-9.58376663332792e-06,2.692358512808093e-05,0,nan,nan,nan,2.0,7.859565574950055e-06,-5.486021664413698e-05,1.999973076414872,0.0,-1.0,SOLVER_EXCEPTION,0.0,0,True,True
1893.628,-0.0427881530206384,-1.9999874039645893,-9.60402657489321e-06,2.6887289535299272e-05,0,nan,nan,nan,2.0,7.882942270856034e-06,-5.487957121541598e-05,1.9999731127104647,0.0,-1.0,SOLVER_EXCEPTION,0.0,0,True,True
1893.718,-0.04285915524176655,-1.9999873872968013,-9.620490069496891e-06,2.685832526957735e-05,0,nan,nan,nan,2.0,7.901950874054574e-06,-5.4895310501734684e-05,1.9999731416747304,0.0,-1.0,SOLVER_EXCEPTION,0.0,0,True,True
1893.819,-0.04293795663271301,-1.9999873687960306,-9.638759006771069e-06,2.68263613748473e-05,0,nan,nan,nan,2.0,7.925111733983395e-06,-5.491448537853216e-05,1.9999731736386253,0.0,-1.0,SOLVER_EXCEPTION,0.0,0,True,True
1893.917,-0.043014414137481485,-1.9999873508436448,-9.656486274668036e-06,2.6795777313781813e-05,0,nan,nan,nan,2.0,7.946962640771215e-06,-5.493257576683064e-05,1.9999732042226863,0.0,-1.0,SOLVER_EXCEPTION,0.0,0,True,True
1894.018,-0.04309008834961839,-1.9999873330729019,-9.674035182556432e-06,2.6766031934268998e-05,0,nan,nan,nan,2.0,7.968815311787714e-06,-5.49506652420817e-05,1.9999732339680658,0.0,-1.0,SOLVER_EXCEPTION,0.0,0,True,True
1894.123,-0.04317512067019377,-1.9999873131024075,-9.693751430287487e-06,2.67328271151828e-05,0,nan,nan,nan,2.0,7.990450610817943e-06,-5.4968572418712114e-05,1.999973267172885,0.0,-1.0,SOLVER_EXCEPTION,0.0,0,True,True
1894.218,-0.04324766816678824,-1.9999872960620235,-9.710575862090913e-06,2.6704985224763562e-05,0,nan,nan,nan,2.0,8.012305395784056e-06,-5.4986662247902274e-05,1.9999732950147753,0.0,-1.0,SOLVER_EXCEPTION,0.0,0,True,True
1894.316,-0.04332567316871973,-1.9999872777377836,-9.728666259754257e-06,2.6675387554677326e-05,0,nan,nan,nan,2.0,8.034161507067926e-06,-5.5004751413179065e-05,1.9999733246124454,0.0,-1.0,SOLVER_EXCEPTION,0.0,0,True,True
1894.415,-0.043402895036199866,-1.9999872595950543,-9.746572933268407e-06,2.6646312797243445e-05,0,nan,nan,nan,2.0,8.05623728046279e-06,-5.5023024217781824e-05,1.9999733536872029,0.0,-1.0,SOLVER_EXCEPTION,0.0,0,True,True
1894.519,-0.04348089384582475,-1.999987241268073,-9.764663413544067e-06,2.661745382628842e-05,0,nan,nan,nan,2.0,8.078095859845325e-06,-5.5041113479425974e-05,1.9999733825461736,0.0,-1.0,SOLVER_EXCEPTION,0.0,0,True,True
1894.617,-0.04356044948608426,-1.9999872225729187,-9.78311494504132e-06,2.6588363901747203e-05,0,nan,nan,nan,2.0,8.0997373464003e-06,-5.5059021372816375e-05,1.9999734116360983,0.0,-1.0,SOLVER_EXCEPTION,0.0,0,True,True
1894.715,-0.043636882342490226,-1.9999872046095317,-9.800842370528174e-06,2.6560737678864912e-05,0,nan,nan,nan,2.0,8.121816910075183e-06,-5.507729366183156e-05,1.9999734392623212,0.0,-1.0,SOLVER_EXCEPTION,0.0,0,True,True
1894.816,-0.04371331233917694,-1.9999871866450118,-9.818571102347025e-06,2.653351286632516e-05,0,nan,nan,nan,2.0,8.143460683682767e-06,-5.509520116175892e-05,1.9999734664871336,0.0,-1.0,SOLVER_EXCEPTION,0.0,0,True,True
1894.918,-0.04379519848778004,-1.9999871673952803,-9.837563546482269e-06,2.6504594113707404e-05,0,nan,nan,nan,2.0,8.165543017358823e-06,-5.511347280284795e-05,1.9999734954058863,0.0,-1.0,SOLVER_EXCEPTION,0.0,0,True,True
1895.018,-0.04387318232032492,-1.9999871490608874,-9.855654344470922e-06,2.647756538557005e-05,0,nan,nan,nan,2.0,8.187407994805791e-06,-5.513156323466717e-05,1.9999735224346145,0.0,-1.0,SOLVER_EXCEPTION,0.0,0,True,True
1895.118,-0.04395116328674104,-1.999987130725544,-9.873744479817948e-06,2.6450810360436624e-05,0,nan,nan,nan,2.0,8.2083993920116e-06,-5.514892974600727e-05,1.9999735491896395,0.0,-1.0,SOLVER_EXCEPTION,0.0,0,True,True
1895.219,-0.04402836165543612,-1.9999871125720605,-9.891655219893777e-06,2.642475424317122e-05,0,nan,nan,nan,2.0,8.231141941652584e-06,-5.516773987368495e-05,1.9999735752457568,0.0,-1.0,SOLVER_EXCEPTION,0.0,0,True,True
1895.318,-0.0441063370245495,-1.9999870942338007,-9.909745250873237e-06,2.6398665583202323e-05,0,nan,nan,nan,2.0,8.253010575220323e-06,-5.51858299502328e-05,1.9999736013344167,0.0,-1.0,SOLVER_EXCEPTION,0.0,0,True,True
1895.415,-0.044180411068047924,-1.9999870768113488,-9.926928840100053e-06,2.6374068996207116e-05,0,nan,nan,nan,2.0,8.274443002964674e-06,-5.520355889965245e-05,1.9999736259310037,0.0,-1.0,SOLVER_EXCEPTION,0.0,0,True,True
1895.518,-0.044263059201946474,-1.999987057369496,-9.946105037010203e-06,2.634717748137823e-05,0,nan,nan,nan,2.0,8.296751970817313e-06,-5.522201100971458e-05,1.9999736528225187,0.0,-1.0,SOLVER_EXCEPTION,0.0,0,True,True
1895.619,-0.04433946704982483,-1.9999870393938355,-9.963832714710575e-06,2.632254093854172e-05,0,nan,nan,nan,2.0,8.318187053537033e-06,-5.523973870547039e-05,1.9999736774590615,0.0,-1.0,SOLVER_EXCEPTION,0.0,0,True,True
1895.718,-0.04441197417677713,-1.9999870223348715,-9.980657301341019e-06,2.629948181735845e-05,0,nan,nan,nan,2.0,8.33940387744374e-06,-5.5257287360888085e-05,1.9999737005181826,0.0,-1.0,SOLVER_EXCEPTION,0.0,0,True,True
1895.82,-0.044495393545641145,-1.999987002704888,-1.0000013764533364e-05,2.6273312421709235e-05,0,nan,nan,nan,2.0,8.36237335405835e-06,-5.5276281875293876e-05,1.9999737266875783,0.0,-1.0,SOLVER_EXCEPTION,0.0,0,True,True
1895.918,-0.04457491204972603,-1.9999869839913471,-1.0018465215431031e-05,2.6248635737093587e-05,0,nan,nan,nan,2.0,8.384249748917537e-06,-5.5294371507308426e-05,1.9999737513642628,0.0,-1.0,SOLVER_EXCEPTION,0.0,0,True,True
1896.015,-0.04464975056211702,-1.9999869663772398,-1.003583180553498e-05,2.6225723141688288e-05,0,nan,nan,nan,2.0,8.406127222458065e-06,-5.5312461864964746e-05,1.9999737742768584,0.0,-1.0,SOLVER_EXCEPTION,0.0,0,True,True
1896.119,-0.044731602518186996,-1.9999869471107072,-1.0054828270777435e-05,2.620106822277337e-05,0,nan,nan,nan,2.0,8.428006053908752e-06,-5.5330552739096817e-05,1.9999737989317772,0.0,-1.0,SOLVER_EXCEPTION,0.0,0,True,True
1896.221,-0.04481111321267261,-1.999986928392956,-1.0073280428527508e-05,2.6177346102059373e-05,0,nan,nan,nan,2.0,8.449886122799979e-06,-5.5348643108743545e-05,1.999973822653898,0.0,-1.0,SOLVER_EXCEPTION,0.0,0,True,True
1896.323,-0.044889841865378685,-1.9999869098571932,-1.0091550206310073e-05,2.615408000668594e-05,0,nan,nan,nan,2.0,8.47154854023267e-06,-5.536655411919611e-05,1.9999738459199934,0.0,-1.0,SOLVER_EXCEPTION,0.0,0,True,True
1896.42,-0.04496467075987336,-1.9999868922375321,-1.0108916811929082e-05,2.6132323888452953e-05,0,nan,nan,nan,2.0,8.493212669056104e-06,-5.53844613175869e-05,1.9999738676761116,0.0,-1.0,SOLVER_EXCEPTION,0.0,0,True,True
1896.515,-0.04503793857324027,-1.9999868749838434,-1.012592236067169e-05,2.611130505713295e-05,0,nan,nan,nan,2.0,8.515096463737916e-06,-5.540255241998082e-05,1.999973888694943,0.0,-1.0,SOLVER_EXCEPTION,0.0,0,True,True
1896.616,-0.045117439572481065,-1.9999868562605163,-1.0144374604012408e-05,2.6088743393704594e-05,0,nan,nan,nan,2.0,8.537419328160421e-06,-5.542100466326971e-05,1.9999739112566064,0.0,-1.0,SOLVER_EXCEPTION,0.0,0,True,True
1896.717,-0.04519693813287152,-1.999986837535578,-1.0162826181633132e-05,2.60664381496005e-05,0,nan,nan,nan,2.0,8.559306004363554e-06,-5.5439094413411993e-05,1.9999739335618505,0.0,-1.0,SOLVER_EXCEPTION,0.0,0,True,True
1896.82,-0.04527721364777694,-1.9999868186257916,-1.018146083121643e-05,2.604431070908522e-05,0,nan,nan,nan,2.0,8.580974817886086e-06,-5.545700546871757e-05,1.9999739556892908,0.0,-1.0,SOLVER_EXCEPTION,0.0,0,True,True
1896.919,-0.04535436938241523,-1.999986800448848,-1.0199369619267015e-05,2.6023205755824086e-05,0,nan,nan,nan,2.0,8.602863946689095e-06,-5.547509600933864e-05,1.9999739767942442,0.0,-1.0,SOLVER_EXCEPTION,0.0,0,True,True
1897.017,-0.04543152290587411,-1.9999867822705237,-1.0217280619865843e-05,2.6002484750807948e-05,0,nan,nan,nan,2.0,8.624316625147895e-06,-5.549282519545784e-05,1.9999739975152493,0.0,-1.0,SOLVER_EXCEPTION,0.0,0,True,True
1897.115,-0.045507894949923994,-1.999986764274648,-1.0235009548323928e-05,2.5982149548666656e-05,0,nan,nan,nan,2.0,8.646864952638538e-06,-5.551145656346179e-05,1.9999740178504513,0.0,-1.0,SOLVER_EXCEPTION,0.0,0,True,True
1897.218,-0.04558738197584439,-1.999986745542161,-1.0253458470555697e-05,2.5961075994781788e-05,0,nan,nan,nan,2.0,8.668539009857061e-06,-5.552936767738714e-05,1.9999740389240053,0.0,-1.0,SOLVER_EXCEPTION,0.0,0,True,True
1897.32,-0.04566764599261731,-1.9999867266249411,-1.0272094680478756e-05,2.5940419480052343e-05,0,nan,nan,nan,2.0,8.690652275301285e-06,-5.5547638309949576e-05,1.99997405958052,0.0,-1.0,SOLVER_EXCEPTION,0.0,0,True,True
1897.415,-0.045741673893256674,-1.9999867091757924,-1.0289278948337969e-05,2.5921341894479234e-05,0,nan,nan,nan,2.0,8.712329172672946e-06,-5.556554681307446e-05,1.9999740786581055,0.0,-1.0,SOLVER_EXCEPTION,0.0,0,True,True
1897.518,-0.04582115435281523,-1.999986690439381,-1.0307731605766596e-05,2.5901246901295478e-05,0,nan,nan,nan,2.0,8.73422614477436e-06,-5.55836373838936e-05,1.9999740987530987,0.0,-1.0,SOLVER_EXCEPTION,0.0,0,True,True
1897.618,-0.045900632635743295,-1.9999866717016561,-1.032618381370203e-05,2.5881378390149893e-05,0,nan,nan,nan,2.0,8.756343456843448e-06,-5.560191102560452e-05,1.9999741186216098,0.0,-1.0,SOLVER_EXCEPTION,0.0,0,True,True
1897.715,-0.04597543376210843,-1.9999866540650182,-1.0343551569614303e-05,2.5862949579997876e-05,0,nan,nan,nan,2.0,8.77692859567667e-06,-5.5618915531852053e-05,1.99997413705042,0.0,-1.0,SOLVER_EXCEPTION,0.0,0,True,True
1897.82,-0.04605724534156892,-1.99998663477329,-1.0362547846181972e-05,2.584308111821379e-05,0,nan,nan,nan,2.0,8.799924942869542e-06,-5.563791016482966e-05,1.9999741569188818,0.0,-1.0,SOLVER_EXCEPTION,0.0,0,True,True
1897.918,-0.04613204255632198,-1.999986617133719,-1.0379915484532441e-05,2.5825114876371058e-05,0,nan,nan,nan,2.0,8.822045900676998e-06,-5.565618364000713e-05,1.9999741748851236,0.0,-1.0,SOLVER_EXCEPTION,0.0,0,True,True
1898.015,-0.04620917526386146,-1.9999865989414387,-1.039782325308116e-05,2.5806685490585288e-05,0,nan,nan,nan,2.0,8.843730497838651e-06,-5.5674091349544597e-05,1.9999741933145094,0.0,-1.0,SOLVER_EXCEPTION,0.0,0,True,True
1898.118,-0.046287864223536826,-1.999986580380529,-1.0416096542726977e-05,2.5788313166611347e-05,0,nan,nan,nan,2.0,8.865854177776886e-06,-5.569236469593619e-05,1.9999742116868333,0.0,-1.0,SOLVER_EXCEPTION,0.0,0,True,True
1898.217,-0.046365772134762284,-1.9999865620021178,-1.0434187651236445e-05,2.5770268340238663e-05,0,nan,nan,nan,2.0,8.887541011263785e-06,-5.5710273975329017e-05,1.9999742297316598,0.0,-1.0,SOLVER_EXCEPTION,0.0,0,True,True
1898.317,-0.0464444571805776,-1.9999865434381228,-1.0452457907032073e-05,2.5752197413570768e-05,0,nan,nan,nan,2.0,8.90966734389206e-06,-5.572854727109444e-05,1.9999742478025864,0.0,-1.0,SOLVER_EXCEPTION,0.0,0,True,True
1898.419,-0.04652002417019243,-1.999986525608233,-1.0470008206135776e-05,2.573524335601182e-05,0,nan,nan,nan,2.0,8.931575915088715e-06,-5.574663826557469e-05,1.999974264756644,0.0,-1.0,SOLVER_EXCEPTION,0.0,0,True,True
1898.516,-0.04659948446943453,-1.9999865068579472,-1.0488460565856866e-05,2.5717489458983534e-05,0,nan,nan,nan,2.0,8.952171379709869e-06,-5.576364310755366e-05,1.999974282510541,0.0,-1.0,SOLVER_EXCEPTION,0.0,0,True,True
1898.618,-0.04667660586541188,-1.9999864886573155,-1.0506369573591874e-05,2.570046231130408e-05,0,nan,nan,nan,2.0,8.975616323973886e-06,-5.578299963282518e-05,1.9999742995376888,0.0,-1.0,SOLVER_EXCEPTION,0.0,0,True,True
1898.717,-0.046756062406033,-1.9999864699040475,-1.0524821870977209e-05,2.5683152134976076e-05,0,nan,nan,nan,2.0,8.997309620932278e-06,-5.5800911317405166e-05,1.999974316847865,0.0,-1.0,SOLVER_EXCEPTION,0.0,0,True,True
1898.82,-0.04683473811704583,-1.9999864513333274,-1.0543095980003849e-05,2.5666378221696842e-05,0,nan,nan,nan,2.0,9.019223494622277e-06,-5.581900237361381e-05,1.9999743336217783,0.0,-1.0,SOLVER_EXCEPTION,0.0,0,True,True
1898.916,-0.04691107519388823,-1.9999864333125015,-1.0560824540119512e-05,2.5650170782374503e-05,0,nan,nan,nan,2.0,9.041138836405673e-06,-5.583709277034998e-05,1.9999743498292177,0.0,-1.0,SOLVER_EXCEPTION,0.0,0,True,True
1899.016,-0.04698585273767156,-1.9999864156584866,-1.057819271820795e-05,2.5634547004145256e-05,0,nan,nan,nan,2.0,9.062397808115808e-06,-5.5854639754659985e-05,1.9999743654529958,0.0,-1.0,SOLVER_EXCEPTION,0.0,0,True,True
1899.117,-0.0470676388481358,-1.9999863963471738,-1.0597186642229092e-05,2.5617562544876017e-05,0,nan,nan,nan,2.0,9.08453478211586e-06,-5.5872913834242866e-05,1.9999743824374552,0.0,-1.0,SOLVER_EXCEPTION,0.0,0,True,True
1899.218,-0.047146307517805935,-1.9999863777702553,-1.0615457208887745e-05,2.5601447907014776e-05,0,nan,nan,nan,2.0,9.106892484835304e-06,-5.589136608064038e-05,1.999974398552093,0.0,-1.0,SOLVER_EXCEPTION,0.0,0,True,True
1899.317,-0.047222637847556585,-1.9999863597442458,-1.0633186743873913e-05,2.5586073831779512e-05,0,nan,nan,nan,2.0,9.127716960707118e-06,-5.59085519000746e-05,1.9999744139261681,0.0,-1.0,SOLVER_EXCEPTION,0.0,0,True,True
1899.417,-0.0473013031441277,-1.9999863411648169,-1.0651460680651343e-05,2.5570539171099394e-05,0,nan,nan,nan,2.0,9.150735388190412e-06,-5.592754666849942e-05,1.9999744294608288,0.0,-1.0,SOLVER_EXCEPTION,0.0,0,True,True
1899.517,-0.04737918792127643,-1.9999863227681003,-1.0669552061840502e-05,2.5555237097269852e-05,0,nan,nan,nan,2.0,9.17200023911597e-06,-5.594509565209904e-05,1.9999744447629026,0.0,-1.0,SOLVER_EXCEPTION,0.0,0,True,True
1899.615,-0.04745551342502843,-1.999986304737876,-1.0687282119557245e-05,2.5540469135038132e-05,0,nan,nan,nan,2.0,9.194144459603312e-06,-5.5963366880629195e-05,1.999974459530865,0.0,-1.0,SOLVER_EXCEPTION,0.0,0,True,True
1899.715,-0.047530279769592745,-1.9999862870743155,-1.0704649558670482e-05,2.552612231755423e-05,0,nan,nan,nan,2.0,9.215850801375153e-06,-5.59812796181447e-05,1.9999744738776823,0.0,-1.0,SOLVER_EXCEPTION,0.0,0,True,True
1899.817,-0.04761049620090179,-1.9999862681212268,-1.0723282476271322e-05,2.551088938968894e-05,0,nan,nan,nan,2.0,9.238216488067273e-06,-5.599973243963774e-05,1.9999744891106104,0.0,-1.0,SOLVER_EXCEPTION,0.0,0,True,True
1899.918,-0.047687595864422255,-1.9999862499028835,-1.0741193830817036e-05,2.549654045000387e-05,0,nan,nan,nan,2.0,9.2601449758951e-06,-5.6017823890197604e-05,1.99997450345955,0.0,-1.0,SOLVER_EXCEPTION,0.0,0,True,True
1900.018,-0.047769366578347024,-1.999986230579053,-1.076018857532104e-05,2.548138473419335e-05,0,nan,nan,nan,2.0,9.280758807951663e-06,-5.603483011995536e-05,1.9999745186152658,0.0,-1.0,SOLVER_EXCEPTION,0.0,0,True,True
1900.118,-0.04784724188352984,-1.9999862121738587,-1.0778280015427973e-05,2.546721156402881e-05,0,nan,nan,nan,2.0,9.302909432361549e-06,-5.60531005300291e-05,1.999974532788436,0.0,-1.0,SOLVER_EXCEPTION,0.0,0,True,True
1900.218,-0.04792511568110015,-1.9999861937672059,-1.0796372024331066e-05,2.5453246478559234e-05,0,nan,nan,nan,2.0,9.32593818940373e-06,-5.607209833558002e-05,1.9999745467535215,0.0,-1.0,SOLVER_EXCEPTION,0.0,0,True,True
1900.315,-0.04800065184214778,-1.9999861759117272,-1.0813922453119076e-05,2.5439919397622675e-05,0,nan,nan,nan,2.0,9.348091098385233e-06,-5.6090369485506386e-05,1.9999745600806025,0.0,-1.0,SOLVER_EXCEPTION,0.0,0,True,True
1900.417,-0.048080080127485124,-1.9999861571340516,-1.0832375699210182e-05,2.5425995280613762e-05,0,nan,nan,nan,2.0,9.36980686245576e-06,-5.6108282045386204e-05,1.9999745740047195,0.0,-1.0,SOLVER_EXCEPTION,0.0,0,True,True
1900.519,-0.048159506902281046,-1.999986138354859,-1.0850828335286157e-05,2.5412213164826678e-05,0,nan,nan,nan,2.0,9.391962818538026e-06,-5.612655290621049e-05,1.9999745877868351,0.0,-1.0,SOLVER_EXCEPTION,0.0,0,True,True
1900.62,-0.0482373748415317,-1.9999861199427527,-1.0868920055360642e-05,2.5398912888956333e-05,0,nan,nan,nan,2.0,9.41390051036331e-06,-5.614464456860091e-05,1.9999746010871111,0.0,-1.0,SOLVER_EXCEPTION,0.0,0,True,True
1900.717,-0.048312905390085335,-1.9999861020812377,-1.0886467213315398e-05,2.5386088206027057e-05,0,nan,nan,nan,2.0,9.43562022645203e-06,-5.616255664353531e-05,1.999974613911794,0.0,-1.0,SOLVER_EXCEPTION,0.0,0,True,True
1900.816,-0.04839077055791674,-1.9999860836663952,-1.090455903515372e-05,2.5373114164369933e-05,0,nan,nan,nan,2.0,9.45646378890128e-06,-5.617974165694761e-05,1.9999746268858356,0.0,-1.0,SOLVER_EXCEPTION,0.0,0,True,True
1900.913,-0.04846396255642736,-1.9999860663548452,-1.0921565647917722e-05,2.5361107227882586e-05,0,nan,nan,nan,2.0,9.478844281523203e-06,-5.61981957072355e-05,1.9999746388927722,0.0,-1.0,SOLVER_EXCEPTION,0.0,0,True,True
1901.023,-0.04855194708776253,-1.9999860455424208,-1.0942008515043142e-05,2.534677915794578e-05,0,nan,nan,nan,2.0,9.501664890549338e-06,-5.6217011228376634e-05,1.999974653220842,0.0,-1.0,SOLVER_EXCEPTION,0.0,0,True,True
1901.114,-0.048620464823896675,-1.999986029334128,-1.095793167308864e-05,2.5335898542625058e-05,0,nan,nan,nan,2.0,9.522950893909002e-06,-5.6234561732537713e-05,1.9999746641014573,0.0,-1.0,SOLVER_EXCEPTION,0.0,0,True,True
1901.219,-0.04870455336593273,-1.9999860094392836,-1.0977468919418535e-05,2.532250089893438e-05,0,nan,nan,nan,2.0,9.54533622863354e-06,-5.6253012840290495e-05,1.999974677499101,0.0,-1.0,SOLVER_EXCEPTION,0.0,0,True,True
1901.315,-0.048779297450910405,-1.9999859917540832,-1.0994836152023981e-05,2.5310756593257876e-05,0,nan,nan,nan,2.0,9.567502688491248e-06,-5.6271287297349204e-05,1.9999746892434067,0.0,-1.0,SOLVER_EXCEPTION,0.0,0,True,True
1901.419,-0.048860268861630245,-1.9999859725937355,-1.101365193499074e-05,2.5298277203896272e-05,0,nan,nan,nan,2.0,9.590109892728075e-06,-5.62899200629019e-05,1.999974701722796,0.0,-1.0,SOLVER_EXCEPTION,0.0,0,True,True
1901.519,-0.04893812468178887,-1.9999859541690632,-1.1031744521385113e-05,2.528643887304842e-05,0,nan,nan,nan,2.0,9.611401073440455e-06,-5.630747071627695e-05,1.999974713561127,0.0,-1.0,SOLVER_EXCEPTION,0.0,0,True,True
1901.617,-0.04901442215940024,-1.9999859361112056,-1.10494744286063e-05,2.527495465290894e-05,0,nan,nan,nan,2.0,9.633352355156023e-06,-5.632556248125198e-05,1.999974725045347,0.0,-1.0,SOLVER_EXCEPTION,0.0,0,True,True
1901.718,-0.049092275492782424,-1.999985917683609,-1.1067565787830799e-05,2.5263346074731984e-05,0,nan,nan,nan,2.0,9.655304754730074e-06,-5.6343655127744086e-05,1.9999747366539253,0.0,-1.0,SOLVER_EXCEPTION,0.0,0,True,True
1901.822,-0.04917402016655747,-1.9999858983336143,-1.1086564062114356e-05,2.525142089717785e-05,0,nan,nan,nan,2.0,9.677258591282282e-06,-5.6361747093447434e-05,1.9999747485791028,0.0,-1.0,SOLVER_EXCEPTION,0.0,0,True,True
1901.918,-0.04924719997440307,-1.9999858810086346,-1.1103570291427208e-05,2.524082333698386e-05,0,nan,nan,nan,2.0,9.698994333587833e-06,-5.637965663485289e-05,1.999974759176663,0.0,-1.0,SOLVER_EXCEPTION,0.0,0,True,True
1902.016,-0.049324271177077016,-1.9999858627610858,-1.1121479851205182e-05,2.5229700946141145e-05,0,nan,nan,nan,2.0,9.721170197301323e-06,-5.6397931118556954e-05,1.9999747702990538,0.0,-1.0,SOLVER_EXCEPTION,0.0,0,True,True
1902.119,-0.049404455132943746,-1.999985843775084,-1.1140116814437153e-05,2.5218485485892344e-05,0,nan,nan,nan,2.0,9.74312815998626e-06,-5.641602313533056e-05,1.9999747815145141,0.0,-1.0,SOLVER_EXCEPTION,0.0,0,True,True
1902.222,-0.04948463784558906,-1.999985824787194,-1.1158749981129758e-05,2.5207208071900975e-05,0,nan,nan,nan,2.0,9.76486796767887e-06,-5.6433932667854236e-05,1.999974792791928,0.0,-1.0,SOLVER_EXCEPTION,0.0,0,True,True
1902.321,-0.04956248396517156,-1.9999858063509293,-1.1176842624757652e-05,2.5196518419131056e-05,0,nan,nan,nan,2.0,9.787487160568456e-06,-5.645256854380776e-05,1.999974803481581,0.0,-1.0,SOLVER_EXCEPTION,0.0,0,True,True
1902.422,-0.04963565827579761,-1.9999857890198278,-1.119384804332781e-05,2.518650024769718e-05,0,nan,nan,nan,2.0,9.80922973224463e-06,-5.6470478102532695e-05,1.9999748134997524,0.0,-1.0,SOLVER_EXCEPTION,0.0,0,True,True
1902.517,-0.049713502192421134,-1.9999857705811273,-1.12119403090784e-05,2.51760375913996e-05,0,nan,nan,nan,2.0,9.830973158438342e-06,-5.648839157279539e-05,1.9999748239624087,0.0,-1.0,SOLVER_EXCEPTION,0.0,0,True,True
1902.621,-0.04979601552732747,-1.9999857510340626,-1.1231119579456712e-05,2.5165202627582726e-05,0,nan,nan,nan,2.0,9.852498699969888e-06,-5.6506121139054954e-05,1.9999748347973725,0.0,-1.0,SOLVER_EXCEPTION,0.0,0,True,True
1902.719,-0.04987074351843897,-1.999985733330075,-1.1248487858683354e-05,2.5155392485120175e-05,0,nan,nan,nan,2.0,9.8749042807462e-06,-5.6524572494609515e-05,1.999974844607515,0.0,-1.0,SOLVER_EXCEPTION,0.0,0,True,True
1902.823,-0.04995325451237449,-1.999985713780565,-1.1267665666936685e-05,2.514472606511737e-05,0,nan,nan,nan,2.0,9.897970117194612e-06,-5.654357182205416e-05,1.999974855273935,0.0,-1.0,SOLVER_EXCEPTION,0.0,0,True,True
1902.918,-0.05002720202045134,-1.9999856962580576,-1.128485221768873e-05,2.5135230260929728e-05,0,nan,nan,nan,2.0,9.918840589193479e-06,-5.656075823878837e-05,1.999974864769739,0.0,-1.0,SOLVER_EXCEPTION,0.0,0,True,True
1903.021,-0.05010192695202825,-1.9999856785499617,-1.1302219901186732e-05,2.5125750109775754e-05,0,nan,nan,nan,2.0,9.94081067262978e-06,-5.657884996068674e-05,1.9999748742498902,0.0,-1.0,SOLVER_EXCEPTION,0.0,0,True,True
1903.115,-0.050180542765954815,-1.9999856599183914,-1.1320495464034882e-05,2.5116086444438418e-05,0,nan,nan,nan,2.0,9.961903245355933e-06,-5.6596218216853345e-05,1.9999748839135556,0.0,-1.0,SOLVER_EXCEPTION,0.0,0,True,True
1903.216,-0.05025915752556116,-1.9999856412853236,-1.1338767453482394e-05,2.5106338619722014e-05,0,nan,nan,nan,2.0,9.98475477509472e-06,-5.661503558052061e-05,1.9999748936613804,0.0,-1.0,SOLVER_EXCEPTION,0.0,0,True,True
1903.319,-0.05033465784921059,-1.9999856233887217,-1.1356317811606597e-05,2.5097215069311e-05,0,nan,nan,nan,2.0,1.00062895358156e-05,-5.663276599010558e-05,1.9999749027849307,0.0,-1.0,SOLVER_EXCEPTION,0.0,0,True,True
1903.415,-0.0504117139026019,-1.9999856051217344,-1.137422778201447e-05,2.508788503685908e-05,0,nan,nan,nan,2.0,1.0028265008984378e-05,-5.6650857841233915e-05,1.999974912114963,0.0,-1.0,SOLVER_EXCEPTION,0.0,0,True,True
1903.517,-0.05049343895382375,-1.9999855857465982,-1.1393227105306479e-05,2.5078323606802633e-05,0,nan,nan,nan,2.0,1.0050681327232063e-05,-5.6669312197499266e-05,1.9999749216763931,0.0,-1.0,SOLVER_EXCEPTION,0.0,0,True,True
1903.619,-0.050572827966214554,-1.9999855669232747,-1.1411680833467985e-05,2.5069002582233974e-05,0,nan,nan,nan,2.0,1.0072659422645389e-05,-5.668740532316363e-05,1.9999749309974177,0.0,-1.0,SOLVER_EXCEPTION,0.0,0,True,True
1903.721,-0.050652215969451186,-1.9999855480987312,-1.1430136158252757e-05,2.505988213056906e-05,0,nan,nan,nan,2.0,1.00946389789105e-05,-5.6705497803566374e-05,1.9999749401178695,0.0,-1.0,SOLVER_EXCEPTION,0.0,0,True,True
1903.818,-0.05072615488006564,-1.9999855305640342,-1.1447321498874954e-05,2.505132872809587e-05,0,nan,nan,nan,2.0,1.0116619943064751e-05,-5.6723589700435895e-05,1.999974948671272,0.0,-1.0,SOLVER_EXCEPTION,0.0,0,True,True
1903.918,-0.05080398438994805,-1.9999855121058563,-1.1465414950760485e-05,2.5042603792560948e-05,0,nan,nan,nan,2.0,1.013794267537895e-05,-5.674114158749077e-05,1.9999749573962073,0.0,-1.0,SOLVER_EXCEPTION,0.0,0,True,True
1904.014,-0.050880256403052736,-1.999985494014932,-1.1483145388072075e-05,2.503411945396832e-05,0,nan,nan,nan,2.0,1.0160585836748373e-05,-5.675977544727928e-05,1.9999749658805461,0.0,-1.0,SOLVER_EXCEPTION,0.0,0,True,True
1904.119,-0.05096197543381843,-1.9999854746301908,-1.1502141711572743e-05,2.502510112095652e-05,0,nan,nan,nan,2.0,1.0182131014093192e-05,-5.677750569654805e-05,1.999974974898879,0.0,-1.0,SOLVER_EXCEPTION,0.0,0,True,True
1904.217,-0.05103591083416614,-1.9999854570909972,-1.1519330008237445e-05,2.5017098136554307e-05,0,nan,nan,nan,2.0,1.0204557279601344e-05,-5.679596006746834e-05,1.9999749829018634,0.0,-1.0,SOLVER_EXCEPTION,0.0,0,True,True
1904.317,-0.051111401931320535,-1.9999854391810301,-1.1536881402455351e-05,2.500908738284063e-05,0,nan,nan,nan,2.0,1.0225005674749522e-05,-5.681278780000909e-05,1.9999749909126172,0.0,-1.0,SOLVER_EXCEPTION,0.0,0,True,True
1904.416,-0.05119078342009243,-1.9999854203456684,-1.1555333557622351e-05,2.50005839640197e-05,0,nan,nan,nan,2.0,1.0248094586245602e-05,-5.6831784644106875e-05,1.999974999416036,0.0,-1.0,SOLVER_EXCEPTION,0.0,0,True,True
1904.516,-0.051270163995762334,-1.9999854015093268,-1.1573789081673877e-05,2.49923648575686e-05,0,nan,nan,nan,2.0,1.0270745143655925e-05,-5.68504191411634e-05,1.9999750076351424,0.0,-1.0,SOLVER_EXCEPTION,0.0,0,True,True
1904.616,-0.051348765442225996,-1.9999853828565612,-1.1592063885966152e-05,2.4984319359670914e-05,0,nan,nan,nan,2.0,1.029251690994806e-05,-5.686833191731466e-05,1.9999750156806404,0.0,-1.0,SOLVER_EXCEPTION,0.0,0,True,True
1904.719,-0.05142736601600838,-1.999985364201975,-1.1610336068655784e-05,2.497624623897191e-05,0,nan,nan,nan,2.0,1.031451020393137e-05,-5.688642530943255e-05,1.999975023753761,0.0,-1.0,SOLVER_EXCEPTION,0.0,0,True,True
1904.817,-0.05150363109554043,-1.9999853461004347,-1.1628067192905561e-05,2.4968581580473263e-05,0,nan,nan,nan,2.0,1.0336504563440119e-05,-5.690451841067201e-05,1.9999750314184195,0.0,-1.0,SOLVER_EXCEPTION,0.0,0,True,True
1904.915,-0.051581451779372574,-1.999985327627865,-1.164616051101946e-05,2.496089482371366e-05,0,nan,nan,nan,2.0,1.0358500676847419e-05,-5.6922610514043015e-05,1.9999750391051763,0.0,-1.0,SOLVER_EXCEPTION,0.0,0,True,True
1905.015,-0.051655380665750046,-1.999985310077807,-1.1663349725501332e-05,2.495369240416647e-05,0,nan,nan,nan,2.0,1.0379398099780087e-05,-5.693979789711534e-05,1.9999750463075958,0.0,-1.0,SOLVER_EXCEPTION,0.0,0,True,True
1905.116,-0.05173786887215076,-1.9999852904942856,-1.1682528952085453e-05,2.4945744210184085e-05,0,nan,nan,nan,2.0,1.040293628535997e-05,-5.6959159011604754e-05,1.99997505425579,0.0,-1.0,SOLVER_EXCEPTION,0.0,0,True,True
1905.219,-0.05181724346379843,-1.999985271648067,-1.1700983776471032e-05,2.4938154835895926e-05,0,nan,nan,nan,2.0,1.0423616515320869e-05,-5.6976166276978546e-05,1.9999750618451642,0.0,-1.0,SOLVER_EXCEPTION,0.0,0,True,True
1905.318,-0.05189272637855693,-1.999985253724102,-1.1718532404169115e-05,2.4930957454455536e-05,0,nan,nan,nan,2.0,1.0446277931482118e-05,-5.699480055953998e-05,1.9999750690425455,0.0,-1.0,SOLVER_EXCEPTION,0.0,0,True,True
1905.417,-0.051972099370325944,-1.9999852348750524,-1.1736987285495957e-05,2.4923554113467514e-05,0,nan,nan,nan,2.0,1.0468500565199844e-05,-5.701307544869749e-05,1.9999750764458866,0.0,-1.0,SOLVER_EXCEPTION,0.0,0,True,True
1905.519,-0.052050693402647404,-1.999985216209025,-1.175525997839292e-05,2.491625695607298e-05,0,nan,nan,nan,2.0,1.0490504655547666e-05,-5.703116908462036e-05,1.999975083743044,0.0,-1.0,SOLVER_EXCEPTION,0.0,0,True,True
1905.618,-0.052126174066616966,-1.9999851982813188,-1.177281085333481e-05,2.490943569974798e-05,0,nan,nan,nan,2.0,1.0511630012056818e-05,-5.704853836574486e-05,1.9999750905643003,0.0,-1.0,SOLVER_EXCEPTION,0.0,0,True,True
1905.716,-0.0522047665811622,-1.999985179612278,-1.1791083986172149e-05,2.4902352720323963e-05,0,nan,nan,nan,2.0,1.0534517512414432e-05,-5.706735179966671e-05,1.9999750976472797,0.0,-1.0,SOLVER_EXCEPTION,0.0,0,True,True
1905.825,-0.052288805261341914,-1.9999851596483351,-1.1810625251656228e-05,2.4894959739060596e-05,0,nan,nan,nan,2.0,1.0555645054601113e-05,-5.708472397536468e-05,1.999975105040261,0.0,-1.0,SOLVER_EXCEPTION,0.0,0,True,True
1905.915,-0.05235961496502002,-1.9999851428254931,-1.1827091239132794e-05,2.4888835822521613e-05,0,nan,nan,nan,2.0,1.0578535612497887e-05,-5.7103539351288646e-05,1.9999751111641775,0.0,-1.0,SOLVER_EXCEPTION,0.0,0,True,True
1906.018,-0.05243976148670864,-1.999985123782839,-1.1845726509996574e-05,2.488188418168475e-05,0,nan,nan,nan,2.0,1.060054673152237e-05,-5.712163259907754e-05,1.9999751181158183,0.0,-1.0,SOLVER_EXCEPTION,0.0,0,True,True
1906.118,-0.052517572915852934,-1.99998510529342,-1.1863819145680063e-05,2.4875214874899403e-05,0,nan,nan,nan,2.0,1.0622559107924795e-05,-5.713972526111277e-05,1.9999751247851252,0.0,-1.0,SOLVER_EXCEPTION,0.0,0,True,True
1906.217,-0.05259382742944272,-1.9999850871723495,-1.1881550420501939e-05,2.4868797135867093e-05,0,nan,nan,nan,2.0,1.0644572923522177e-05,-5.715781851955981e-05,1.9999751312028642,0.0,-1.0,SOLVER_EXCEPTION,0.0,0,True,True
1906.322,-0.05267319365896581,-1.9999850683105467,-1.1900006320562839e-05,2.486223032072805e-05,0,nan,nan,nan,2.0,1.0665487152447073e-05,-5.717500849078405e-05,1.9999751377696793,0.0,-1.0,SOLVER_EXCEPTION,0.0,0,True,True
1906.418,-0.052750224900622374,-1.9999850500018628,-1.1917919490905588e-05,2.485595821706388e-05,0,nan,nan,nan,2.0,1.0687943973001003e-05,-5.71934637814131e-05,1.999975144041783,0.0,-1.0,SOLVER_EXCEPTION,0.0,0,True,True
1906.518,-0.05282725547400644,-1.9999850316917618,-1.1935830422078541e-05,2.4849627892092194e-05,0,nan,nan,nan,2.0,1.071062225230175e-05,-5.72120985924407e-05,1.999975150372108,0.0,-1.0,SOLVER_EXCEPTION,0.0,0,True,True
1906.615,-0.05290350731073925,-1.9999850135652275,-1.195356183488243e-05,2.4843523692129883e-05,0,nan,nan,nan,2.0,1.0732641523554583e-05,-5.723019189440848e-05,1.999975156476308,0.0,-1.0,SOLVER_EXCEPTION,0.0,0,True,True
1906.717,-0.052982870789021023,-1.9999849946976105,-1.1972017723032761e-05,2.4837276069171202e-05,0,nan,nan,nan,2.0,1.0754662058990615e-05,-5.7248285912248065e-05,1.9999751627239308,0.0,-1.0,SOLVER_EXCEPTION,0.0,0,True,True
1906.818,-0.053061455520805864,-1.9999849760135198,-1.1990293010634804e-05,2.483119046916894e-05,0,nan,nan,nan,2.0,1.077668403129344e-05,-5.7266379343001717e-05,1.9999751688095309,0.0,-1.0,SOLVER_EXCEPTION,0.0,0,True,True
1906.921,-0.05314237376150524,-1.9999849567721808,-1.2009108597620833e-05,2.4824890680365577e-05,0,nan,nan,nan,2.0,1.079848704470488e-05,-5.7284293381254514e-05,1.9999751751093195,0.0,-1.0,SOLVER_EXCEPTION,0.0,0,True,True
1907.016,-0.0532147327556819,-1.9999849395657576,-1.2025935552906638e-05,2.4819365251598187e-05,0,nan,nan,nan,2.0,1.08205118255282e-05,-5.7302386806679095e-05,1.9999751806347483,0.0,-1.0,SOLVER_EXCEPTION,0.0,0,True,True
1907.116,-0.05329331556006756,-1.9999849208767522,-1.2044209004672422e-05,2.4813424218993556e-05,0,nan,nan,nan,2.0,1.0842758700999699e-05,-5.732066008556913e-05,1.999975186575781,0.0,-1.0,SOLVER_EXCEPTION,0.0,0,True,True
1907.218,-0.0533734538035978,-1.9999849018169271,-1.2062848053286472e-05,2.4807635654765896e-05,0,nan,nan,nan,2.0,1.0864786332297456e-05,-5.733875395064203e-05,1.9999751923643452,0.0,-1.0,SOLVER_EXCEPTION,0.0,0,True,True
1907.317,-0.05345047926588965,-1.999984883495511,-1.208075901259986e-05,2.4801901909503582e-05,0,nan,nan,nan,2.0,1.0887255932475202e-05,-5.735720895572172e-05,1.9999751980980904,0.0,-1.0,SOLVER_EXCEPTION,0.0,0,True,True
1907.415,-0.05352672610554839,-1.9999848653580043,-1.2098490735725422e-05,2.4796386664082433e-05,0,nan,nan,nan,2.0,1.0908405002819713e-05,-5.737457855659045e-05,1.999975203613336,0.0,-1.0,SOLVER_EXCEPTION,0.0,0,True,True
1907.524,-0.05360997454677496,-1.9999848455536426,-1.2117852730552849e-05,2.479053263784564e-05,0,nan,nan,nan,2.0,1.0930216483126227e-05,-5.739248981173617e-05,1.9999752094673622,0.0,-1.0,SOLVER_EXCEPTION,0.0,0,True,True
1907.615,-0.05368233011655062,-1.9999848283386734,-1.2134678692458524e-05,2.478537522289196e-05,0,nan,nan,nan,2.0,1.09529102559094e-05,-5.741112876744836e-05,1.9999752146247771,0.0,-1.0,SOLVER_EXCEPTION,0.0,0,True,True
1907.717,-0.05375935323049386,-1.9999848100118651,-1.215259179482658e-05,2.4780029376148646e-05,0,nan,nan,nan,2.0,1.097450407506321e-05,-5.7428859906227814e-05,1.9999752199706238,0.0,-1.0,SOLVER_EXCEPTION,0.0,0,True,True
1907.817,-0.053838709784668724,-1.9999847911287583,-1.2171048352679271e-05,2.4774604785007285e-05,0,nan,nan,nan,2.0,1.0996980175335324e-05,-5.744731661394553e-05,1.999975225395215,0.0,-1.0,SOLVER_EXCEPTION,0.0,0,True,True
1907.916,-0.05391650975054042,-1.9999847726138502,-1.2189141803126005e-05,2.4769312775876833e-05,0,nan,nan,nan,2.0,1.1019017537762853e-05,-5.746540996698357e-05,1.999975230687224,0.0,-1.0,SOLVER_EXCEPTION,0.0,0,True,True
1908.016,-0.05399430915189675,-1.9999847540979825,-1.2207235198837501e-05,2.476405750863139e-05,0,nan,nan,nan,2.0,1.1041055867830103e-05,-5.748350346612696e-05,1.9999752359424914,0.0,-1.0,SOLVER_EXCEPTION,0.0,0,True,True
1908.121,-0.054075219938064724,-1.9999847348391278,-1.222604968028435e-05,2.4758540367752774e-05,0,nan,nan,nan,2.0,1.1062655286439182e-05,-5.750123501213622e-05,1.9999752414596323,0.0,-1.0,SOLVER_EXCEPTION,0.0,0,True,True
1908.227,-0.0541569081088858,-1.9999847153940913,-1.224505062049079e-05,2.4753352914719467e-05,0,nan,nan,nan,2.0,1.108359464685552e-05,-5.751842321766176e-05,1.9999752466470853,0.0,-1.0,SOLVER_EXCEPTION,0.0,0,True,True
1908.317,-0.05422848201387454,-1.9999846983554042,-1.2261696276271535e-05,2.474868341871926e-05,0,nan,nan,nan,2.0,1.1107400572202104e-05,-5.75379640346263e-05,1.9999752513165814,0.0,-1.0,SOLVER_EXCEPTION,0.0,0,True,True
1908.419,-0.054307835160349115,-1.9999846794632332,-1.2280153243234e-05,2.4743693837891103e-05,0,nan,nan,nan,2.0,1.1129224321810176e-05,-5.7555875836001746e-05,1.9999752563061621,0.0,-1.0,SOLVER_EXCEPTION,0.0,0,True,True
1908.517,-0.0543825199709767,-1.9999846616808568,-1.2297523079522335e-05,2.473898266418959e-05,0,nan,nan,nan,2.0,1.115127026347132e-05,-5.757396991823427e-05,1.9999752610173358,0.0,-1.0,SOLVER_EXCEPTION,0.0,0,True,True
1908.621,-0.05446265001270827,-1.9999846426006544,-1.2316158859572695e-05,2.473393863675852e-05,0,nan,nan,nan,2.0,1.1173316915285179e-05,-5.7592064941935917e-05,1.9999752660613632,0.0,-1.0,SOLVER_EXCEPTION,0.0,0,True,True
1908.719,-0.05454122359891052,-1.9999846238893904,-1.2334434700351084e-05,2.472917994210086e-05,0,nan,nan,nan,2.0,1.119536544217245e-05,-5.7610158862964056e-05,1.999975270820058,0.0,-1.0,SOLVER_EXCEPTION,0.0,0,True,True
1908.815,-0.05461590692106617,-1.9999846061032385,-1.23518055542776e-05,2.47246739372013e-05,0,nan,nan,nan,2.0,1.1217194221292365e-05,-5.762807366149758e-05,1.999975275326063,0.0,-1.0,SOLVER_EXCEPTION,0.0,0,True,True
1908.919,-0.05469603538568219,-1.9999845870184305,-1.2370440319040378e-05,2.4719769173486817e-05,0,nan,nan,nan,2.0,1.1239245407191274e-05,-5.764616763848096e-05,1.9999752802308266,0.0,-1.0,SOLVER_EXCEPTION,0.0,0,True,True
1909.018,-0.054772273628841794,-1.999984568859039,-1.2388173180168266e-05,2.4715285924918426e-05,0,nan,nan,nan,2.0,1.1261518129281598e-05,-5.766444136012794e-05,1.999975284714075,0.0,-1.0,SOLVER_EXCEPTION,0.0,0,True,True
1909.117,-0.0548500672680008,-1.999984550327314,-1.240626718154468e-05,2.4710750851961053e-05,0,nan,nan,nan,2.0,1.1283572093897351e-05,-5.768253532334455e-05,1.999975289249148,0.0,-1.0,SOLVER_EXCEPTION,0.0,0,True,True
1909.218,-0.05492474870493026,-1.9999845325357588,-1.2423637044174344e-05,2.4706406693229905e-05,0,nan,nan,nan,2.0,1.1305185990597714e-05,-5.7700267103388825e-05,1.9999752935933068,0.0,-1.0,SOLVER_EXCEPTION,0.0,0,True,True
1909.317,-0.05500643102078738,-1.999984513074677,-1.2442637859159762e-05,2.4701872270575837e-05,0,nan,nan,nan,2.0,1.13276839043096e-05,-5.7718722926924926e-05,1.9999752981277295,0.0,-1.0,SOLVER_EXCEPTION,0.0,0,True,True
1909.417,-0.05508422321744087,-1.999984494538993,-1.2460731507772063e-05,2.4697453278824327e-05,0,nan,nan,nan,2.0,1.134974154059872e-05,-5.773681788090457e-05,1.999975302546721,0.0,-1.0,SOLVER_EXCEPTION,0.0,0,True,True
1909.517,-0.055160459116787346,-1.999984476372329,-1.247846372628717e-05,2.4693230754819375e-05,0,nan,nan,nan,2.0,1.1371801082404908e-05,-5.77549119298304e-05,1.9999753067692452,0.0,-1.0,SOLVER_EXCEPTION,0.0,0,True,True
1909.617,-0.05523591666228616,-1.9999844583899928,-1.2496013840082325e-05,2.4689010054137383e-05,0,nan,nan,nan,2.0,1.1393420392979872e-05,-5.7772643899500764e-05,1.9999753109899459,0.0,-1.0,SOLVER_EXCEPTION,0.0,0,True,True
1909.717,-0.05531604121534444,-1.9999844392931196,-1.2514650368464986e-05,2.4684667730798865e-05,0,nan,nan,nan,2.0,1.1415924272469246e-05,-5.7791100211534996e-05,1.9999753153322692,0.0,-1.0,SOLVER_EXCEPTION,0.0,0,True,True
1909.815,-0.05539383158670307,-1.9999844207518103,-1.2532744495044342e-05,2.4680492460913686e-05,0,nan,nan,nan,2.0,1.1437987603279471e-05,-5.7809195643798716e-05,1.9999753195075392,0.0,-1.0,SOLVER_EXCEPTION,0.0,0,True,True
1909.917,-0.055472399410694415,-1.9999844020234827,-1.2551021975305087e-05,2.467648585391681e-05,0,nan,nan,nan,2.0,1.1460052780250624e-05,-5.782728997338893e-05,1.999975323514146,0.0,-1.0,SOLVER_EXCEPTION,0.0,0,True,True
1910.019,-0.05555174467967021,-1.9999843831086037,-1.2569477908822652e-05,2.467231566059101e-05,0,nan,nan,nan,2.0,1.148189824854622e-05,-5.784520223972578e-05,1.9999753276843395,0.0,-1.0,SOLVER_EXCEPTION,0.0,0,True,True
1910.119,-0.055629533721498495,-1.9999843645627537,-1.2587572201513783e-05,2.466832120134263e-05,0,nan,nan,nan,2.0,1.1503966135351265e-05,-5.786329644008603e-05,1.9999753316787987,0.0,-1.0,SOLVER_EXCEPTION,0.0,0,True,True
1910.215,-0.05570187714638588,-1.9999843473138603,-1.26043987577722e-05,2.4664576797397496e-05,0,nan,nan,nan,2.0,1.1525593645833746e-05,-5.78810288169862e-05,1.9999753354232026,0.0,-1.0,SOLVER_EXCEPTION,0.0,0,True,True
1910.317,-0.05578433264736276,-1.9999843276525584,-1.2623578600088793e-05,2.4660418372106166e-05,0,nan,nan,nan,2.0,1.1548326066334808e-05,-5.7899667901040175e-05,1.999975339581628,0.0,-1.0,SOLVER_EXCEPTION,0.0,0,True,True
1910.418,-0.0558628983017269,-1.999984308917576,-1.2641855798542205e-05,2.465660434920686e-05,0,nan,nan,nan,2.0,1.1570397689834737e-05,-5.7917762265269346e-05,1.9999753433956509,0.0,-1.0,SOLVER_EXCEPTION,0.0,0,True,True
1910.518,-0.055940685664344195,-1.9999842903659908,-1.265995003260876e-05,2.465279665631396e-05,0,nan,nan,nan,2.0,1.1592471093014896e-05,-5.7935856281332576e-05,1.9999753472033437,0.0,-1.0,SOLVER_EXCEPTION,0.0,0,True,True
1910.618,-0.05601769475265174,-1.9999842719989132,-1.2677862436981069e-05,2.464899883507163e-05,0,nan,nan,nan,2.0,1.16145454798569e-05,-5.795395198537889e-05,1.9999753510011649,0.0,-1.0,SOLVER_EXCEPTION,0.0,0,True,True
1910.722,-0.056098592764900646,-1.9999842527019036,-1.269668114985817e-05,2.4645191452615824e-05,0,nan,nan,nan,2.0,1.1637063143673467e-05,-5.797240786575841e-05,1.9999753548085475,0.0,-1.0,SOLVER_EXCEPTION,0.0,0,True,True
1910.818,-0.0561740453320124,-1.999984234703099,-1.2714231699741618e-05,2.464156141234351e-05,0,nan,nan,nan,2.0,1.1658257466004975e-05,-5.79897786825434e-05,1.9999753584385878,0.0,-1.0,SOLVER_EXCEPTION,0.0,0,True,True
1910.917,-0.056251053242197625,-1.9999842163315882,-1.2732147142067317e-05,2.4638088653990064e-05,0,nan,nan,nan,2.0,1.1680778296533817e-05,-5.8008231717643355e-05,1.999975361911346,0.0,-1.0,SOLVER_EXCEPTION,0.0,0,True,True
1911.024,-0.056334283587652766,-1.999984196474389,-1.2751507779880482e-05,2.463422280347873e-05,0,nan,nan,nan,2.0,1.170285867265931e-05,-5.8026326744897716e-05,1.9999753657771966,0.0,-1.0,SOLVER_EXCEPTION,0.0,0,True,True
1911.117,-0.056405067929932544,-1.9999841795845523,-1.2767974161569452e-05,2.4631040773290247e-05,0,nan,nan,nan,2.0,1.1724940305353985e-05,-5.804442226553519e-05,1.9999753689592268,0.0,-1.0,SOLVER_EXCEPTION,0.0,0,True,True
1911.221,-0.05648751962726944,-1.9999841599099186,-1.2787154949621926e-05,2.4627367115309187e-05,0,nan,nan,nan,2.0,1.1747023270995714e-05,-5.806251716400368e-05,1.9999753726328846,0.0,-1.0,SOLVER_EXCEPTION,0.0,0,True,True
1911.318,-0.05656297034213144,-1.999984141903965,-1.2804705253213124e-05,2.462394616206363e-05,0,nan,nan,nan,2.0,1.1769107659060288e-05,-5.808061139234155e-05,1.999975376053838,0.0,-1.0,SOLVER_EXCEPTION,0.0,0,True,True
1911.415,-0.05663764287386983,-1.9999841240824237,-1.2822076135110147e-05,2.462068640046062e-05,0,nan,nan,nan,2.0,1.179119340092506e-05,-5.8098706194442684e-05,1.9999753793135995,0.0,-1.0,SOLVER_EXCEPTION,0.0,0,True,True
1911.515,-0.05671542640508941,-1.999984105517173,-1.2840171605112538e-05,2.4617362677556486e-05,0,nan,nan,nan,2.0,1.1813280427742693e-05,-5.811680166445399e-05,1.9999753826373226,0.0,-1.0,SOLVER_EXCEPTION,0.0,0,True,True
1911.617,-0.05679398740745039,-1.9999840867648717,-1.2858448321538547e-05,2.461406489294915e-05,0,nan,nan,nan,2.0,1.1835147990387697e-05,-5.813471645144119e-05,1.999975385935107,0.0,-1.0,SOLVER_EXCEPTION,0.0,0,True,True
1911.716,-0.05687254804844057,-1.9999840680109433,-1.2876722635312663e-05,2.4610672397994027e-05,0,nan,nan,nan,2.0,1.1857458833771477e-05,-5.8152990783710834e-05,1.999975389327602,0.0,-1.0,SOLVER_EXCEPTION,0.0,0,True,True
1911.821,-0.05695266397824814,-1.99998404888442,-1.2895362484866553e-05,2.460745860793436e-05,0,nan,nan,nan,2.0,1.1879550163648787e-05,-5.817108562711226e-05,1.9999753925413921,0.0,-1.0,SOLVER_EXCEPTION,0.0,0,True,True
1911.918,-0.0570304460838861,-1.999984030312707,-1.2913454366171306e-05,2.4604115679655847e-05,0,nan,nan,nan,2.0,1.1901863602973955e-05,-5.818936306933864e-05,1.9999753958843203,0.0,-1.0,SOLVER_EXCEPTION,0.0,0,True,True
1912.015,-0.05710511658448758,-1.9999840124832724,-1.2930825078524017e-05,2.460105834948942e-05,0,nan,nan,nan,2.0,1.1923736904259797e-05,-5.820727609284759e-05,1.9999753989416504,0.0,-1.0,SOLVER_EXCEPTION,0.0,0,True,True
1912.115,-0.057182898025896996,-1.9999839939093456,-1.2948921101464206e-05,2.459801486756853e-05,0,nan,nan,nan,2.0,1.1945390477878667e-05,-5.822500862251445e-05,1.9999754019851324,0.0,-1.0,SOLVER_EXCEPTION,0.0,0,True,True
1912.219,-0.05726301256284837,-1.9999839747767816,-1.2967560314888987e-05,2.459494344244669e-05,0,nan,nan,nan,2.0,1.1967929810653138e-05,-5.824346615757037e-05,1.9999754050565575,0.0,-1.0,SOLVER_EXCEPTION,0.0,0,True,True
1912.33,-0.057348571392532646,-1.9999839543428113,-1.2987465825043547e-05,2.4591640910355134e-05,0,nan,nan,nan,2.0,1.1989365152413304e-05,-5.826101674832884e-05,1.9999754083590897,0.0,-1.0,SOLVER_EXCEPTION,0.0,0,True,True
1912.417,-0.05741779597681105,-1.9999839378076925,-1.3003568055005497e-05,2.4588869118994312e-05,0,nan,nan,nan,2.0,1.201212776835063e-05,-5.827965722993156e-05,1.999975411130881,0.0,-1.0,SOLVER_EXCEPTION,0.0,0,True,True
1912.515,-0.05749324270686758,-1.999983919785722,-1.302112183452709e-05,2.4586081662479426e-05,0,nan,nan,nan,2.0,1.2034007864431813e-05,-5.8297569986986986e-05,1.9999754139183374,0.0,-1.0,SOLVER_EXCEPTION,0.0,0,True,True
1912.614,-0.05757102252940985,-1.9999839012047949,-1.3039216894648927e-05,2.4583161632330274e-05,0,nan,nan,nan,2.0,1.2056331314848184e-05,-5.831584695403791e-05,1.9999754168383677,0.0,-1.0,SOLVER_EXCEPTION,0.0,0,True,True
1912.717,-0.05765035762663553,-1.9999838822510847,-1.30576747008356e-05,2.458025409587128e-05,0,nan,nan,nan,2.0,1.2078435036995108e-05,-5.833394281440363e-05,1.999975419745904,0.0,-1.0,SOLVER_EXCEPTION,0.0,0,True,True
1912.815,-0.057727359031794157,-1.999983863852977,-1.3075586706999718e-05,2.4577314097664618e-05,0,nan,nan,nan,2.0,1.2100319464236223e-05,-5.835185483960004e-05,1.9999754226859023,0.0,-1.0,SOLVER_EXCEPTION,0.0,0,True,True
1912.917,-0.05780669350071012,-1.9999838448962932,-1.3094044480815558e-05,2.4574479600972694e-05,0,nan,nan,nan,2.0,1.2122204959538535e-05,-5.83697705707209e-05,1.999975425520399,0.0,-1.0,SOLVER_EXCEPTION,0.0,0,True,True
1913.014,-0.0578821387348253,-1.9999838268673555,-1.3111597713065039e-05,2.457183355010024e-05,0,nan,nan,nan,2.0,1.2144534053678612e-05,-5.838804590663216e-05,1.99997542816645,0.0,-1.0,SOLVER_EXCEPTION,0.0,0,True,True
1913.116,-0.057959917034176966,-1.999983808279433,-1.3129693521633846e-05,2.456912674311411e-05,0,nan,nan,nan,2.0,1.2166422371012943e-05,-5.840596163553258e-05,1.999975430873257,0.0,-1.0,SOLVER_EXCEPTION,0.0,0,True,True
1913.216,-0.058039250597389784,-1.9999837893177788,-1.3148148359095352e-05,2.456623880011224e-05,0,nan,nan,nan,2.0,1.2188754348270185e-05,-5.8424235862553076e-05,1.9999754337612,0.0,-1.0,SOLVER_EXCEPTION,0.0,0,True,True
1913.314,-0.05811391720515656,-1.999983771470616,-1.3165518689072704e-05,2.4563605930943514e-05,0,nan,nan,nan,2.0,1.2209540063247259e-05,-5.8441245832430155e-05,1.9999754363940692,0.0,-1.0,SOLVER_EXCEPTION,0.0,0,True,True
1913.42,-0.05819791682391901,-1.9999837513911007,-1.3185062910027534e-05,2.456083156152265e-05,0,nan,nan,nan,2.0,1.223298060447868e-05,-5.8460427886153354e-05,1.9999754391684386,0.0,-1.0,SOLVER_EXCEPTION,0.0,0,True,True
1913.514,-0.05827102733513077,-1.999983733912825,-1.3202072735727003e-05,2.4558406035823322e-05,0,nan,nan,nan,2.0,1.2255317143126885e-05,-5.847870279529488e-05,1.9999754415939641,0.0,-1.0,SOLVER_EXCEPTION,0.0,0,True,True
1913.615,-0.05834958197156587,-1.9999837151321904,-1.322035035678009e-05,2.455586456221687e-05,0,nan,nan,nan,2.0,1.2277433398019997e-05,-5.849679850689071e-05,1.9999754441354378,0.0,-1.0,SOLVER_EXCEPTION,0.0,0,True,True
1913.714,-0.05842658079802088,-1.9999836967214555,-1.3238263130130185e-05,2.4553263570267527e-05,0,nan,nan,nan,2.0,1.2299551449219708e-05,-5.851489318953185e-05,1.9999754467364297,0.0,-1.0,SOLVER_EXCEPTION,0.0,0,True,True
1913.819,-0.05850824592884053,-1.9999836771942896,-1.325726582241389e-05,2.455074538741011e-05,0,nan,nan,nan,2.0,1.2321449171292018e-05,-5.8532810014888526e-05,1.9999754492546127,0.0,-1.0,SOLVER_EXCEPTION,0.0,0,True,True
1913.918,-0.05858524420968809,-1.9999836587807602,-1.327517868486707e-05,2.454820254698068e-05,0,nan,nan,nan,2.0,1.2343791111957848e-05,-5.85510849053783e-05,1.999975451797453,0.0,-1.0,SOLVER_EXCEPTION,0.0,0,True,True
1914.023,-0.05866690876922068,-1.9999836392497032,-1.3294177640040857e-05,2.4545563297760904e-05,0,nan,nan,nan,2.0,1.236591304154844e-05,-5.856918054725213e-05,1.9999754544367023,0.0,-1.0,SOLVER_EXCEPTION,0.0,0,True,True
1914.116,-0.05873923999529446,-1.9999836219502805,-1.331100741927095e-05,2.4543341670372837e-05,0,nan,nan,nan,2.0,1.2388257368064881e-05,-5.858745866449411e-05,1.9999754566583297,0.0,-1.0,SOLVER_EXCEPTION,0.0,0,True,True
1914.217,-0.05881701525780841,-1.9999836033466794,-1.332910293458624e-05,2.4540962852379904e-05,0,nan,nan,nan,2.0,1.2410161295987945e-05,-5.8605371073383594e-05,1.9999754590371477,0.0,-1.0,SOLVER_EXCEPTION,0.0,0,True,True
1914.319,-0.058897901260068455,-1.9999835839973432,-1.3347924038487876e-05,2.4538615724337637e-05,0,nan,nan,nan,2.0,1.243273008300494e-05,-5.862382982835257e-05,1.9999754613842757,0.0,-1.0,SOLVER_EXCEPTION,0.0,0,True,True
1914.418,-0.05897178727388163,-1.9999835663209784,-1.3365112207627169e-05,2.453626634043393e-05,0,nan,nan,nan,2.0,1.2454637038074177e-05,-5.864174226699603e-05,1.9999754637336595,0.0,-1.0,SOLVER_EXCEPTION,0.0,0,True,True
1914.518,-0.0590518950140269,-1.9999835471552148,-1.3383753477941172e-05,2.4534059005664564e-05,0,nan,nan,nan,2.0,1.2476544648229514e-05,-5.865965930018646e-05,1.9999754659409943,0.0,-1.0,SOLVER_EXCEPTION,0.0,0,True,True
1914.621,-0.059125002821097394,-1.9999835296625619,-1.340076239619915e-05,2.453186205954118e-05,0,nan,nan,nan,2.0,1.2497568436831812e-05,-5.8676848162519946e-05,1.9999754681379405,0.0,-1.0,SOLVER_EXCEPTION,0.0,0,True,True
1914.715,-0.059205110065526305,-1.9999835104937378,-1.3419400566680956e-05,2.4529536536634815e-05,0,nan,nan,nan,2.0,1.252080698562384e-05,-5.869585050799486e-05,1.9999754704634634,0.0,-1.0,SOLVER_EXCEPTION,0.0,0,True,True
1914.818,-0.059285217055629474,-1.99998349132382,-1.3438040950692059e-05,2.4527341893985434e-05,0,nan,nan,nan,2.0,1.2542940018131849e-05,-5.871394710377231e-05,1.999975472658106,0.0,-1.0,SOLVER_EXCEPTION,0.0,0,True,True
1914.916,-0.059360657389530294,-1.9999834732685953,-1.3455591650384893e-05,2.452510627728777e-05,0,nan,nan,nan,2.0,1.2565074668173473e-05,-5.873204286332978e-05,1.9999754748937226,0.0,-1.0,SOLVER_EXCEPTION,0.0,0,True,True
1915.016,-0.059439208431335905,-1.9999834544679478,-1.3473870034109818e-05,2.452300627359497e-05,0,nan,nan,nan,2.0,1.2586989371865536e-05,-5.8749956290515826e-05,1.9999754769937264,0.0,-1.0,SOLVER_EXCEPTION,0.0,0,True,True
1915.123,-0.0595216478854127,-1.9999834347343837,-1.3493048761110771e-05,2.452058702763814e-05,0,nan,nan,nan,2.0,1.2609348131055963e-05,-5.876823392414465e-05,1.9999754794129723,0.0,-1.0,SOLVER_EXCEPTION,0.0,0,True,True
1915.22,-0.059597865266167796,-1.9999834164890153,-1.3510783807740977e-05,2.451859763978867e-05,0,nan,nan,nan,2.0,1.2631708339438223e-05,-5.87865093590878e-05,1.9999754814023603,0.0,-1.0,SOLVER_EXCEPTION,0.0,0,True,True
1915.316,-0.0596717492555483,-1.9999833988012772,-1.352797511870714e-05,2.451662636682927e-05,0,nan,nan,nan,2.0,1.2653627102209893e-05,-5.880442634387251e-05,1.9999754833736332,0.0,-1.0,SOLVER_EXCEPTION,0.0,0,True,True
1915.419,-0.059752632550841484,-1.9999833794357509,-1.3546796574017052e-05,2.4514607544149042e-05,0,nan,nan,nan,2.0,1.2674661837989846e-05,-5.8821615928295046e-05,1.9999754853924558,0.0,-1.0,SOLVER_EXCEPTION,0.0,0,True,True
1915.517,-0.05982807156425514,-1.9999833613723346,-1.3564347346350176e-05,2.4512512564002836e-05,0,nan,nan,nan,2.0,1.2697912411110941e-05,-5.8840615213995306e-05,1.999975487487436,0.0,-1.0,SOLVER_EXCEPTION,0.0,0,True,True
1915.615,-0.059904288092391435,-1.9999833431214833,-1.3582081876483542e-05,2.451059151669594e-05,0,nan,nan,nan,2.0,1.2720057027529265e-05,-5.885871193589409e-05,1.9999754894084834,0.0,-1.0,SOLVER_EXCEPTION,0.0,0,True,True
1915.72,-0.05998594843018569,-1.999983323565929,-1.360108415760572e-05,2.4508589091841314e-05,0,nan,nan,nan,2.0,1.2742424161245336e-05,-5.8876990185474654e-05,1.9999754914109082,0.0,-1.0,SOLVER_EXCEPTION,0.0,0,True,True
1915.816,-0.060061386820930325,-1.9999833054983314,-1.3618635616450158e-05,2.4506615741141724e-05,0,nan,nan,nan,2.0,1.2764350204011703e-05,-5.8894903648187835e-05,1.9999754933842588,0.0,-1.0,SOLVER_EXCEPTION,0.0,0,True,True
1915.919,-0.06013915815225606,-1.9999832868711995,-1.3636731998759275e-05,2.4504687625540808e-05,0,nan,nan,nan,2.0,1.2785834015644387e-05,-5.8912459210525014e-05,1.9999754953123745,0.0,-1.0,SOLVER_EXCEPTION,0.0,0,True,True
1916.014,-0.0602145961467293,-1.999983268801129,-1.3654286537569578e-05,2.450292172953576e-05,0,nan,nan,nan,2.0,1.2808427084744206e-05,-5.8930916596811045e-05,1.9999754970782704,0.0,-1.0,SOLVER_EXCEPTION,0.0,0,True,True
1916.119,-0.06029625561565968,-1.9999832492395266,-1.367328673930828e-05,2.4500896297406414e-05,0,nan,nan,nan,2.0,1.283079997286573e-05,-5.894919291149492e-05,1.9999754991037026,0.0,-1.0,SOLVER_EXCEPTION,0.0,0,True,True
1916.218,-0.06037324862631169,-1.9999832307942107,-1.369120337790956e-05,2.4499136003023656e-05,0,nan,nan,nan,2.0,1.2852066722086108e-05,-5.896656459203342e-05,1.999975500863997,0.0,-1.0,SOLVER_EXCEPTION,0.0,0,True,True
1916.319,-0.060451796850952255,-1.9999832119743226,-1.3709478890115314e-05,2.449720807506241e-05,0,nan,nan,nan,2.0,1.2875107108686108e-05,-5.89853846428845e-05,1.999975502791925,0.0,-1.0,SOLVER_EXCEPTION,0.0,0,True,True
1916.418,-0.06052878947125367,-1.9999831935261703,-1.3727393138959757e-05,2.4495355742638972e-05,0,nan,nan,nan,2.0,1.2897262547277762e-05,-5.9003482050457023e-05,1.9999755046442573,0.0,-1.0,SOLVER_EXCEPTION,0.0,0,True,True
1916.522,-0.06060967040355294,-1.9999831741445093,-1.3746213499241593e-05,2.4493533881095512e-05,0,nan,nan,nan,2.0,1.2919641865389604e-05,-5.9021757180310885e-05,1.9999755064661189,0.0,-1.0,SOLVER_EXCEPTION,0.0,0,True,True
1916.617,-0.060684329542304745,-1.9999831562525852,-1.3763585821949973e-05,2.4491834208648445e-05,0,nan,nan,nan,2.0,1.2941578633206108e-05,-5.903967479525818e-05,1.9999755081657913,0.0,-1.0,SOLVER_EXCEPTION,0.0,0,True,True
1916.715,-0.06076054390046335,-1.9999831379865898,-1.3781320755779677e-05,2.4490160566147012e-05,0,nan,nan,nan,2.0,1.2963517093953681e-05,-5.9057588698951946e-05,1.9999755098394338,0.0,-1.0,SOLVER_EXCEPTION,0.0,0,True,True
1916.815,-0.06083831346922827,-1.9999831193466013,-1.3799417379119786e-05,2.4488455505953225e-05,0,nan,nan,nan,2.0,1.2985678272722842e-05,-5.9075685407083967e-05,1.9999755115444942,0.0,-1.0,SOLVER_EXCEPTION,0.0,0,True,True
1916.919,-0.06091919362558448,-1.9999830999595518,-1.3818237168941442e-05,2.4486649861477496e-05,0,nan,nan,nan,2.0,1.3006954444701605e-05,-5.909305724971503e-05,1.9999755133501385,0.0,-1.0,SOLVER_EXCEPTION,0.0,0,True,True
1917.018,-0.060994629748168355,-1.999983081875847,-1.3835792674340617e-05,2.4485143912479762e-05,0,nan,nan,nan,2.0,1.3030226429237235e-05,-5.911206077513498e-05,1.9999755148560876,0.0,-1.0,SOLVER_EXCEPTION,0.0,0,True,True
1917.117,-0.061072398770017904,-1.9999830632315378,-1.385388860678376e-05,2.4483452751576094e-05,0,nan,nan,nan,2.0,1.3052170269972651e-05,-5.912997482715454e-05,1.9999755165472484,0.0,-1.0,SOLVER_EXCEPTION,0.0,0,True,True
1917.215,-0.061149389927131884,-1.9999830447720397,-1.3871803092646446e-05,2.4481783315098845e-05,0,nan,nan,nan,2.0,1.3073007359041907e-05,-5.914698527398343e-05,1.999975518216685,0.0,-1.0,SOLVER_EXCEPTION,0.0,0,True,True
1917.318,-0.061229491656085495,-1.9999830255652191,-1.3890441257414272e-05,2.4480046999885676e-05,0,nan,nan,nan,2.0,1.3096726975584269e-05,-5.916635020097871e-05,1.999975519953,0.0,-1.0,SOLVER_EXCEPTION,0.0,0,True,True
1917.415,-0.061304149413198304,-1.999983007662959,-1.3907816742828138e-05,2.4478666132664042e-05,0,nan,nan,nan,2.0,1.3118896554612498e-05,-5.918444680208523e-05,1.9999755213338672,0.0,-1.0,SOLVER_EXCEPTION,0.0,0,True,True
1917.519,-0.06138502847267394,-1.9999829882660034,-1.392663415765503e-05,2.4476901952526183e-05,0,nan,nan,nan,2.0,1.3140846298529986e-05,-5.920236060408257e-05,1.9999755230980474,0.0,-1.0,SOLVER_EXCEPTION,0.0,0,True,True
1917.621,-0.06146512966934342,-1.9999829690553763,-1.3945276329439554e-05,2.447543989764658e-05,0,nan,nan,nan,2.0,1.3161023138327475e-05,-5.9218829503215886e-05,1.9999755245601023,0.0,-1.0,SOLVER_EXCEPTION,0.0,0,True,True
1917.719,-0.061541342294644155,-1.999982950775374,-1.396301029477995e-05,2.447390305082622e-05,0,nan,nan,nan,2.0,1.318541490489151e-05,-5.923873437341243e-05,1.9999755260969492,0.0,-1.0,SOLVER_EXCEPTION,0.0,0,True,True
1917.817,-0.06161677708479645,-1.999982932680696,-1.3980563212878452e-05,2.447238332284637e-05,0,nan,nan,nan,2.0,1.3207590095302045e-05,-5.9256831245857455e-05,1.999975527616677,0.0,-1.0,SOLVER_EXCEPTION,0.0,0,True,True
1917.917,-0.061692211722329415,-1.9999829145849581,-1.399811859509367e-05,2.4471009632350324e-05,0,nan,nan,nan,2.0,1.3229544708983958e-05,-5.9274748654303266e-05,1.9999755289903676,0.0,-1.0,SOLVER_EXCEPTION,0.0,0,True,True
1918.017,-0.06177231225491492,-1.9999828953678946,-1.4016755958903546e-05,2.4469375613826306e-05,0,nan,nan,nan,2.0,1.3251944957685813e-05,-5.929302403462344e-05,1.9999755306243863,0.0,-1.0,SOLVER_EXCEPTION,0.0,0,True,True
1918.116,-0.06184852425631759,-1.9999828770827248,-1.40344908857414e-05,2.446794244308096e-05,0,nan,nan,nan,2.0,1.327412424703691e-05,-5.931112094526014e-05,1.999975532057557,0.0,-1.0,SOLVER_EXCEPTION,0.0,0,True,True
1918.215,-0.06192706912118829,-1.9999828582363512,-1.4052770084463237e-05,2.4466564512300897e-05,0,nan,nan,nan,2.0,1.329586155808631e-05,-5.932885632065066e-05,1.9999755334354876,0.0,-1.0,SOLVER_EXCEPTION,0.0,0,True,True
1918.317,-0.062005613828704106,-1.9999828393883485,-1.4071046909687594e-05,2.4465074280540737e-05,0,nan,nan,nan,2.0,1.3318265604368096e-05,-5.934713495125976e-05,1.9999755349257196,0.0,-1.0,SOLVER_EXCEPTION,0.0,0,True,True
1918.416,-0.06208338071277617,-1.9999828207253207,-1.408914360149105e-05,2.4463665922322747e-05,0,nan,nan,nan,2.0,1.33404491891567e-05,-5.936523246008463e-05,1.9999755363340777,0.0,-1.0,SOLVER_EXCEPTION,0.0,0,True,True
1918.519,-0.06216270277960275,-1.9999828016876833,-1.4107602884169519e-05,2.4462298388708575e-05,0,nan,nan,nan,2.0,1.3362634789515493e-05,-5.9383326421080795e-05,1.9999755377016113,0.0,-1.0,SOLVER_EXCEPTION,0.0,0,True,True
1918.618,-0.06223813636648699,-1.9999827835820345,-1.4125155321272731e-05,2.4460876055315198e-05,0,nan,nan,nan,2.0,1.3385043212236074e-05,-5.9401606408826524e-05,1.9999755391239447,0.0,-1.0,SOLVER_EXCEPTION,0.0,0,True,True
1918.725,-0.06231901346102125,-1.9999827641683388,-1.4143976362312105e-05,2.4459493604965953e-05,0,nan,nan,nan,2.0,1.3405899589247672e-05,-5.941861659453096e-05,1.999975540506395,0.0,-1.0,SOLVER_EXCEPTION,0.0,0,True,True
1918.818,-0.06239600208820461,-1.999982745686866,-1.416189398421787e-05,2.445826039413567e-05,0,nan,nan,nan,2.0,1.342942066049994e-05,-5.943779997563681e-05,1.999975541739606,0.0,-1.0,SOLVER_EXCEPTION,0.0,0,True,True
1918.922,-0.062473768236038466,-1.999982727017098,-1.4179990982053037e-05,2.4456934339319392e-05,0,nan,nan,nan,2.0,1.3451611301001964e-05,-5.945589707545551e-05,1.9999755430656607,0.0,-1.0,SOLVER_EXCEPTION,0.0,0,True,True
1919.018,-0.06255075658331742,-1.999982708532251,-1.4197905255431088e-05,2.4455559950978176e-05,0,nan,nan,nan,2.0,1.347358184719764e-05,-5.9473811374832763e-05,1.999975544440049,0.0,-1.0,SOLVER_EXCEPTION,0.0,0,True,True
1919.115,-0.0626269671359236,-1.9999826902332118,-1.421564049527611e-05,2.445430051134811e-05,0,nan,nan,nan,2.0,1.3495775220189037e-05,-5.949190857501563e-05,1.9999755456994885,0.0,-1.0,SOLVER_EXCEPTION,0.0,0,True,True
1919.217,-0.06270628818287809,-1.9999826711859126,-1.4234100137894138e-05,2.445302004268415e-05,0,nan,nan,nan,2.0,1.3518191769809234e-05,-5.951018821415133e-05,1.9999755469799574,0.0,-1.0,SOLVER_EXCEPTION,0.0,0,True,True
1919.315,-0.06278172081196483,-1.9999826530706974,-1.4251655175770315e-05,2.4451863974891596e-05,0,nan,nan,nan,2.0,1.3539944371803575e-05,-5.952792327601486e-05,1.999975548136025,0.0,-1.0,SOLVER_EXCEPTION,0.0,0,True,True
1919.414,-0.06285948627668135,-1.9999826343938607,-1.4269752271458922e-05,2.4450622117190772e-05,0,nan,nan,nan,2.0,1.3562586064288697e-05,-5.954638233074405e-05,1.9999755493778828,0.0,-1.0,SOLVER_EXCEPTION,0.0,0,True,True
1919.522,-0.06294347282965454,-1.999982614220812,-1.428929605587057e-05,2.4449263359436732e-05,0,nan,nan,nan,2.0,1.358456372427934e-05,-5.956429736242441e-05,1.9999755507366406,0.0,-1.0,SOLVER_EXCEPTION,0.0,0,True,True
1919.618,-0.0630181274152271,-1.9999825962881905,-1.4306669260987409e-05,2.4448098402902844e-05,0,nan,nan,nan,2.0,1.360698647894324e-05,-5.9582575104411006e-05,1.9999755519015971,0.0,-1.0,SOLVER_EXCEPTION,0.0,0,True,True
1919.719,-0.06309511483184088,-1.999982577793993,-1.4324587020571982e-05,2.4447003014571884e-05,0,nan,nan,nan,2.0,1.3627633769969722e-05,-5.9599406140087297e-05,1.9999755529969854,0.0,-1.0,SOLVER_EXCEPTION,0.0,0,True,True
1919.821,-0.06317521271836044,-1.9999825585510422,-1.4343225205085007e-05,2.4445673886106396e-05,0,nan,nan,nan,2.0,1.3651169737935582e-05,-5.96185903791735e-05,1.999975554326114,0.0,-1.0,SOLVER_EXCEPTION,0.0,0,True,True
1919.922,-0.06325375517627789,-1.9999825396804956,-1.4361505082853939e-05,2.444457882790749e-05,0,nan,nan,nan,2.0,1.3673596526058682e-05,-5.9636867298706875e-05,1.999975555421172,0.0,-1.0,SOLVER_EXCEPTION,0.0,0,True,True
1920.017,-0.06332840927602394,-1.9999825217423213,-1.4378878293740835e-05,2.444347766195861e-05,0,nan,nan,nan,2.0,1.3694692553148645e-05,-5.9654060417635435e-05,1.999975556522338,0.0,-1.0,SOLVER_EXCEPTION,0.0,0,True,True
1920.114,-0.06340384090757968,-1.9999825036158918,-1.4396431018489777e-05,2.444230022404933e-05,0,nan,nan,nan,2.0,1.3718010576289146e-05,-5.96730610777918e-05,1.999975557699776,0.0,-1.0,SOLVER_EXCEPTION,0.0,0,True,True
1920.216,-0.0634808277127002,-1.9999824851150734,-1.441434975362824e-05,2.4441300983329777e-05,0,nan,nan,nan,2.0,1.3740219335062127e-05,-5.969115866699681e-05,1.9999755586990167,0.0,-1.0,SOLVER_EXCEPTION,0.0,0,True,True
1920.317,-0.06356170261372927,-1.9999824656773004,-1.443316735155119e-05,2.4439950986698458e-05,0,nan,nan,nan,2.0,1.3762429924936644e-05,-5.97092564178503e-05,1.9999755600490132,0.0,-1.0,SOLVER_EXCEPTION,0.0,0,True,True
1920.419,-0.06363791153789104,-1.9999824473600616,-1.4450903334375872e-05,2.443892417308364e-05,0,nan,nan,nan,2.0,1.3784641986490448e-05,-5.972735436277077e-05,1.999975561075827,0.0,-1.0,SOLVER_EXCEPTION,0.0,0,True,True
1920.519,-0.06371878619177287,-1.9999824279201694,-1.4469725961699016e-05,2.4437869148003443e-05,0,nan,nan,nan,2.0,1.3806188636609815e-05,-5.974490753324346e-05,1.999975562130852,0.0,-1.0,SOLVER_EXCEPTION,0.0,0,True,True
1920.62,-0.06379577252516107,-1.9999824094131151,-1.4487643239750867e-05,2.4436875974440965e-05,0,nan,nan,nan,2.0,1.3829070184731192e-05,-5.976354911529924e-05,1.9999755631240255,0.0,-1.0,SOLVER_EXCEPTION,0.0,0,True,True
1920.72,-0.06387431402291588,-1.9999823905309708,-1.450592094521495e-05,2.443576604166118e-05,0,nan,nan,nan,2.0,1.3850841913936033e-05,-5.978128468431265e-05,1.9999755642339583,0.0,-1.0,SOLVER_EXCEPTION,0.0,0,True,True
1920.818,-0.06394741194736976,-1.9999823729560626,-1.452293200322931e-05,2.443475382463139e-05,0,nan,nan,nan,2.0,1.3872170539235891e-05,-5.9798658995635634e-05,1.9999755652461755,0.0,-1.0,SOLVER_EXCEPTION,0.0,0,True,True
1920.929,-0.06403684012568397,-1.9999823514530868,-1.4543743982673023e-05,2.4433562574069043e-05,0,nan,nan,nan,2.0,1.38957223882441e-05,-5.981784268227486e-05,1.999975566437426,0.0,-1.0,SOLVER_EXCEPTION,0.0,0,True,True
1921.016,-0.06410449439024937,-1.9999823351848545,-1.4559489802429532e-05,2.4432728868914177e-05,0,nan,nan,nan,2.0,1.391772049950428e-05,-5.983575786894235e-05,1.999975567271131,0.0,-1.0,SOLVER_EXCEPTION,0.0,0,True,True
1921.115,-0.06418070254406363,-1.9999823168580433,-1.4577225439807199e-05,2.4431744073101128e-05,0,nan,nan,nan,2.0,1.3939942101527434e-05,-5.985385549944766e-05,1.9999755682559268,0.0,-1.0,SOLVER_EXCEPTION,0.0,0,True,True
1921.22,-0.06426313165592615,-1.9999822970332553,-1.4596408648212329e-05,2.4430691874750313e-05,0,nan,nan,nan,2.0,1.396238743736749e-05,-5.9872135468097554e-05,1.9999755693081251,0.0,-1.0,SOLVER_EXCEPTION,0.0,0,True,True
1921.318,-0.0643393395970928,-1.999982278703545,-1.461414476269787e-05,2.442976444438147e-05,0,nan,nan,nan,2.0,1.3984612252907112e-05,-5.989023045183117e-05,1.9999755702355557,0.0,-1.0,SOLVER_EXCEPTION,0.0,0,True,True
1921.424,-0.06442099085143949,-1.9999822590629508,-1.4633146191343164e-05,2.442870138526798e-05,0,nan,nan,nan,2.0,1.400683851833407e-05,-5.9908327787461246e-05,1.9999755712986147,0.0,-1.0,SOLVER_EXCEPTION,0.0,0,True,True
1921.519,-0.06449564332744095,-1.9999822411046615,-1.4650520030120679e-05,2.4427788136895568e-05,0,nan,nan,nan,2.0,1.4029065900862684e-05,-5.992642582697272e-05,1.999975572211863,0.0,-1.0,SOLVER_EXCEPTION,0.0,0,True,True
1921.617,-0.0645718509666429,-1.9999822227712207,-1.4668256949633378e-05,2.442691863355227e-05,0,nan,nan,nan,2.0,1.4051072121794364e-05,-5.994434505041113e-05,1.9999755730813664,0.0,-1.0,SOLVER_EXCEPTION,0.0,0,True,True
1921.72,-0.06465194664668894,-1.9999822035005184,-1.4686898213499672e-05,2.442599742342879e-05,0,nan,nan,nan,2.0,1.4072857752419903e-05,-5.996208020819793e-05,1.9999755740025766,0.0,-1.0,SOLVER_EXCEPTION,0.0,0,True,True
1921.82,-0.06472815408919735,-1.9999821851639492,-1.4704634087385587e-05,2.4425102336641074e-05,0,nan,nan,nan,2.0,1.4095533821670924e-05,-5.998054013556242e-05,1.9999755748976633,0.0,-1.0,SOLVER_EXCEPTION,0.0,0,True,True
1921.919,-0.06480591668863284,-1.999982166451996,-1.472273267370592e-05,2.4424224402600114e-05,0,nan,nan,nan,2.0,1.4117766488575081e-05,-5.999863879369016e-05,1.9999755757755975,0.0,-1.0,SOLVER_EXCEPTION,0.0,0,True,True
1922.018,-0.06488445681584758,-1.999982147551016,-1.4741009282549994e-05,2.442320251384184e-05,0,nan,nan,nan,2.0,1.4139778773217859e-05,-6.001655343146339e-05,1.999975576797486,0.0,-1.0,SOLVER_EXCEPTION,0.0,0,True,True
1922.118,-0.06496221922201861,-1.9999821288358186,-1.4759108310037228e-05,2.4422390448417797e-05,0,nan,nan,nan,2.0,1.416245909382038e-05,-6.0035013975667795e-05,1.9999755776095516,0.0,-1.0,SOLVER_EXCEPTION,0.0,0,True,True
1922.217,-0.06503531579777512,-1.999982111242667,-1.4776119918585794e-05,2.4421536168120826e-05,0,nan,nan,nan,2.0,1.4184029052234512e-05,-6.0052569896829056e-05,1.9999755784638318,0.0,-1.0,SOLVER_EXCEPTION,0.0,0,True,True
1922.316,-0.06511541088729475,-1.9999820919626272,-1.479475963382412e-05,2.442061547970897e-05,0,nan,nan,nan,2.0,1.420604559173958e-05,-6.007048508527291e-05,1.9999755793845202,0.0,-1.0,SOLVER_EXCEPTION,0.0,0,True,True
1922.419,-0.06519317301670541,-1.999982073243559,-1.481285832280923e-05,2.4419804134200807e-05,0,nan,nan,nan,2.0,1.422917538261363e-05,-6.00893082056686e-05,1.9999755801958659,0.0,-1.0,SOLVER_EXCEPTION,0.0,0,True,True
1922.518,-0.06527249029508825,-1.9999820541485234,-1.483131780342092e-05,2.441891450533481e-05,0,nan,nan,nan,2.0,1.4251416698380956e-05,-6.0107406940179686e-05,1.9999755810854947,0.0,-1.0,SOLVER_EXCEPTION,0.0,0,True,True
1922.618,-0.0653502522420945,-1.9999820354265527,-1.4849415982910205e-05,2.4418097861120055e-05,0,nan,nan,nan,2.0,1.427365952176424e-05,-6.012550513601056e-05,1.999975581902139,0.0,-1.0,SOLVER_EXCEPTION,0.0,0,True,True
1922.719,-0.06542956933677678,-1.9999820163287338,-1.4867876115009313e-05,2.441725754713983e-05,0,nan,nan,nan,2.0,1.429501400757307e-05,-6.014287925859563e-05,1.9999755827424528,0.0,-1.0,SOLVER_EXCEPTION,0.0,0,True,True
1922.815,-0.06550422063685939,-1.999981998352727,-1.4885250798076928e-05,2.4416518035914687e-05,0,nan,nan,nan,2.0,1.4317037266265468e-05,-6.01607948658156e-05,1.9999755834819641,0.0,-1.0,SOLVER_EXCEPTION,0.0,0,True,True
1922.916,-0.06558275993953738,-1.9999819794393283,-1.4903530863073304e-05,2.4415761059271375e-05,0,nan,nan,nan,2.0,1.433995145984326e-05,-6.0179436946583564e-05,1.9999755842389406,0.0,-1.0,SOLVER_EXCEPTION,0.0,0,True,True
1923.018,-0.06566129915517926,-1.999981960524343,-1.4921808581937114e-05,2.4414874854884717e-05,0,nan,nan,nan,2.0,1.4362644629030938e-05,-6.01978978105322e-05,1.999975585125145,0.0,-1.0,SOLVER_EXCEPTION,0.0,0,True,True
1923.119,-0.06574061589960468,-1.9999819414200877,-1.4940269628522188e-05,2.4414164262562503e-05,0,nan,nan,nan,2.0,1.4386007676655185e-05,-6.0216899687937087e-05,1.9999755858357375,0.0,-1.0,SOLVER_EXCEPTION,0.0,0,True,True
1923.216,-0.06581604448803757,-1.9999819232512466,-1.4957823203220913e-05,2.441332873210552e-05,0,nan,nan,nan,2.0,1.4407146589142927e-05,-6.023409100253119e-05,1.9999755866712678,0.0,-1.0,SOLVER_EXCEPTION,0.0,0,True,True
1923.321,-0.06589691629082121,-1.99998190377016,-1.4976645859593886e-05,2.441256308127373e-05,0,nan,nan,nan,2.0,1.442939929398784e-05,-6.025218959093692e-05,1.9999755874369187,0.0,-1.0,SOLVER_EXCEPTION,0.0,0,True,True
1923.418,-0.06596767904627249,-1.9999818867228405,-1.4993116479214349e-05,2.441194181408999e-05,0,nan,nan,nan,2.0,1.4450985577863409e-05,-6.0269746538832436e-05,1.999975588058186,0.0,-1.0,SOLVER_EXCEPTION,0.0,0,True,True
1923.517,-0.06604932829704582,-1.9999818670513732,-1.5012119134121293e-05,2.441114184441749e-05,0,nan,nan,nan,2.0,1.447390880585544e-05,-6.028838715721463e-05,1.9999755888581556,0.0,-1.0,SOLVER_EXCEPTION,0.0,0,True,True
1923.617,-0.06612242374275971,-1.9999818494393635,-1.5029131567814685e-05,2.441045517177094e-05,0,nan,nan,nan,2.0,1.4495275373171713e-05,-6.030576162707746e-05,1.9999755895448281,0.0,-1.0,SOLVER_EXCEPTION,0.0,0,True,True
1923.719,-0.06620329521926047,-1.9999818299524117,-1.504795331918224e-05,2.440966475903689e-05,0,nan,nan,nan,2.0,1.4518201186013018e-05,-6.03244045151996e-05,1.999975590335241,0.0,-1.0,SOLVER_EXCEPTION,0.0,0,True,True
1923.817,-0.06628338900314852,-1.9999818106515006,-1.5066596833034664e-05,2.4409047336270818e-05,0,nan,nan,nan,2.0,1.4540015747844026e-05,-6.0342140910218944e-05,1.9999755909526638,0.0,-1.0,SOLVER_EXCEPTION,0.0,0,True,True
1923.914,-0.0663588170558226,-1.999981792473312,-1.5084150941400287e-05,2.440827970261531e-05,0,nan,nan,nan,2.0,1.456294451712531e-05,-6.0360781001023156e-05,1.9999755917202975,0.0,-1.0,SOLVER_EXCEPTION,0.0,0,True,True
1924.015,-0.06643735546843671,-1.9999817735433805,-1.5102428669455247e-05,2.440750750168545e-05,0,nan,nan,nan,2.0,1.4584984954022581e-05,-6.037869638486626e-05,1.9999755924924982,0.0,-1.0,SOLVER_EXCEPTION,0.0,0,True,True
1924.121,-0.0665190042329015,-1.9999817538630695,-1.512143422811832e-05,2.440692075690216e-05,0,nan,nan,nan,2.0,1.4607471742855834e-05,-6.0396977813681474e-05,1.999975593079243,0.0,-1.0,SOLVER_EXCEPTION,0.0,0,True,True
1924.222,-0.06659832009811673,-1.9999817347436164,-1.5139894884563614e-05,2.440622999074988e-05,0,nan,nan,nan,2.0,1.4629291735247002e-05,-6.0414714438739026e-05,1.9999755937700092,0.0,-1.0,SOLVER_EXCEPTION,0.0,0,True,True
1924.32,-0.06667374786085278,-1.9999817165597868,-1.5157448950168485e-05,2.4405490064189818e-05,0,nan,nan,nan,2.0,1.4652226425081963e-05,-6.04333550042746e-05,1.9999755945099358,0.0,-1.0,SOLVER_EXCEPTION,0.0,0,True,True
1924.419,-0.0667460651372027,-1.999981699124524,-1.5174282578172828e-05,2.44050002876615e-05,0,nan,nan,nan,2.0,1.4673604099001152e-05,-6.045072947635788e-05,1.9999755949997124,0.0,-1.0,SOLVER_EXCEPTION,0.0,0,True,True
1924.519,-0.06682926880969259,-1.9999816790634461,-1.5193646236099459e-05,2.4404179393907395e-05,0,nan,nan,nan,2.0,1.4695650664835917e-05,-6.046864938547003e-05,1.999975595820606,0.0,-1.0,SOLVER_EXCEPTION,0.0,0,True,True
1924.617,-0.06690469636901364,-1.9999816608756338,-1.5211203341133056e-05,2.4403637977181293e-05,0,nan,nan,nan,2.0,1.4718812372892397e-05,-6.0487471426284856e-05,1.9999755963620227,0.0,-1.0,SOLVER_EXCEPTION,0.0,0,True,True
1924.718,-0.06698401187697117,-1.9999816417484764,-1.5229661172123479e-05,2.440283472133683e-05,0,nan,nan,nan,2.0,1.4740416773988095e-05,-6.050502615417841e-05,1.9999755971652786,0.0,-1.0,SOLVER_EXCEPTION,0.0,0,True,True
1924.821,-0.06706410491616513,-1.9999816224326834,-1.5248305233548974e-05,2.4402335635953496e-05,0,nan,nan,nan,2.0,1.4763358426667604e-05,-6.05236695054856e-05,1.999975597664364,0.0,-1.0,SOLVER_EXCEPTION,0.0,0,True,True
1924.915,-0.06713564426958159,-1.9999816051784467,-1.5264955345849306e-05,2.4401721007788605e-05,0,nan,nan,nan,2.0,1.4785411500693477e-05,-6.0541585405360365e-05,1.9999755982789922,0.0,-1.0,SOLVER_EXCEPTION,0.0,0,True,True
1925.019,-0.06721729237609682,-1.999981585484379,-1.528395816662554e-05,2.4401054157975392e-05,0,nan,nan,nan,2.0,1.4807688337416658e-05,-6.055968495388697e-05,1.999975598945842,0.0,-1.0,SOLVER_EXCEPTION,0.0,0,True,True
1925.118,-0.06729505241041595,-1.9999815667271406,-1.530205716171035e-05,2.4400453951998662e-05,0,nan,nan,nan,2.0,1.4829520735695312e-05,-6.057742185250348e-05,1.999975599546048,0.0,-1.0,SOLVER_EXCEPTION,0.0,0,True,True
1925.215,-0.06736970198252615,-1.9999815487189398,-1.5319433009501783e-05,2.439992689307558e-05,0,nan,nan,nan,2.0,1.4852468351961048e-05,-6.0596063069073836e-05,1.9999756000731068,0.0,-1.0,SOLVER_EXCEPTION,0.0,0,True,True
1925.319,-0.06745134988464162,-1.9999815290207308,-1.533843737056639e-05,2.439934370040722e-05,0,nan,nan,nan,2.0,1.487474946954734e-05,-6.061416149361065e-05,1.9999756006562996,0.0,-1.0,SOLVER_EXCEPTION,0.0,0,True,True
1925.415,-0.0675259993343061,-1.9999815110096486,-1.5355812391246432e-05,2.4398784893417993e-05,0,nan,nan,nan,2.0,1.4896808667717749e-05,-6.063208044215784e-05,1.9999756012151066,0.0,-1.0,SOLVER_EXCEPTION,0.0,0,True,True
1925.52,-0.06760686950669406,-1.9999814914958025,-1.537463307389373e-05,2.439805759953306e-05,0,nan,nan,nan,2.0,1.4919315240908045e-05,-6.06503588524987e-05,1.9999756019424004,0.0,-1.0,SOLVER_EXCEPTION,0.0,0,True,True
1925.625,-0.06767918604682176,-1.9999814740450443,-1.5391465714297075e-05,2.439757119201984e-05,0,nan,nan,nan,2.0,1.4941154642879643e-05,-6.066809577376375e-05,1.999975602428808,0.0,-1.0,SOLVER_EXCEPTION,0.0,0,True,True
1925.717,-0.06775616811245862,-1.9999814554668498,-1.5409385004871328e-05,2.4397102239930223e-05,0,nan,nan,nan,2.0,1.496321832590478e-05,-6.0686015064259635e-05,1.99997560289776,0.0,-1.0,SOLVER_EXCEPTION,0.0,0,True,True
1925.815,-0.06783703809788597,-1.9999814359484784,-1.542820599790525e-05,2.4396422624390868e-05,0,nan,nan,nan,2.0,1.4985952385692994e-05,-6.070447380279731e-05,1.9999756035773757,0.0,-1.0,SOLVER_EXCEPTION,0.0,0,True,True
1925.915,-0.06791168725833409,-1.9999814179307074,-1.544558132118691e-05,2.4395901110168975e-05,0,nan,nan,nan,2.0,1.5006235090239391e-05,-6.0720945000980464e-05,1.9999756040988899,0.0,-1.0,SOLVER_EXCEPTION,0.0,0,True,True
1926.018,-0.0679948899049044,-1.9999813978468572,-1.5464948960594268e-05,2.439543220484626e-05,0,nan,nan,nan,2.0,1.5030532523149895e-05,-6.074067297934249e-05,1.9999756045677952,0.0,-1.0,SOLVER_EXCEPTION,0.0,0,True,True
1926.115,-0.06806953895209719,-1.999981379826091,-1.548232398853989e-05,2.4394920945431756e-05,0,nan,nan,nan,2.0,1.5053047460167774e-05,-6.075895404800136e-05,1.9999756050790545,0.0,-1.0,SOLVER_EXCEPTION,0.0,0,True,True
1926.224,-0.06815507425409541,-1.9999813591758269,-1.5502230998556714e-05,2.4394205744624056e-05,0,nan,nan,nan,2.0,1.5074672212516155e-05,-6.0776508783888517e-05,1.9999756057942555,0.0,-1.0,SOLVER_EXCEPTION,0.0,0,True,True
1926.321,-0.06822816800365664,-1.9999813415281833,-1.551924691511149e-05,2.439387986133044e-05,0,nan,nan,nan,2.0,1.509496074230897e-05,-6.0792980598911583e-05,1.9999756061201386,0.0,-1.0,SOLVER_EXCEPTION,0.0,0,True,True
1926.414,-0.06830281688869133,-1.9999813235034691,-1.5536621571298417e-05,2.439335614998253e-05,0,nan,nan,nan,2.0,1.5119709246646916e-05,-6.081306972349765e-05,1.99997560664385,0.0,-1.0,SOLVER_EXCEPTION,0.0,0,True,True
1926.517,-0.06838135368186755,-1.9999813045381372,-1.5554901205150203e-05,2.439282179803374e-05,0,nan,nan,nan,2.0,1.5142230398225055e-05,-6.083134794598877e-05,1.999975607178202,0.0,-1.0,SOLVER_EXCEPTION,0.0,0,True,True
1926.617,-0.06846066801092285,-1.9999812853837018,-1.5573362232141338e-05,2.4392318610247553e-05,0,nan,nan,nan,2.0,1.5164529832891493e-05,-6.084944805939685e-05,1.9999756076813897,0.0,-1.0,SOLVER_EXCEPTION,0.0,0,True,True
1926.716,-0.06853687192166602,-1.999981266979408,-1.5591099744841944e-05,2.4391852145574706e-05,0,nan,nan,nan,2.0,1.5186607430846089e-05,-6.0867367639438896e-05,1.9999756081478544,0.0,-1.0,SOLVER_EXCEPTION,0.0,0,True,True
1926.817,-0.06861618614219261,-1.99998124782252,-1.5609561215936793e-05,2.439135821778994e-05,0,nan,nan,nan,2.0,1.5209132458415187e-05,-6.088564727990686e-05,1.9999756086417821,0.0,-1.0,SOLVER_EXCEPTION,0.0,0,True,True
1926.928,-0.06870016584592682,-1.9999812275373274,-1.5629109191866973e-05,2.43908619173882e-05,0,nan,nan,nan,2.0,1.5230766690487664e-05,-6.09032051239744e-05,1.9999756091380827,0.0,-1.0,SOLVER_EXCEPTION,0.0,0,True,True
1927.016,-0.06877014888645823,-1.9999812106312689,-1.5645398526147934e-05,2.4390443739588536e-05,0,nan,nan,nan,2.0,1.5253740677999392e-05,-6.092184545281043e-05,1.9999756095562604,0.0,-1.0,SOLVER_EXCEPTION,0.0,0,True,True
1927.12,-0.06885101812641006,-1.9999811910944036,-1.566422142478522e-05,2.4389913393984786e-05,0,nan,nan,nan,2.0,1.5276046736423956e-05,-6.093994554889903e-05,1.999975610086606,0.0,-1.0,SOLVER_EXCEPTION,0.0,0,True,True
1927.219,-0.06892877695971712,-1.9999811723067598,-1.5682317870801753e-05,2.438929092704379e-05,0,nan,nan,nan,2.0,1.529835447589215e-05,-6.095804486161427e-05,1.999975610709073,0.0,-1.0,SOLVER_EXCEPTION,0.0,0,True,True
1927.319,-0.06900187021777102,-1.9999811546458763,-1.5699334593181012e-05,2.4389051731384563e-05,0,nan,nan,nan,2.0,1.5320663743443748e-05,-6.0976143521962456e-05,1.9999756109482687,0.0,-1.0,SOLVER_EXCEPTION,0.0,0,True,True
1927.421,-0.06908429447809337,-1.9999811347281158,-1.5718518219328365e-05,2.4388489695023695e-05,0,nan,nan,nan,2.0,1.5342974412985537e-05,-6.0994243540779536e-05,1.999975611510305,0.0,-1.0,SOLVER_EXCEPTION,0.0,0,True,True
1927.518,-0.06915972040450633,-1.9999811165006218,-1.5736075698203517e-05,2.4388110062377148e-05,0,nan,nan,nan,2.0,1.5365063397664532e-05,-6.1012161602480575e-05,1.9999756118899377,0.0,-1.0,SOLVER_EXCEPTION,0.0,0,True,True
1927.618,-0.06923903421677098,-1.9999810973321226,-1.5754537903476107e-05,2.438770197815763e-05,0,nan,nan,nan,2.0,1.5387599799610668e-05,-6.10304438004583e-05,1.999975612298022,0.0,-1.0,SOLVER_EXCEPTION,0.0,0,True,True
1927.719,-0.06931523763720551,-1.9999810789139911,-1.5772275573453563e-05,2.438727540699577e-05,0,nan,nan,nan,2.0,1.5409914363981863e-05,-6.104854359101353e-05,1.999975612724593,0.0,-1.0,SOLVER_EXCEPTION,0.0,0,True,True
1927.815,-0.06939144101287742,-1.9999810604943298,-1.5790012552414857e-05,2.4386822963067383e-05,0,nan,nan,nan,2.0,1.5432007436814098e-05,-6.106646068593236e-05,1.999975613177037,0.0,-1.0,SOLVER_EXCEPTION,0.0,0,True,True
1927.918,-0.0694668667595425,-1.9999810422612652,-1.5807568252598578e-05,2.438635645145367e-05,0,nan,nan,nan,2.0,1.545387857987926e-05,-6.108419831196699e-05,1.9999756136435485,0.0,-1.0,SOLVER_EXCEPTION,0.0,0,True,True
1928.019,-0.06955006830676598,-1.9999810221467584,-1.582693344477971e-05,2.438582713715771e-05,0,nan,nan,nan,2.0,1.5476643999860525e-05,-6.11026591892383e-05,1.9999756141728628,0.0,-1.0,SOLVER_EXCEPTION,0.0,0,True,True
1928.115,-0.06962471638016067,-1.9999810040995158,-1.584431207279877e-05,2.438558522333672e-05,0,nan,nan,nan,2.0,1.5499187228031596e-05,-6.112094213239772e-05,1.9999756144147767,0.0,-1.0,SOLVER_EXCEPTION,0.0,0,True,True
1928.222,-0.06970869541392148,-1.9999809837936953,-1.5863858030843615e-05,2.4385069933448807e-05,0,nan,nan,nan,2.0,1.5520616122704996e-05,-6.113831785015122e-05,1.9999756149300665,0.0,-1.0,SOLVER_EXCEPTION,0.0,0,True,True
1928.314,-0.06978023306908857,-1.999980966495007,-1.5880508654115952e-05,2.4384638447844616e-05,0,nan,nan,nan,2.0,1.5543833008423464e-05,-6.115713871368555e-05,1.9999756153615522,0.0,-1.0,SOLVER_EXCEPTION,0.0,0,True,True
1928.42,-0.06986265684383709,-1.9999809465630531,-1.589969496819734e-05,2.438424232875297e-05,0,nan,nan,nan,2.0,1.5565934144572965e-05,-6.117505990932415e-05,1.9999756157576714,0.0,-1.0,SOLVER_EXCEPTION,0.0,0,True,True
1928.519,-0.06993885991369013,-1.999980928133741,-1.5917433384252395e-05,2.43838936837119e-05,0,nan,nan,nan,2.0,1.5588483473677102e-05,-6.119333931220439e-05,1.9999756161063162,0.0,-1.0,SOLVER_EXCEPTION,0.0,0,True,True
1928.615,-0.07001428536135186,-1.999980909891151,-1.5934991068000064e-05,2.438356202144112e-05,0,nan,nan,nan,2.0,1.561081078198869e-05,-6.121143921822281e-05,1.9999756164379785,0.0,-1.0,SOLVER_EXCEPTION,0.0,0,True,True
1928.718,-0.07009359867645756,-1.9999808907068146,-1.5953453442541905e-05,2.4383193603066243e-05,0,nan,nan,nan,2.0,1.5633139639397282e-05,-6.12295383848327e-05,1.999975616806397,0.0,-1.0,SOLVER_EXCEPTION,0.0,0,True,True
1928.822,-0.07017524469147976,-1.999980870956112,-1.5972457252575923e-05,2.4382760556965146e-05,0,nan,nan,nan,2.0,1.565502330669218e-05,-6.124727627687676e-05,1.999975617239443,0.0,-1.0,SOLVER_EXCEPTION,0.0,0,True,True
1928.916,-0.07024833727651096,-1.9999808532737986,-1.5989470622706515e-05,2.4382358286027858e-05,0,nan,nan,nan,2.0,1.567757797596994e-05,-6.126555939056644e-05,1.999975617641714,0.0,-1.0,SOLVER_EXCEPTION,0.0,0,True,True
1929.017,-0.07032609530683512,-1.999980834461151,-1.6007571658406817e-05,2.4382070444539407e-05,0,nan,nan,nan,2.0,1.569991175816164e-05,-6.128365621771437e-05,1.9999756179295554,0.0,-1.0,SOLVER_EXCEPTION,0.0,0,True,True
1929.119,-0.07040618603670788,-1.99998081508277,-1.6026212812054727e-05,2.4381593392239682e-05,0,nan,nan,nan,2.0,1.572157595556185e-05,-6.13012151280401e-05,1.9999756184066078,0.0,-1.0,SOLVER_EXCEPTION,0.0,0,True,True
1929.217,-0.07048161124927459,-1.999980796832002,-1.6043771316573923e-05,2.4381334571547857e-05,0,nan,nan,nan,2.0,1.5744805423769058e-05,-6.132003926850871e-05,1.9999756186654285,0.0,-1.0,SOLVER_EXCEPTION,0.0,0,True,True
1929.321,-0.07056247947810261,-1.9999807772627596,-1.6062595436997763e-05,2.4380953676142692e-05,0,nan,nan,nan,2.0,1.5765132385289884e-05,-6.13365087942519e-05,1.9999756190463238,0.0,-1.0,SOLVER_EXCEPTION,0.0,0,True,True
1929.424,-0.07064257008720874,-1.9999807578799593,-1.6081236948319385e-05,2.438049301559894e-05,0,nan,nan,nan,2.0,1.578881110787047e-05,-6.135569506948713e-05,1.9999756195069844,0.0,-1.0,SOLVER_EXCEPTION,0.0,0,True,True
1929.525,-0.07072266065643477,-1.9999807384952017,-1.609988023845268e-05,2.438018213123315e-05,0,nan,nan,nan,2.0,1.5812044941844934e-05,-6.137451901500057e-05,1.9999756198178689,0.0,-1.0,SOLVER_EXCEPTION,0.0,0,True,True
1929.618,-0.070793420252787,-1.9999807213684835,-1.6116351131130895e-05,2.4379831241526818e-05,0,nan,nan,nan,2.0,1.583259922867293e-05,-6.139117110581793e-05,1.9999756201687584,0.0,-1.0,SOLVER_EXCEPTION,0.0,0,True,True
1929.717,-0.07087117801595685,-1.9999807025457554,-1.613445268202495e-05,2.4379590083482963e-05,0,nan,nan,nan,2.0,1.585650620374724e-05,-6.141053708530464e-05,1.9999756204099166,0.0,-1.0,SOLVER_EXCEPTION,0.0,0,True,True
1929.823,-0.07095360120537754,-1.9999806825926243,-1.615363941705367e-05,2.43792714574433e-05,0,nan,nan,nan,2.0,1.5877286235205274e-05,-6.142737202452508e-05,1.9999756207285426,0.0,-1.0,SOLVER_EXCEPTION,0.0,0,True,True
1929.917,-0.07102669343407819,-1.9999806648965157,-1.6170652702355234e-05,2.4378926231815105e-05,0,nan,nan,nan,2.0,1.5900973272279607e-05,-6.144655846718194e-05,1.9999756210737683,0.0,-1.0,SOLVER_EXCEPTION,0.0,0,True,True
1930.014,-0.07110211836076501,-1.9999806466347736,-1.618820919435334e-05,2.4378561918346044e-05,0,nan,nan,nan,2.0,1.592354375281829e-05,-6.146483925384416e-05,1.9999756214380817,0.0,-1.0,SOLVER_EXCEPTION,0.0,0,True,True
1930.115,-0.07117987598277713,-1.9999806278067938,-1.6206309475119817e-05,2.437823782818308e-05,0,nan,nan,nan,2.0,1.5945892335725806e-05,-6.148293953467387e-05,1.9999756217621718,0.0,-1.0,SOLVER_EXCEPTION,0.0,0,True,True
1930.215,-0.0712584111460351,-1.999980608789327,-1.6224592339159133e-05,2.4377997335396642e-05,0,nan,nan,nan,2.0,1.5968465609951097e-05,-6.150122239878542e-05,1.9999756220026645,0.0,-1.0,SOLVER_EXCEPTION,0.0,0,True,True
1930.315,-0.07133539112386149,-1.9999805901465992,-1.6242509486913743e-05,2.4377568516109695e-05,0,nan,nan,nan,2.0,1.5990593731714765e-05,-6.151913954655086e-05,1.999975622431484,0.0,-1.0,SOLVER_EXCEPTION,0.0,0,True,True
1930.418,-0.07141625894389522,-1.9999805705609244,-1.6261334968536804e-05,2.4377305750538417e-05,0,nan,nan,nan,2.0,1.6012946436255212e-05,-6.15372405632364e-05,1.9999756226942496,0.0,-1.0,SOLVER_EXCEPTION,0.0,0,True,True
1930.523,-0.07149479400401529,-1.999980551538526,-1.627961481822731e-05,2.4376929532637292e-05,0,nan,nan,nan,2.0,1.6035300998694934e-05,-6.15553413383374e-05,1.9999756230704673,0.0,-1.0,SOLVER_EXCEPTION,0.0,0,True,True
1930.619,-0.07157099630764528,-1.9999805330799916,-1.6297353648777807e-05,2.4376662333592067e-05,0,nan,nan,nan,2.0,1.605743338126639e-05,-6.157325926015034e-05,1.9999756233376664,0.0,-1.0,SOLVER_EXCEPTION,0.0,0,True,True
1930.719,-0.07165030887639985,-1.999980513866986,-1.6315816502686062e-05,2.4376376859939897e-05,0,nan,nan,nan,2.0,1.6079790502278917e-05,-6.159136022843015e-05,1.99997562362314,0.0,-1.0,SOLVER_EXCEPTION,0.0,0,True,True
1930.818,-0.07172651111704516,-1.9999804954058569,-1.6333555006269632e-05,2.4376087262372267e-05,0,nan,nan,nan,2.0,1.6102372343499535e-05,-6.16096428696089e-05,1.9999756239127375,0.0,-1.0,SOLVER_EXCEPTION,0.0,0,True,True
1930.915,-0.07180271332740254,-1.999980476943211,-1.6351292843669805e-05,2.437576570624674e-05,0,nan,nan,nan,2.0,1.612473215813223e-05,-6.16277440075308e-05,1.9999756242342936,0.0,-1.0,SOLVER_EXCEPTION,0.0,0,True,True
1931.021,-0.07188435851959678,-1.9999804571606936,-1.6370300522281005e-05,2.4375572670774123e-05,0,nan,nan,nan,2.0,1.6146646242685258e-05,-6.16454824822199e-05,1.9999756244273292,0.0,-1.0,SOLVER_EXCEPTION,0.0,0,True,True
1931.115,-0.07195745037717721,-1.9999804394488188,-1.6387314275851197e-05,2.4375276990066283e-05,0,nan,nan,nan,2.0,1.61694562587147e-05,-6.166394433515521e-05,1.9999756247230098,0.0,-1.0,SOLVER_EXCEPTION,0.0,0,True,True
1931.219,-0.07203909550551653,-1.9999804196626998,-1.6406320105083318e-05,2.4375008088346226e-05,0,nan,nan,nan,2.0,1.6191596711722986e-05,-6.168186313004753e-05,1.9999756249919116,0.0,-1.0,SOLVER_EXCEPTION,0.0,0,True,True
1931.317,-0.0721145200232682,-1.9999804013828477,-1.6423875454461096e-05,2.4374611212711673e-05,0,nan,nan,nan,2.0,1.621373891089094e-05,-6.16997808449149e-05,1.9999756253887873,0.0,-1.0,SOLVER_EXCEPTION,0.0,0,True,True
1931.422,-0.07219538751651017,-1.9999803817827446,-1.6442701163013233e-05,2.4374388726424738e-05,0,nan,nan,nan,2.0,1.62365534711251e-05,-6.171824488099276e-05,1.9999756256112735,0.0,-1.0,SOLVER_EXCEPTION,0.0,0,True,True
1931.518,-0.0722715895485104,-1.9999803633117925,-1.6460439789833553e-05,2.4374124281871352e-05,0,nan,nan,nan,2.0,1.6258921832933605e-05,-6.173634566186692e-05,1.9999756258757182,0.0,-1.0,SOLVER_EXCEPTION,0.0,0,True,True
1931.62,-0.072350901838087,-1.9999803440857182,-1.647890204538941e-05,2.437381439532925e-05,0,nan,nan,nan,2.0,1.628084420158122e-05,-6.175408383191083e-05,1.9999756261856048,0.0,-1.0,SOLVER_EXCEPTION,0.0,0,True,True
1931.717,-0.07242632624281575,-1.9999803258006725,-1.6496461823457503e-05,2.4373674489735042e-05,0,nan,nan,nan,2.0,1.630343876383101e-05,-6.17723678062454e-05,1.9999756263255102,0.0,-1.0,SOLVER_EXCEPTION,0.0,0,True,True
1931.816,-0.07250330576259481,-1.9999803071370428,-1.6514380009887908e-05,2.4373323096577815e-05,0,nan,nan,nan,2.0,1.6325811272679336e-05,-6.179046797427645e-05,1.9999756266769033,0.0,-1.0,SOLVER_EXCEPTION,0.0,0,True,True
1931.919,-0.07258261796659192,-1.999980287906091,-1.653284318758702e-05,2.437309811282779e-05,0,nan,nan,nan,2.0,1.6347961750606683e-05,-6.18083867558461e-05,1.9999756269018871,0.0,-1.0,SOLVER_EXCEPTION,0.0,0,True,True
1932.019,-0.07265959743138906,-1.9999802692394695,-1.6550761375033325e-05,2.4372767942233712e-05,0,nan,nan,nan,2.0,1.6370784886784026e-05,-6.182685007916078e-05,1.9999756272320577,0.0,-1.0,SOLVER_EXCEPTION,0.0,0,True,True
1932.118,-0.07273813200950745,-1.9999802501948105,-1.656904515394184e-05,2.43726238586449e-05,0,nan,nan,nan,2.0,1.6393161910718415e-05,-6.184495089023301e-05,1.9999756273761413,0.0,-1.0,SOLVER_EXCEPTION,0.0,0,True,True
1932.215,-0.07281277871190511,-1.9999802320912394,-1.6586421787959987e-05,2.4372379527100082e-05,0,nan,nan,nan,2.0,1.6415764054147673e-05,-6.186323201795574e-05,1.999975627620473,0.0,-1.0,SOLVER_EXCEPTION,0.0,0,True,True
1932.317,-0.07289209080650196,-1.9999802128550317,-1.6604885391191026e-05,2.43721690186297e-05,0,nan,nan,nan,2.0,1.6438367414492227e-05,-6.188151545050147e-05,1.9999756278309813,0.0,-1.0,SOLVER_EXCEPTION,0.0,0,True,True
1932.42,-0.07297295801224121,-1.9999801932403725,-1.6623710600337128e-05,2.437191512744469e-05,0,nan,nan,nan,2.0,1.6460300740872078e-05,-6.189925451360878e-05,1.9999756280848726,0.0,-1.0,SOLVER_EXCEPTION,0.0,0,True,True
1932.517,-0.07304838220784898,-1.9999801749439752,-1.6641266329734195e-05,2.437156544812304e-05,0,nan,nan,nan,2.0,1.6482011981473738e-05,-6.191681028111518e-05,1.9999756284345518,0.0,-1.0,SOLVER_EXCEPTION,0.0,0,True,True
1932.615,-0.07312458394815957,-1.9999801564579995,-1.6659005995922235e-05,2.4371365442777972e-05,0,nan,nan,nan,2.0,1.6504619387088277e-05,-6.19350939197183e-05,1.9999756286345571,0.0,-1.0,SOLVER_EXCEPTION,0.0,0,True,True
1932.722,-0.07320778377991048,-1.9999801362720449,-1.6678373086218476e-05,2.4371092049894302e-05,0,nan,nan,nan,2.0,1.6527452851439303e-05,-6.195355407490055e-05,1.99997562890795,0.0,-1.0,SOLVER_EXCEPTION,0.0,0,True,True
1932.814,-0.07327932006112158,-1.9999801189148765,-1.6695026116317823e-05,2.437089726803066e-05,0,nan,nan,nan,2.0,1.6549616054180278e-05,-6.197147592779118e-05,1.999975629102732,0.0,-1.0,SOLVER_EXCEPTION,0.0,0,True,True
1932.917,-0.07335863200082021,-1.9999800996701713,-1.671348975952094e-05,2.4370684460488943e-05,0,nan,nan,nan,2.0,1.6572227960761226e-05,-6.198975766258386e-05,1.9999756293155395,0.0,-1.0,SOLVER_EXCEPTION,0.0,0,True,True
1933.017,-0.07343638877999223,-1.9999800808012356,-1.6731590979341273e-05,2.4370467023290587e-05,0,nan,nan,nan,2.0,1.659439353341991e-05,-6.200767878672409e-05,1.9999756295329767,0.0,-1.0,SOLVER_EXCEPTION,0.0,0,True,True
1933.117,-0.07350870256316062,-1.9999800632517408,-1.674842642076009e-05,2.4370341808591795e-05,0,nan,nan,nan,2.0,1.661700838055696e-05,-6.202595954540868e-05,1.9999756296581914,0.0,-1.0,SOLVER_EXCEPTION,0.0,0,True,True
1933.215,-0.07359034713251132,-1.9999800434363713,-1.676743063294533e-05,2.436999446781639e-05,0,nan,nan,nan,2.0,1.6639176706436692e-05,-6.204388179176235e-05,1.9999756300055322,0.0,-1.0,SOLVER_EXCEPTION,0.0,0,True,True
1933.319,-0.07367121410919159,-1.9999800238083068,-1.6786256483429898e-05,2.436979892674455e-05,0,nan,nan,nan,2.0,1.666157054710569e-05,-6.206198230396254e-05,1.9999756302010732,0.0,-1.0,SOLVER_EXCEPTION,0.0,0,True,True
1933.42,-0.07374974836079266,-1.999980004744316,-1.680453755233845e-05,2.4369533678683233e-05,0,nan,nan,nan,2.0,1.668262195176517e-05,-6.207899755805713e-05,1.9999756304663212,0.0,-1.0,SOLVER_EXCEPTION,0.0,0,True,True
1933.514,-0.07382206205710759,-1.9999799871897201,-1.6821373283449097e-05,2.436941979236148e-05,0,nan,nan,nan,2.0,1.6706138690074544e-05,-6.209800334300297e-05,1.9999756305802077,0.0,-1.0,SOLVER_EXCEPTION,0.0,0,True,True
1933.617,-0.07390137383073907,-1.9999799679344852,-1.6839836495445098e-05,2.436921906833255e-05,0,nan,nan,nan,2.0,1.6728984894849693e-05,-6.211646655485126e-05,1.9999756307809318,0.0,-1.0,SOLVER_EXCEPTION,0.0,0,True,True
1933.721,-0.07398457341162465,-1.9999799477343263,-1.6859204509032283e-05,2.436896592845116e-05,0,nan,nan,nan,2.0,1.6751160315952627e-05,-6.213438624014245e-05,1.9999756310340715,0.0,-1.0,SOLVER_EXCEPTION,0.0,0,True,True
1933.815,-0.07405766461153872,-1.999979929986645,-1.6876219123286606e-05,2.4368749011622027e-05,0,nan,nan,nan,2.0,1.6773784925770977e-05,-6.215267025888593e-05,1.9999756312509884,0.0,-1.0,SOLVER_EXCEPTION,0.0,0,True,True
1933.917,-0.07413619875186635,-1.9999799109162784,-1.689450362023656e-05,2.4368657852557078e-05,0,nan,nan,nan,2.0,1.6796187183850847e-05,-6.21707716281783e-05,1.9999756313421475,0.0,-1.0,SOLVER_EXCEPTION,0.0,0,True,True
1934.02,-0.07421706556668128,-1.9999798912773499,-1.6913326122894147e-05,2.4368284322091378e-05,0,nan,nan,nan,2.0,1.681859063623017e-05,-6.218887273412577e-05,1.9999756317156778,0.0,-1.0,SOLVER_EXCEPTION,0.0,0,True,True
1934.116,-0.07429171183704861,-1.9999798731481335,-1.6930703031627087e-05,2.436806794828384e-05,0,nan,nan,nan,2.0,1.683965168796374e-05,-6.22058877395304e-05,1.9999756319320516,0.0,-1.0,SOLVER_EXCEPTION,0.0,0,True,True
1934.221,-0.07437257860830737,-1.9999798535064859,-1.6949529546970503e-05,2.4367948714481536e-05,0,nan,nan,nan,2.0,1.6863178728370873e-05,-6.222489383844731e-05,1.9999756320512856,0.0,-1.0,SOLVER_EXCEPTION,0.0,0,True,True
1934.325,-0.07444489214454857,-1.999979835941173,-1.6966365163668803e-05,2.4367848304657448e-05,0,nan,nan,nan,2.0,1.6885586884610956e-05,-6.22429952232828e-05,1.9999756321516953,0.0,-1.0,SOLVER_EXCEPTION,0.0,0,True,True
1934.424,-0.07452653643856484,-1.9999798161080289,-1.698537121867915e-05,2.43676143151552e-05,0,nan,nan,nan,2.0,1.6907099823586428e-05,-6.22603724274029e-05,1.9999756323856848,0.0,-1.0,SOLVER_EXCEPTION,0.0,0,True,True
1934.52,-0.07460507045291359,-1.999979797029209,-1.700365537544704e-05,2.4367497892363503e-05,0,nan,nan,nan,2.0,1.6929958413262266e-05,-6.22788373711991e-05,1.9999756325021076,0.0,-1.0,SOLVER_EXCEPTION,0.0,0,True,True
1934.622,-0.07468438201127997,-1.9999797777596722,-1.7022119003696245e-05,2.436731447067749e-05,0,nan,nan,nan,2.0,1.695281884719592e-05,-6.229730084905682e-05,1.9999756326855294,0.0,-1.0,SOLVER_EXCEPTION,0.0,0,True,True
1934.718,-0.07475980572930367,-1.9999797594331248,-1.7039675395243134e-05,2.4367022685745652e-05,0,nan,nan,nan,2.0,1.6975232396399443e-05,-6.231540245194012e-05,1.9999756329773142,0.0,-1.0,SOLVER_EXCEPTION,0.0,0,True,True
1934.82,-0.07483833968445222,-1.9999797403491832,-1.705795747494405e-05,2.4366830906780995e-05,0,nan,nan,nan,2.0,1.6997647332951738e-05,-6.233350352458089e-05,1.9999756331690932,0.0,-1.0,SOLVER_EXCEPTION,0.0,0,True,True
1934.931,-0.0749238716927129,-1.9999797195638205,-1.7077869759915236e-05,2.4366657429312758e-05,0,nan,nan,nan,2.0,1.7022754265618006e-05,-6.235377567920253e-05,1.9999756333425707,0.0,-1.0,SOLVER_EXCEPTION,0.0,0,True,True
1935.016,-0.07498840946569904,-1.9999797038789973,-1.709289520670999e-05,2.4366563691650503e-05,0,nan,nan,nan,2.0,1.7041809214304775e-05,-6.236916300750295e-05,1.9999756334363084,0.0,-1.0,SOLVER_EXCEPTION,0.0,0,True,True
1935.114,-0.07506772092822658,-1.999979684602148,-1.7111359213092427e-05,2.436642525302937e-05,0,nan,nan,nan,2.0,1.7064677172932025e-05,-6.238762711463508e-05,1.999975633574747,0.0,-1.0,SOLVER_EXCEPTION,0.0,0,True,True
1935.216,-0.07514703237165771,-1.9999796653242552,-1.7129823188869485e-05,2.436625150920314e-05,0,nan,nan,nan,2.0,1.7087545992893642e-05,-6.240609117247331e-05,1.9999756337484909,0.0,-1.0,SOLVER_EXCEPTION,0.0,0,True,True
1935.323,-0.07522945404779967,-1.9999796452883871,-1.7149008980113045e-05,2.436594424515917e-05,0,nan,nan,nan,2.0,1.711041634455331e-05,-6.242455566995986e-05,1.9999756340557548,0.0,-1.0,SOLVER_EXCEPTION,0.0,0,True,True
1935.419,-0.0753041000767726,-1.9999796271418055,-1.7166389422972592e-05,2.436593847717963e-05,0,nan,nan,nan,2.0,1.7132167324647327e-05,-6.244211225192586e-05,1.999975634061523,0.0,-1.0,SOLVER_EXCEPTION,0.0,0,True,True
1935.515,-0.07537719096436568,-1.999979609371833,-1.718340484047163e-05,2.436576248013486e-05,0,nan,nan,nan,2.0,1.7154367573090125e-05,-6.246003489973617e-05,1.99997563423752,0.0,-1.0,SOLVER_EXCEPTION,0.0,0,True,True
1935.614,-0.07545650233558597,-1.9999795900871313,-1.7201865968411095e-05,2.4365467011435137e-05,0,nan,nan,nan,2.0,1.7177243226296764e-05,-6.247849602791788e-05,1.9999756345329887,0.0,-1.0,SOLVER_EXCEPTION,0.0,0,True,True
1935.714,-0.07553425856447178,-1.9999795711798949,-1.721996833453956e-05,2.4365346857966246e-05,0,nan,nan,nan,2.0,1.7199671002729416e-05,-6.249659839374644e-05,1.999975634653142,0.0,-1.0,SOLVER_EXCEPTION,0.0,0,True,True
1935.817,-0.07561434746243392,-1.999979551704289,-1.7238615097982788e-05,2.436528262354334e-05,0,nan,nan,nan,2.0,1.7221427207387504e-05,-6.251415862079668e-05,1.9999756347173765,0.0,-1.0,SOLVER_EXCEPTION,0.0,0,True,True
1935.92,-0.0756936587807154,-1.9999795324162064,-1.7257079187291755e-05,2.43651159468867e-05,0,nan,nan,nan,2.0,1.724453045550457e-05,-6.253280318535559e-05,1.9999756348840532,0.0,-1.0,SOLVER_EXCEPTION,0.0,0,True,True
1936.016,-0.07576908227326688,-1.9999795140721979,-1.727463692593217e-05,2.4364891161725088e-05,0,nan,nan,nan,2.0,1.7266962178051528e-05,-6.25509050551365e-05,1.9999756351088382,0.0,-1.0,SOLVER_EXCEPTION,0.0,0,True,True
1936.117,-0.07584061794267702,-1.9999794966719995,-1.7291290346482345e-05,2.4364748302077287e-05,0,nan,nan,nan,2.0,1.7288049818289506e-05,-6.256792040604253e-05,1.999975635251698,0.0,-1.0,SOLVER_EXCEPTION,0.0,0,True,True
1936.217,-0.07592226189645894,-1.9999794768124164,-1.7310299674832528e-05,2.4364702496918942e-05,0,nan,nan,nan,2.0,1.7311605964449006e-05,-6.258692973437618e-05,1.999975635297503,0.0,-1.0,SOLVER_EXCEPTION,0.0,0,True,True
1936.322,-0.0760023507101902,-1.9999794573287382,-1.7328944263605137e-05,2.4364546872197194e-05,0,nan,nan,nan,2.0,1.733381824993281e-05,-6.260484962483659e-05,1.9999756354531277,0.0,-1.0,SOLVER_EXCEPTION,0.0,0,True,True
1936.416,-0.07608010682401166,-1.999979438411667,-1.73470465347154e-05,2.436440611466439e-05,0,nan,nan,nan,2.0,1.7356255887292056e-05,-6.26229521119015e-05,1.9999756355938854,0.0,-1.0,SOLVER_EXCEPTION,0.0,0,True,True
1936.519,-0.07615941804406187,-1.999979419114952,-1.736551093665025e-05,2.4364266586642155e-05,0,nan,nan,nan,2.0,1.7378694881526308e-05,-6.264105463404945e-05,1.9999756357334133,0.0,-1.0,SOLVER_EXCEPTION,0.0,0,True,True
1936.617,-0.07623639656586545,-1.9999794003841211,-1.7383430558124045e-05,2.4364038376851002e-05,0,nan,nan,nan,2.0,1.7400462170340138e-05,-6.265861226495417e-05,1.9999756359616232,0.0,-1.0,SOLVER_EXCEPTION,0.0,0,True,True
1936.715,-0.07631259751217999,-1.9999793818412737,-1.740117075619614e-05,2.436390131600762e-05,0,nan,nan,nan,2.0,1.7424025724857175e-05,-6.267762067491134e-05,1.999975636098684,0.0,-1.0,SOLVER_EXCEPTION,0.0,0,True,True
1936.819,-0.07639268624635105,-1.9999793623504867,-1.741981465587653e-05,2.4363685439117815e-05,0,nan,nan,nan,2.0,1.744624481543818e-05,-6.269554019411316e-05,1.9999756363145609,0.0,-1.0,SOLVER_EXCEPTION,0.0,0,True,True
1936.918,-0.07647044228391069,-1.9999793434261326,-1.743791766011139e-05,2.4363602240397665e-05,0,nan,nan,nan,2.0,1.746801580264095e-05,-6.271310165839594e-05,1.9999756363977597,0.0,-1.0,SOLVER_EXCEPTION,0.0,0,True,True
1937.016,-0.07654664318652965,-1.9999793248790008,-1.745565803789445e-05,2.4363483994415557e-05,0,nan,nan,nan,2.0,1.7491135800469657e-05,-6.273174558879546e-05,1.9999756365160055,0.0,-1.0,SOLVER_EXCEPTION,0.0,0,True,True
1937.114,-0.07662284407527613,-1.9999793063305276,-1.7473397721616234e-05,2.4363314878320944e-05,0,nan,nan,nan,2.0,1.751380785322813e-05,-6.275002778100003e-05,1.9999756366851216,0.0,-1.0,SOLVER_EXCEPTION,0.0,0,True,True
1937.219,-0.07670293274970273,-1.9999792868345891,-1.749204550082822e-05,2.436331186030561e-05,0,nan,nan,nan,2.0,1.753670563865603e-05,-6.276849239217341e-05,1.9999756366881396,0.0,-1.0,SOLVER_EXCEPTION,0.0,0,True,True
1937.315,-0.0767791336105263,-1.9999792682832127,-1.7509785075972606e-05,2.4363149982639982e-05,0,nan,nan,nan,2.0,1.7558707025349112e-05,-6.278623319877497e-05,1.9999756368500174,0.0,-1.0,SOLVER_EXCEPTION,0.0,0,True,True
1937.416,-0.07685688957718802,-1.9999792493522488,-1.752788769339073e-05,2.436301687866599e-05,0,nan,nan,nan,2.0,1.7581158494953307e-05,-6.280433582217526e-05,1.9999756369831214,0.0,-1.0,SOLVER_EXCEPTION,0.0,0,True,True
1937.516,-0.07693542308957355,-1.9999792302301782,-1.7546170191115386e-05,2.436283435740911e-05,0,nan,nan,nan,2.0,1.760361168566934e-05,-6.2822438188892e-05,1.9999756371656425,0.0,-1.0,SOLVER_EXCEPTION,0.0,0,True,True
1937.617,-0.07701240146947345,-1.9999792114850348,-1.756409077666021e-05,2.4362672736335092e-05,0,nan,nan,nan,2.0,1.762516803079721e-05,-6.283981601207245e-05,1.9999756373272637,0.0,-1.0,SOLVER_EXCEPTION,0.0,0,True,True
1937.717,-0.07709171251382256,-1.9999791921707577,-1.7582555825528963e-05,2.4362592105324753e-05,0,nan,nan,nan,2.0,1.7648522714214247e-05,-6.28586434681111e-05,1.9999756374078947,0.0,-1.0,SOLVER_EXCEPTION,0.0,0,True,True
1937.819,-0.07717102354441358,-1.999979172855098,-1.760101982534054e-05,2.436242980339728e-05,0,nan,nan,nan,2.0,1.7670980009159346e-05,-6.287674673410848e-05,1.9999756375701967,0.0,-1.0,SOLVER_EXCEPTION,0.0,0,True,True
1937.917,-0.07724566920785327,-1.9999791546743302,-1.7618398330545844e-05,2.4362321509505462e-05,0,nan,nan,nan,2.0,1.769321436199402e-05,-6.289466627285023e-05,1.9999756376784905,0.0,-1.0,SOLVER_EXCEPTION,0.0,0,True,True
1938.021,-0.07732809044743148,-1.9999791345985012,-1.7637587228517458e-05,2.4362183611860072e-05,0,nan,nan,nan,2.0,1.7715898802363285e-05,-6.291295216209747e-05,1.9999756378163882,0.0,-1.0,SOLVER_EXCEPTION,0.0,0,True,True
1938.116,-0.07740040340999473,-1.9999791169832757,-1.765442415147735e-05,2.436216532345712e-05,0,nan,nan,nan,2.0,1.7738360371247016e-05,-6.293105421084633e-05,1.9999756378346765,0.0,-1.0,SOLVER_EXCEPTION,0.0,0,True,True
1938.224,-0.07747349392024015,-1.9999790991772148,-1.76714405354188e-05,2.4362056291873755e-05,0,nan,nan,nan,2.0,1.7759251185844013e-05,-6.294788866201273e-05,1.9999756379437081,0.0,-1.0,SOLVER_EXCEPTION,0.0,0,True,True
1938.318,-0.07755902535446163,-1.9999790783385785,-1.7691352353841583e-05,2.436187740206614e-05,0,nan,nan,nan,2.0,1.7783288407171303e-05,-6.296725808674353e-05,1.999975638122598,0.0,-1.0,SOLVER_EXCEPTION,0.0,0,True,True
1938.417,-0.07763522607426646,-1.9999790597718727,-1.7709092831773165e-05,2.436177074704051e-05,0,nan,nan,nan,2.0,1.780575447920867e-05,-6.298536069548888e-05,1.999975638229253,0.0,-1.0,SOLVER_EXCEPTION,0.0,0,True,True
1938.515,-0.0777122043406285,-1.9999790410146452,-1.7727015475706232e-05,2.4361711423401644e-05,0,nan,nan,nan,2.0,1.782822171998451e-05,-6.300346356136188e-05,1.9999756382885765,0.0,-1.0,SOLVER_EXCEPTION,0.0,0,True,True
1938.617,-0.077790737711405,-1.9999790218769329,-1.774529780242074e-05,2.4361519923906143e-05,0,nan,nan,nan,2.0,1.7850690436149297e-05,-6.30215657477784e-05,1.9999756384800762,0.0,-1.0,SOLVER_EXCEPTION,0.0,0,True,True
1938.717,-0.07786927107013568,-1.9999790027381856,-1.7763583878776954e-05,2.436151831718258e-05,0,nan,nan,nan,2.0,1.7873160321954378e-05,-6.303966870868649e-05,1.999975638481683,0.0,-1.0,SOLVER_EXCEPTION,0.0,0,True,True
1938.818,-0.07794780441697333,-1.9999789835975141,-1.7781865611708625e-05,2.436128529057353e-05,0,nan,nan,nan,2.0,1.7895856312170075e-05,-6.305795469918607e-05,1.9999756387147094,0.0,-1.0,SOLVER_EXCEPTION,0.0,0,True,True
1938.918,-0.07802478263663447,-1.9999789648340585,-1.779978649404016e-05,2.436114298343433e-05,0,nan,nan,nan,2.0,1.7918104620808666e-05,-6.307587501419576e-05,1.9999756388570165,0.0,-1.0,SOLVER_EXCEPTION,0.0,0,True,True
1939.015,-0.07810020572993853,-1.9999789464488782,-1.7817348497460194e-05,2.4361174487598587e-05,0,nan,nan,nan,2.0,1.7940129846929305e-05,-6.309361617429232e-05,1.9999756388255123,0.0,-1.0,SOLVER_EXCEPTION,0.0,0,True,True
1939.121,-0.07818262683013036,-1.9999789263563015,-1.7836537441945517e-05,2.4361066153673335e-05,0,nan,nan,nan,2.0,1.7962830706809495e-05,-6.311189910457315e-05,1.9999756389338463,0.0,-1.0,SOLVER_EXCEPTION,0.0,0,True,True
1939.229,-0.07826349280312185,-1.9999789066416052,-1.7855364732999267e-05,2.436095145019732e-05,0,nan,nan,nan,2.0,1.798485822033618e-05,-6.312964018428957e-05,1.99997563904855,0.0,-1.0,SOLVER_EXCEPTION,0.0,0,True,True
1939.318,-0.07833580563433051,-1.9999788890103212,-1.787219952348223e-05,2.436081143690788e-05,0,nan,nan,nan,2.0,1.8008010831406292e-05,-6.314828734765854e-05,1.999975639188563,0.0,-1.0,SOLVER_EXCEPTION,0.0,0,True,True
1939.415,-0.07841122868487825,-1.9999788706196664,-1.7889760920478425e-05,2.436080214178946e-05,0,nan,nan,nan,2.0,1.803049074229534e-05,-6.316639098002952e-05,1.9999756391978583,0.0,-1.0,SOLVER_EXCEPTION,0.0,0,True,True
1939.512,-0.07848742928244488,-1.9999788520379724,-1.790750182706844e-05,2.4360699346095036e-05,0,nan,nan,nan,2.0,1.805252254250274e-05,-6.318413188655114e-05,1.9999756393006538,0.0,-1.0,SOLVER_EXCEPTION,0.0,0,True,True
1939.619,-0.07856985032555504,-1.999978831937466,-1.7926688691976295e-05,2.4360475243282926e-05,0,nan,nan,nan,2.0,1.8075005753799498e-05,-6.32022321078729e-05,1.9999756395247568,0.0,-1.0,SOLVER_EXCEPTION,0.0,0,True,True
1939.719,-0.0786468284590269,-1.9999788131632894,-1.7944612784043343e-05,2.436050832836013e-05,0,nan,nan,nan,2.0,1.809793999091572e-05,-6.322069743402992e-05,1.9999756394916717,0.0,-1.0,SOLVER_EXCEPTION,0.0,0,True,True
1939.817,-0.07872458413917521,-1.9999787941981895,-1.7962716000951073e-05,2.4360413480050516e-05,0,nan,nan,nan,2.0,1.8120650239853172e-05,-6.32389839263503e-05,1.99997563958652,0.0,-1.0,SOLVER_EXCEPTION,0.0,0,True,True
1939.915,-0.07879845202591235,-1.9999787761796044,-1.797991224369813e-05,2.43602415357477e-05,0,nan,nan,nan,2.0,1.814246297214781e-05,-6.325654230332489e-05,1.9999756397584643,0.0,-1.0,SOLVER_EXCEPTION,0.0,0,True,True
1940.02,-0.07887854035604529,-1.999978756643043,-1.7998559698619143e-05,2.4360191559292548e-05,0,nan,nan,nan,2.0,1.816540086892836e-05,-6.327500782177253e-05,1.9999756398084407,0.0,-1.0,SOLVER_EXCEPTION,0.0,0,True,True
1940.121,-0.07895862867567496,-1.9999787371045754,-1.8017205125292674e-05,2.436003827530594e-05,0,nan,nan,nan,2.0,1.818789068862845e-05,-6.32931110429169e-05,1.9999756399617248,0.0,-1.0,SOLVER_EXCEPTION,0.0,0,True,True
1940.219,-0.07903716187223311,-1.9999787179434594,-1.8035488755006403e-05,2.435993315101017e-05,0,nan,nan,nan,2.0,1.8210381979153386e-05,-6.331121370095616e-05,1.999975640066849,0.0,-1.0,SOLVER_EXCEPTION,0.0,0,True,True
1940.32,-0.07911569505894792,-1.9999786987815174,-1.8053774233500097e-05,2.435991863935486e-05,0,nan,nan,nan,2.0,1.8232875227896608e-05,-6.332931758734617e-05,1.9999756400813606,0.0,-1.0,SOLVER_EXCEPTION,0.0,0,True,True
1940.416,-0.07918878534279959,-1.9999786809463609,-1.8070791856594515e-05,2.4359855946691416e-05,0,nan,nan,nan,2.0,1.825514440793807e-05,-6.334723871059822e-05,1.9999756401440534,0.0,-1.0,SOLVER_EXCEPTION,0.0,0,True,True
1940.516,-0.07926731851086075,-1.999978661781379,-1.8089074200994066e-05,2.4359668713257865e-05,0,nan,nan,nan,2.0,1.827741497023341e-05,-6.336516316007845e-05,1.9999756403312867,0.0,-1.0,SOLVER_EXCEPTION,0.0,0,True,True
1940.619,-0.07934740678139464,-1.9999786422359729,-1.810772288033202e-05,2.4359690008561334e-05,0,nan,nan,nan,2.0,1.829968698251144e-05,-6.338308346798271e-05,1.9999756403099915,0.0,-1.0,SOLVER_EXCEPTION,0.0,0,True,True
1940.721,-0.07942593993042525,-1.9999786230681804,-1.812600577593985e-05,2.4359517511185782e-05,0,nan,nan,nan,2.0,1.83226351546573e-05,-6.340154952733101e-05,1.9999756404824889,0.0,-1.0,SOLVER_EXCEPTION,0.0,0,True,True
1940.818,-0.07950291795862323,-1.999978604278078,-1.8143926608650143e-05,2.435936079879276e-05,0,nan,nan,nan,2.0,1.834535972952332e-05,-6.341983495516956e-05,1.9999756406392013,0.0,-1.0,SOLVER_EXCEPTION,0.0,0,True,True
1940.92,-0.07958222864517056,-1.9999785849176372,-1.816239266110082e-05,2.4359321450135453e-05,0,nan,nan,nan,2.0,1.836786159419538e-05,-6.34379359056858e-05,1.9999756406785498,0.0,-1.0,SOLVER_EXCEPTION,0.0,0,True,True
1941.018,-0.0796568739888172,-1.9999785666947831,-1.817977259034974e-05,2.4359277211907073e-05,0,nan,nan,nan,2.0,1.839036423029419e-05,-6.345604044799558e-05,1.999975640722788,0.0,-1.0,SOLVER_EXCEPTION,0.0,0,True,True
1941.118,-0.07973462954656411,-1.9999785477113114,-1.819787618315516e-05,2.4359202721956763e-05,0,nan,nan,nan,2.0,1.841286821491872e-05,-6.34741441030151e-05,1.999975640797278,0.0,-1.0,SOLVER_EXCEPTION,0.0,0,True,True
1941.219,-0.07981238509569251,-1.9999785287263658,-1.821597906879863e-05,2.4359078595430326e-05,0,nan,nan,nan,2.0,1.84353735938151e-05,-6.349224704704781e-05,1.9999756409214047,0.0,-1.0,SOLVER_EXCEPTION,0.0,0,True,True
1941.319,-0.07988858552558052,-1.999978510119772,-1.8233720605599364e-05,2.435900707967819e-05,0,nan,nan,nan,2.0,1.84578803754259e-05,-6.351035066520794e-05,1.9999756409929204,0.0,-1.0,SOLVER_EXCEPTION,0.0,0,True,True
1941.418,-0.07996945127908285,-1.9999784903722189,-1.825254874852081e-05,2.4358951820411126e-05,0,nan,nan,nan,2.0,1.8479938521705884e-05,-6.352809213439059e-05,1.9999756410481795,0.0,-1.0,SOLVER_EXCEPTION,0.0,0,True,True
1941.516,-0.08004565169243796,-1.999978471762656,-1.827029117129455e-05,2.4358943115200647e-05,0,nan,nan,nan,2.0,1.8502898627092487e-05,-6.354655880747018e-05,1.9999756410568847,0.0,-1.0,SOLVER_EXCEPTION,0.0,0,True,True
1941.62,-0.08012262965304051,-1.9999784529617946,-1.8288211998647053e-05,2.4358769712160125e-05,0,nan,nan,nan,2.0,1.8524959576397556e-05,-6.356430073761743e-05,1.9999756412302878,0.0,-1.0,SOLVER_EXCEPTION,0.0,0,True,True
1941.718,-0.0801980524956332,-1.9999784345396743,-1.830577469754783e-05,2.4358820116737585e-05,0,nan,nan,nan,2.0,1.8547472094598223e-05,-6.358240475679011e-05,1.9999756411798832,0.0,-1.0,SOLVER_EXCEPTION,0.0,0,True,True
1941.818,-0.08027969577037627,-1.999978414596775,-1.8324782377149594e-05,2.4358660453557193e-05,0,nan,nan,nan,2.0,1.8570211067631794e-05,-6.360068823019205e-05,1.9999756413395464,0.0,-1.0,SOLVER_EXCEPTION,0.0,0,True,True
1941.917,-0.08035667370716415,-1.99997839579194,-1.8342705940694883e-05,2.4358636337803176e-05,0,nan,nan,nan,2.0,1.859272633646414e-05,-6.361879195804221e-05,1.9999756413636622,0.0,-1.0,SOLVER_EXCEPTION,0.0,0,True,True
1942.015,-0.08043365163631483,-1.999978376985567,-1.8360627113904595e-05,2.435846666881745e-05,0,nan,nan,nan,2.0,1.8615467992629767e-05,-6.363707826828602e-05,1.9999756415333312,0.0,-1.0,SOLVER_EXCEPTION,0.0,0,True,True
1942.117,-0.08051062955792264,-1.9999783581774857,-1.8378549115361128e-05,2.4358370143676207e-05,0,nan,nan,nan,2.0,1.863663530036829e-05,-6.365409569530911e-05,1.9999756416298564,0.0,-1.0,SOLVER_EXCEPTION,0.0,0,True,True
1942.224,-0.08059538301855507,-1.9999783374685514,-1.839828439496489e-05,2.435842509967511e-05,0,nan,nan,nan,2.0,1.866028123758445e-05,-6.367310340271715e-05,1.9999756415749004,0.0,-1.0,SOLVER_EXCEPTION,0.0,0,True,True
1942.321,-0.0806715833700483,-1.999978318848028,-1.8416026783173293e-05,2.4358393633838113e-05,0,nan,nan,nan,2.0,1.8683027604271723e-05,-6.369138714079625e-05,1.999975641606366,0.0,-1.0,SOLVER_EXCEPTION,0.0,0,True,True
1942.419,-0.08074700615993098,-1.999978300415956,-1.8433585430524938e-05,2.435820399497565e-05,0,nan,nan,nan,2.0,1.8705549803612168e-05,-6.370949125678038e-05,1.999975641796005,0.0,-1.0,SOLVER_EXCEPTION,0.0,0,True,True
1942.52,-0.08082476160621373,-1.9999782814126172,-1.845168931845401e-05,2.4358131450812156e-05,0,nan,nan,nan,2.0,1.872762313326915e-05,-6.372723306613537e-05,1.9999756418685493,0.0,-1.0,SOLVER_EXCEPTION,0.0,0,True,True
1942.617,-0.08090173949091774,-1.9999782625980667,-1.8469613778279736e-05,2.4358143500615165e-05,0,nan,nan,nan,2.0,1.875059860422556e-05,-6.374569982314782e-05,1.9999756418564993,0.0,-1.0,SOLVER_EXCEPTION,0.0,0,True,True
1942.717,-0.08097949492291494,-1.9999782435911375,-1.848771518437483e-05,2.4357961537017902e-05,0,nan,nan,nan,2.0,1.877312538225426e-05,-6.376380363937173e-05,1.999975642038463,0.0,-1.0,SOLVER_EXCEPTION,0.0,0,True,True
1942.817,-0.0810572503478672,-1.9999782245836677,-1.85058203132848e-05,2.435795501601372e-05,0,nan,nan,nan,2.0,1.879475210381858e-05,-6.378118318917103e-05,1.999975642044984,0.0,-1.0,SOLVER_EXCEPTION,0.0,0,True,True
1942.918,-0.08113578332000801,-1.9999782053845567,-1.8524106406122128e-05,2.4357963757798634e-05,0,nan,nan,nan,2.0,1.8818183453523618e-05,-6.380001209249642e-05,1.9999756420362422,0.0,-1.0,SOLVER_EXCEPTION,0.0,0,True,True
1943.018,-0.08121276117698936,-1.9999781865642512,-1.8542028600729403e-05,2.4357847730845436e-05,0,nan,nan,nan,2.0,1.8840038419765347e-05,-6.381757222984064e-05,1.9999756421522692,0.0,-1.0,SOLVER_EXCEPTION,0.0,0,True,True
1943.119,-0.08129129413534149,-1.9999781673623924,-1.856031514628393e-05,2.4357866554778797e-05,0,nan,nan,nan,2.0,1.886324649468296e-05,-6.383622096706176e-05,1.9999756421334451,0.0,-1.0,SOLVER_EXCEPTION,0.0,0,True,True
1943.222,-0.08137138219474394,-1.9999781477784415,-1.8578960851679292e-05,2.4357706867358393e-05,0,nan,nan,nan,2.0,1.8885779958251006e-05,-6.385432529221191e-05,1.9999756422931327,0.0,-1.0,SOLVER_EXCEPTION,0.0,0,True,True
1943.319,-0.08144758247775936,-1.9999781291438306,-1.85967031670702e-05,2.4357676127760734e-05,0,nan,nan,nan,2.0,1.8907413727367938e-05,-6.387170520794072e-05,1.9999756423238721,0.0,-1.0,SOLVER_EXCEPTION,0.0,0,True,True
1943.415,-0.0815222276468766,-1.9999781108884591,-1.8614083833928384e-05,2.435765419202892e-05,0,nan,nan,nan,2.0,1.8931077497864373e-05,-6.38907138932332e-05,1.999975642345808,0.0,-1.0,SOLVER_EXCEPTION,0.0,0,True,True
1943.519,-0.08160231568629844,-1.9999780913002754,-1.8632729472998473e-05,2.435750765315647e-05,0,nan,nan,nan,2.0,1.8953390362494343e-05,-6.390863514527112e-05,1.999975642492347,0.0,-1.0,SOLVER_EXCEPTION,0.0,0,True,True
1943.618,-0.08168007105791286,-1.9999780722814386,-1.8650833764690518e-05,2.4357449190194803e-05,0,nan,nan,nan,2.0,1.897592967531751e-05,-6.39267395556864e-05,1.9999756425508097,0.0,-1.0,SOLVER_EXCEPTION,0.0,0,True,True
1943.719,-0.08175860397685986,-1.9999780530710691,-1.8669120565082884e-05,2.43574673633718e-05,0,nan,nan,nan,2.0,1.899666722643194e-05,-6.394339587245668e-05,1.9999756425326367,0.0,-1.0,SOLVER_EXCEPTION,0.0,0,True,True
1943.822,-0.08183635933591332,-1.999978034048978,-1.868722213116137e-05,2.4357252832591032e-05,0,nan,nan,nan,2.0,1.902101240882611e-05,-6.3962948839702e-05,1.9999756427471673,0.0,-1.0,SOLVER_EXCEPTION,0.0,0,True,True
1943.922,-0.08191566979583102,-1.999978014644982,-1.8705689833614576e-05,2.4357296040535043e-05,0,nan,nan,nan,2.0,1.9043556045568026e-05,-6.398105248095476e-05,1.9999756427039594,0.0,-1.0,SOLVER_EXCEPTION,0.0,0,True,True
1944.019,-0.08198720471505845,-1.9999779971425942,-1.8722344997333745e-05,2.435717614757774e-05,0,nan,nan,nan,2.0,1.9064522892990546e-05,-6.399789155775437e-05,1.9999756428238524,0.0,-1.0,SOLVER_EXCEPTION,0.0,0,True,True
1944.119,-0.08206729271644762,-1.9999779775457138,-1.8740994324871392e-05,2.435724599479667e-05,0,nan,nan,nan,2.0,1.9089098952522408e-05,-6.40176243842383e-05,1.9999756427540052,0.0,-1.0,SOLVER_EXCEPTION,0.0,0,True,True
1944.22,-0.08214738071157071,-1.9999779579475265,-1.875964053861275e-05,2.43571164511554e-05,0,nan,nan,nan,2.0,1.9110970625606915e-05,-6.403518406017383e-05,1.999975642883549,0.0,-1.0,SOLVER_EXCEPTION,0.0,0,True,True
1944.315,-0.0822095849753552,-1.9999779427249063,-1.8774125693876152e-05,2.4357142715196422e-05,0,nan,nan,nan,2.0,1.9130362274022062e-05,-6.405075575344199e-05,1.9999756428572848,0.0,-1.0,SOLVER_EXCEPTION,0.0,0,True,True
1944.415,-0.08229900359808301,-1.999977920840187,-1.8794946364621996e-05,2.4357122898708213e-05,0,nan,nan,nan,2.0,1.915629556704791e-05,-6.4071576423963e-05,1.9999756428771014,0.0,-1.0,SOLVER_EXCEPTION,0.0,0,True,True
1944.515,-0.08237753646922603,-1.9999779016183012,-1.88132305038929e-05,2.4356979374192102e-05,0,nan,nan,nan,2.0,1.917839656819269e-05,-6.40893182941582e-05,1.999975643020626,0.0,-1.0,SOLVER_EXCEPTION,0.0,0,True,True
1944.616,-0.0824560693346388,-1.999977882394247,-1.8831514710428873e-05,2.435687934248152e-05,0,nan,nan,nan,2.0,1.9201401784819016e-05,-6.410778239507309e-05,1.9999756431206575,0.0,-1.0,SOLVER_EXCEPTION,0.0,0,True,True
1944.719,-0.08253615730047079,-1.9999778627890548,-1.8850164978120152e-05,2.4356969452638638e-05,0,nan,nan,nan,2.0,1.9223956776375475e-05,-6.412588740811742e-05,1.9999756430305473,0.0,-1.0,SOLVER_EXCEPTION,0.0,0,True,True
1944.817,-0.08261235749557806,-1.999977844133806,-1.886790682033079e-05,2.4356882334272335e-05,0,nan,nan,nan,2.0,1.9247189556483747e-05,-6.41445368798621e-05,1.9999756431176656,0.0,-1.0,SOLVER_EXCEPTION,0.0,0,True,True
1944.915,-0.0826885576854919,-1.999977825477277,-1.888564933100787e-05,2.4356834142511257e-05,0,nan,nan,nan,2.0,1.9268845074272593e-05,-6.416191726277276e-05,1.9999756431658575,0.0,-1.0,SOLVER_EXCEPTION,0.0,0,True,True
1945.016,-0.0827670905289136,-1.9999778062481646,-1.890393347738527e-05,2.435668626216549e-05,0,nan,nan,nan,2.0,1.9292080988263683e-05,-6.418056353663104e-05,1.999975643313738,0.0,-1.0,SOLVER_EXCEPTION,0.0,0,True,True
1945.117,-0.08284251315564926,-1.9999777877794582,-1.8921497203709476e-05,2.4356764636973244e-05,0,nan,nan,nan,2.0,1.9313964576954442e-05,-6.419812726310425e-05,1.999975643235363,0.0,-1.0,SOLVER_EXCEPTION,0.0,0,True,True
1945.216,-0.08292182354136363,-1.9999777683564965,-1.8939961526008302e-05,2.435659117065836e-05,0,nan,nan,nan,2.0,1.933675267729859e-05,-6.421641125742283e-05,1.9999756434088294,0.0,-1.0,SOLVER_EXCEPTION,0.0,0,True,True
1945.315,-0.0829995788162805,-1.9999777493133732,-1.8958066099928743e-05,2.4356559528318767e-05,0,nan,nan,nan,2.0,1.935863961619227e-05,-6.423397158972222e-05,1.9999756434404716,0.0,-1.0,SOLVER_EXCEPTION,0.0,0,True,True
1945.419,-0.08308044429680725,-1.9999777295075378,-1.89768953663113e-05,2.4356509113922744e-05,0,nan,nan,nan,2.0,1.9381655505208903e-05,-6.425243893870558e-05,1.999975643490886,0.0,-1.0,SOLVER_EXCEPTION,0.0,0,True,True
1945.519,-0.08315742200880885,-1.9999777106524705,-1.8994821273220124e-05,2.4356575995359463e-05,0,nan,nan,nan,2.0,1.9404447019680084e-05,-6.427072708703463e-05,1.9999756434240046,0.0,-1.0,SOLVER_EXCEPTION,0.0,0,True,True
1945.617,-0.08323439971595852,-1.9999776917956913,-1.9012743594070077e-05,2.4356443966117662e-05,0,nan,nan,nan,2.0,1.942701459993004e-05,-6.428883136333496e-05,1.9999756435560339,0.0,-1.0,SOLVER_EXCEPTION,0.0,0,True,True
1945.716,-0.08330671210315688,-1.9999776740804291,-1.9029581871096733e-05,2.4356453834822145e-05,0,nan,nan,nan,2.0,1.9448680969931642e-05,-6.430621193054264e-05,1.999975643546165,0.0,-1.0,SOLVER_EXCEPTION,0.0,0,True,True
1945.817,-0.08338913266841817,-1.999977653886824,-1.904877087161286e-05,2.4356303877464148e-05,0,nan,nan,nan,2.0,1.947215482083103e-05,-6.432503855613447e-05,1.9999756436961225,0.0,-1.0,SOLVER_EXCEPTION,0.0,0,True,True
1945.915,-0.08346533280889153,-1.999977635216502,-1.9066514510945032e-05,2.4356306647724403e-05,0,nan,nan,nan,2.0,1.9494726708090216e-05,-6.434314457015589e-05,1.9999756436933522,0.0,-1.0,SOLVER_EXCEPTION,0.0,0,True,True
1946.019,-0.08354542070675955,-1.9999776155922695,-1.908516369509388e-05,2.4356325111082893e-05,0,nan,nan,nan,2.0,1.9517300006451667e-05,-6.436124963293821e-05,1.999975643674889,0.0,-1.0,SOLVER_EXCEPTION,0.0,0,True,True
1946.117,-0.08362317594268873,-1.9999775965383526,-1.9103269555410995e-05,2.4356315326489666e-05,0,nan,nan,nan,2.0,1.9539874503643413e-05,-6.437935449854493e-05,1.9999756436846736,0.0,-1.0,SOLVER_EXCEPTION,0.0,0,True,True
1946.217,-0.0836954883079816,-1.9999775788161602,-1.9120104787997442e-05,2.4356155432555683e-05,0,nan,nan,nan,2.0,1.9562224785983145e-05,-6.439728013685198e-05,1.9999756438445675,0.0,-1.0,SOLVER_EXCEPTION,0.0,0,True,True
1946.315,-0.08377713129633975,-1.9999775588061475,-1.913911442246017e-05,2.435606491625535e-05,0,nan,nan,nan,2.0,1.958502821851806e-05,-6.441556410363702e-05,1.9999756439350838,0.0,-1.0,SOLVER_EXCEPTION,0.0,0,True,True
1946.415,-0.08385410896655418,-1.9999775399380153,-1.9157040308631954e-05,2.435614977174769e-05,0,nan,nan,nan,2.0,1.9607607668908872e-05,-6.443367036812475e-05,1.9999756438502283,0.0,-1.0,SOLVER_EXCEPTION,0.0,0,True,True
1946.519,-0.08393497439322338,-1.9999775201158936,-1.9175870261132003e-05,2.4356151061705684e-05,0,nan,nan,nan,2.0,1.96299623815464e-05,-6.445159267087774e-05,1.9999756438489382,0.0,-1.0,SOLVER_EXCEPTION,0.0,0,True,True
1946.624,-0.08401661736728301,-1.9999775001014901,-1.9194878598613706e-05,2.435598133428359e-05,0,nan,nan,nan,2.0,1.9652769697922834e-05,-6.446988119801489e-05,1.9999756440186658,0.0,-1.0,SOLVER_EXCEPTION,0.0,0,True,True
1946.716,-0.08408892971176758,-1.9999774823729757,-1.921171770731783e-05,2.435603573744743e-05,0,nan,nan,nan,2.0,1.9674675670040552e-05,-6.448744150544528e-05,1.9999756439642626,0.0,-1.0,SOLVER_EXCEPTION,0.0,0,True,True
1946.817,-0.08416746246881265,-1.999977463118292,-1.9230003182945878e-05,2.43559364338757e-05,0,nan,nan,nan,2.0,1.9697711645327964e-05,-6.450590901296849e-05,1.999975644063566,0.0,-1.0,SOLVER_EXCEPTION,0.0,0,True,True
1946.917,-0.08424521766958278,-1.9999774440522404,-1.924810906616891e-05,2.4355958616517793e-05,0,nan,nan,nan,2.0,1.9720523870304295e-05,-6.45241933230345e-05,1.9999756440413834,0.0,-1.0,SOLVER_EXCEPTION,0.0,0,True,True
1947.013,-0.08431986265841637,-1.9999774257478637,-1.9265489452326623e-05,2.4355891322903525e-05,0,nan,nan,nan,2.0,1.9742885577946547e-05,-6.454211951156807e-05,1.9999756441086771,0.0,-1.0,SOLVER_EXCEPTION,0.0,0,True,True
1947.117,-0.08440072805872219,-1.9999774059168658,-1.928431947821723e-05,2.4355880918620107e-05,0,nan,nan,nan,2.0,1.976570036449608e-05,-6.456040537505814e-05,1.9999756441190815,0.0,-1.0,SOLVER_EXCEPTION,0.0,0,True,True
1947.22,-0.0844808159027868,-1.9999773862750343,-1.9302967116927956e-05,2.43557885898659e-05,0,nan,nan,nan,2.0,1.978738705957084e-05,-6.457778640900358e-05,1.99997564421141,0.0,-1.0,SOLVER_EXCEPTION,0.0,0,True,True
1947.319,-0.08455157312071303,-1.9999773689202216,-1.9319444455724126e-05,2.435584321073345e-05,0,nan,nan,nan,2.0,1.9810204288914556e-05,-6.459607451514415e-05,1.9999756441567893,0.0,-1.0,SOLVER_EXCEPTION,0.0,0,True,True
1947.418,-0.08463477116398349,-1.9999773485121561,-1.9338815423242566e-05,2.4355708415221873e-05,0,nan,nan,nan,2.0,1.9833249195038565e-05,-6.461454189876648e-05,1.9999756442915848,0.0,-1.0,SOLVER_EXCEPTION,0.0,0,True,True
1947.52,-0.08470552837484008,-1.9999773311551472,-1.935529297042666e-05,2.4355765704157004e-05,0,nan,nan,nan,2.0,1.985561790218645e-05,-6.463246408738854e-05,1.9999756442342957,0.0,-1.0,SOLVER_EXCEPTION,0.0,0,True,True
1947.619,-0.08479028151331819,-1.9999773103625211,-1.9375027602977653e-05,2.4355731712245627e-05,0,nan,nan,nan,2.0,1.9878666130182076e-05,-6.465093317631343e-05,1.9999756442682877,0.0,-1.0,SOLVER_EXCEPTION,0.0,0,True,True
1947.717,-0.08486648157891913,-1.999977291667183,-1.939277097111567e-05,2.4355699253879137e-05,0,nan,nan,nan,2.0,1.990058573162732e-05,-6.466849338426783e-05,1.9999756443007461,0.0,-1.0,SOLVER_EXCEPTION,0.0,0,True,True
1947.815,-0.0849434591925498,-1.9999772727798577,-1.941069418210465e-05,2.4355583232553273e-05,0,nan,nan,nan,2.0,1.992341003998064e-05,-6.468678209037293e-05,1.9999756444167673,0.0,-1.0,SOLVER_EXCEPTION,0.0,0,True,True
1947.915,-0.08502121435414456,-1.999977253699964,-1.9428799384787976e-05,2.4355541571102217e-05,0,nan,nan,nan,2.0,1.9946462267589538e-05,-6.470524927149057e-05,1.999975644458429,0.0,-1.0,SOLVER_EXCEPTION,0.0,0,True,True
1948.016,-0.08509741440895541,-1.9999772350005278,-1.9446542828630498e-05,2.4355506092672557e-05,0,nan,nan,nan,2.0,1.9967933846997957e-05,-6.472244863209298e-05,1.9999756444939074,0.0,-1.0,SOLVER_EXCEPTION,0.0,0,True,True
1948.115,-0.08517672466639749,-1.9999772155358588,-1.9465010509874798e-05,2.4355488943846338e-05,0,nan,nan,nan,2.0,1.9991667384726847e-05,-6.474145848267554e-05,1.9999756445110561,0.0,-1.0,SOLVER_EXCEPTION,0.0,0,True,True
1948.221,-0.08525914512607921,-1.999977195307133,-1.948420318268683e-05,2.4355496633667523e-05,0,nan,nan,nan,2.0,2.001427183942395e-05,-6.475956459794929e-05,1.9999756445033663,0.0,-1.0,SOLVER_EXCEPTION,0.0,0,True,True
1948.33,-0.08534312068470364,-1.9999771746943509,-1.950375483660625e-05,2.435532902246295e-05,0,nan,nan,nan,2.0,2.0036877571606078e-05,-6.477767043211458e-05,1.9999756446709775,0.0,-1.0,SOLVER_EXCEPTION,0.0,0,True,True
1948.415,-0.08541232276237308,-1.999977157707203,-1.9519869543234902e-05,2.4355342688739286e-05,0,nan,nan,nan,2.0,2.0059710834915427e-05,-6.479595852049158e-05,1.9999756446573114,0.0,-1.0,SOLVER_EXCEPTION,0.0,0,True,True
1948.518,-0.08548852279980576,-1.9999771390009222,-1.9537613268075292e-05,2.435530879379463e-05,0,nan,nan,nan,2.0,2.008164124467155e-05,-6.481351905884836e-05,1.9999756446912063,0.0,-1.0,SOLVER_EXCEPTION,0.0,0,True,True
1948.616,-0.08556550038533131,-1.9999771201019512,-1.9555537213065924e-05,2.4355238389841504e-05,0,nan,nan,nan,2.0,2.0104703423845545e-05,-6.483198688123082e-05,1.9999756447616102,0.0,-1.0,SOLVER_EXCEPTION,0.0,0,True,True
1948.718,-0.08564481062152794,-1.9999771006287497,-1.9574005212044273e-05,2.4355245532706546e-05,0,nan,nan,nan,2.0,2.012731536755081e-05,-6.485009386425489e-05,1.9999756447544672,0.0,-1.0,SOLVER_EXCEPTION,0.0,0,True,True
1948.816,-0.08572023309785368,-1.9999770821093055,-1.959157004669085e-05,2.435533449543479e-05,0,nan,nan,nan,2.0,2.014924997994895e-05,-6.486765454472021e-05,1.9999756446655046,0.0,-1.0,SOLVER_EXCEPTION,0.0,0,True,True
1948.915,-0.08579876577612096,-1.9999770628244606,-1.9609854918294182e-05,2.4355193376839755e-05,0,nan,nan,nan,2.0,2.017254245417632e-05,-6.488630601175771e-05,1.9999756448066233,0.0,-1.0,SOLVER_EXCEPTION,0.0,0,True,True
1949.02,-0.08587963110475776,-1.9999770429657304,-1.9628685770051818e-05,2.4355188859256274e-05,0,nan,nan,nan,2.0,2.0195158029421145e-05,-6.490441134321401e-05,1.9999756448111408,0.0,-1.0,SOLVER_EXCEPTION,0.0,0,True,True
1949.119,-0.08595505357162964,-1.999977024441896,-1.9646249229905083e-05,2.435520553592594e-05,0,nan,nan,nan,2.0,2.0217775147509585e-05,-6.492251716672115e-05,1.999975644794464,0.0,-1.0,SOLVER_EXCEPTION,0.0,0,True,True
1949.215,-0.0860312535866998,-1.9999770057253115,-1.9663990151055244e-05,2.4355021741113355e-05,0,nan,nan,nan,2.0,2.024039414373083e-05,-6.494062021067393e-05,1.9999756449782589,0.0,-1.0,SOLVER_EXCEPTION,0.0,0,True,True
1949.318,-0.08611211890555036,-1.9999769858617191,-1.9682821947354803e-05,2.435510571964102e-05,0,nan,nan,nan,2.0,2.0262561824048723e-05,-6.495836503228603e-05,1.9999756448942803,0.0,-1.0,SOLVER_EXCEPTION,0.0,0,True,True
1949.419,-0.08619065156779616,-1.999976966569934,-1.970110991713021e-05,2.4355130340095863e-05,0,nan,nan,nan,2.0,2.0285635681361075e-05,-6.497683365447315e-05,1.99997564486966,0.0,-1.0,SOLVER_EXCEPTION,0.0,0,True,True
1949.518,-0.08626762912482015,-1.9999769476585578,-1.971903394212751e-05,2.4355049174538163e-05,0,nan,nan,nan,2.0,2.030825837376393e-05,-6.499493970357761e-05,1.9999756449508255,0.0,-1.0,SOLVER_EXCEPTION,0.0,0,True,True
1949.618,-0.08634538422994859,-1.9999769285548206,-1.9737139384383112e-05,2.435497995594947e-05,0,nan,nan,nan,2.0,2.033088248223175e-05,-6.501304518957696e-05,1.999975645020044,0.0,-1.0,SOLVER_EXCEPTION,0.0,0,True,True
1949.723,-0.08642702708715436,-1.9999769084937822,-1.9756150892605887e-05,2.4354995774826854e-05,0,nan,nan,nan,2.0,2.0353961026044134e-05,-6.503151360304216e-05,1.9999756450042252,0.0,-1.0,SOLVER_EXCEPTION,0.0,0,True,True
1949.823,-0.0865047821862662,-1.9999768893872198,-1.9774257095586456e-05,2.4354971970721283e-05,0,nan,nan,nan,2.0,2.0375456694324333e-05,-6.5048713254523e-05,1.9999756450280293,0.0,-1.0,SOLVER_EXCEPTION,0.0,0,True,True
1949.922,-0.08657864952775507,-1.9999768712345938,-1.9791459324514243e-05,2.4355028404630563e-05,0,nan,nan,nan,2.0,2.0398764064322564e-05,-6.50673649640332e-05,1.9999756449715953,0.0,-1.0,SOLVER_EXCEPTION,0.0,0,True,True
1950.019,-0.08665096176483097,-1.9999768534625026,-1.9808295691604158e-05,2.4354882166629602e-05,0,nan,nan,nan,2.0,2.0420715250296976e-05,-6.508492575107994e-05,1.9999756451178334,0.0,-1.0,SOLVER_EXCEPTION,0.0,0,True,True
1950.117,-0.0867310495084327,-1.9999768337787776,-1.9826947326061318e-05,2.4354976131793347e-05,0,nan,nan,nan,2.0,2.0444025078509222e-05,-6.510357738553907e-05,1.9999756450238682,0.0,-1.0,SOLVER_EXCEPTION,0.0,0,True,True
1950.213,-0.08680802704562406,-1.9999768148576151,-1.9844870927748175e-05,2.4354861351091097e-05,0,nan,nan,nan,2.0,2.0464621074015367e-05,-6.512005239844854e-05,1.999975645138649,0.0,-1.0,SOLVER_EXCEPTION,0.0,0,True,True
1950.311,-0.08688733723264788,-1.999976795361489,-1.9863339685396655e-05,2.4354861690504745e-05,0,nan,nan,nan,2.0,2.048951854840109e-05,-6.513996974488734e-05,1.9999756451383095,0.0,-1.0,SOLVER_EXCEPTION,0.0,0,True,True
1950.414,-0.08696431476441953,-1.9999767764372496,-1.9881263150040016e-05,2.4354758722998187e-05,0,nan,nan,nan,2.0,2.0511928071118193e-05,-6.51578932093777e-05,1.999975645241277,0.0,-1.0,SOLVER_EXCEPTION,0.0,0,True,True
1950.519,-0.08704595759828526,-1.9999767563651984,-1.9900276649677497e-05,2.4354841149215e-05,0,nan,nan,nan,2.0,2.0534338563163433e-05,-6.517582011689171e-05,1.9999756451588508,0.0,-1.0,SOLVER_EXCEPTION,0.0,0,True,True
1950.616,-0.08712138002317658,-1.9999767378208761,-1.991783895989776e-05,2.43547663889241e-05,0,nan,nan,nan,2.0,2.0557203115958257e-05,-6.519410686234295e-05,1.999975645233611,0.0,-1.0,SOLVER_EXCEPTION,0.0,0,True,True
1950.719,-0.08720069019928463,-1.9999767183193924,-1.9936306982660395e-05,2.4354699284595176e-05,0,nan,nan,nan,2.0,2.0579842721978145e-05,-6.5212212994048e-05,1.9999756453007154,0.0,-1.0,SOLVER_EXCEPTION,0.0,0,True,True
1950.818,-0.08727844527130212,-1.999976699197949,-1.9954413803643873e-05,2.435473682394469e-05,0,nan,nan,nan,2.0,2.0601804716360454e-05,-6.522977776812766e-05,1.999975645263176,0.0,-1.0,SOLVER_EXCEPTION,0.0,0,True,True
1950.921,-0.087358532992825,-1.9999766795021285,-1.9973063032482252e-05,2.435469730668641e-05,0,nan,nan,nan,2.0,2.062490071026148e-05,-6.524824385234496e-05,1.9999756453026933,0.0,-1.0,SOLVER_EXCEPTION,0.0,0,True,True
1951.015,-0.08743162275577603,-1.999976661525972,-1.999008242751505e-05,2.4354632579191764e-05,0,nan,nan,nan,2.0,2.064777089053099e-05,-6.526653351013323e-05,1.999975645367421,0.0,-1.0,SOLVER_EXCEPTION,0.0,0,True,True
1951.115,-0.0875093778203422,-1.999976642400861,-2.0008188792663993e-05,2.435461773562595e-05,0,nan,nan,nan,2.0,2.0670416491297797e-05,-6.528463987853783e-05,1.9999756453822644,0.0,-1.0,SOLVER_EXCEPTION,0.0,0,True,True
1951.215,-0.0875871328824616,-1.999976623274639,-2.0026295362311426e-05,2.4354592272080786e-05,0,nan,nan,nan,2.0,2.0693063181526685e-05,-6.530274646188161e-05,1.999975645407728,0.0,-1.0,SOLVER_EXCEPTION,0.0,0,True,True
1951.316,-0.08766411039157962,-1.999976604338424,-2.0044222343465843e-05,2.435464168040118e-05,0,nan,nan,nan,2.0,2.0715711284293943e-05,-6.53208524030724e-05,1.9999756453583195,0.0,-1.0,SOLVER_EXCEPTION,0.0,0,True,True
1951.42,-0.0877418654489207,-1.999976585208701,-2.0062325996227468e-05,2.435446785177481e-05,0,nan,nan,nan,2.0,2.0738361494156458e-05,-6.533895605542739e-05,1.9999756455321482,0.0,-1.0,SOLVER_EXCEPTION,0.0,0,True,True
1951.518,-0.08781651030175062,-1.9999765668433347,-2.0079708288555745e-05,2.4354446368603627e-05,0,nan,nan,nan,2.0,2.076010652786271e-05,-6.535633834792165e-05,1.9999756455536315,0.0,-1.0,SOLVER_EXCEPTION,0.0,0,True,True
1951.618,-0.08789659800604732,-1.9999765471374402,-2.0098360606778236e-05,2.435458146458923e-05,0,nan,nan,nan,2.0,2.078343852367278e-05,-6.537499066627817e-05,1.9999756454185353,0.0,-1.0,SOLVER_EXCEPTION,0.0,0,True,True
1951.718,-0.08797824080888932,-1.9999765270473464,-2.0117371745879665e-05,2.4354516497991604e-05,0,nan,nan,nan,2.0,2.0805639499849507e-05,-6.539273507533139e-05,1.999975645483502,0.0,-1.0,SOLVER_EXCEPTION,0.0,0,True,True
1951.818,-0.08805521830642087,-1.9999765081039234,-2.0135298240744898e-05,2.4354539854514744e-05,0,nan,nan,nan,2.0,2.0828747687669656e-05,-6.541120399683464e-05,1.9999756454601454,0.0,-1.0,SOLVER_EXCEPTION,0.0,0,True,True
1951.918,-0.0881337509026507,-1.9999764887756561,-2.015358508011899e-05,2.4354485920909312e-05,0,nan,nan,nan,2.0,2.0851177856002743e-05,-6.542912807683265e-05,1.9999756455140791,0.0,-1.0,SOLVER_EXCEPTION,0.0,0,True,True
1952.017,-0.08821072839577551,-1.9999764698291944,-2.0171510161193543e-05,2.4354449402819606e-05,0,nan,nan,nan,2.0,2.0874289721340947e-05,-6.544759756454965e-05,1.9999756455505973,0.0,-1.0,SOLVER_EXCEPTION,0.0,0,True,True
1952.117,-0.08828848343716279,-1.9999764506901934,-2.0189617146823723e-05,2.4354436909057965e-05,0,nan,nan,nan,2.0,2.0897175882320433e-05,-6.546588498279604e-05,1.999975645563091,0.0,-1.0,SOLVER_EXCEPTION,0.0,0,True,True
1952.218,-0.08836701602677456,-1.9999764313584185,-2.020790645318107e-05,2.4354492009665463e-05,0,nan,nan,nan,2.0,2.091961007647047e-05,-6.548381221538335e-05,1.9999756455079902,0.0,-1.0,SOLVER_EXCEPTION,0.0,0,True,True
1952.318,-0.08844477106385391,-1.9999764122165948,-2.022601335657818e-05,2.4354474506382355e-05,0,nan,nan,nan,2.0,2.0942272382631546e-05,-6.550191909093783e-05,1.9999756455254936,0.0,-1.0,SOLVER_EXCEPTION,0.0,0,True,True
1952.421,-0.08852408119950861,-1.9999763926897336,-2.0244479889282746e-05,2.4354329833924547e-05,0,nan,nan,nan,2.0,2.0966069768271356e-05,-6.552092959610789e-05,1.999975645670166,0.0,-1.0,SOLVER_EXCEPTION,0.0,0,True,True
1952.518,-0.08860028113173005,-1.999976373927618,-2.0262224315579935e-05,2.4354307971100564e-05,0,nan,nan,nan,2.0,2.098646812946189e-05,-6.553722593372058e-05,1.9999756456920288,0.0,-1.0,SOLVER_EXCEPTION,0.0,0,True,True
1952.615,-0.08867259331048576,-1.9999763561217663,-2.0279065492016026e-05,2.4354392937215793e-05,0,nan,nan,nan,2.0,2.100958864973675e-05,-6.555569555155571e-05,1.9999756456070628,0.0,-1.0,SOLVER_EXCEPTION,0.0,0,True,True
1952.718,-0.08875579119140305,-1.9999763356339568,-2.0298438431070116e-05,2.4354286571365014e-05,0,nan,nan,nan,2.0,2.1032709951735192e-05,-6.557416512720238e-05,1.9999756457134286,0.0,-1.0,SOLVER_EXCEPTION,0.0,0,True,True
1952.816,-0.0888312135674515,-1.9999763170595781,-2.031600364369092e-05,2.4354342255113933e-05,0,nan,nan,nan,2.0,2.1055606005247703e-05,-6.559245174742045e-05,1.9999756456577449,0.0,-1.0,SOLVER_EXCEPTION,0.0,0,True,True
1952.92,-0.08891285634355406,-1.9999762969513133,-2.0335015527497034e-05,2.4354304367591814e-05,0,nan,nan,nan,2.0,2.107827687134042e-05,-6.561055872955635e-05,1.9999756456956324,0.0,-1.0,SOLVER_EXCEPTION,0.0,0,True,True
1953.018,-0.08898905626597665,-1.9999762781823236,-2.0352760696654638e-05,2.4354315529347588e-05,0,nan,nan,nan,2.0,2.110094914222102e-05,-6.562866573434079e-05,1.9999756456844706,0.0,-1.0,SOLVER_EXCEPTION,0.0,0,True,True
1953.117,-0.08906525618654994,-1.9999762594121193,-2.0370505320068565e-05,2.4354285056938792e-05,0,nan,nan,nan,2.0,2.1123623265310484e-05,-6.564677310816336e-05,1.9999756457149431,0.0,-1.0,SOLVER_EXCEPTION,0.0,0,True,True
1953.217,-0.08914456630602331,-1.9999762398743741,-2.0388974681284527e-05,2.4354283350468205e-05,0,nan,nan,nan,2.0,2.114629852051925e-05,-6.566488031101159e-05,1.9999756457166495,0.0,-1.0,SOLVER_EXCEPTION,0.0,0,True,True
1953.315,-0.08921998867272941,-1.999976221292883,-2.0406537654294306e-05,2.4354214117568454e-05,0,nan,nan,nan,2.0,2.1169201750071924e-05,-6.568316771371485e-05,1.9999756457858824,0.0,-1.0,SOLVER_EXCEPTION,0.0,0,True,True
1953.418,-0.08929929878841457,-1.999976201752459,-2.042500639824266e-05,2.4354147297726748e-05,0,nan,nan,nan,2.0,2.1191652568075268e-05,-6.570109542991531e-05,1.9999756458527023,0.0,-1.0,SOLVER_EXCEPTION,0.0,0,True,True
1953.517,-0.08937705380194227,-1.9999761825930797,-2.0443113865810244e-05,2.4354166365255e-05,0,nan,nan,nan,2.0,2.1214105463446648e-05,-6.571901920882084e-05,1.9999756458336349,0.0,-1.0,SOLVER_EXCEPTION,0.0,0,True,True
1953.624,-0.08946025166441485,-1.9999761620914471,-2.0462488581787026e-05,2.4354162794704862e-05,0,nan,nan,nan,2.0,2.1236786520347838e-05,-6.573712681090527e-05,1.9999756458372053,0.0,-1.0,SOLVER_EXCEPTION,0.0,0,True,True
1953.721,-0.08953489647386599,-1.9999761436962555,-2.0479871014269467e-05,2.4354108136201095e-05,0,nan,nan,nan,2.0,2.1259468724694645e-05,-6.575523578966624e-05,1.9999756458918638,0.0,-1.0,SOLVER_EXCEPTION,0.0,0,True,True
1953.818,-0.08960954128169248,-1.9999761252993058,-2.0497253744735317e-05,2.435409738533293e-05,0,nan,nan,nan,2.0,2.1281698769524978e-05,-6.577298040655322e-05,1.9999756459026146,0.0,-1.0,SOLVER_EXCEPTION,0.0,0,True,True
1953.918,-0.08968807383819426,-1.9999761059433634,-2.051554425101997e-05,2.4354192093227664e-05,0,nan,nan,nan,2.0,2.1304383619820153e-05,-6.57910878048007e-05,1.9999756458079068,0.0,-1.0,SOLVER_EXCEPTION,0.0,0,True,True
1954.015,-0.08976349619278719,-1.999976087352221,-2.0533106205462835e-05,2.435405445685644e-05,0,nan,nan,nan,2.0,2.1327750600963424e-05,-6.580973626491016e-05,1.9999756459455431,0.0,-1.0,SOLVER_EXCEPTION,0.0,0,True,True
1954.115,-0.08984125119584901,-1.9999760681845362,-2.0551214490153066e-05,2.435410202805284e-05,0,nan,nan,nan,2.0,2.1350438770224198e-05,-6.58278445495597e-05,1.999975645897972,0.0,-1.0,SOLVER_EXCEPTION,0.0,0,True,True
1954.217,-0.08991978374723879,-1.9999760488237814,-2.0569501548193902e-05,2.4354032796902558e-05,0,nan,nan,nan,2.0,2.1373128188409916e-05,-6.584595258329884e-05,1.9999756459672031,0.0,-1.0,SOLVER_EXCEPTION,0.0,0,True,True
1954.318,-0.08999753874695025,-1.999976029653669,-2.0587609058382153e-05,2.4354020341173933e-05,0,nan,nan,nan,2.0,2.139559206282186e-05,-6.586387690266093e-05,1.999975645979659,0.0,-1.0,SOLVER_EXCEPTION,0.0,0,True,True
1954.42,-0.09007918149488721,-1.9999760095236987,-2.0606623372267907e-05,2.435407565763889e-05,0,nan,nan,nan,2.0,2.14185108317341e-05,-6.588216697478444e-05,1.9999756459243423,0.0,-1.0,SOLVER_EXCEPTION,0.0,0,True,True
1954.518,-0.09015227119153005,-1.9999759915009254,-2.0623644326651413e-05,2.4354066385306365e-05,0,nan,nan,nan,2.0,2.1441204318220925e-05,-6.59002743859105e-05,1.9999756459336147,0.0,-1.0,SOLVER_EXCEPTION,0.0,0,True,True
1954.619,-0.09023235883623372,-1.9999759717508203,-2.0642294905850028e-05,2.435405635072547e-05,0,nan,nan,nan,2.0,2.146367229069289e-05,-6.591819992562975e-05,1.9999756459436493,0.0,-1.0,SOLVER_EXCEPTION,0.0,0,True,True
1954.715,-0.09030855872964336,-1.9999759529583707,-2.066003999950369e-05,2.4354036316837437e-05,0,nan,nan,nan,2.0,2.1486823045928422e-05,-6.593667005905246e-05,1.9999756459636833,0.0,-1.0,SOLVER_EXCEPTION,0.0,0,True,True
1954.816,-0.09038709127128855,-1.9999759335893266,-2.0678327860236916e-05,2.4353981067711972e-05,0,nan,nan,nan,2.0,2.1509293890184277e-05,-6.595459570046813e-05,1.9999756460189322,0.0,-1.0,SOLVER_EXCEPTION,0.0,0,True,True
1954.916,-0.09046406871157867,-1.9999759146025227,-2.0696255250818277e-05,2.435401269034687e-05,0,nan,nan,nan,2.0,2.1531992962807794e-05,-6.59727033336388e-05,1.9999756459873097,0.0,-1.0,SOLVER_EXCEPTION,0.0,0,True,True
1955.015,-0.0905418237002618,-1.999975895422652,-2.071436358025068e-05,2.435402483986246e-05,0,nan,nan,nan,2.0,2.1553331476591806e-05,-6.598972391946845e-05,1.99997564597516,0.0,-1.0,SOLVER_EXCEPTION,0.0,0,True,True
1955.116,-0.09062035623731174,-1.9999758760487236,-2.073265043196368e-05,2.4353922234854553e-05,0,nan,nan,nan,2.0,2.1577622755548996e-05,-6.600909833087698e-05,1.9999756460777651,0.0,-1.0,SOLVER_EXCEPTION,0.0,0,True,True
1955.216,-0.09069733367315387,-1.999975857057341,-2.0750576697551146e-05,2.435391470729841e-05,0,nan,nan,nan,2.0,2.160009940533486e-05,-6.6027026472959e-05,1.9999756460852927,0.0,-1.0,SOLVER_EXCEPTION,0.0,0,True,True
1955.315,-0.09077120090822206,-1.9999758388323159,-2.0767780407487947e-05,2.4353982067127837e-05,0,nan,nan,nan,2.0,2.1621895979402425e-05,-6.604441046675902e-05,1.9999756460179328,0.0,-1.0,SOLVER_EXCEPTION,0.0,0,True,True
1955.426,-0.0908613966882253,-1.9999758165765729,-2.078878334172971e-05,2.4353849077905487e-05,0,nan,nan,nan,2.0,2.1645056193477785e-05,-6.60628806259389e-05,1.9999756461509222,0.0,-1.0,SOLVER_EXCEPTION,0.0,0,True,True
1955.515,-0.09093059862158401,-1.999975799500276,-2.0804899513786257e-05,2.4353842812018667e-05,0,nan,nan,nan,2.0,2.1667990892883345e-05,-6.608116739803549e-05,1.999975646157188,0.0,-1.0,SOLVER_EXCEPTION,0.0,0,True,True
1955.615,-0.0910075760517648,-1.999975780503224,-2.0822824854621958e-05,2.435375964181461e-05,0,nan,nan,nan,2.0,2.1690927341047238e-05,-6.60994549139815e-05,1.9999756462403582,0.0,-1.0,SOLVER_EXCEPTION,0.0,0,True,True
1955.715,-0.0910861085801422,-1.9999757611212072,-2.0841116576295542e-05,2.435392544783411e-05,0,nan,nan,nan,2.0,2.1713638099352346e-05,-6.611756333319008e-05,1.9999756460745521,0.0,-1.0,SOLVER_EXCEPTION,0.0,0,True,True
1955.816,-0.09116386355735562,-1.9999757419298,-2.0859224612674595e-05,2.435392676952424e-05,0,nan,nan,nan,2.0,2.173657693658931e-05,-6.61358546723001e-05,1.9999756460732305,0.0,-1.0,SOLVER_EXCEPTION,0.0,0,True,True
1955.917,-0.09124317363271849,-1.9999757223531802,-2.087769406927144e-05,2.4353881238989037e-05,0,nan,nan,nan,2.0,2.1759063210013066e-05,-6.615377994512173e-05,1.999975646118761,0.0,-1.0,SOLVER_EXCEPTION,0.0,0,True,True
1956.016,-0.09132015105747555,-1.999975703350916,-2.0895620109355486e-05,2.4353813443857776e-05,0,nan,nan,nan,2.0,2.1781777732456385e-05,-6.617188799129536e-05,1.999975646186556,0.0,-1.0,SOLVER_EXCEPTION,0.0,0,True,True
1956.12,-0.09140101622956405,-1.9999756833868951,-2.0914453230490752e-05,2.4353875518923472e-05,0,nan,nan,nan,2.0,2.1804266681399067e-05,-6.618981563732973e-05,1.999975646124481,0.0,-1.0,SOLVER_EXCEPTION,0.0,0,True,True
1956.218,-0.09147643855226048,-1.9999756647654043,-2.0932016354182605e-05,2.4353780065475626e-05,0,nan,nan,nan,2.0,2.1826984842147016e-05,-6.620792166911471e-05,1.9999756462199345,0.0,-1.0,SOLVER_EXCEPTION,0.0,0,True,True
1956.315,-0.09155263842344531,-1.9999756459509699,-2.094976239970788e-05,2.4353781696463512e-05,0,nan,nan,nan,2.0,2.184993094948905e-05,-6.622621220220282e-05,1.9999756462183036,0.0,-1.0,SOLVER_EXCEPTION,0.0,0,True,True
1956.415,-0.09163039339278328,-1.9999756267512285,-2.0967870573218055e-05,2.4353773390888283e-05,0,nan,nan,nan,2.0,2.1872424064037358e-05,-6.624413842315491e-05,1.9999756462266092,0.0,-1.0,SOLVER_EXCEPTION,0.0,0,True,True
1956.517,-0.09170814836086551,-1.9999756075500548,-2.098597806942916e-05,2.435371612025289e-05,0,nan,nan,nan,2.0,2.18953726896937e-05,-6.626242919072212e-05,1.9999756462838798,0.0,-1.0,SOLVER_EXCEPTION,0.0,0,True,True
1956.615,-0.09178512577804511,-1.9999755885392887,-2.1003906985434906e-05,2.435382446273714e-05,0,nan,nan,nan,2.0,2.1918096107562253e-05,-6.628053704504921e-05,1.9999756461755374,0.0,-1.0,SOLVER_EXCEPTION,0.0,0,True,True
1956.719,-0.09186676849192438,-1.9999755683744187,-2.1022919565821082e-05,2.435378001350999e-05,0,nan,nan,nan,2.0,2.193991166985236e-05,-6.629792086965125e-05,1.9999756462199865,0.0,-1.0,SOLVER_EXCEPTION,0.0,0,True,True
1956.817,-0.09194063570809517,-1.999975550128958,-2.1040121360128024e-05,2.4353725396381833e-05,0,nan,nan,nan,2.0,2.196354740378777e-05,-6.631675141965943e-05,1.9999756462746037,0.0,-1.0,SOLVER_EXCEPTION,0.0,0,True,True
1956.92,-0.09202305596907723,-1.9999755297697073,-2.1059315536918208e-05,2.4353675158809962e-05,0,nan,nan,nan,2.0,2.1985820336090232e-05,-6.633449683857151e-05,1.9999756463248413,0.0,-1.0,SOLVER_EXCEPTION,0.0,0,True,True
1957.018,-0.09209925583182559,-1.999975510945521,-2.1077061628870682e-05,2.4353660131513626e-05,0,nan,nan,nan,2.0,2.2009230629259602e-05,-6.635315054248636e-05,1.9999756463398686,0.0,-1.0,SOLVER_EXCEPTION,0.0,0,True,True
1957.119,-0.09217701079266141,-1.999975491735313,-2.1095170199372564e-05,2.4353679184763184e-05,0,nan,nan,nan,2.0,2.203082464868321e-05,-6.637035114787082e-05,1.9999756463208151,0.0,-1.0,SOLVER_EXCEPTION,0.0,0,True,True
1957.217,-0.0922539882027566,-1.9999754727159078,-2.1113096499002947e-05,2.435363879433478e-05,0,nan,nan,nan,2.0,2.205446587178452e-05,-6.638918509960234e-05,1.9999756463612057,0.0,-1.0,SOLVER_EXCEPTION,0.0,0,True,True
1957.318,-0.09233096561173906,-1.9999754536954837,-2.113102586517776e-05,2.435375445562512e-05,0,nan,nan,nan,2.0,2.2077199080780112e-05,-6.640729365292586e-05,1.9999756462455445,0.0,-1.0,SOLVER_EXCEPTION,0.0,0,True,True
1957.414,-0.09240327772220638,-1.999975435826225,-2.114786441282192e-05,2.435362693554351e-05,0,nan,nan,nan,2.0,2.2098797008042664e-05,-6.642449447236132e-05,1.9999756463730645,0.0,-1.0,SOLVER_EXCEPTION,0.0,0,True,True
1957.515,-0.0924856979759794,-1.9999754154581908,-2.116706005619035e-05,2.43536517960402e-05,0,nan,nan,nan,2.0,2.211994149489458e-05,-6.644133627586868e-05,1.999975646348204,0.0,-1.0,SOLVER_EXCEPTION,0.0,0,True,True
1957.615,-0.09256345293124238,-1.9999753962412725,-2.1185168339147e-05,2.4353631931345853e-05,0,nan,nan,nan,2.0,2.214495199482999e-05,-6.646125602260966e-05,1.9999756463680687,0.0,-1.0,SOLVER_EXCEPTION,0.0,0,True,True
1957.715,-0.09264120788542561,-1.9999753770225488,-2.120327745192082e-05,2.435368027974311e-05,0,nan,nan,nan,2.0,2.2168146084705227e-05,-6.647972416473635e-05,1.9999756463197202,0.0,-1.0,SOLVER_EXCEPTION,0.0,0,True,True
1957.817,-0.09271974038806848,-1.999975357610415,-2.122156578935995e-05,2.435362651283526e-05,0,nan,nan,nan,2.0,2.219065901023411e-05,-6.649765330291046e-05,1.9999756463734872,0.0,-1.0,SOLVER_EXCEPTION,0.0,0,True,True
1957.918,-0.09279905043915249,-1.9999753380051695,-2.1240036695203008e-05,2.4353611283664063e-05,0,nan,nan,nan,2.0,2.2213400326005448e-05,-6.651576210137122e-05,1.9999756463887164,0.0,-1.0,SOLVER_EXCEPTION,0.0,0,True,True
1958.019,-0.0928775829396503,-1.9999753185904159,-2.1258327077665793e-05,2.435364284006574e-05,0,nan,nan,nan,2.0,2.223637074700204e-05,-6.653405079770636e-05,1.9999756463571599,0.0,-1.0,SOLVER_EXCEPTION,0.0,0,True,True
1958.115,-0.09294989504314316,-1.999975300712075,-2.1275166495704382e-05,2.4353543902720204e-05,0,nan,nan,nan,2.0,2.2258205253458628e-05,-6.65514344078133e-05,1.9999756464560974,0.0,-1.0,SOLVER_EXCEPTION,0.0,0,True,True
1958.217,-0.09303153773958094,-1.999975280524779,-2.1294180508229867e-05,2.4353576368823344e-05,0,nan,nan,nan,2.0,2.228186150869593e-05,-6.657026785195086e-05,1.9999756464236311,0.0,-1.0,SOLVER_EXCEPTION,0.0,0,True,True
1958.321,-0.09311162533596663,-1.9999752607214047,-2.1312833516834748e-05,2.4353623799294793e-05,0,nan,nan,nan,2.0,2.2304153808829133e-05,-6.658801450853957e-05,1.9999756463762006,0.0,-1.0,SOLVER_EXCEPTION,0.0,0,True,True
1958.418,-0.09318238233772606,-1.9999752432235203,-2.132931135230575e-05,2.4353567163299848e-05,0,nan,nan,nan,2.0,2.232690233127301e-05,-6.660612341891081e-05,1.9999756464328367,0.0,-1.0,SOLVER_EXCEPTION,0.0,0,True,True
1958.519,-0.09326324748160392,-1.9999752232248844,-2.1348143787935148e-05,2.435351716282503e-05,0,nan,nan,nan,2.0,2.2350107236119606e-05,-6.662459486950212e-05,1.999975646482837,0.0,-1.0,SOLVER_EXCEPTION,0.0,0,True,True
1958.616,-0.09334177997610235,-1.999975203801284,-2.136643281234058e-05,2.4353466912816128e-05,0,nan,nan,nan,2.0,2.2372858738535358e-05,-6.664270347478407e-05,1.9999756465330871,0.0,-1.0,SOLVER_EXCEPTION,0.0,0,True,True
1958.721,-0.09342109001906543,-1.9999751841839173,-2.1384904508015224e-05,2.4353527626574798e-05,0,nan,nan,nan,2.0,2.2395612237088993e-05,-6.666080974904176e-05,1.9999756464723735,0.0,-1.0,SOLVER_EXCEPTION,0.0,0,True,True
1958.827,-0.09349573476449022,-1.9999751657193847,-2.1402288398283624e-05,2.435349516879515e-05,0,nan,nan,nan,2.0,2.2418366621335966e-05,-6.66789184577965e-05,1.9999756465048313,0.0,-1.0,SOLVER_EXCEPTION,0.0,0,True,True
1958.918,-0.09357582235498406,-1.9999751459072883,-2.1420942568041916e-05,2.4353603588156258e-05,0,nan,nan,nan,2.0,2.244112237933087e-05,-6.66970272007461e-05,1.9999756463964118,0.0,-1.0,SOLVER_EXCEPTION,0.0,0,True,True
1959.017,-0.09365357729628067,-1.9999751266707109,-2.1439051407376426e-05,2.435358782644024e-05,0,nan,nan,nan,2.0,2.2463879358307537e-05,-6.671513607026114e-05,1.9999756464121736,0.0,-1.0,SOLVER_EXCEPTION,0.0,0,True,True
1959.119,-0.0937328873354708,-1.999975107046992,-2.1457519512955893e-05,2.435345160324968e-05,0,nan,nan,nan,2.0,2.2485955242020086e-05,-6.673270289203614e-05,1.9999756465483967,0.0,-1.0,SOLVER_EXCEPTION,0.0,0,True,True
1959.224,-0.09381375247251125,-1.999975087038029,-2.147635321556526e-05,2.4353463329040728e-05,0,nan,nan,nan,2.0,2.2509170854445786e-05,-6.675117160837019e-05,1.999975646536671,0.0,-1.0,SOLVER_EXCEPTION,0.0,0,True,True
1959.32,-0.09388761966416585,-1.999975068759216,-2.1493558739273763e-05,2.4353572523963516e-05,0,nan,nan,nan,2.0,2.2532159681707175e-05,-6.676946431660724e-05,1.999975646427476,0.0,-1.0,SOLVER_EXCEPTION,0.0,0,True,True
1959.417,-0.09396381950315397,-1.9999750499015871,-2.1511304815806687e-05,2.435352962564835e-05,0,nan,nan,nan,2.0,2.255423986208851e-05,-6.678702724460805e-05,1.9999756464703744,0.0,-1.0,SOLVER_EXCEPTION,0.0,0,True,True
1959.522,-0.09404546218686684,-1.9999750296953065,-2.1530318642323443e-05,2.4353495304829315e-05,0,nan,nan,nan,2.0,2.2577686725942473e-05,-6.680568148897947e-05,1.9999756465046952,0.0,-1.0,SOLVER_EXCEPTION,0.0,0,True,True
1959.615,-0.09411466407994656,-1.9999750125673885,-2.1546436076853223e-05,2.435350958934898e-05,0,nan,nan,nan,2.0,2.2599996933443426e-05,-6.682342833297383e-05,1.9999756464904106,0.0,-1.0,SOLVER_EXCEPTION,0.0,0,True,True
1959.717,-0.09419630676193824,-1.9999749923579673,-2.1565450500971754e-05,2.4353525774452742e-05,0,nan,nan,nan,2.0,2.262322006743079e-05,-6.684189724426304e-05,1.9999756464742255,0.0,-1.0,SOLVER_EXCEPTION,0.0,0,True,True
1959.821,-0.09427639434433725,-1.9999749725325353,-2.158410161199868e-05,2.4353447706268406e-05,0,nan,nan,nan,2.0,2.264553310725865e-05,-6.685964488717389e-05,1.9999756465522938,0.0,-1.0,SOLVER_EXCEPTION,0.0,0,True,True
1959.921,-0.09435181662987993,-1.9999749538607314,-2.1601668324683954e-05,2.4353490472662266e-05,0,nan,nan,nan,2.0,2.2668302836130254e-05,-6.687775416569508e-05,1.9999756465095273,0.0,-1.0,SOLVER_EXCEPTION,0.0,0,True,True
1960.033,-0.09444356745044327,-1.999974931144338,-2.162303542189499e-05,2.435340007530743e-05,0,nan,nan,nan,2.0,2.269152948341592e-05,-6.689622539024498e-05,1.9999756465999248,0.0,-1.0,SOLVER_EXCEPTION,0.0,0,True,True
1960.118,-0.09450965914253355,-1.999974914779634,-2.163842901396641e-05,2.4353442164983764e-05,0,nan,nan,nan,2.0,2.2714302122996735e-05,-6.691433395378255e-05,1.999975646557835,0.0,-1.0,SOLVER_EXCEPTION,0.0,0,True,True
1960.219,-0.09458819162298332,-1.9999748953333296,-2.165671880150257e-05,2.4353419797486502e-05,0,nan,nan,nan,2.0,2.2737076772489603e-05,-6.693244396815956e-05,1.9999756465802025,0.0,-1.0,SOLVER_EXCEPTION,0.0,0,True,True
1960.317,-0.09466439145473995,-1.9999748764632583,-2.167446571965801e-05,2.4353412565360746e-05,0,nan,nan,nan,2.0,2.2759169188981083e-05,-6.695000895629022e-05,1.9999756465874345,0.0,-1.0,SOLVER_EXCEPTION,0.0,0,True,True
1960.418,-0.09474059128575843,-1.9999748575918166,-2.1692212028780914e-05,2.4353366930328002e-05,0,nan,nan,nan,2.0,2.2782173684852517e-05,-6.696830089714112e-05,1.9999756466330696,0.0,-1.0,SOLVER_EXCEPTION,0.0,0,True,True
1960.516,-0.09481912376390204,-1.9999748381416647,-2.171050458468672e-05,2.4353474526240993e-05,0,nan,nan,nan,2.0,2.2804951877629416e-05,-6.698641022717666e-05,1.9999756465254737,0.0,-1.0,SOLVER_EXCEPTION,0.0,0,True,True
1960.619,-0.09489921133983523,-1.9999748183038801,-2.172915588728154e-05,2.4353424879861944e-05,0,nan,nan,nan,2.0,2.282818762986164e-05,-6.700487883826156e-05,1.9999756465751202,0.0,-1.0,SOLVER_EXCEPTION,0.0,0,True,True
1960.723,-0.09497774381644422,-1.9999747988507186,-2.1747445574636253e-05,2.4353371253018032e-05,0,nan,nan,nan,2.0,2.2850741207050567e-05,-6.7022808650119e-05,1.999975646628747,0.0,-1.0,SOLVER_EXCEPTION,0.0,0,True,True
1960.817,-0.09504927834894389,-1.9999747811290787,-2.176410541449288e-05,2.4353340433080684e-05,0,nan,nan,nan,2.0,2.2873296145118434e-05,-6.704073547370015e-05,1.9999756466595668,0.0,-1.0,SOLVER_EXCEPTION,0.0,0,True,True
1960.918,-0.09513092102115873,-1.9999747609027643,-2.1783122534643895e-05,2.4353450904740275e-05,0,nan,nan,nan,2.0,2.2896080049859457e-05,-6.705884493740655e-05,1.9999756465490952,0.0,-1.0,SOLVER_EXCEPTION,0.0,0,True,True
1961.019,-0.09520245555235782,-1.9999747431788892,-2.1799783081080387e-05,2.435344867337414e-05,0,nan,nan,nan,2.0,2.2917726036400845e-05,-6.707605091094138e-05,1.9999756465513265,0.0,-1.0,SOLVER_EXCEPTION,0.0,0,True,True
1961.118,-0.09528720842007223,-1.9999747221781807,-2.1819521865644678e-05,2.4353426375233133e-05,0,nan,nan,nan,2.0,2.2941880286736804e-05,-6.709524356285357e-05,1.9999756465736247,0.0,-1.0,SOLVER_EXCEPTION,0.0,0,True,True
1961.217,-0.09536418579461997,-1.999974703102893,-2.1837448310304527e-05,2.4353317500133056e-05,0,nan,nan,nan,2.0,2.296489654781901e-05,-6.711353704735856e-05,1.9999756466824998,0.0,-1.0,SOLVER_EXCEPTION,0.0,0,True,True
1961.32,-0.09544271826694993,-1.9999746836411771,-2.1855740996898437e-05,2.435342845234927e-05,0,nan,nan,nan,2.0,2.2987686216044435e-05,-6.713164658211923e-05,1.9999756465715477,0.0,-1.0,SOLVER_EXCEPTION,0.0,0,True,True
1961.422,-0.09552280583703003,-1.9999746637921605,-2.187439208192498e-05,2.435332867491581e-05,0,nan,nan,nan,2.0,2.301047742123191e-05,-6.714975534016787e-05,1.999975646671325,0.0,-1.0,SOLVER_EXCEPTION,0.0,0,True,True
1961.519,-0.09559900566033036,-1.999974644905235,-2.1892140325819988e-05,2.4353384131022352e-05,0,nan,nan,nan,2.0,2.303235808842414e-05,-6.716714058851991e-05,1.999975646615869,0.0,-1.0,SOLVER_EXCEPTION,0.0,0,True,True
1961.616,-0.09567365038458053,-1.99997462640255,-2.1909525365908187e-05,2.4353376824210838e-05,0,nan,nan,nan,2.0,2.3054696102575084e-05,-6.718488789081434e-05,1.9999756466231757,0.0,-1.0,SOLVER_EXCEPTION,0.0,0,True,True
1961.718,-0.09574907265743056,-1.999974607705747,-2.1927089847186256e-05,2.4353277044757583e-05,0,nan,nan,nan,2.0,2.3078403804648124e-05,-6.7203719906761e-05,1.9999756467229552,0.0,-1.0,SOLVER_EXCEPTION,0.0,0,True,True
1961.813,-0.095827605126454,-1.9999745882369004,-2.194538221624083e-05,2.4353363813065027e-05,0,nan,nan,nan,2.0,2.31014283367095e-05,-6.72220122757139e-05,1.9999756466361869,0.0,-1.0,SOLVER_EXCEPTION,0.0,0,True,True
1961.915,-0.09590691514401639,-1.9999745685738584,-2.196385413880342e-05,2.435335179902935e-05,0,nan,nan,nan,2.0,2.312422634075518e-05,-6.724012198944251e-05,1.999975646648201,0.0,-1.0,SOLVER_EXCEPTION,0.0,0,True,True
1962.017,-0.09598622516092467,-1.9999745489085223,-2.198232353127628e-05,2.4353223243725987e-05,0,nan,nan,nan,2.0,2.3147253976941956e-05,-6.725841181598469e-05,1.9999756467767562,0.0,-1.0,SOLVER_EXCEPTION,0.0,0,True,True
1962.121,-0.0960663127263626,-1.9999745290496185,-2.200097862502123e-05,2.4353346698418664e-05,0,nan,nan,nan,2.0,2.316959937060284e-05,-6.727615902901718e-05,1.9999756466533016,0.0,-1.0,SOLVER_EXCEPTION,0.0,0,True,True
1962.218,-0.09614095744696206,-1.999974510538926,-2.2018363995598214e-05,2.435334171253181e-05,0,nan,nan,nan,2.0,2.319285785970369e-05,-6.729463178434258e-05,1.9999756466582874,0.0,-1.0,SOLVER_EXCEPTION,0.0,0,True,True
1962.319,-0.09622026746198782,-1.9999744908699124,-2.2036835905320254e-05,2.4353331487289755e-05,0,nan,nan,nan,2.0,2.3215433750342966e-05,-6.731255951963888e-05,1.9999756466685128,0.0,-1.0,SOLVER_EXCEPTION,0.0,0,True,True
1962.417,-0.09629646727975984,-1.9999744719709713,-2.205458412932218e-05,2.4353346823483302e-05,0,nan,nan,nan,2.0,2.3238922763953685e-05,-6.733121418855958e-05,1.9999756466531766,0.0,-1.0,SOLVER_EXCEPTION,0.0,0,True,True
1962.515,-0.09637188954781263,-1.999974453262996,-2.207214837549258e-05,2.4353231775275613e-05,0,nan,nan,nan,2.0,2.326104560545326e-05,-6.734877843506126e-05,1.9999756467682248,0.0,-1.0,SOLVER_EXCEPTION,0.0,0,True,True
